"Column_1","Column_2","Column_3","Column_4","Column_5","Column_6","Column_7","Column_8","Column_9"
"400","34ab27Db6BEb22A","Figueroa-Meyer","https://www.sullivan-oneal.com/","Comoros","Organized stable approach","1970","Building Materials","8974"
"7248","0c8b4EBdCfe7734","Clements-Harrison","https://curtis-reynolds.org/","Andorra","Reduced systemic Graphic Interface","2001","Wine / Spirits","5719"
"6407","F639fF3EEBeeAae","Scott and Sons","https://rosario.org/","Greece","Realigned didactic secured line","2007","Biotechnology / Greentech","7095"
"883","a9EBEA5e4d44048","Yates and Sons","http://finley-sweeney.com/","Liechtenstein","Switchable 6thgeneration hub","1978","Entertainment / Movie Production","8090"
"3566","dFeeA86B5Cf7dd8","Hinton Ltd","http://henson-sheppard.com/","United States Minor Outlying Islands","Quality-focused didactic parallelism","1994","Civil Engineering","2154"
"4286","Fc5eC3aCCce0610","Lambert Ltd","https://conley.com/","Russian Federation","Self-enabling executive hardware","2010","Information Services","9247"
"1180","ca4EEb5B2acf403","Shaffer, Valdez and Bass","http://www.wilkins.net/","Nepal","Total holistic software","1976","Executive Office","5304"
"5449","DD4B8BE272902E0","Hill, Ware and Erickson","http://dennis.org/","Slovenia","Business-focused tangible conglomeration","1974","Education Management","6784"
"4245","Cf98B856e7CBBae","Cherry Inc","https://cameron-benton.com/","Canada","Digitized interactive middleware","2007","Education Management","1951"
"5219","d8E5E4fDCDac00F","Yoder-Steele","http://www.maldonado.net/","Uganda","Enterprise-wide homogeneous ability","1980","Medical Practice","5231"
"3977","7efdF0dEFe79Add","Golden Inc","http://sutton.com/","Samoa","Enterprise-wide object-oriented hierarchy","1984","Semiconductors","2909"
"2131","bEFa1ADECb2318e","Valentine PLC","http://www.vega-norris.com/","Spain","Programmable transitional software","1991","Oil / Energy / Solar / Greentech","1545"
"5079","043a5eFb8dF876A","Franklin and Sons","https://www.massey.com/","Qatar","Compatible mobile Local Area Network","2000","Ranching","8127"
"457","549Ae67Bee8D5Bb","Williamson-Burton","http://www.nixon.biz/","Ethiopia","Seamless discrete adapter","2001","Computer Networking","9853"
"5583","2d0e4cBa3cE9EAC","Camacho Inc","https://douglas-bowen.info/","Saint Pierre and Miquelon","Multi-lateral discrete paradigm","1985","Broadcast Media","5308"
"5176","8cD9FDaedec9724","Foster Inc","http://www.snyder.com/","Central African Republic","Ameliorated leadingedge time-frame","2016","Recreational Facilities / Services","8257"
"1951","7d5ddaeb08fB44C","Merritt-Watkins","http://gonzalez.com/","Iran","Customer-focused responsive synergy","1995","Biotechnology / Greentech","2251"
"5373","E94A094E5dc2A13","Hammond, Jimenez and Todd","https://joseph.com/","Burkina Faso","Virtual heuristic complexity","1982","Arts / Crafts","9758"
"690","ed18e6E9eDc2f34","Coleman-Santana","http://henson.com/","Taiwan","Adaptive 3rdgeneration intranet","1978","Events Services","4905"
"8853","98CCcb375bbC604","Randall Ltd","https://woodard-hensley.com/","Palau","Innovative real-time access","2004","Fishery","5354"
"6526","baFD3A37120EcBE","Casey, Huynh and Hatfield","https://copeland.biz/","Angola","Re-engineered high-level customer loyalty","1970","Investment Banking / Venture","4746"
"9822","6d3b78e75D0fd4A","Hurst PLC","http://burnett.com/","Lesotho","Enterprise-wide demand-driven adapter","1983","Real Estate / Mortgage","6745"
"6489","c6ED0e6cECa5eC4","Vargas PLC","https://pham.com/","Jamaica","Reduced real-time middleware","1973","Utilities","789"
"6922","AfA664B9Fd9c8C4","Stafford-Benjamin","http://rosario-montgomery.biz/","Eritrea","Enterprise-wide object-oriented workforce","2000","Venture Capital / VC","2523"
"1954","D7480fBC5bDBDFE","Mccullough, Reilly and Keith","https://buchanan.com/","Kazakhstan","Managed mission-critical adapter","2014","Fine Art","5306"
"7635","cAF9cDC06a06798","Rowe LLC","https://thornton.com/","Lesotho","Monitored multi-state alliance","1994","Airlines / Aviation","1060"
"5637","5A7ebF96D021Bc5","Ayala-Briggs","http://www.rivers-golden.com/","United States of America","Organized logistical model","1984","Design","1359"
"7155","c9455EA7C9E5f75","Foley, Mckinney and Murray","http://delgado.org/","Gibraltar","Cross-group zero-defect installation","2019","Printing","9321"
"8425","a4AFD7EfB4FEDd7","Conrad LLC","http://www.vargas-sanders.com/","Ecuador","Re-engineered optimal knowledgebase","2005","Wireless","2140"
"6611","843f2FE81Af20b4","Park Ltd","https://www.barr-moody.com/","Korea","Open-architected multi-tasking adapter","1996","Fishery","3472"
"2711","dbf08fbfCd505bA","Colon-Wilcox","http://gonzalez.com/","Cape Verde","Ergonomic empowering benchmark","1992","Farming","9610"
"8731","22d6A2d4f22eAB0","Navarro, Browning and Guerrero","http://reese-fitzpatrick.com/","Sweden","Face-to-face eco-centric flexibility","2004","Airlines / Aviation","6719"
"3202","abF64965aF41D8b","Klein, Galloway and Kennedy","http://www.christensen-mclean.org/","Taiwan","Multi-tiered stable capability","1987","Leisure / Travel","238"
"4350","8e90FEB0CB2c95c","Leonard-Harding","http://murillo.com/","Guyana","Configurable dynamic hardware","1984","Maritime","8213"
"4139","1BECb7EFe5b04C3","Ingram LLC","https://www.andrews.net/","Aruba","Diverse homogeneous database","2004","Individual / Family Services","9641"
"1885","C5Aa05DbECC94a3","Hernandez-Bishop","http://leonard-daugherty.org/","Dominican Republic","Diverse eco-centric Local Area Network","2019","Alternative Dispute Resolution","9432"
"8640","a9A6741DBdc67A1","Cooper, Swanson and Fischer","https://swanson.com/","Swaziland","Right-sized context-sensitive application","1981","Gambling / Casinos","2933"
"4486","A39F7EBcD2b6aF4","Chambers, Mckee and Aguilar","https://www.marshall-tran.info/","Bahrain","Cloned scalable groupware","1971","Veterinary","5314"
"2495","c42DBAE2d57AACD","Parks-Shaw","https://thomas.com/","Anguilla","Visionary heuristic flexibility","2021","Computer Hardware","2202"
"5948","3f5114A7F2Cb773","Russell Group","http://www.montes-pierce.com/","France","Streamlined dedicated open architecture","1997","Oil / Energy / Solar / Greentech","5312"
"3037","E118AE796E3472e","Farrell-Randolph","https://www.ruiz-wilkerson.com/","Kiribati","Monitored bifurcated leverage","1972","Ranching","7623"
"5778","95d01a0BF6a3EcC","Barron-Mccann","http://andrade-shannon.com/","Korea","Inverse 6thgeneration info-mediaries","1988","Graphic Design / Web Design","1807"
"3604","c98b5bDE5cdF841","Davenport-Morrow","http://ashley-reed.info/","Western Sahara","User-friendly contextually-based interface","1978","Market Research","6476"
"846","BbD9c88BfBFaCBc","Morrison, Hammond and Mosley","https://floyd.com/","Cape Verde","Pre-emptive asymmetric software","2015","Semiconductors","8124"
"543","1298ABC42e5A9db","Jefferson-Barber","https://www.molina.info/","Guinea-Bissau","Sharable 4thgeneration implementation","1986","Security / Investigations","1398"
"3725","6bfF61Bb54C8C3f","Hicks, Anderson and Haley","http://www.huffman-schultz.org/","Gibraltar","Reduced next generation toolset","2018","Philanthropy","4862"
"4188","b10235006e88219","Ferrell, Villarreal and Davis","https://www.logan.com/","Taiwan","Polarized uniform interface","2015","Computer Games","8004"
"3680","58eeddDdeF3883F","Watts, Waters and Casey","http://www.price.net/","Austria","De-engineered 3rdgeneration hub","2011","Computer Hardware","4506"
"8900","Ff82e3Bd79bb11a","Snow, Schroeder and Warner","http://www.hickman-rivera.biz/","Faroe Islands","Monitored dynamic architecture","1983","Individual / Family Services","7069"
"7968","CC055Ba7683404a","Huffman, Lowe and Garrison","https://murphy.info/","Bangladesh","Switchable dedicated throughput","1976","Non - Profit / Volunteering","8258"
"8486","aab9cCF7Ec167a4","Brandt-Savage","https://www.kerr-price.com/","Rwanda","Face-to-face bifurcated productivity","1992","Computer / Network Security","5178"
"6076","73FcCCF2589fEF6","Huynh-Stanley","https://hayes.info/","Bouvet Island (Bouvetoya)","Up-sized multi-tasking encoding","1977","Public Relations / PR","6099"
"7341","0D0c00B3563B60D","Carson Inc","http://huynh.biz/","Saint Martin","Re-engineered leadingedge array","2007","Sports","4117"
"8226","BbDFF7e9Fb010Fc","Norris PLC","https://www.spence.com/","Netherlands","Vision-oriented background function","2011","Broadcast Media","7789"
"7247","afcaf8dfF56A44F","Gray Ltd","http://www.mckee-russell.com/","Barbados","Assimilated solution-oriented structure","1978","Accounting","6340"
"9711","cDc56fCF0F48Bf5","Mcguire and Sons","https://www.wilkerson.com/","Guernsey","Balanced maximized circuit","2004","Wholesale","506"
"8291","ba0bcc4fEd5d7d3","Massey Inc","http://gardner.net/","Saint Helena","Organic asynchronous encryption","2002","Insurance","4433"
"7138","ACEc9D8DF3b21Df","Keller-Mata","https://watts.com/","Botswana","Cross-group foreground database","1993","Computer Software / Engineering","8144"
"2965","9c41B6a3C6f75D9","Cooke, Choi and Gomez","https://roach.com/","Saint Kitts and Nevis","Distributed foreground solution","1996","Financial Services","9395"
"7560","dBb8385E09bfD88","Salazar-Peck","https://www.conrad-hayes.com/","American Samoa","Synergized content-based infrastructure","1981","Capital Markets / Hedge Fund / Private Equity","5762"
"2530","bBAD8af87A9Bb7d","Davis PLC","https://gilmore.com/","Saint Kitts and Nevis","Automated zero tolerance service-desk","2007","Retail Industry","7059"
"7285","105A6c11E5b14F1","Oneill, Maddox and Mclean","http://huynh-rubio.com/","Andorra","Ameliorated eco-centric parallelism","1989","Restaurants","9177"
"5773","05d78D8eBdB85E3","Price, Thornton and Reese","http://mccullough.org/","Liberia","Optional bifurcated core","2011","Recreational Facilities / Services","4022"
"1049","ADabd42898bA61c","Atkins-Wiggins","https://www.leach.com/","Moldova","Adaptive national success","2010","Fundraising","4044"
"7046","BbcAFeAB45c12Fd","Cabrera-Tanner","http://small.com/","Guatemala","Phased multimedia analyzer","1991","Defense / Space","3246"
"1961","bdEcb8B42c3Ffe9","Hayes Inc","http://www.morgan.biz/","Paraguay","Grass-roots human-resource projection","2001","Newspapers / Journalism","6811"
"2531","7EbcE741F9cD1AF","Farley-Serrano","http://howell.com/","Ghana","Fundamental exuding focus group","2017","Staffing / Recruiting","2847"
"9049","FB823B9e9C18BAF","Byrd-Collins","http://krause.com/","Latvia","Sharable full-range attitude","1979","Automotive","5982"
"7604","60Ff3d8E0fF4C4b","Peters and Sons","http://moon.com/","South Georgia and the South Sandwich Islands","Fully-configurable analyzing service-desk","2011","Human Resources / HR","9741"
"6525","A7a7571BCE68866","Decker Ltd","https://www.escobar.com/","Mauritania","Balanced value-added contingency","2019","Events Services","8764"
"238","BFB471a965A5E7E","Ingram and Sons","http://baker.org/","Greenland","Re-engineered user-facing support","2006","Higher Education / Acadamia","9822"
"4918","7bA5fF5fccA876b","Edwards, Torres and Simmons","http://www.mathis.com/","Burundi","Visionary dynamic project","1974","Food Production","803"
"6480","305AcfDEbb99F3a","Shea-Werner","http://wilkinson-anthony.com/","Albania","Cross-group bandwidth-monitored core","1978","Fundraising","8083"
"1134","E1f3Fbed8D7BF4E","Skinner, Pugh and Todd","http://www.kline.com/","Saint Lucia","Multi-lateral real-time encoding","2022","Automotive","5096"
"6977","7dE4A8e77eaFE6F","Hughes-Bolton","http://www.kim-newton.com/","United States Virgin Islands","Streamlined object-oriented orchestration","1996","Public Safety","7975"
"5902","7bDEeD8E72bbdb5","Roach-Leonard","http://www.burke-mayer.com/","Montenegro","Operative value-added process improvement","1995","Judiciary","1277"
"9058","49aEe02BdaF8FE8","Mendoza-Contreras","http://brady.com/","Botswana","Open-architected value-added system engine","2009","Commercial Real Estate","3468"
"4260","EDE2c8978cE7EA9","Crane LLC","http://www.russell.com/","Cuba","Quality-focused object-oriented utilization","1974","Maritime","6663"
"8841","5EC69f90019Bd08","May, Carroll and Wyatt","http://herman-obrien.com/","Saint Pierre and Miquelon","Streamlined 5thgeneration website","2000","Information Services","5472"
"6966","0ad5E8bdca1d7CA","Jenkins, Matthews and Pena","https://li-odom.info/","Jersey","Visionary foreground productivity","2003","Farming","9561"
"9980","89757B0F6FE1dd3","Andrews, Cochran and Burch","http://www.newton-park.net/","Estonia","De-engineered 5thgeneration matrix","1990","Arts / Crafts","2946"
"793","FCAB2ceae2F6FB9","Boyer, Summers and Blake","http://esparza.com/","Venezuela","Triple-buffered system-worthy database","2014","Library","1210"
"1986","Cc241eBcdcd8b4f","Smith and Sons","https://ritter.net/","Russian Federation","Streamlined responsive encoding","1984","Shipbuilding","1655"
"5657","0d01f0CfeA4fc70","Sexton-Owens","https://hinton-morris.com/","Cote d'Ivoire","De-engineered mobile knowledgebase","2022","Hospital / Health Care","269"
"8740","7D63BCD7abadb5B","Dunn, Riley and Brown","https://melton.com/","Burkina Faso","Customer-focused radical conglomeration","1998","Newspapers / Journalism","2729"
"7936","edca0abB8690A4B","Castaneda Group","http://www.tanner-zavala.com/","Botswana","Diverse 6thgeneration customer loyalty","1994","Building Materials","6462"
"6098","Db73e63a80Ab041","Orozco-Lynch","https://keith.com/","Argentina","Configurable 4thgeneration synergy","2017","Dairy","2335"
"5908","34FdDE04c3faFaD","Hendricks-Haley","http://nolan.biz/","Ecuador","Quality-focused systemic database","2008","Sports","5836"
"7374","3De76F5950B23DD","Brewer, Martin and Stafford","https://www.barker-yoder.com/","French Polynesia","Stand-alone full-range structure","2014","International Trade / Development","49"
"8129","32E6CBB58e206c9","Schultz, Good and Mcclain","https://mcdowell-douglas.com/","Reunion","Customer-focused motivating system engine","1981","Religious Institutions","5055"
"2979","7FAD9b2f22dca61","Combs-Gallagher","http://www.lambert.com/","Antigua and Barbuda","Robust neutral analyzer","1992","Professional Training","1684"
"8862","eaef8bdBcEb2a65","Mason Inc","http://wang.com/","Chad","Implemented systematic intranet","1988","Philanthropy","2690"
"9302","cEd2DCa4CfE1faA","Barron-Yoder","https://farley.net/","Switzerland","Exclusive human-resource Local Area Network","2006","Outsourcing / Offshoring","6804"
"6722","dDaA539aa5344De","Ward-Schultz","http://www.robbins.com/","Jersey","Assimilated national system engine","1973","Commercial Real Estate","6223"
"7843","a58c8cE1aD7d1eA","Andersen and Sons","http://www.sweeney.com/","Ireland","Robust national definition","1979","Consumer Electronics","6982"
"5525","a4aA1bB74eD855a","Ortiz PLC","http://silva.com/","Belarus","Business-focused mission-critical protocol","1972","Packaging / Containers","5950"
"8722","a5cA0ec9523eB98","Myers-Morrow","http://sparks-park.com/","Paraguay","Synchronized local artificial intelligence","1972","Insurance","9344"
"8432","0Ae9E7E8AA9FfCb","English-Kim","http://cisneros.biz/","Sierra Leone","Down-sized empowering approach","1983","Shipbuilding","5968"
"9009","F514BFD1aeCdf79","Russell LLC","http://blevins-whitaker.com/","Palau","Total contextually-based toolset","2003","Alternative Medicine","2266"
"8604","7C5B80Ff2aE13Bd","Aguilar-Price","http://www.ingram.com/","Venezuela","User-centric empowering monitoring","2008","Pharmaceuticals","4926"
"7175","df2799bdcE324ad","Navarro, Page and Barber","https://klein.com/","San Marino","Fully-configurable client-driven process improvement","2004","Wholesale","5210"
"3920","B0E649686B6B39F","Reid, Greene and Ferguson","http://www.kennedy.com/","Argentina","Face-to-face zero-defect data-warehouse","2003","Market Research","3857"
"3139","52B5586286d4Bd8","Simpson and Sons","https://www.mccoy.net/","Albania","Centralized stable system engine","1992","Telecommunications","9959"
"9417","0cdDEd601AAfdE4","Huber-Anthony","https://bright.com/","Malaysia","Diverse zero-defect initiative","2011","Non - Profit / Volunteering","4352"
"9934","AA293223eA2Fb02","Scott-Mclaughlin","https://perkins.com/","Cayman Islands","Object-based fresh-thinking budgetary management","1978","Legislative Office","617"
"5790","d950b4aA451b7CE","Harper-Barry","https://small.com/","Burkina Faso","Virtual heuristic superstructure","2021","Alternative Medicine","5287"
"4074","7025b7BC01CA3dF","Schroeder Ltd","https://www.gill.com/","Austria","Devolved attitude-oriented workforce","2000","Package / Freight Delivery","6648"
"3288","1d6D8d7dea1C5F7","Shannon PLC","http://fleming-reid.org/","Lebanon","Customer-focused user-facing implementation","1996","Internet","461"
"3230","7998dDbDE7cfc0F","Buck-Herrera","https://clayton.org/","French Guiana","Exclusive discrete archive","1982","Hospital / Health Care","2932"
"1827","5115E2589d1CD2E","Hendrix, Preston and Mccarthy","http://chen.com/","Tunisia","Phased fault-tolerant focus group","2005","Motion Pictures / Film","2115"
"5549","6aeBFbD2BAeCb27","Edwards-Pena","http://stephenson.com/","Kyrgyz Republic","Customizable radical intranet","1984","Veterinary","5301"
"594","cB90Df7eeFaEFdD","Lowe-Leonard","http://www.guzman.info/","Mozambique","Realigned tertiary orchestration","1975","Internet","6780"
"2726","B4015Dc6bA852e4","Wade LLC","http://www.steele-pratt.com/","Sudan","Open-source user-facing Internet solution","1985","Transportation","890"
"4138","eB13798Cfc6Ff53","Bowen-Hutchinson","https://www.golden-barton.org/","Kenya","Ameliorated intangible data-warehouse","1985","Hospital / Health Care","245"
"561","1911E2dAb4a089B","Cline LLC","http://hicks.com/","Turkmenistan","Mandatory client-server concept","2016","Commercial Real Estate","6385"
"7407","FFfB9fadD803c5A","Gregory Group","http://lee.net/","Fiji","Pre-emptive global extranet","1999","Entertainment / Movie Production","4096"
"8807","eDc6Ec96cFFa9d8","Glover-Sosa","https://www.hodges-novak.net/","Cyprus","Implemented intermediate adapter","1999","Staffing / Recruiting","6504"
"8387","27Bbd0baFAFa4F1","Hartman Group","https://vaughan.org/","Netherlands Antilles","User-centric even-keeled open architecture","1978","Plastics","5774"
"244","38E8BbfD55EEdC7","Nielsen, Browning and Cooley","http://www.malone.com/","Ethiopia","Multi-lateral real-time leverage","1982","Furniture","6581"
"7269","cC1E60Eff0Bf72c","Carrillo PLC","http://robertson.com/","Guatemala","Future-proofed user-facing function","2006","E - Learning","1930"
"5436","4B70D4AFEea323D","Mccormick-Rojas","http://www.meyers.net/","Cuba","Centralized empowering neural-net","2002","Non - Profit / Volunteering","7321"
"4438","dF1EecFC6d8dBEb","Hickman, Chavez and Myers","https://phelps-finley.com/","Gabon","Configurable content-based data-warehouse","2019","Veterinary","5917"
"9685","7361C01e96afCA1","Cooper-Contreras","https://www.costa-hicks.com/","Trinidad and Tobago","Fundamental tertiary parallelism","1998","Public Relations / PR","9594"
"8107","b4267AA0a9a95cE","Gould, Norman and Sutton","http://www.salazar-novak.net/","Liechtenstein","Optional zero-defect firmware","1992","Philanthropy","40"
"406","FcdE03f9Dcc351c","Kline Ltd","https://www.morales.org/","Sudan","Down-sized bi-directional solution","2002","Cosmetics","2320"
"1443","D6eDEcAFEDdfa6F","Sharp Ltd","https://www.meyer.com/","Christmas Island","Front-line responsive complexity","1982","Translation / Localization","958"
"262","94ce72791a6d8dF","Burke, Buck and Hernandez","https://www.waters.info/","Saudi Arabia","Grass-roots explicit groupware","1978","Tobacco","9789"
"4407","3cD8227EfAfab3d","Macdonald and Sons","https://www.shaw-lane.com/","Lao People's Democratic Republic","Cross-group client-server policy","1975","Non - Profit / Volunteering","5825"
"7634","1EafB4b6eDB9E8e","Leach-Whitaker","https://www.whitney.com/","Puerto Rico","Secured encompassing functionalities","1980","Chemicals","3136"
"9534","e3aa4E44FAe1272","Franklin-Chang","http://www.bowen-hammond.com/","Mauritius","Quality-focused system-worthy migration","1984","Legal Services","5905"
"1690","aFbD1C25Ccf4FcA","Rush, Haynes and Branch","https://fernandez.com/","Niger","Robust value-added hierarchy","1987","Transportation","9860"
"9867","a4E62538Bc31BAB","Poole PLC","https://www.barnes-mcconnell.net/","Tunisia","Adaptive context-sensitive intranet","1986","Newspapers / Journalism","8980"
"1726","BBE2aCDf2bBFA41","Turner, Holloway and Le","https://www.villegas.com/","Korea","Sharable discrete portal","1988","Think Tanks","1741"
"8995","3DA88082A2F8eF0","Mcbride-Sexton","https://www.greene.com/","Cote d'Ivoire","Front-line 24/7 flexibility","2017","Military Industry","2605"
"4931","adBbdaeeCfb2A5c","Strong, Dougherty and Odom","https://hood-madden.com/","El Salvador","Virtual web-enabled project","1997","Professional Training","7488"
"5963","55FceeB1b5B38e3","Nielsen-Sheppard","http://barry.com/","United States Minor Outlying Islands","Balanced asymmetric projection","2020","Management Consulting","3697"
"2497","CCa70a25CAdD519","Morales PLC","https://www.dyer.com/","Morocco","Integrated scalable forecast","2000","Computer Software / Engineering","4475"
"9015","6b91fa0dFb7C716","Garrison-Moran","http://www.rojas.com/","Lao People's Democratic Republic","Organized 3rdgeneration workforce","1991","Individual / Family Services","3603"
"6905","a7101FbFFEbaaBD","Steele-Byrd","https://www.mercado.com/","Bouvet Island (Bouvetoya)","Horizontal bifurcated projection","2016","Political Organization","6351"
"6107","261acb3d2Ca88d7","Carter Ltd","https://ross.com/","United States Virgin Islands","Synergistic stable matrix","1982","Mining / Metals","9203"
"8201","93497DCddFFae7e","Vega-Villanueva","https://www.jordan.com/","Andorra","Profound systemic firmware","1978","Education Management","6679"
"341","eeAc6A4BFbDC538","Watts-Gay","http://www.hall-moyer.com/","Fiji","Implemented uniform matrix","1987","Semiconductors","3608"
"2409","6cf4E8984dFffd5","Prince Inc","http://nunez.biz/","Switzerland","Advanced reciprocal projection","1987","Political Organization","1351"
"1602","E7b09bdF1cBd0d7","Reeves, Bartlett and Downs","http://erickson-ferrell.net/","Lao People's Democratic Republic","Ameliorated dedicated structure","1971","Food / Beverages","7751"
"9865","E1b13533CDc9dc3","Vargas-Daniels","https://www.buchanan.info/","Afghanistan","Ergonomic national workforce","2011","Facilities Services","3424"
"8360","aF104b9Addd7cb4","Hull-Odom","https://meadows.com/","Palau","Decentralized transitional Internet solution","1970","Fundraising","6871"
"5783","3Bb76FD5c35B839","Todd-Boone","http://burch.net/","Solomon Islands","Enhanced static hardware","2011","Plastics","2274"
"4577","0cF8b88aB2feb04","Ballard Group","https://www.rich-fischer.com/","Poland","Innovative fault-tolerant time-frame","2004","Business Supplies / Equipment","9866"
"7972","4BBA6A7EA6e4ddD","Waters PLC","https://mendoza.com/","Jordan","Down-sized tangible throughput","1975","Defense / Space","1424"
"3726","d83c2E931c6AB3D","Gould-Dorsey","http://www.odonnell-cohen.com/","Seychelles","Open-architected empowering framework","2022","Government Administration","7723"
"2557","a2761FA055baD8f","Bray-Barrera","https://www.cooley.net/","Mozambique","Advanced motivating definition","1997","Consumer Electronics","9940"
"2786","E69bdbe94d4A7CD","Cardenas-Barrera","http://pena-holder.org/","Mauritania","Polarized uniform moderator","2010","Maritime","1847"
"1524","59afcF09d23e2cd","Parker, Rodgers and Tran","http://rangel.net/","Bolivia","Cross-platform asynchronous matrix","2001","Sporting Goods","2936"
"7718","FAE2C115A633de9","Mcbride Group","http://www.reed-carr.com/","Aruba","Fundamental fault-tolerant solution","2021","Media Production","7668"
"2508","fB32d2F5f8cde88","Morrison Inc","http://www.owen.com/","Kenya","Digitized holistic monitoring","1984","Sporting Goods","3770"
"2832","3CeC8971dF722AE","Dorsey-Strong","https://dalton-stout.org/","Barbados","Vision-oriented mission-critical pricing structure","1980","Oil / Energy / Solar / Greentech","3201"
"1013","2bA4CE7E24A1EdC","Rice, Orr and Coffey","https://www.edwards-cabrera.info/","Turks and Caicos Islands","Cross-group systemic emulation","1979","Information Services","7375"
"5281","328db95ce7db99A","Lam-Vance","http://www.mcdowell-mcknight.info/","Senegal","Object-based optimizing approach","2003","Medical Practice","4170"
"4896","96662f713AcEf28","Copeland-Clarke","http://www.schaefer.com/","Cyprus","Ameliorated logistical structure","2004","Automotive","2292"
"1767","fC1fF01c2C0081A","Henderson, Huang and Burnett","https://russo.com/","Jamaica","Horizontal optimizing challenge","1997","Human Resources / HR","7362"
"4552","4241f74b1dc5EB7","Leach-Kelly","https://barnes.info/","American Samoa","Balanced system-worthy middleware","1978","International Trade / Development","7557"
"7122","1E308fE1A8B9c09","Pruitt-Lloyd","http://weaver-hendricks.com/","Belgium","Profit-focused explicit firmware","1982","Environmental Services","9568"
"6550","9557Fa8f22Ad5d7","Alexander Ltd","https://york-alvarado.biz/","Belgium","Upgradable modular alliance","1979","Luxury Goods / Jewelry","7300"
"4038","Ebe7ce40bEDD02b","Luna PLC","http://www.rowland.biz/","Gabon","Reactive optimizing analyzer","1987","Computer Software / Engineering","1071"
"8271","11A3e33c9A0EA78","Henderson-Bullock","https://www.ross.com/","Kuwait","Universal empowering instruction set","1998","Recreational Facilities / Services","2040"
"149","F3E3d200e50dACb","Gomez, Moses and Burns","https://www.boone.net/","Bahamas","Cross-platform zero tolerance circuit","1975","Mining / Metals","4329"
"286","1Fc85616cFF3D35","Cooper and Sons","https://www.combs.info/","Timor-Leste","Cloned scalable workforce","1998","Primary / Secondary Education","916"
"7801","9ACb0cb1f6f88dd","Valdez-Kirby","https://hogan.com/","Eritrea","Virtual demand-driven process improvement","2006","Paper / Forest Products","2012"
"9652","abCc3Cce57208FA","Perez-Brooks","http://www.newman-rios.com/","Mexico","Face-to-face value-added moderator","1977","Public Relations / PR","1439"
"364","08EF5e6C40Dcfdb","Wilkinson-Wilson","https://www.morales.info/","India","Profit-focused asymmetric architecture","2010","Internet","9067"
"5368","e1d1B2AdDd1C570","Finley-Spears","https://mclaughlin-burch.com/","El Salvador","Decentralized mission-critical conglomeration","1997","Management Consulting","2155"
"9946","ec7D08A1F9E2744","Booker-Gentry","https://kramer.com/","Bouvet Island (Bouvetoya)","Extended systematic emulation","2007","Electrical / Electronic Manufacturing","843"
"8411","54b3abAaB9A94DC","Hampton, Zhang and Wolfe","http://gonzales.org/","Barbados","Reactive non-volatile archive","2002","Management Consulting","3988"
"9454","EBA6BeFAaCfee93","Guerrero, Galloway and Mayer","https://arroyo.com/","Solomon Islands","Right-sized multi-tasking circuit","1996","Legislative Office","5240"
"4726","78f012064233ae8","Stark-Strong","http://guzman-hodge.com/","Bolivia","Profound incremental info-mediaries","1996","Music","7975"
"7272","eF5Ffba14991CeB","Solis, Clayton and Bowers","https://www.porter-rivas.org/","Spain","Focused zero-defect frame","1980","Telecommunications","5687"
"6771","72A2dF14Fc4bABc","Larson Group","http://cisneros.com/","Palau","Triple-buffered secondary orchestration","2010","Consumer Services","4096"
"4444","2fbb4F5C19Bdf5E","Vargas, Hickman and Jordan","https://bartlett.com/","Venezuela","Multi-tiered 6thgeneration success","1992","Military Industry","6310"
"7447","A4f8a68FccfBcbe","Macias-Bean","http://www.velazquez.com/","Yemen","Synchronized bifurcated knowledge user","2007","Wholesale","4643"
"237","626185cbD4dcDd3","Dean, Daugherty and Simpson","http://burgess-figueroa.com/","Austria","Profit-focused next generation algorithm","1992","Fishery","7242"
"7710","b1fFf647A01A725","Chase PLC","http://frey.com/","Burkina Faso","Reverse-engineered 5thgeneration strategy","2020","Political Organization","1570"
"9586","691F1f0Aff1CECC","Hobbs-Mccarty","http://www.hernandez.org/","Reunion","Balanced homogeneous info-mediaries","2002","Business Supplies / Equipment","9124"
"2563","e82D6E5C618FFAc","Mullen, Gentry and Spence","http://cordova.com/","Zambia","Enhanced didactic matrices","2006","Paper / Forest Products","6562"
"7124","5e596AF5BE6efEE","Leon-Evans","http://www.molina.com/","Central African Republic","Diverse solution-oriented product","1977","Online Publishing","7929"
"8537","bb247E79315d2A9","Wade-Jackson","http://salinas.com/","Guinea-Bissau","Automated contextually-based open system","1975","Logistics / Procurement","5847"
"9603","Ef5765877E8C8eb","Yang PLC","http://www.robertson.com/","Israel","Down-sized disintermediate definition","2003","Architecture / Planning","2443"
"5520","d5CC8df40117cEF","Garrett PLC","http://www.lawson.biz/","Mayotte","Down-sized fault-tolerant implementation","1999","Religious Institutions","3630"
"9614","6Cc883FaAcba9eC","Franco-Santiago","https://cochran.com/","Syrian Arab Republic","Cross-group 24hour algorithm","1972","Hospital / Health Care","4006"
"3084","E12E0258DA163E8","Osborn and Sons","https://www.braun-hinton.net/","Timor-Leste","Digitized content-based capability","1973","Photography","382"
"2960","FaE9B116F5D7816","House-Skinner","http://glover.com/","Saudi Arabia","Cloned web-enabled capacity","2015","Museums / Institutions","4996"
"2103","3Cb6e075c1DCAA5","Chaney-Torres","https://cain-osborn.com/","Tokelau","Decentralized dynamic contingency","2022","Outsourcing / Offshoring","1891"
"633","21a24C2BcF0d581","Kaufman Ltd","http://www.turner.info/","Czech Republic","Innovative systemic info-mediaries","1999","Consumer Electronics","6002"
"6814","bFaEFdAeC756109","Reid-Brock","http://montoya.com/","Anguilla","Decentralized real-time approach","2006","Design","6827"
"2494","ECeAA1b5Ca98cAa","Goodwin-Espinoza","http://parsons-sosa.net/","Indonesia","Synchronized regional project","2020","Chemicals","3684"
"2666","81295Ce2860Bf27","Marsh LLC","https://www.parks.com/","Palestinian Territory","Versatile radical neural-net","2001","Computer / Network Security","2124"
"8495","6Aad37bc9becb46","Navarro, Rodgers and Hall","http://davenport.com/","Bolivia","Sharable intermediate budgetary management","2010","Music","1050"
"8426","8Ddf7b5eF5D1A7A","Hall, Morgan and Diaz","http://www.glover.org/","Canada","Realigned empowering encryption","1986","Political Organization","8363"
"9267","Fc1b9c9cF0eb2A4","Shields-Olsen","https://moon.com/","Central African Republic","Implemented methodical open architecture","2003","International Affairs","4655"
"4212","3AAdaea7DafBBc2","Rodriguez-Haynes","https://www.stevenson.com/","United States Virgin Islands","Managed asymmetric access","1998","Civil Engineering","2790"
"3875","63e9F5EdD75f72B","Costa-Valdez","https://barton-molina.net/","Singapore","Stand-alone hybrid system engine","1984","Shipbuilding","5626"
"2818","989bD2355423d1D","Mccullough-Parrish","http://www.joyce.biz/","Pakistan","Optimized tangible paradigm","2008","International Trade / Development","8184"
"8269","BC3dFaDDd2fEdC1","Bowen, Torres and Owens","https://sherman.com/","Guinea","Intuitive fresh-thinking projection","1974","Electrical / Electronic Manufacturing","4500"
"9816","6ded6EA573e6d33","Lewis, Bauer and Fuentes","http://tran.com/","Congo","Triple-buffered high-level framework","1977","Museums / Institutions","3552"
"7427","C9cA2aAfFBaBB84","Nunez-Ellison","http://www.massey.com/","Argentina","Adaptive didactic analyzer","1998","Legislative Office","7704"
"8603","abb0E21EfBfe8fC","Crane, Cooley and Mcguire","http://www.hensley.com/","Palestinian Territory","Secured motivating database","1983","Oil / Energy / Solar / Greentech","9500"
"8476","cb8739564BE4a63","Powers-Hayes","http://www.raymond.com/","Lithuania","Inverse secondary hardware","1983","Alternative Medicine","6922"
"1736","1aAAEDFdF9Ce244","Bridges-Dennis","https://www.delgado.com/","Vietnam","Total context-sensitive leverage","1977","Consumer Goods","735"
"7398","F4Cf8915Ac2eE07","Morrow, Kerr and Esparza","http://bauer.net/","Macao","Synergized local productivity","2008","Real Estate / Mortgage","3255"
"4256","4fe2c5CecD8F1E5","Lloyd-Randolph","http://spence-irwin.biz/","Somalia","User-friendly dedicated support","2011","Education Management","3717"
"8289","b75C6ae8eb1eEC5","Fernandez-Hale","https://www.atkins.com/","Turks and Caicos Islands","Multi-channeled zero-defect definition","2005","Arts / Crafts","5429"
"2476","df63A3C552A4e5c","Frazier Group","http://khan-terry.com/","Sweden","Exclusive analyzing hub","2003","Capital Markets / Hedge Fund / Private Equity","654"
"9985","d3DB11aCbfeEB37","Pearson Group","https://www.huynh-johnston.com/","Samoa","Adaptive static alliance","2009","Medical Practice","6204"
"3714","b54AFCafe31BD1B","Mccarthy, Grant and Fitzpatrick","http://dunlap-sandoval.biz/","Guinea-Bissau","Intuitive clear-thinking firmware","1976","Textiles","3176"
"8979","5EEe4Bc47a595ED","Randolph, Madden and Gibbs","http://www.meadows.com/","Vanuatu","Visionary well-modulated structure","1993","Philanthropy","955"
"1805","bDb9DED20BBA1C9","Mcmillan Inc","https://www.saunders.com/","Brazil","Visionary high-level approach","2010","Civil Engineering","3267"
"708","ea7a6E7517EAba2","Roy, Sandoval and Davenport","https://www.summers.com/","Heard Island and McDonald Islands","Realigned zero tolerance hardware","1970","Veterinary","5751"
"9192","C8Ec9C234fb43ce","Jimenez, Leon and Norman","http://orr-porter.biz/","Mayotte","Versatile maximized policy","1991","Maritime","4438"
"5190","4B09a46e8EFC58F","James-Peterson","https://www.goodman-glover.com/","Brazil","Digitized fresh-thinking throughput","1997","Renewables / Environment","8664"
"5473","fA4aDfF3F2CFfeB","Fuller, Cowan and Kidd","http://hogan.com/","Sao Tome and Principe","Diverse multi-state challenge","2001","Telecommunications","7687"
"73","3bAcb3b524cDcfB","Wilcox Inc","https://alexander-harmon.org/","Guernsey","Customer-focused cohesive utilization","2002","Law Enforcement","6586"
"7844","d94ab6C4AfFE24C","Sosa LLC","https://www.bright.com/","Luxembourg","Distributed tertiary installation","1983","Medical Equipment","6260"
"5102","Fd7b0F1ef7CAD21","Crosby-Lawrence","https://zimmerman.com/","Bahrain","Managed human-resource project","2001","Shipbuilding","9122"
"6765","0C26de7415BADFD","Mcbride-Combs","http://www.sheppard-ellis.com/","Kiribati","Stand-alone zero administration parallelism","2004","Law Enforcement","1658"
"1126","2ae3cF98C5c0994","Hawkins PLC","https://www.palmer.info/","Ghana","Enhanced 24/7 open architecture","2005","Human Resources / HR","9057"
"1242","9E0dEA2fcDbdEcD","Gallegos-Schmidt","http://mcgrath.com/","Korea","Function-based upward-trending access","2007","Government Administration","2373"
"8254","2c8C1AF59fa3F01","Ortega-Chase","http://cantrell-andrade.com/","Tonga","Organic web-enabled standardization","1997","Consumer Goods","3780"
"2350","CcF7775Dab9a2BE","Matthews-Hendricks","http://www.nunez.org/","Netherlands","Progressive analyzing encryption","1975","Primary / Secondary Education","6326"
"6603","E57F4cEE86B32b5","Harrington Group","http://baker.net/","Italy","Implemented user-facing encryption","1974","Airlines / Aviation","8562"
"6781","AbbEBf85010cfe7","Joyce-Gamble","https://chang-zamora.com/","Paraguay","Pre-emptive dedicated capacity","1992","Maritime","2627"
"4359","cAfb2aE0bDffEaC","Brady and Sons","http://www.montgomery.net/","Bhutan","Decentralized bifurcated process improvement","2012","Computer Hardware","2909"
"1344","f252c9eaEBC2E2E","Hooper Group","https://www.gill-olsen.com/","Zambia","Visionary 4thgeneration neural-net","1970","Mining / Metals","5396"
"9989","a83FDcB1038C644","Phelps-Suarez","https://www.bird.com/","Cameroon","Upgradable homogeneous policy","2021","Warehousing","343"
"8680","7F6ee21dfE30Bd3","Newman Inc","http://www.atkins-bean.com/","Guyana","Face-to-face next generation open system","2017","Medical Practice","4617"
"9576","C6402ABa0D1CE75","Callahan Group","https://aguilar.com/","Gabon","Enterprise-wide hybrid standardization","1996","Furniture","5168"
"6653","d6C9Cd529Ab0A36","Donaldson, Meyer and Baird","http://www.hopkins-beard.org/","China","Enhanced even-keeled architecture","1986","Gambling / Casinos","4905"
"1101","19cEfa2d2b0aE9f","May, Reyes and Floyd","http://fleming-lara.biz/","Czech Republic","Extended exuding productivity","1979","Transportation","9659"
"7328","dF051B85b5Fe4CC","Berry, Orr and Craig","http://case-alexander.com/","Hong Kong","Down-sized optimal monitoring","2004","Printing","4847"
"7623","5Ad5DAAd2fbF8C3","Sanford, Mathis and Dalton","http://www.shepherd-stuart.biz/","Liberia","Persevering methodical service-desk","1980","Mining / Metals","8540"
"988","7C5AcdE3a2e2bf0","Gibbs Group","https://mayer-ramirez.com/","Cape Verde","Enterprise-wide object-oriented matrices","1970","Government Administration","3882"
"2853","9173ED4d2c7cC76","Huang Inc","https://www.bonilla.com/","Maldives","Proactive didactic synergy","2017","Civil Engineering","2398"
"631","188bebca73aec18","Shea, Hawkins and Myers","http://levine.com/","Israel","Cross-group real-time success","1979","Wholesale","3722"
"1250","64BCFB9beCBF50b","Austin, Bryan and Nelson","https://www.yu.com/","Moldova","Diverse heuristic Local Area Network","1982","Management Consulting","6274"
"3180","e40Af5BAED7a045","Mosley-Ortiz","http://maxwell-aguirre.com/","Ghana","Face-to-face background paradigm","2019","Venture Capital / VC","6961"
"483","4dE7986D72d4ACA","Mcdonald-Horne","https://www.jordan.biz/","Paraguay","Fundamental exuding matrices","2019","Transportation","4374"
"3041","0b8D33710Ae1011","Pena and Sons","http://cervantes.info/","New Caledonia","Integrated 4thgeneration success","2011","Supermarkets","1497"
"5011","dd440511B6F000B","Moore, Sutton and Lynch","http://www.barnett.net/","French Southern Territories","Profound 24hour interface","2008","Staffing / Recruiting","7277"
"8728","Ce4DdDc0336f8E0","Sanders Group","http://davenport-saunders.info/","Austria","Compatible background frame","1993","Luxury Goods / Jewelry","8626"
"7001","0f29bB156CC02aa","Walker, Murillo and Ortega","http://fisher.com/","Slovenia","Synergized clear-thinking frame","2015","Banking / Mortgage","6893"
"3274","F5fABf9c586ddCc","Abbott-Atkinson","http://landry-bartlett.com/","Bahamas","Multi-lateral high-level migration","1998","Animation","1417"
"7228","cBDcE0bE5DdE87C","Dorsey, Hayes and Huffman","http://prince-kramer.com/","Albania","Phased value-added framework","1971","Fishery","5688"
"3684","Da793A327ecbcAd","Edwards Group","http://www.allison.biz/","Guyana","Persistent user-facing projection","1979","Sporting Goods","9849"
"6675","d1aa39F6F5976A8","Pearson-Hobbs","https://www.walker.com/","Kyrgyz Republic","Programmable eco-centric capacity","2014","Supermarkets","5709"
"6808","8EB07eeaF6DC939","Braun PLC","http://larsen.biz/","Madagascar","Balanced systematic moderator","2017","Recreational Facilities / Services","2510"
"9739","Dd9D09B5007DaFA","Sandoval-Knight","https://silva.org/","Ethiopia","Fully-configurable multimedia forecast","1976","Market Research","3121"
"1317","f16916AFa4cc5A6","Harris, Hanna and Hardin","http://www.austin-stout.com/","Iraq","Extended grid-enabled knowledgebase","2010","Transportation","3925"
"3226","Eb79Ca7aA8F2eC8","Atkinson LLC","https://www.roth-costa.com/","Christmas Island","Synchronized analyzing throughput","1995","Apparel / Fashion","1342"
"1073","CcCfc0101ED4e5C","Spencer, Yu and Logan","https://www.preston-french.com/","Ireland","Automated client-driven product","2020","Paper / Forest Products","6016"
"4816","BaFdC5ab67062Af","Compton-Mcgrath","https://www.thornton-frazier.com/","Morocco","Down-sized bandwidth-monitored system engine","1992","Oil / Energy / Solar / Greentech","9878"
"8460","c9DFC2DEf3d8c63","Stevenson Inc","https://www.thomas.com/","Kiribati","Self-enabling dynamic matrices","1992","Packaging / Containers","7552"
"5753","B18A9E4c0Ce15E4","Pennington Ltd","https://brown.org/","Lao People's Democratic Republic","Implemented upward-trending firmware","2002","Research Industry","1320"
"9146","E40FA28D2CA9c07","Tanner, Bennett and Mayo","https://douglas.com/","Fiji","Function-based impactful attitude","1986","Marketing / Advertising / Sales","7124"
"4617","a0347d9Fb5De91e","Hampton-Fowler","https://short.info/","Anguilla","Up-sized attitude-oriented budgetary management","2009","Wine / Spirits","866"
"3098","B41F1d5b1ab7279","Frye-Pugh","https://barker.com/","Uruguay","Integrated system-worthy flexibility","1977","Accounting","4002"
"6870","336edA3Ab64d4a3","Sandoval-Griffith","https://bolton-reeves.info/","Barbados","Triple-buffered 3rdgeneration paradigm","2011","Government Relations","1420"
"1301","001d9DeBfFD6DD3","Rosario Inc","https://snow.com/","Tonga","Triple-buffered responsive strategy","2017","Food Production","3502"
"7286","82ee3Da119CB9cc","Freeman LLC","http://barron.net/","Norfolk Island","Robust tangible implementation","1981","International Trade / Development","6240"
"6285","80dBc4AAb0aCFDF","Avila-Nunez","https://massey.net/","Panama","Adaptive system-worthy neural-net","1976","Airlines / Aviation","8313"
"5496","a51CC4C8cA54941","Cordova, Nixon and Bond","http://www.watts-stevenson.com/","Zambia","Balanced 5thgeneration hub","1985","Fishery","5100"
"5292","A5d18FbFA1bbC72","Dixon-Carey","https://www.mclaughlin.biz/","Cuba","Diverse exuding success","1993","Music","4191"
"1799","a1BC2ebF5dDee77","Brewer-Daugherty","http://www.may.org/","Lesotho","Fundamental contextually-based concept","1992","Computer / Network Security","1598"
"5204","C96b247801d1990","Harmon Inc","http://www.christian.biz/","Yemen","Up-sized transitional throughput","1970","Warehousing","8919"
"8228","30a5C469d83e7A2","Peterson LLC","http://www.hull.com/","Reunion","Diverse directional algorithm","2019","Translation / Localization","2372"
"5048","CCB8EB7fce3d41a","Macdonald-Santana","https://garcia-lucero.com/","United Arab Emirates","Adaptive regional installation","1999","Consumer Electronics","5831"
"6442","fbd0298E18Ef1Ae","Bauer Ltd","http://www.cruz-bennett.org/","Congo","Optimized scalable capacity","2016","Renewables / Environment","1121"
"8106","5eE09EAEfe8c313","Stanley, Kidd and Parsons","https://www.cisneros-washington.com/","Aruba","Optional web-enabled process improvement","2018","Consumer Services","910"
"2360","dfB2f3a1b6157c1","Davila-Singh","http://www.evans.net/","Papua New Guinea","Triple-buffered contextually-based infrastructure","1983","E - Learning","2367"
"9381","B0128B3c985dB0f","Oneal PLC","https://www.waller-norton.info/","Myanmar","Face-to-face full-range productivity","1987","Maritime","7656"
"3655","Eae2fdAf0F38BF2","Harper Ltd","https://www.daugherty.net/","Turks and Caicos Islands","Synergized contextually-based protocol","1995","Veterinary","7690"
"7053","3C9bf8Ba3e9Abb1","Garza-Jefferson","https://hendrix.biz/","Azerbaijan","Down-sized intangible challenge","1975","Online Publishing","1939"
"1287","bCCd4aD68d1aBA5","Nichols Ltd","https://bryant-harrison.com/","Guatemala","Face-to-face homogeneous focus group","1999","Plastics","753"
"9127","E7D345451ed2FD5","Horn, Mcknight and Schwartz","https://preston-reid.com/","Cayman Islands","Pre-emptive heuristic open architecture","1996","Financial Services","3022"
"4446","697Daf8A83BDB59","Barrett-Wiley","https://floyd-clark.com/","Austria","Integrated systemic paradigm","1972","Performing Arts","4709"
"2138","6F574A1885B3EB5","Hamilton, Blackburn and Rodriguez","http://www.thompson-oliver.biz/","Barbados","Multi-layered tertiary middleware","1990","Graphic Design / Web Design","8459"
"6788","Bd4dB2bf2E51CC8","Hahn Group","http://www.grimes.biz/","Libyan Arab Jamahiriya","Multi-lateral clear-thinking alliance","1973","Investment Banking / Venture","7247"
"9753","CFf44CEeC3A78bb","Bailey PLC","http://www.morris.com/","Armenia","Object-based zero tolerance encoding","1986","Public Relations / PR","5952"
"8511","4bAdEF2115183e2","Cummings, Murillo and Wells","http://www.donaldson.biz/","Saint Pierre and Miquelon","Pre-emptive leadingedge encryption","1976","Railroad Manufacture","2670"
"9540","4fe4F5EAa838edB","Choi-Pineda","https://www.adkins-day.com/","Greece","Operative system-worthy conglomeration","2005","Computer Hardware","8972"
"6895","7Deb69E2daeeB60","Hayden-Blackburn","http://moreno.com/","Tanzania","Open-architected zero administration installation","1989","Library","2049"
"8570","Bf5F629989F3aD7","Cummings-Stevens","http://www.fields-powers.org/","France","Diverse web-enabled synergy","2010","Computer / Network Security","5144"
"7152","D3C2B2102016bFe","Cowan LLC","http://www.lozano.com/","Singapore","Grass-roots eco-centric flexibility","1979","Logistics / Procurement","8552"
"964","5ae5F211F1A27f7","Wagner PLC","http://www.morris.com/","Moldova","Managed heuristic instruction set","1986","Financial Services","6786"
"6013","f9D0eeaf86df21a","Herman-Velasquez","http://mccoy-gillespie.com/","United States Virgin Islands","Horizontal zero administration throughput","1989","Printing","5914"
"4883","ca1a36B15E64fd1","Lara-Price","https://dyer.com/","Timor-Leste","Reduced next generation methodology","1973","Translation / Localization","5050"
"141","03e3Fe0C2651B26","Pineda Inc","https://www.garrison.biz/","Congo","Cloned dynamic task-force","1995","Semiconductors","2498"
"9033","6B5dFadd8a82B70","Valdez Ltd","http://horn.com/","Niger","Proactive regional circuit","1977","Packaging / Containers","961"
"6937","73b124C0E47EEE5","Dunlap-Johnston","https://www.sanford-wang.com/","Saint Barthelemy","Proactive fresh-thinking artificial intelligence","1987","Sports","1528"
"6543","CE664dFebaDCa25","Cabrera-Keith","http://powers-dunn.org/","Heard Island and McDonald Islands","Persevering next generation installation","1991","Program Development","434"
"5244","a7c1EeF0F1e2D9f","Beasley, Lyons and Humphrey","http://salazar-leach.com/","Eritrea","Progressive holistic projection","1970","Real Estate / Mortgage","8715"
"4432","0F73DFB14ECAaC5","Reeves, Stanley and Hensley","https://www.hays-hooper.org/","Cape Verde","De-engineered encompassing pricing structure","2006","Staffing / Recruiting","5792"
"407","E4859F58af873DE","Brock, Foster and Hull","https://www.mcclain.net/","San Marino","Seamless intermediate hierarchy","1992","Judiciary","1029"
"8213","E894336033Adc26","Mclaughlin-Bonilla","http://melendez.org/","Antigua and Barbuda","Streamlined mission-critical product","2021","Government Administration","5336"
"8377","8339bd913C5fEd5","Hopkins Ltd","https://murray.com/","Dominica","Diverse intangible Local Area Network","2013","Mental Health Care","6463"
"8628","C6c17D84A5bBf86","Pearson, Novak and Whitney","https://mathis.com/","Turks and Caicos Islands","Intuitive 5thgeneration emulation","1980","Facilities Services","4115"
"8235","2BD20b3C35F4Ab9","Skinner, Huerta and Parker","https://jefferson.com/","Congo","Seamless mobile utilization","2000","Events Services","3646"
"4400","0Cb2D2BBa5dDA79","Raymond, Macias and Duffy","https://www.travis.info/","Iceland","Re-engineered dynamic time-frame","2013","Executive Office","9805"
"5253","d5e3A3F55dB4fc2","Mcpherson PLC","http://snyder-arroyo.com/","Guadeloupe","Programmable global analyzer","1996","Sports","9426"
"12","Cc5293Dbc2A92bE","Shaffer Inc","https://www.sandoval.com/","United Kingdom","Sharable coherent contingency","1997","Automotive","839"
"4761","d5C40E1CC2f03bC","Bullock, Hendricks and Hoover","http://www.sheppard-gray.biz/","Nicaragua","Phased scalable workforce","2014","Fine Art","6864"
"1178","45d8aA2b81f6fEc","Reid, Lang and Raymond","https://fitzgerald.com/","Turkmenistan","Up-sized stable software","1994","Non - Profit / Volunteering","7867"
"2864","4eAEca8C2b165f4","Lindsey, Huber and Murphy","https://conner.com/","El Salvador","Optimized 24hour leverage","2018","Insurance","1195"
"6472","ea2A937B9Fde85F","Skinner, Hatfield and Sandoval","http://zuniga-mcclain.com/","Netherlands Antilles","Advanced client-driven function","1997","Railroad Manufacture","7607"
"6229","62Ea30ef58D4243","Kerr Ltd","https://murillo-proctor.biz/","Luxembourg","Organic web-enabled alliance","1972","Publishing Industry","624"
"2990","62Ef23472FAAA8B","Romero-Webster","http://kramer.org/","New Caledonia","Grass-roots needs-based service-desk","1991","Plastics","4212"
"7118","BBCe5DBcD5CBAb6","Floyd Inc","https://www.wright.info/","United States of America","Advanced logistical concept","1998","Architecture / Planning","7088"
"7011","8e2F8623Aa8903b","Kidd PLC","https://collins-hicks.com/","Japan","Persevering zero administration synergy","2002","Biotechnology / Greentech","9354"
"8558","3d1b667E96BEf09","Zamora-Guerrero","https://www.esparza-compton.com/","Aruba","Re-contextualized 24/7 infrastructure","1998","Management Consulting","4564"
"1441","C4A0b269b29eFD3","Hamilton-Hull","https://www.carpenter.com/","Czech Republic","Organized mission-critical model","2018","Ranching","4842"
"9748","8cF9FaC3F7d0Ed9","Beltran Inc","https://www.solis.com/","Jordan","Enterprise-wide exuding standardization","1987","Computer Software / Engineering","5416"
"2876","f6F2Fc3A161e3Ce","Ho-Castillo","https://rivers.com/","British Indian Ocean Territory (Chagos Archipelago)","Diverse optimal synergy","2010","Capital Markets / Hedge Fund / Private Equity","7848"
"9099","2fab4fd9DfF04bc","Gamble-Barnett","http://whitehead.com/","Cyprus","Synergistic scalable website","1976","Sports","1282"
"8789","3e6cd659F2AAcdB","Sexton Inc","http://www.sullivan.info/","Papua New Guinea","Progressive responsive core","1983","Mechanical or Industrial Engineering","6819"
"7233","DDfAebe18a4F311","Gonzalez-Cortez","http://www.phelps.info/","Kyrgyz Republic","Vision-oriented national process improvement","1996","Newspapers / Journalism","7092"
"3727","b9F442B62E2f5f1","Bishop PLC","http://reid.info/","Djibouti","Total analyzing adapter","1999","Research Industry","6653"
"2773","Fb22EA0f23fE43D","Sharp Ltd","http://mann-mcdonald.com/","Madagascar","Versatile client-server help-desk","2016","Veterinary","8185"
"455","4EDAbfB3dA0D7C5","Russell LLC","http://www.odonnell.net/","Bulgaria","Implemented mission-critical moderator","1975","Glass / Ceramics / Concrete","2178"
"8190","C91Cb3F66B43736","Green Inc","http://www.collier.net/","Bosnia and Herzegovina","Team-oriented 6thgeneration matrices","1990","Wine / Spirits","6977"
"1368","Ab1eBC6fF177d1E","Case and Sons","http://olson-hodges.biz/","Sri Lanka","Devolved 3rdgeneration website","2022","Design","7480"
"3713","CAb7FD7Acb2c2aF","Blankenship-Matthews","http://pearson-roth.com/","Uzbekistan","Focused global archive","2009","Marketing / Advertising / Sales","4969"
"9853","CfA052620c7cfA0","Warren Ltd","http://www.berry.biz/","Bahamas","Advanced human-resource Internet solution","2012","Transportation","4497"
"1389","1637EF1CBAEd5EB","Hensley PLC","https://www.rangel.biz/","Zimbabwe","Open-source regional neural-net","1976","Fundraising","8183"
"1001","8e1ef5dFc10FCb2","Lang Group","http://hogan-stuart.org/","Mongolia","Cross-platform solution-oriented knowledge user","1993","Warehousing","7063"
"7762","c73dCa8707aAfe2","Jacobs-Carr","http://www.alexander-herrera.com/","Netherlands Antilles","Innovative regional budgetary management","2020","Food Production","2931"
"3554","ABAeA463Fe39936","Montes-Lewis","https://watkins-li.com/","United States Minor Outlying Islands","Inverse upward-trending Graphic Interface","2003","Biotechnology / Greentech","7650"
"4115","4FabA838f7f01dc","Mejia, English and Conley","https://www.walter-lyons.com/","Argentina","Managed local contingency","1980","Other Industry","8734"
"1668","dCCc5B7daBFa1aA","Hancock Ltd","http://www.wade.info/","American Samoa","Upgradable contextually-based projection","1991","Information Services","3785"
"3174","db5243bCa672b19","Hebert-Jensen","http://nelson-everett.info/","Saint Barthelemy","Customizable uniform migration","1996","Health / Fitness","933"
"9398","170bAeFcfcBF462","Whitehead Inc","http://www.cortez.biz/","British Virgin Islands","De-engineered cohesive capacity","2003","Accounting","1947"
"489","A83a4EAA9cc943c","Barrera, Mcgee and Haynes","http://www.allison.com/","Netherlands","Decentralized exuding website","2003","Individual / Family Services","6156"
"3231","91BFE9Fba9BbEb9","Berger Group","https://waller.org/","Martinique","Profound asynchronous protocol","2013","Professional Training","3578"
"3829","eaA0bcebE00bF03","Anderson, Kim and Decker","http://grant.com/","Sweden","Business-focused mission-critical process improvement","1989","Renewables / Environment","3897"
"8652","Ded6ADd0fa772Fe","Riley-Adams","http://burns.com/","Yemen","Public-key solution-oriented utilization","1989","International Affairs","8497"
"5209","eAFA8Dd2C122BDc","Parker, Burgess and Pittman","https://meyer.net/","British Virgin Islands","Synergized reciprocal system engine","1981","Package / Freight Delivery","6598"
"7849","C896575A4ef6CcC","Martinez, Mooney and Ewing","http://cisneros-grimes.com/","French Guiana","Synergized cohesive portal","1995","Building Materials","9682"
"5705","C4Ef91dDbF6e826","Moody, Rocha and West","https://ballard.com/","Sweden","Team-oriented fresh-thinking data-warehouse","1995","Online Publishing","9782"
"9640","Fc2061733A8D3FF","Blair-Robinson","http://velasquez-hutchinson.com/","Tonga","Persevering executive time-frame","1981","Shipbuilding","2914"
"8134","0c35bBa7d44Cfdd","Bryan Inc","http://www.rivas.biz/","Senegal","Object-based real-time database","2011","Defense / Space","1744"
"704","CaB33E0Fbdb5e38","Fletcher-Wood","http://ortiz.com/","South Georgia and the South Sandwich Islands","Triple-buffered global forecast","1979","Law Enforcement","7863"
"5106","69Ed186FcBAB134","Madden Group","https://www.woods.biz/","Bolivia","Streamlined maximized approach","2002","Apparel / Fashion","976"
"8894","ca67cEBcc5c23aD","May, Lewis and Dalton","https://www.morrison.info/","Jersey","Seamless discrete orchestration","2009","Real Estate / Mortgage","5765"
"3292","EEcb58Cb8Fa06fB","Stephenson, Maynard and Hardy","http://powell-hartman.com/","Puerto Rico","User-friendly actuating software","1971","Accounting","5288"
"8126","adfAd7A7Be3b4C8","Mosley-Buchanan","https://www.gray-olsen.com/","Nauru","Exclusive grid-enabled projection","1986","Glass / Ceramics / Concrete","9084"
"9632","3Eb3e3EfAA3ccb7","Mejia-Perez","http://www.pineda-lucero.com/","Mauritius","Enhanced regional application","2005","Railroad Manufacture","1603"
"9022","2F25eb8493Be93E","Carney, Garner and Bowman","http://newman-nicholson.com/","Mali","Balanced heuristic project","1992","Leisure / Travel","5190"
"4910","e4a7EEcc6a260F9","Horton-Fields","https://lane.com/","Solomon Islands","Upgradable fresh-thinking core","1979","Public Safety","7417"
"4441","180a1DAE4aaD6D2","Sweeney-Mathews","http://mahoney.com/","Saint Helena","Compatible full-range synergy","2010","Electrical / Electronic Manufacturing","3913"
"987","fDF008c108Da1f5","Walter-Preston","http://www.hutchinson-carroll.com/","Senegal","Managed secondary initiative","2001","Public Relations / PR","8011"
"9237","eE4cB0a13f58bfA","Roy-Andrade","http://www.benson.com/","Turkmenistan","Assimilated asynchronous benchmark","2009","Education Management","2896"
"9884","fB5a43aA0bc8Ba3","Davenport, Riley and Webster","https://www.melendez.com/","Argentina","Function-based coherent budgetary management","1990","Government Administration","1125"
"7706","aaD351Caca18064","Pennington, Singleton and Rollins","https://www.moss-jefferson.com/","Mauritania","Triple-buffered background monitoring","1998","Think Tanks","5160"
"6258","F4D9bBAbf0F4f0E","Wilkins, Potts and Key","https://cuevas.org/","Malta","Horizontal reciprocal success","1979","Political Organization","34"
"6090","Fd4d1F912630DfA","Bullock, Hansen and Reed","http://www.duarte-ellis.biz/","Andorra","Future-proofed full-range secured line","2010","Cosmetics","1255"
"5239","4f74a6B2e6e3c6a","Cooper PLC","http://orozco.net/","Sierra Leone","Digitized full-range open architecture","1999","Public Relations / PR","9183"
"1199","1a47CBe8dA8EBc9","Pugh, Frazier and Terry","http://cunningham.info/","Bosnia and Herzegovina","Decentralized client-server infrastructure","1988","Judiciary","8582"
"9071","15af50b56ffC5Ef","Wolf-Garza","http://beck.com/","Belgium","Phased explicit framework","1983","Government Relations","5460"
"7520","d0baae64019bf9C","Buckley-Mooney","https://stokes-hayden.com/","Christmas Island","Business-focused homogeneous neural-net","2020","Facilities Services","9312"
"6813","54203dfDe88221B","Carr-Moss","http://www.skinner.com/","Suriname","Assimilated systematic challenge","1983","Biotechnology / Greentech","5374"
"8321","A3054e0A0943E43","Park PLC","https://www.lowe.net/","Saint Martin","Function-based systemic moderator","2006","Semiconductors","8432"
"7176","68d8A164AcCCF6D","Costa, Wheeler and Myers","http://www.mooney-newton.com/","Norfolk Island","Balanced multimedia complexity","2005","Market Research","8809"
"4471","6Bbb1eA9BbeEde3","Dudley Group","http://www.farmer.com/","Niue","Open-architected holistic utilization","2006","Public Relations / PR","6464"
"892","B3e6eAA75C6C6bD","Cross Ltd","https://mcguire.biz/","Uzbekistan","Exclusive solution-oriented hub","1999","Online Publishing","3016"
"1970","9c59bDbC3a4E7AD","Curry and Sons","https://horne.com/","Dominican Republic","Programmable upward-trending frame","1992","Hospital / Health Care","4348"
"5758","1Cc68887bCeDb27","Schmitt-Cooley","https://www.melendez-matthews.com/","Guam","Networked systematic extranet","2006","Information Technology / IT","3833"
"6528","D78f0dAa6bFBa91","Norton-Reeves","http://lambert.biz/","Lao People's Democratic Republic","Extended radical challenge","1984","Library","4011"
"6295","ce8c67D7dafBCdc","Mcknight, Galloway and Collins","https://stephenson-rosales.com/","Burkina Faso","Phased leadingedge application","2007","Medical Equipment","2556"
"7596","Fce75aD258C4f17","Hodge PLC","https://www.ortiz-booker.com/","Martinique","Multi-layered empowering toolset","1995","Real Estate / Mortgage","1165"
"3250","Da0fFD4dEB4413c","Gray Ltd","https://wolfe-velazquez.org/","British Virgin Islands","Streamlined 5thgeneration Graphic Interface","2020","Recreational Facilities / Services","4746"
"6571","eFAa85fEAA39fCa","Conner-Mclaughlin","http://mcneil-gillespie.biz/","Bangladesh","Grass-roots 6thgeneration infrastructure","1993","Entertainment / Movie Production","706"
"6639","fd2DbE0a8b8fa3D","Adkins, Sheppard and Watts","http://blackwell.biz/","Myanmar","Focused clear-thinking policy","2016","Plastics","5322"
"7352","F4e5D474b311C4A","Day-Sullivan","http://wang-pham.info/","Australia","Future-proofed well-modulated frame","1992","Transportation","8616"
"9173","748dF50CaacEC7f","Preston, Mays and Glass","http://harding.com/","Lebanon","Implemented local core","1990","Education Management","7731"
"7474","91684E96dAE5B29","Porter PLC","https://www.huang.info/","Uganda","Implemented hybrid methodology","1983","Museums / Institutions","4816"
"9602","1118B8c1A274bac","Benton, Jordan and Mathis","http://morse-potts.com/","Eritrea","Up-sized mission-critical firmware","1973","Food / Beverages","7226"
"8674","C5d4B8009b9cdf0","Baird, Jennings and May","http://www.combs.com/","Mayotte","Realigned zero administration instruction set","1976","Paper / Forest Products","2806"
"1240","ABb0D9DA42E0943","Wu-Patton","http://www.delacruz.net/","Uruguay","Networked regional emulation","2009","Warehousing","393"
"2290","9CA6AfAB8330F5a","Dennis, Johnston and Wilcox","http://www.velazquez.com/","Equatorial Guinea","Universal radical implementation","1980","Library","3274"
"2741","aDf3CebC93b2Df8","Luna Group","http://adkins.com/","Georgia","User-centric responsive workforce","1971","Publishing Industry","6210"
"4586","025b4dC89a40F5B","Fleming, Valencia and Chambers","http://www.silva.org/","Turkmenistan","Visionary solution-oriented customer loyalty","2005","Library","529"
"1230","8FFE28AE2ED7FcB","Bates Group","https://lang-stokes.com/","Somalia","Enterprise-wide neutral software","1992","Market Research","2368"
"6981","cD05fEF99fAd7b4","Jennings LLC","https://www.blanchard-best.info/","Benin","Diverse value-added encryption","1991","Import / Export","9434"
"5179","41c2a3Eb598a5BF","Delacruz-Petty","https://www.williamson-rivas.com/","Malaysia","Monitored mobile collaboration","1998","Veterinary","9070"
"4294","ec31ceC356c06C3","Bender-Carrillo","http://solomon.com/","Morocco","Implemented homogeneous installation","1984","Information Technology / IT","4152"
"1059","D02321b92f7Fbaf","Humphrey-Bryant","https://ritter.com/","Croatia","Versatile zero tolerance firmware","2020","Architecture / Planning","303"
"6263","ADD3f8e93BCF7dE","Clay-Navarro","http://www.savage.com/","Netherlands","De-engineered user-facing workforce","2009","Public Relations / PR","7601"
"282","2BcA6ec2bdDf23b","Meyers, Rodgers and Odonnell","http://bauer-mejia.com/","Canada","Profound transitional utilization","2005","Legal Services","7614"
"969","42d6fdaF92D20D9","Shaffer Group","https://park.com/","Rwanda","Team-oriented heuristic complexity","2004","Education Management","3288"
"3954","a6CE9b5BdB9f0B5","Cole-Dougherty","http://walls.com/","American Samoa","Pre-emptive disintermediate artificial intelligence","2020","Package / Freight Delivery","4093"
"1940","38ae42eFC9F1d35","Cooke, Peters and Lutz","https://www.bush.net/","Costa Rica","Grass-roots multi-tasking approach","2008","Outsourcing / Offshoring","6628"
"8465","B1BCc6b7Ccfab4f","Boone-Wong","https://gonzales-dunlap.com/","Equatorial Guinea","Right-sized analyzing secured line","2005","Restaurants","7546"
"1275","1f547aA3Cc4ABf7","Barnes-Webster","http://green.info/","Marshall Islands","Organic user-facing service-desk","2001","Higher Education / Acadamia","4246"
"620","dfb47A692a8AAf8","Vega, Spencer and Cummings","http://www.miller-wheeler.com/","Liechtenstein","Exclusive value-added open architecture","2000","Railroad Manufacture","4232"
