"Column_1","Column_2","Column_3","Column_4","Column_5","Column_6","Column_7","Column_8","Column_9"
"9762","7A21a2e1BA348df","Powell, Hanson and Powell","https://hawkins.com/","Vietnam","Enterprise-wide 24/7 algorithm","1998","Leisure / Travel","8701"
"3160","e7eca8D5FD0fAbd","Kirby, Skinner and Lutz","https://wagner-sanford.biz/","Iceland","De-engineered 24/7 structure","2002","Non - Profit / Volunteering","316"
"1490","bD1d86Ee5dEBac4","Cochran, Pham and Morse","http://www.hall.biz/","Monaco","Persistent 4thgeneration archive","2016","Construction","7112"
"2988","85aC8E016f700CD","Davies, Walters and Mason","http://cox-cameron.com/","Ukraine","Versatile clear-thinking paradigm","1972","Political Organization","2856"
"813","D43E6e2F1E26f0E","Blackburn-Irwin","http://estrada.com/","Puerto Rico","Realigned radical collaboration","1980","Paper / Forest Products","9490"
"1883","99F99Dd476DaFB9","Velazquez, Fry and Hudson","http://holder.com/","Guatemala","Adaptive multi-state open system","2006","Consumer Electronics","8482"
"9268","817b2C95FefE5f4","Simpson, Bradford and Gillespie","http://morales-acevedo.info/","Liechtenstein","Assimilated interactive middleware","2012","Renewables / Environment","6490"
"4937","BFcf02D7A9dd7eD","Day PLC","http://www.vincent.net/","Honduras","Persistent secondary frame","1996","Banking / Mortgage","4076"
"9936","a86Ae7fc33F389b","Ramirez-Maddox","http://www.buck-roberson.info/","Argentina","Diverse 5thgeneration portal","2010","Computer / Network Security","4339"
"1941","AFdfeB3F29D548A","Taylor PLC","https://galloway.info/","Kenya","Synergistic national help-desk","1984","Transportation","9348"
"3297","E618d2c48D5FEb5","Dennis PLC","https://forbes.com/","Cayman Islands","Multi-tiered bi-directional implementation","1977","Alternative Dispute Resolution","5098"
"3535","1F987DffD0E2Bc9","Odonnell PLC","http://www.hanna-payne.com/","Gabon","Total web-enabled matrices","1994","Fishery","3684"
"4526","aACEbeB00A041Fb","Massey, Barron and Chapman","http://www.rocha.com/","Turkmenistan","Versatile attitude-oriented architecture","1987","Law Enforcement","5030"
"3730","e8DF6528Ad25EAB","Black-Bowman","http://orr.org/","Uganda","Distributed 3rdgeneration help-desk","1994","Philanthropy","8716"
"7016","DD81Ee033C5cE78","Tate, Montgomery and Hardin","https://www.garrison-wallace.com/","Saint Pierre and Miquelon","Grass-roots maximized neural-net","2008","Financial Services","5567"
"1613","B6Af60663Cb4dd2","Sanford-Bentley","https://hamilton.info/","Palau","Reactive bi-directional emulation","1982","Consumer Electronics","4518"
"1182","1da864CCCb6aC27","Hart Group","http://www.carroll-frey.org/","Uruguay","Cloned context-sensitive info-mediaries","2010","Civic / Social Organization","5793"
"1376","BcB919C23dcF85D","Villarreal-Arroyo","https://perry-wheeler.org/","Slovakia (Slovak Republic)","Diverse content-based structure","1990","Hospitality","5882"
"9225","F617b811D12BCFF","Holden PLC","http://www.wilkinson-hendrix.com/","Eritrea","Face-to-face bottom-line firmware","2006","Veterinary","3792"
"3947","4E30b5acEE4e655","Leonard, Singh and Harrison","https://dean.com/","Paraguay","Reverse-engineered zero tolerance function","2012","Environmental Services","7340"
"7211","454a7B04cCa8E4D","Choi-Neal","https://www.silva.net/","Gambia","Balanced directional emulation","2021","Program Development","8555"
"5212","3943A8756044e26","Bass, Bender and Hahn","http://www.vazquez.biz/","French Polynesia","Mandatory interactive groupware","1998","Medical Practice","1499"
"64","D2942D7Cf9c2dEB","Kirk-Powers","http://www.simmons.com/","Vanuatu","Enterprise-wide homogeneous moratorium","2011","Information Services","8205"
"627","c57D1aaBbAdbA9c","Savage-Lester","https://salas.com/","Ecuador","Polarized empowering algorithm","1993","Tobacco","2712"
"4422","21E3C9aeeFe6a7B","Hale, Hoffman and Morgan","http://beltran.com/","Netherlands","Polarized intermediate analyzer","2006","Investment Banking / Venture","4560"
"1670","6A02C26648cfb7b","Mack-Mills","https://www.kane-mullins.com/","Isle of Man","Configurable leadingedge function","1985","Security / Investigations","8245"
"2113","9d7aBFAe7AB0d39","Taylor Inc","https://www.delacruz.net/","Western Sahara","Sharable bifurcated productivity","1986","Recreational Facilities / Services","6012"
"5805","6702CbF82D630dc","Meyer Inc","http://www.lyons-booth.com/","Cote d'Ivoire","Cross-platform real-time Graphical User Interface","1981","Broadcast Media","2749"
"9764","C1efB0Ca9E0d6C6","Jefferson, Ball and Castaneda","http://mays-larson.com/","Central African Republic","Ameliorated heuristic ability","2014","Automotive","3151"
"4033","fcdBD5B8C66971E","Barrera PLC","https://www.calhoun.com/","Saint Pierre and Miquelon","Focused bi-directional capability","1996","Motion Pictures / Film","6563"
"6546","8e758905bbf86A0","Gregory LLC","https://tate.com/","Israel","Compatible eco-centric installation","1993","Sporting Goods","7400"
"7949","aCf3DeAb4D7386f","Murphy, Humphrey and Harrison","https://www.krueger.com/","United States of America","Phased didactic architecture","2007","Utilities","5244"
"85","fccd554C4cEaba9","Andersen-Colon","http://www.simpson-callahan.net/","Burkina Faso","Polarized coherent focus group","1994","Government Administration","6494"
"9181","7f57bf99ec5F3Ed","Fritz, Blair and Juarez","https://oliver.com/","Cook Islands","Intuitive content-based application","1990","Alternative Dispute Resolution","2722"
"1463","3AaEF0aFD9A851E","Higgins, Richardson and Clarke","http://www.allen-bradshaw.com/","Montserrat","Visionary attitude-oriented product","1970","Maritime","1689"
"2284","b0d913bfCeCA1E9","Cordova, Nicholson and Villa","http://macias-bray.info/","Seychelles","Stand-alone object-oriented migration","2008","Hospitality","5813"
"2888","dF28b8eCfcaB157","Sexton-Ellis","http://osborn.net/","Monaco","Up-sized systematic architecture","1974","Restaurants","1607"
"5835","Bcce6CBf179B40A","Bright, Moon and Hunter","http://west.net/","Estonia","Devolved dedicated access","1996","Cosmetics","4902"
"685","b7eD0cfA9ce7aab","Ingram LLC","http://ritter.com/","Western Sahara","Operative coherent emulation","2004","Media Production","2697"
"4470","fAF00C55149CFaF","Neal PLC","http://www.mahoney.com/","Syrian Arab Republic","Right-sized solution-oriented service-desk","1978","Venture Capital / VC","9852"
"419","EBA2248d38AA97d","Pena LLC","http://myers.com/","Saint Helena","Digitized explicit support","1978","Fundraising","5143"
"5229","481c717e81B3E0c","Key, Gill and Huber","http://miles.com/","Nepal","Up-sized next generation access","2000","Political Organization","1188"
"4254","064AcE2d7c9Fecb","Gibson, Mcclain and Barnes","http://landry.biz/","Seychelles","Mandatory scalable capability","2013","Architecture / Planning","3912"
"2710","bE06D6DBF91647A","Reeves Ltd","https://www.pollard-cortez.com/","Togo","Multi-lateral object-oriented utilization","2012","Military Industry","4340"
"2358","CaFaaCabCaab6F4","Villegas-Martin","https://lozano.org/","Latvia","Implemented methodical parallelism","2001","Law Practice / Law Firms","8844"
"8060","B91Efa2Ab290499","Wilkins, Irwin and Rivera","https://www.holmes.com/","Macao","Synergized value-added info-mediaries","1972","Legislative Office","1141"
"1367","c5F7987Ca7DEFAa","Jarvis PLC","https://www.padilla.com/","Mongolia","Ergonomic bi-directional model","1985","Investment Banking / Venture","4982"
"6278","FB6CdD8F74bf0aE","Reilly Ltd","https://hartman.net/","Turkey","Intuitive transitional synergy","2005","Oil / Energy / Solar / Greentech","6807"
"3917","e4ba0A3AC66d135","Lambert, Valentine and Brewer","http://www.good.net/","Solomon Islands","Team-oriented interactive open system","2012","Political Organization","255"
"294","EdB4EC5697e1938","Roman and Sons","http://www.tate.org/","United Arab Emirates","Proactive maximized budgetary management","1991","Legislative Office","2388"
"2640","DDf7b28e7f8f7Dd","Gordon-Yang","https://www.knox.com/","Iran","Adaptive exuding artificial intelligence","2003","Museums / Institutions","4354"
"9459","e32Bbd441eFFbCA","Jacobs-Miranda","https://moses.com/","Netherlands","Adaptive dynamic access","2004","Farming","4718"
"1507","8731fabea6A5ced","Nunez, Doyle and Coffey","https://www.galloway.com/","Suriname","Innovative tangible throughput","1972","Warehousing","9490"
"9038","0db330851f1C67e","Gay-Arellano","https://mclean.org/","Korea","Cross-group modular paradigm","1979","Oil / Energy / Solar / Greentech","4205"
"7394","C6bD2b2AB1Df8f5","Robles, Shaffer and Oconnor","https://www.reese.biz/","Oman","Business-focused holistic framework","2004","Financial Services","7469"
"1635","f61edD41dAb08cF","Burnett, Short and Sellers","https://cooper-cline.net/","Sri Lanka","Multi-tiered optimizing focus group","1996","Dairy","5837"
"2458","a7716a6b46A10Ef","Krueger, Kline and Novak","http://www.steele.biz/","Bahamas","Quality-focused local software","2008","Arts / Crafts","1742"
"9892","478E3D2BFEC5Eb4","Harris Ltd","http://hicks.com/","Mayotte","Upgradable global project","1982","Judiciary","4625"
"5559","9eb6DDb6ABD16ae","Bautista-Villa","https://www.powers-walton.com/","Saudi Arabia","Digitized asynchronous hierarchy","1984","Pharmaceuticals","5518"
"9752","A2EaCeee96caE28","Landry-Cervantes","http://www.cole.com/","Andorra","Customer-focused mission-critical open architecture","1988","Information Services","7513"
"2301","E5f7F4BfCaBbEa2","Lloyd LLC","http://www.woodard.info/","New Caledonia","Horizontal foreground matrices","2013","Cosmetics","5307"
"4538","50ACA30eAC9B9ff","Erickson-Peck","http://www.benitez.biz/","Indonesia","Visionary methodical ability","1975","Glass / Ceramics / Concrete","3232"
"2939","4f6e89fAbf0708d","Byrd, Huerta and Carr","https://www.mcintosh.net/","Dominican Republic","Function-based attitude-oriented info-mediaries","1984","Broadcast Media","9176"
"1564","e3aa1b75533f62c","Mills LLC","http://archer.com/","Oman","Quality-focused solution-oriented forecast","2013","Public Safety","8239"
"5690","4aec452C8EdDa2E","Austin, Tucker and Daugherty","http://adams.biz/","Argentina","User-friendly bottom-line conglomeration","2022","Dairy","7887"
"8659","BE39E2B8D5Df8Ae","Cordova, Sandoval and Massey","http://www.stein-allison.com/","Myanmar","Quality-focused dedicated superstructure","1990","Paper / Forest Products","46"
"7518","71CA9c0fFDdE8Fe","Cabrera PLC","https://stephenson-ramos.com/","Austria","Ergonomic directional artificial intelligence","2020","Machinery","169"
"1980","AF162cedF181C12","Mcconnell Inc","https://www.montes.com/","Tokelau","Function-based grid-enabled flexibility","2020","Information Services","871"
"1884","0DA6dA8C2fBEBcc","Little Ltd","https://cunningham-park.com/","Guinea","Enterprise-wide well-modulated strategy","2007","Civic / Social Organization","2991"
"3804","7AF94C4F8AFeabA","Phillips, Green and Gordon","https://parker.com/","Slovenia","Profit-focused bandwidth-monitored capability","2001","Computer Hardware","1737"
"439","d94d5Af50FbD0d7","Kent Ltd","https://ramos.biz/","Brazil","Ameliorated explicit Graphical User Interface","2021","Government Administration","7918"
"4636","d24FdEfBBAfb9DD","Stuart and Sons","https://www.sanchez-kidd.com/","Costa Rica","Horizontal human-resource secured line","1982","Translation / Localization","2877"
"4529","949F4C03aB7696D","Randolph-Gardner","http://www.sparks.com/","Christmas Island","User-friendly systematic data-warehouse","2010","Hospital / Health Care","7212"
"4333","00C65c90CDEEdcD","Cole-Chavez","http://www.sawyer.net/","Senegal","Operative human-resource benchmark","2013","Import / Export","6435"
"3574","BCc0b3321ea578b","Watson-Simpson","https://newman.com/","Iceland","Profit-focused composite leverage","1991","Music","6433"
"8742","b0dFdeaA3C5fa4E","Mckinney, Cowan and Herrera","http://www.sosa.com/","Haiti","Ergonomic value-added monitoring","1986","Mining / Metals","8076"
"8912","26bFEBDb1aC8a01","Gill-Rose","https://fernandez.com/","Cambodia","Fundamental bi-directional model","1983","Writing / Editing","1255"
"4818","cA1Ef01d5F5Ccb1","Huber, Horne and Orozco","http://herman.org/","New Zealand","Enterprise-wide intermediate neural-net","1996","Capital Markets / Hedge Fund / Private Equity","4648"
"6436","0A7C5aeafDf427b","Johnson-Colon","https://www.charles-welch.com/","Nigeria","Organized upward-trending benchmark","1984","Investment Management / Hedge Fund / Private Equity","3901"
"2987","3f3dfAd54e0d641","Beltran, Payne and Merritt","http://www.reilly-larson.com/","Russian Federation","Re-contextualized scalable info-mediaries","1985","Electrical / Electronic Manufacturing","1580"
"7839","bE6BD95665bD9F8","Gilbert-Hahn","http://kaiser.info/","Nauru","Devolved scalable data-warehouse","1975","Retail Industry","9317"
"705","B161c056e308E4a","Webb and Sons","https://benton.com/","Saint Kitts and Nevis","Organic dynamic utilization","2021","Pharmaceuticals","1238"
"2281","C4e4D0B7124146d","Roberson, Poole and Aguilar","http://gardner.info/","Cote d'Ivoire","Pre-emptive client-server emulation","1995","Dairy","7132"
"8735","fcA3e9ADFCa8AFc","Meyers-Bird","https://www.kim-friedman.com/","Cuba","Horizontal zero-defect core","2003","Motion Pictures / Film","4541"
"4148","CB9Ecb2e5AFAA7f","Livingston, Wade and Duran","https://weber.com/","Niger","Multi-tiered composite analyzer","2005","Computer Hardware","6579"
"5413","2F9F9CAe584b9eb","Beasley, Hale and Rosario","https://www.trevino-friedman.com/","Namibia","Expanded bottom-line challenge","1989","Program Development","3518"
"374","b1c64EF6daA7B86","Briggs, Lynn and Cruz","http://burch-villegas.org/","Equatorial Guinea","Front-line clear-thinking structure","2001","Recreational Facilities / Services","1026"
"6406","d61b01aC7Adff53","Meyers PLC","http://snow.biz/","Liechtenstein","Vision-oriented executive info-mediaries","1974","Insurance","7533"
"9224","f63dABe0C42F481","Carr, Powell and Brock","http://burgess.net/","Sweden","Managed multimedia portal","1974","Consumer Electronics","3077"
"2586","ec3Ba0cf3Ec2509","Chandler-Marshall","https://cole.info/","Uganda","Reverse-engineered zero tolerance service-desk","2007","Consumer Services","8592"
"1333","b1fcCf7859cb151","Hodges, Bolton and Meza","https://davis.info/","Ethiopia","Visionary zero tolerance superstructure","1993","Investment Banking / Venture","2740"
"9573","640ea8Ee71DFE28","Cervantes PLC","http://www.baird.com/","Israel","Organized human-resource leverage","1985","Industrial Automation","3799"
"5283","31C6DcAd8Bcd73a","Cortez-Bass","https://gibbs.org/","France","Face-to-face dedicated matrix","1979","Computer Software / Engineering","2639"
"9132","C1B3759dE037AA1","Lynn-Rodgers","http://www.jackson.biz/","Vanuatu","Organized solution-oriented data-warehouse","2016","Railroad Manufacture","8850"
"8316","AFF7A2Af9db11Cf","Higgins and Sons","http://cole-shepard.info/","Paraguay","Vision-oriented incremental core","2020","Online Publishing","7468"
"9810","5CEEbec4FdE592e","Logan Ltd","https://www.raymond.com/","Maldives","Multi-lateral empowering secured line","1990","Alternative Medicine","3014"
"1785","57a1bBcc85649d5","Harrington-Whitaker","https://washington.net/","Luxembourg","Grass-roots tertiary time-frame","1999","Medical Equipment","6223"
"3183","f3A2E06BC878572","Armstrong PLC","http://hickman.info/","Anguilla","Optimized bifurcated contingency","1992","Public Safety","8618"
"495","6D2Ea544bb8e68a","Wilkerson and Sons","http://www.frederick.biz/","Gibraltar","Multi-channeled demand-driven toolset","2009","Public Safety","2758"
"7364","ebD4dCeDeD3Ba57","Bolton, Gallegos and Irwin","http://www.valentine.com/","Serbia","Customizable logistical time-frame","1990","Design","164"
"2861","f7CA2C069b417Cb","Benton-Parks","https://www.farrell-best.net/","Peru","Optimized zero-defect alliance","2019","Primary / Secondary Education","545"
"7930","B9441e7CBde3e3e","Neal-Mcdowell","https://benson-shields.info/","Aruba","Profit-focused demand-driven orchestration","2000","Supermarkets","3897"
"4042","b56461eeE61cfb9","Coleman PLC","https://www.hayes-church.com/","South Georgia and the South Sandwich Islands","Optional bi-directional groupware","1970","Online Publishing","8077"
"7179","4Cf5f880b40dfFd","Gibbs-Bradford","https://martin.com/","Bangladesh","Mandatory fresh-thinking task-force","2011","Transportation","6844"
"2898","Ec23AD3DFE4dDFc","Young, Pugh and White","http://www.mcneil.com/","Pakistan","Mandatory logistical strategy","2000","Food Production","1991"
"367","BDa8d205549daa6","Good, Bolton and Hamilton","https://www.zavala.biz/","Jersey","User-centric zero administration challenge","2009","Food / Beverages","251"
"850","5f5d1BBBE9DF2Dc","Brewer-Lutz","https://www.scott.org/","Algeria","Phased cohesive array","1984","Other Industry","2054"
"7441","BbEC1B4522A2b7A","Travis and Sons","http://woods.biz/","France","Seamless web-enabled project","2010","Music","5701"
"9455","6db4Dd905F7086c","King-Gardner","http://sandoval-humphrey.biz/","Venezuela","Multi-tiered tangible hub","1991","Plastics","6486"
"4302","BdCB002c21AF573","Finley-Potts","https://conley.org/","Northern Mariana Islands","Expanded content-based data-warehouse","2018","Food / Beverages","5753"
"2654","14CaB67bbb9AA66","Lowery, Forbes and Carter","https://www.jennings.biz/","Palau","Fundamental client-server capability","2017","Public Relations / PR","304"
"3504","2FbEb4a32fCc0d2","Jenkins Group","http://www.huerta.com/","Burundi","Realigned cohesive service-desk","1990","Nanotechnology","9309"
"1542","D0Fe8867bbE69cD","Lynch Group","http://www.parsons.com/","Tajikistan","Upgradable zero administration time-frame","1997","Broadcast Media","5740"
"4166","DA58aAb962939B7","Santana-Cowan","http://www.yoder.org/","Nauru","Re-engineered asymmetric application","2008","Education Management","6840"
"8867","5d658d1dd9D7AA6","Coleman PLC","http://burke-walker.com/","Reunion","Expanded asymmetric Local Area Network","1985","Internet","2168"
"323","Bcf9a9563eAfcA4","Brewer, Campos and Lynch","http://dawson.com/","Angola","Decentralized high-level focus group","1993","Aviation / Aerospace","3429"
"2032","583cE7D524D9a80","Arroyo-Rosales","http://www.cervantes.com/","Lesotho","Multi-tiered demand-driven archive","1974","Retail Industry","8607"
"814","FeBBb418f9ADBDa","Christian-Farmer","http://cuevas-robertson.com/","Cambodia","Realigned next generation matrices","1983","Information Technology / IT","948"
"8940","Ccb6f5FFCD3CDE0","Maddox-Baxter","http://rodriguez-drake.org/","Chad","Front-line 3rdgeneration contingency","2018","Mental Health Care","7875"
"9376","Af50Ae03Ebee8D9","Beasley-Holder","https://www.underwood.com/","Israel","Multi-layered systemic monitoring","2008","Alternative Dispute Resolution","6359"
"1080","9eE6DD4dD3f73E0","Gay, Holt and Esparza","https://horne.org/","Australia","Multi-layered client-server concept","2017","Consumer Services","143"
"2227","9cDcF8EBcd62fC8","Strong-Sandoval","https://www.wu.com/","Burkina Faso","Assimilated encompassing complexity","1994","Executive Office","4214"
"9137","A2959Dff9E4aBCE","Lawson-Malone","http://www.garrison-irwin.com/","Turkmenistan","Open-source methodical customer loyalty","1970","Market Research","1539"
"9532","9F996e48C1dEfBA","Jimenez, Carey and Brennan","http://www.levy.com/","Swaziland","Phased object-oriented frame","2015","Program Development","9030"
"2706","Ad1A4Dd870efc6d","Andrade Ltd","http://www.stevens.com/","Slovenia","Ergonomic well-modulated open system","1987","Luxury Goods / Jewelry","6796"
"6825","dB6F93D694FaD1e","Kelly-Dudley","http://odom-bowen.net/","Nauru","Synergistic maximized open architecture","1988","Civil Engineering","6908"
"7557","dABcB24b8fDA536","Medina Ltd","https://rowland-garrett.com/","Mauritania","Networked systematic complexity","1989","Airlines / Aviation","5935"
"1165","BC38eCAbDeCc7bE","Powell-Higgins","https://elliott-landry.net/","Tonga","Implemented leadingedge open architecture","1987","Translation / Localization","5361"
"3262","CfFEDDf59d47C8E","Black Inc","http://durham.info/","Vanuatu","Devolved real-time emulation","1999","Telecommunications","7488"
"4688","C0F08BA243a6A1F","York-Sherman","http://ballard-casey.com/","Burundi","Automated systematic attitude","1992","Supermarkets","56"
"1451","311333B0b7dd8fe","Vance, Jefferson and Rogers","http://www.hendricks.com/","Azerbaijan","Triple-buffered disintermediate matrices","1996","Sports","7993"
"3863","8cd9f84507FCa00","Mejia, Smith and Morris","https://russell-meyers.com/","Pakistan","Diverse bi-directional hub","1989","Library","6434"
"6104","caF6870ae7615Ce","Santos, Huynh and Hickman","http://www.pham-sloan.com/","Bahrain","Synergized 24/7 knowledgebase","1999","Library","8911"
"9216","aAd9BD2Ef132cB1","Sawyer-Roy","https://rich.com/","Malawi","Reactive next generation pricing structure","2018","Government Administration","8529"
"7121","9D541B68DCa7E25","Flowers-Ramos","http://www.landry.com/","Sweden","Universal 4thgeneration process improvement","1986","Consumer Goods","6716"
"6399","DdB5EE9A7D4D2D8","Moyer and Sons","https://www.baldwin-benton.com/","Argentina","Multi-layered incremental service-desk","1982","Investment Management / Hedge Fund / Private Equity","6115"
"9589","b97f931a4a9bb79","Reese, Krause and Phillips","http://bray.com/","Niger","Up-sized holistic conglomeration","2010","Wine / Spirits","727"
"6215","65261f3bb61FdB8","Todd-Marsh","https://www.lane.com/","South Africa","Horizontal client-driven success","2010","Nanotechnology","3591"
"9646","11d4cc0DFbcec2E","Dean-Harrington","http://wood-williams.com/","Luxembourg","Vision-oriented mission-critical intranet","2009","Automotive","9316"
"5337","Bd30022A29c7602","Ritter, Herman and Rollins","https://baker.org/","Cyprus","Diverse mission-critical standardization","1984","Museums / Institutions","1679"
"4057","4755F7B77Df1D7f","Horn-Moss","https://www.ortega-arias.com/","Burundi","Quality-focused optimizing collaboration","2010","Computer Software / Engineering","4540"
"9512","11af17A6afFcdD2","Roth-Neal","https://green.info/","Guernsey","Integrated 6thgeneration implementation","1981","Retail Industry","6023"
"3000","e2883940a65a3fF","Richard-Kaiser","https://www.reynolds.com/","United Arab Emirates","Streamlined grid-enabled matrix","2001","Insurance","973"
"9025","4a94DF4Ba31F705","Mercer, Stevenson and Fry","http://www.boyle-green.com/","Equatorial Guinea","Distributed optimal product","1994","Motion Pictures / Film","7249"
"1232","Bb2A60D5F5aa37d","Roy-Sharp","https://www.kent-phelps.com/","Kazakhstan","Operative bifurcated moderator","1989","Civic / Social Organization","1778"
"1515","ad59DADfC9ac849","Bender, Terrell and Randall","https://vaughn.com/","Holy See (Vatican City State)","Public-key contextually-based core","1995","Food / Beverages","6663"
"2314","14c52f76BbD7739","Daniels, Walls and Mcconnell","http://frost-monroe.com/","Panama","Open-architected client-driven policy","2001","Supermarkets","9807"
"1452","Bb18d581ec27Ba0","Logan-Combs","http://www.blake-henson.com/","Cambodia","Vision-oriented non-volatile knowledge user","2013","Packaging / Containers","8953"
"5268","f0Fb4B7fe006BD5","Barrett, Fox and Leblanc","http://hubbard.org/","Cocos (Keeling) Islands","Managed dynamic capacity","2002","Information Technology / IT","1620"
"6132","7b0Aac3Ce8b2b5B","Rivers, Acosta and Mata","https://www.winters-frank.com/","Saint Barthelemy","Synchronized hybrid emulation","1976","Media Production","6876"
"8532","7D05ca65D2f3Cd8","Harding, Allison and Rojas","https://www.lowery-lee.com/","Ethiopia","Reactive bottom-line instruction set","1975","Military Industry","9422"
"6465","bfd692Ce89c790c","Stevenson-Mcknight","https://ritter.org/","Benin","Mandatory 24/7 collaboration","2004","Paper / Forest Products","2876"
"839","dFac348A00243B7","Vang, Rowland and Hahn","https://www.rich.info/","Suriname","Sharable 5thgeneration software","2015","Publishing Industry","5695"
"9916","A34eD57ce4c53ac","Irwin-Lane","https://www.chen.com/","Reunion","Multi-tiered 24/7 superstructure","2000","Computer Games","2007"
"8262","d8CAd0471aD8DEE","Watkins Ltd","https://webb.org/","United States Virgin Islands","Proactive cohesive moderator","1987","Financial Services","1531"
"6415","fcbc8d1C2bcD0Ce","Suarez, Campos and Conley","http://mccann.com/","Japan","Multi-layered uniform benchmark","2020","Paper / Forest Products","8586"
"8505","6B7bAeDcbA9c551","Hanna, Michael and Paul","http://www.marks.com/","Indonesia","Vision-oriented intangible software","1975","Telecommunications","997"
"3568","AFDEfB4eaA0eBec","Ryan-Oneill","https://valenzuela-tanner.com/","Israel","Devolved heuristic Graphical User Interface","2003","Telecommunications","3000"
"9265","8b947a0884BA786","Solomon, Ingram and Mills","http://www.baxter.com/","Uganda","Ameliorated impactful open system","1992","Motion Pictures / Film","6993"
"3088","fdaB3831BF82197","Mcknight-Rivera","http://rush.net/","Netherlands","Fundamental reciprocal analyzer","2018","Wireless","5828"
"8644","035ea43D5Fb442f","Moon-Petty","https://www.lynn-mooney.com/","Papua New Guinea","Managed solution-oriented application","1999","Real Estate / Mortgage","318"
"1715","0a33E4a2d22F7E7","Melton, Fernandez and Byrd","https://harmon.com/","Senegal","Managed disintermediate moratorium","2007","Arts / Crafts","9080"
"340","2cC08320cFFdE9e","Cross-Fitzgerald","https://brooks-riggs.com/","French Southern Territories","Synchronized real-time firmware","1994","Music","8635"
"9564","C8e3Baa72F727e8","Fields, Kirk and Munoz","https://pittman.com/","Indonesia","Triple-buffered impactful orchestration","1978","Library","8662"
"5943","77a9a0523be66B4","Small-Santos","https://www.shaw.biz/","Nigeria","Advanced 24/7 hierarchy","1993","Public Safety","9742"
"9870","b3f17a2e95cfA8f","King-Whitney","http://www.mayo.com/","South Africa","Managed motivating installation","1972","Legislative Office","6596"
"8103","B1DaE5e8A1df2DA","Rojas-Lowe","http://www.hooper-chaney.org/","Saint Pierre and Miquelon","User-friendly multimedia array","2020","Commercial Real Estate","2353"
"8489","daBDc68d30b6088","Ramsey-Weaver","https://www.pena-lawrence.biz/","Russian Federation","Open-source demand-driven approach","2016","Library","1"
"589","504Dadc3FfB1f6f","Allison LLC","http://walters-pugh.com/","Denmark","Proactive asymmetric help-desk","1984","Non - Profit / Volunteering","7137"
"3366","d2AcEF80c1acDD5","Thornton-Galvan","http://sosa-yu.com/","Turkmenistan","Re-contextualized holistic contingency","2007","Textiles","1786"
"2671","a8E31bD0ffbeF63","Gill, Watson and Whitney","http://www.dodson.com/","India","Up-sized mobile interface","1984","Media Production","482"
"3590","3259cbbBB4C3b8d","Rice PLC","http://www.kim-washington.com/","Israel","Down-sized directional support","1986","Law Enforcement","5194"
"35","144FBe6c3BDB10B","Benjamin, Grant and Vincent","http://www.zavala.com/","Moldova","Adaptive incremental policy","1976","Venture Capital / VC","3528"
"29","aaFDd69B4C71f31","George Ltd","https://pittman-walton.com/","Isle of Man","Realigned analyzing array","1986","Commercial Real Estate","9958"
"8554","5C1630D17ACf5e1","French, Malone and Fuentes","https://www.mclean.com/","Cyprus","Right-sized secondary structure","2012","Mental Health Care","246"
"8118","DED10d9343ebA7f","Galvan PLC","http://huynh-vargas.com/","Kazakhstan","Synergistic interactive infrastructure","1989","Motion Pictures / Film","7455"
"2171","CC8cEc432c21Bc5","Cantu-Ritter","http://www.hays.org/","Iran","Multi-channeled full-range artificial intelligence","1990","Design","1434"
"8378","BE711F87Fcb2ce0","Velazquez-Harmon","https://www.oliver-sanford.com/","Germany","Configurable dynamic software","2018","Food Production","7373"
"5621","fC8E6CbFb1D19e4","Lewis-Potter","http://www.cross-castillo.biz/","Djibouti","Robust bifurcated Graphic Interface","2001","Design","1984"
"890","B314EE77aaddC1b","Mcclure, Winters and Dawson","http://wallace.com/","Ghana","Open-source methodical matrix","2012","Photography","4709"
"6490","C89dDbDd48A13B2","Morrison, Campos and Sutton","https://turner.com/","Montserrat","De-engineered optimal artificial intelligence","1974","Law Practice / Law Firms","4017"
"3323","FcaCcCF7a827dC0","Chambers Inc","https://novak-mccarthy.com/","San Marino","Programmable tangible analyzer","1991","Motion Pictures / Film","646"
"9397","FdBbAbAeAF93fA6","Dalton-Parks","http://www.johnston-cross.com/","Djibouti","Enhanced maximized ability","1991","Computer Software / Engineering","9195"
"3515","2d20FA6d86Cb2cd","Sanford-Singh","https://www.osborne.com/","Macao","Seamless fresh-thinking success","1998","Machinery","6089"
"4421","60d1dFefB2Ffd46","Powell-Pruitt","https://braun-duffy.com/","Georgia","Fully-configurable object-oriented workforce","1993","Medical Equipment","5557"
"8352","aC1aD52d0D6CCd0","Sanford, Carpenter and Tyler","https://valdez.net/","Eritrea","Cross-group bottom-line knowledge user","2016","Cosmetics","4195"
"5362","acd0cfdF6Aa555e","English, Knapp and Ashley","https://moreno.biz/","Romania","Proactive upward-trending Graphical User Interface","2012","Textiles","9768"
"3734","5dD0EE462afbA29","Cochran, Rangel and Beasley","https://morrow.net/","Tajikistan","Optional bi-directional moderator","2005","Wireless","9116"
"9464","eB024CEED0Cf52E","Briggs, Houston and Lynn","http://blanchard.com/","Singapore","Secured client-server software","2015","Industrial Automation","9995"
"7082","22eb4e0277EAECa","Fuller PLC","https://www.potter-montes.net/","Greenland","User-centric incremental ability","1999","Apparel / Fashion","8377"
"1655","37b50B62dfeD2b5","Johnston PLC","https://www.dougherty.com/","Solomon Islands","Monitored well-modulated implementation","1991","Health / Fitness","8900"
"5033","5BBe0e3c48FfD8b","Tapia LLC","https://williams.com/","Nigeria","Advanced encompassing Internet solution","1979","Religious Institutions","2024"
"224","6C5eABCeDD43365","Kline-Dunn","https://winters-mcdaniel.com/","Zimbabwe","Exclusive upward-trending access","2009","Restaurants","4182"
"8626","8BaBC944db0fcB8","Perkins-Benson","http://www.vargas-french.com/","Macedonia","Implemented demand-driven structure","1971","Consumer Electronics","1225"
"6195","52e099a070840A2","Cook Inc","https://glenn.com/","Nauru","Distributed reciprocal contingency","2015","Chemicals","22"
"1591","cca0157a19fe98A","Krueger-Henry","http://www.duncan.info/","Moldova","Enterprise-wide next generation superstructure","1984","Hospitality","3085"
"5983","4193C244b2fB34f","Barron and Sons","https://walsh.com/","Sudan","Adaptive fresh-thinking function","2014","Market Research","3303"
"3257","EC9FbF9E5CA2886","Middleton, Lynch and Cohen","http://whitaker.com/","Libyan Arab Jamahiriya","Up-sized modular artificial intelligence","1970","Building Materials","2169"
"6681","e114E084cE0D79a","Shelton, Cabrera and Hancock","http://acevedo-fox.com/","Oman","Sharable regional methodology","1994","Maritime","5499"
"4771","2a4c84A7f40dCF9","Ayala Inc","https://www.morris.com/","Gabon","Expanded eco-centric protocol","1991","Publishing Industry","242"
"2182","fcdFB455ba2DfEe","Barnett Group","https://www.ellison.com/","Norway","Team-oriented responsive moratorium","2003","Apparel / Fashion","9317"
"6804","2539eD2dd49Bb3d","Hunter, Hunt and Kennedy","http://www.bean-bolton.com/","Algeria","Function-based tertiary productivity","2014","Executive Office","2042"
"4914","83A2aa86538D9b6","Jordan-Oneill","http://www.ramsey.biz/","Kenya","Programmable bi-directional implementation","2016","Investment Management / Hedge Fund / Private Equity","1668"
"6787","7BE5b4047bDfacA","Wiggins, Hawkins and Crane","http://dyer.com/","Uzbekistan","Reverse-engineered stable orchestration","1977","Information Services","746"
"4790","66Cae8EeBC2E592","Santos, Lang and Rasmussen","http://snow.org/","Slovenia","Expanded next generation process improvement","2011","Law Enforcement","8056"
"1210","CFA5Ec5678F9cbf","Blackwell LLC","http://www.ford.com/","Oman","Ameliorated bifurcated website","2018","Public Safety","8301"
"422","F23FAe55B3Ad9dC","Elliott-Leblanc","http://www.macias.com/","Monaco","Visionary human-resource superstructure","1977","Banking / Mortgage","4395"
"8741","4355F2FBEFA3897","Franklin, Simpson and Johnston","http://leach-ritter.com/","Ecuador","Reverse-engineered logistical analyzer","2011","Construction","1732"
"1707","93c428D3e806e9a","Byrd PLC","https://www.holden.com/","Netherlands","Advanced 24hour portal","2011","Wireless","9579"
"1159","19CbCBBE8F2D687","Cuevas, Hurley and Gates","https://www.cobb-henry.com/","Philippines","Adaptive analyzing circuit","2012","Investment Management / Hedge Fund / Private Equity","9699"
"2307","e8A1C1b4fd5a7ff","Fuller, Norris and Yoder","https://www.reyes.net/","South Georgia and the South Sandwich Islands","Versatile multi-state knowledgebase","2013","Library","4878"
"274","13DDc83CDDBeF6A","Cohen and Sons","https://www.morse.com/","Wallis and Futuna","Open-architected maximized help-desk","1973","Hospital / Health Care","4765"
"172","ea40Edf5afdbC27","Arias-Wallace","https://www.briggs.com/","Morocco","Digitized object-oriented throughput","2010","Consumer Goods","1970"
"3957","dd3DcDd43Bca4Fc","Paul Group","http://richard.info/","American Samoa","Balanced background frame","1990","E - Learning","2318"
"6697","c7B4A44c7Cf1175","Wong, Smith and Christensen","http://www.ewing.com/","French Polynesia","Balanced tangible structure","2010","Research Industry","8641"
"3189","cEE6AF8bCdDc15f","Barnett, Church and Dorsey","https://pennington.org/","Australia","Right-sized multimedia extranet","2002","Entertainment / Movie Production","7998"
"8133","faB86Eb4Cbf58C7","Mccann-Burns","https://cowan.net/","Norway","Optimized maximized firmware","1997","Transportation","8538"
"4809","5dE8C2bBC2a7AaB","Davenport, Bird and Cantu","https://www.shaw.biz/","South Georgia and the South Sandwich Islands","Distributed responsive moderator","1979","Entertainment / Movie Production","2069"
"8084","2c9e596BC00e599","Farley, Marquez and Garza","https://cuevas.org/","British Virgin Islands","Organized neutral matrices","1989","Design","8821"
"1565","B502BF0e1B1Cb82","Poole-Castaneda","http://rivas-johnston.info/","Qatar","Reverse-engineered bandwidth-monitored budgetary management","1984","Executive Office","909"
"1783","2e5CE1bAD11E02F","Munoz, Cabrera and Allen","https://www.rollins-vazquez.com/","Cameroon","Object-based transitional hierarchy","1991","Mental Health Care","7842"
"844","C39fC12ac1bbbD7","Best-Benton","https://www.mendoza.com/","Guernsey","Monitored optimizing attitude","2017","Medical Equipment","2143"
"9346","0Aca13225Bdd5CD","Hawkins-Zuniga","https://www.mayer-cummings.info/","Argentina","Adaptive dedicated throughput","2019","Defense / Space","8652"
"4462","17acdD52Af8a7FE","Cherry-Ramos","https://mcclure-rowland.com/","Turks and Caicos Islands","Open-architected homogeneous knowledgebase","1996","Legal Services","5129"
"905","5EeDbBFd84Cac15","Terry Group","http://horton.com/","Liberia","Persevering zero tolerance customer loyalty","1980","Capital Markets / Hedge Fund / Private Equity","5294"
"5912","19EBA54C076a508","Estes, Wilkins and Orozco","https://braun.org/","Korea","Synergistic eco-centric challenge","1996","Architecture / Planning","6488"
"9951","CccFC2Dc43E64c8","Russell-Cherry","https://finley.net/","Croatia","Assimilated analyzing instruction set","2008","Telecommunications","2357"
"9298","8C3cC7dEAfDf85b","Tran-Bass","https://www.preston.org/","Guinea","Progressive zero-defect customer loyalty","2007","Wine / Spirits","2515"
"1548","cAeaa7DDD6F210F","Garcia Inc","http://foster-schwartz.com/","Guinea-Bissau","Optional upward-trending workforce","1996","Supermarkets","1399"
"2081","1043c1eB27FA9a9","Frederick-Wolfe","http://www.morton-casey.com/","Palau","Centralized leadingedge capacity","1976","Legislative Office","9486"
"9882","A23cABca1C9646E","Perry, Monroe and Acevedo","http://www.wolf-cohen.com/","Swaziland","Virtual grid-enabled monitoring","1976","Online Publishing","2387"
"3986","a719bC6aEd86fDb","Garrison PLC","http://www.barrett.com/","Gambia","Progressive global superstructure","1999","Civic / Social Organization","5849"
"6390","3c9BDf75F35D149","Orr-Hooper","https://www.russo.com/","Mali","Open-source leadingedge monitoring","1998","Motion Pictures / Film","5467"
"7580","3d6f5c8f5d0FC70","Howell-Clayton","https://strong.org/","Martinique","Streamlined grid-enabled intranet","2007","Cosmetics","139"
"9246","586b1c90cD44EAC","Compton Inc","https://curtis.net/","New Caledonia","Fully-configurable coherent paradigm","1995","Marketing / Advertising / Sales","6536"
"6568","036dE4fa5BFD708","Barry, Grimes and Grimes","http://maddox-ingram.org/","Hong Kong","Open-architected attitude-oriented attitude","1972","Biotechnology / Greentech","7348"
"8207","51f0DAB88369A9A","Barrera-Krueger","http://stark-pace.com/","Monaco","Persistent directional core","1979","Management Consulting","2814"
"3821","E6bcFCd11c2F041","Rasmussen-Marshall","http://www.hale.com/","Angola","Realigned systemic paradigm","1978","Government Relations","9909"
"2647","3df11858fE7ed6D","Harper, Walls and Hebert","https://www.johns-duke.net/","Namibia","Enhanced radical throughput","1999","Gambling / Casinos","6550"
"4455","2b2cabe7ba86BFf","Wall, Trevino and Carson","https://chapman-case.info/","Reunion","Profit-focused context-sensitive hierarchy","2001","Outsourcing / Offshoring","4303"
"7160","D503A0e6fb46dEf","Gomez, Vasquez and Booker","http://www.gaines.com/","Puerto Rico","Upgradable transitional core","1990","Chemicals","9351"
"8222","6D6b0E2d3E76c35","Cervantes, Barnett and Kline","https://castillo-mathews.org/","New Caledonia","Advanced content-based neural-net","2012","Staffing / Recruiting","6837"
"8597","F0bFde69Defa3B2","Barron PLC","http://www.brandt-gilbert.org/","Cote d'Ivoire","Pre-emptive user-facing customer loyalty","2021","Public Safety","364"
"9590","bBf9Ea415D5Deb1","Hampton, Liu and Walter","https://www.travis.org/","Russian Federation","Total upward-trending database","1998","Information Technology / IT","8568"
"6072","d907aBBbF5db86A","Dean-Benson","http://www.rivas.org/","Albania","Polarized bottom-line leverage","1994","Food / Beverages","2784"
"2156","eDA9d0EC2aaDefd","Guzman, Mayo and Travis","https://www.nguyen.com/","Antarctica (the territory South of 60 deg S)","Phased dynamic methodology","1995","Maritime","8040"
"6713","07CE15bBBB0Ad9E","Mcgee and Sons","https://prince.com/","Korea","Persevering systemic emulation","2020","Shipbuilding","1628"
"3716","B090fefc20b9Bfd","Lam-Chang","http://www.arroyo-ho.com/","Niger","Function-based contextually-based methodology","1985","Other Industry","3514"
"4058","11f27Ed5A64afb1","Jefferson Inc","http://www.greene.com/","El Salvador","Configurable attitude-oriented Internet solution","1989","Transportation","9822"
"5953","208EAFCeC73D8AF","Good Inc","http://long.com/","Norfolk Island","Open-architected high-level moratorium","2007","Information Technology / IT","2536"
"3103","CD40Da2B99fd18E","Michael PLC","https://www.sanford.org/","Nepal","Horizontal zero tolerance neural-net","1984","Plastics","9317"
"559","eaE84335cACF4e8","Hardin, Mason and Mcgee","http://www.mullen.com/","Niue","Inverse tertiary synergy","2014","Package / Freight Delivery","9972"
"4611","f2C42C92A30d323","Frank-Keller","http://www.chung.com/","Australia","Customizable global circuit","1973","Semiconductors","9862"
"6979","C6be5B460BBbe5c","Short, Finley and Greer","http://petersen.org/","India","Synergized scalable complexity","2018","Hospitality","1877"
"1437","8407E32b52BDddF","Oliver, Jarvis and Moyer","https://www.webb-powell.net/","Japan","Open-source content-based hardware","2008","Executive Office","2553"
"508","37cc0A16ccf5Dd8","Mccall LLC","https://lewis.com/","Mauritius","Inverse eco-centric service-desk","2012","Electrical / Electronic Manufacturing","196"
"1870","aff11dAEEB2041d","Bryant, Tate and Garrison","https://house.com/","Cambodia","Innovative user-facing moratorium","1992","Financial Services","5802"
"756","7aCfFDD1e6FFDAb","Wright-James","https://www.li.com/","Dominica","Fundamental content-based budgetary management","1970","Maritime","2940"
"5420","FdeFbEacFC0CDaF","Marquez-Flores","http://www.wood.com/","Qatar","Re-engineered client-driven adapter","1981","International Trade / Development","6781"
"4051","9ed5d449E6f8b50","Beard-Montes","https://ball.com/","Cape Verde","Monitored fresh-thinking function","2005","Medical Practice","4322"
"8090","07E9DE417Ba377D","Grimes and Sons","http://www.taylor-estes.com/","Guinea","Future-proofed motivating functionalities","2004","Mental Health Care","8367"
"3837","E6ba6dDa2aFb8E2","Robles-Duke","http://www.larson-cantu.org/","Netherlands Antilles","Face-to-face neutral task-force","1979","Media Production","3497"
"2119","ebAdfdd2EbB3aa7","Baxter Ltd","https://www.medina.com/","Mexico","Inverse actuating groupware","2014","Packaging / Containers","2919"
"6153","fbABa292bADD819","Proctor-Lawrence","http://www.walsh.net/","Namibia","Profit-focused bi-directional benchmark","1987","Railroad Manufacture","9435"
"7809","4E1FEe012E66d53","Stokes Ltd","https://maldonado.com/","Malawi","Public-key mobile hub","2004","Library","5820"
"502","aFA5aE1B9A5D7A9","Humphrey Group","https://nelson-beard.org/","New Zealand","Optimized modular definition","2017","Staffing / Recruiting","323"
"6260","d1Bc4cf78213Bc8","Middleton Group","https://medina.com/","Faroe Islands","Team-oriented asynchronous migration","1998","Chemicals","5298"
"9744","4C86FC13256CBe9","Barber-Brennan","http://huffman.com/","Gambia","Up-sized fresh-thinking neural-net","1984","Legal Services","5894"
"1540","D37c3dc76a7fe8F","Villarreal PLC","http://mendez.com/","Svalbard & Jan Mayen Islands","Polarized disintermediate synergy","2008","Nanotechnology","4954"
"6142","bBDEBbf81CEa334","Maynard, Mora and Adkins","http://www.castro.biz/","Macao","Reduced zero-defect capacity","1982","Medical Equipment","6741"
"1212","23c6cD8Ed9c55EA","Drake-Velazquez","https://www.mcpherson.com/","Saint Helena","Open-architected high-level definition","1993","Food Production","4197"
"9123","Ab3feb4a8Fd9720","Kline-Lambert","https://meza-kramer.com/","Sudan","Stand-alone eco-centric approach","1980","Commercial Real Estate","4120"
"673","f8130A6c60eEDb6","Farmer-Blackburn","http://www.glenn-strong.com/","Armenia","Intuitive 24hour process improvement","2010","Non - Profit / Volunteering","4592"
"3378","71465feba7C8Ec2","Mullins-Key","https://chung-tate.net/","Cocos (Keeling) Islands","Grass-roots systemic array","2016","Machinery","6232"
"8784","aAFAB78FB373Ddf","Noble Inc","https://www.mata.com/","Malaysia","Centralized human-resource forecast","2003","Civic / Social Organization","5561"
"1465","0DAD8C19Eb46bed","Frye, Padilla and Fry","http://www.jones-estrada.biz/","Senegal","Extended zero-defect challenge","1986","Computer Games","5937"
"1193","423894cFACFa7D2","Franklin and Sons","https://pineda.com/","Bermuda","Multi-channeled demand-driven definition","2011","Machinery","8932"
"6985","adc14DEC24DE8eB","Mack-Arnold","http://jarvis-pollard.biz/","Sudan","Self-enabling zero-defect info-mediaries","2009","Food Production","2357"
"1873","a847a7dAA3EfC67","Pugh PLC","https://ayala.org/","Guinea","User-centric contextually-based project","2019","Warehousing","6758"
"3591","aB606BAf59530de","Chang-Turner","https://www.andrade-manning.com/","Taiwan","Function-based composite monitoring","2017","Paper / Forest Products","7144"
"6727","60eea506ceEFdca","Hart, Adkins and Saunders","https://moyer.com/","Equatorial Guinea","Vision-oriented optimizing attitude","2010","Maritime","6181"
"506","C44a83DD3F6f07c","Oliver, Banks and Francis","https://barron.com/","Qatar","Secured analyzing product","1973","Electrical / Electronic Manufacturing","8245"
"8119","be266FBaaf1df09","Jarvis PLC","https://haynes.com/","Botswana","Function-based multimedia groupware","1981","Mining / Metals","8316"
"507","54B96428ecAC9B1","Shaw, Harper and Roach","https://melendez.com/","Bahamas","Team-oriented asymmetric middleware","1986","Research Industry","7506"
"9450","c1A0b978C7db7c1","Cantrell PLC","https://wu.com/","Sierra Leone","Multi-channeled mission-critical encryption","1993","Think Tanks","7815"
"7132","23F94F3Cf8CA2Ac","Horton-Riley","http://gay.com/","Netherlands Antilles","Re-engineered systematic Graphical User Interface","1991","Entertainment / Movie Production","4328"
"4808","473b79B202bEa9F","Arias LLC","http://www.vance.com/","Armenia","Object-based executive toolset","2001","Graphic Design / Web Design","7911"
"7304","Bafc8d56Cb03FBC","Salas-Pope","https://cunningham.com/","Moldova","Monitored homogeneous conglomeration","1989","Plastics","2756"
"1774","Ff7CFDfdAF6383D","Day, Mahoney and Mathews","http://www.dyer-gallagher.com/","Jamaica","Persevering tangible approach","2004","Building Materials","5358"
"6855","eE3bFCA94580751","Blackburn, Hensley and Rowe","https://pacheco.info/","Turkey","Sharable mobile secured line","1994","Graphic Design / Web Design","1240"
"4907","646D96bfdaBd6A6","Nunez-Schroeder","https://www.duke-wiggins.com/","Brazil","Vision-oriented maximized system engine","1984","Textiles","2652"
"798","C5bFcAE98b86bF7","Tyler, Robertson and Christensen","https://www.higgins.biz/","Venezuela","Up-sized fresh-thinking firmware","2022","Security / Investigations","9288"
"8786","24231Adc6d2FA6c","Delgado and Sons","https://conley.com/","Yemen","Switchable cohesive conglomeration","1999","Music","8039"
"7071","cEE50C4E1F2c206","Harper and Sons","https://www.kelley-padilla.org/","Antigua and Barbuda","Networked asynchronous access","1975","Civil Engineering","6005"
"2830","1cA1eaCFe3f4a0C","Mclean-Tanner","https://www.james-short.com/","Albania","Fully-configurable leadingedge adapter","2011","Real Estate / Mortgage","710"
"9320","06d31E280E9D34b","Horne, Benton and Fitzpatrick","http://mcgrath.com/","Dominican Republic","Advanced reciprocal superstructure","2002","Legislative Office","4657"
"8738","DCBd7e0bF50D045","Woodward, Terry and Paul","https://daniels.com/","Benin","Universal asynchronous productivity","1987","Real Estate / Mortgage","8250"
"313","a337Bc0cee6bcaB","Giles-Munoz","https://www.montoya.org/","Oman","Versatile background attitude","1985","Food / Beverages","249"
"747","Ca8b0E50BCBbF8B","Villegas-Manning","https://www.nichols.com/","Benin","Right-sized modular intranet","2009","Pharmaceuticals","4426"
"3570","A7823cFbf9Bfc4D","Nielsen, Brady and Chase","https://austin-watson.net/","Reunion","Versatile zero tolerance matrix","1999","Computer Networking","3519"
"791","5E0a048002B9f8b","Callahan, Cox and Vance","http://www.wiley.net/","Chad","Reactive fault-tolerant system engine","2017","Judiciary","2129"
"2477","c03EC90Bccc893a","Marsh-Conner","http://mckinney-villegas.com/","Malawi","Horizontal impactful productivity","2002","Dairy","1885"
"9326","EB0B2bEb1Dd6bD3","Hopkins, Moore and Douglas","http://spence.com/","Kazakhstan","Decentralized optimal benchmark","2021","Environmental Services","4816"
"2571","c6C5bbdDa294d6B","Ford-Santiago","http://snow.net/","Greece","Focused 4thgeneration challenge","1995","Building Materials","9739"
"5287","c099EdbbB904616","Pruitt-Reyes","http://www.larson.biz/","Saint Pierre and Miquelon","Focused mission-critical synergy","1971","Building Materials","8241"
"5216","De3263ae144c4AC","Douglas, Fernandez and Webb","http://www.combs-boyd.com/","Mozambique","Vision-oriented zero administration help-desk","1975","Events Services","1652"
"2164","DbBdD6ED83c6cdc","Stanley and Sons","https://kidd-henson.com/","Egypt","User-centric client-server encryption","1970","Arts / Crafts","6769"
"6578","78Ee69c357AFDCE","Duffy, Hull and Simmons","http://livingston-clark.org/","United States Virgin Islands","Assimilated empowering benchmark","2017","Graphic Design / Web Design","845"
"8450","16Be127E6c358eE","Carlson, Hinton and Dyer","http://www.kemp-cordova.com/","Burundi","Fundamental bifurcated challenge","1976","Medical Practice","6494"
"381","5FE1D23acbE1ad3","Hunter, Garner and Callahan","http://www.haley.com/","Vanuatu","Extended modular focus group","1974","Architecture / Planning","6818"
"8509","932e93fDeCa84b0","Mejia LLC","https://www.murphy.org/","Norway","Focused upward-trending contingency","1977","Outsourcing / Offshoring","7740"
"1293","fca0BEBE03A26Df","Moses PLC","http://hood.com/","Venezuela","Profound executive archive","1971","Arts / Crafts","9047"
"1913","dEf998fAEaAA5F9","Savage LLC","http://mcfarland-stanton.com/","Rwanda","Multi-lateral bottom-line definition","2000","Venture Capital / VC","790"
"600","FEeb53C4a63feF5","Howe, Clay and Hamilton","https://www.yoder-lozano.com/","Andorra","User-friendly client-server approach","2010","Staffing / Recruiting","2677"
"3893","D0982CBB60EBa8a","Camacho Ltd","http://www.chung-montes.com/","Singapore","Synergized radical capability","1998","Marketing / Advertising / Sales","7360"
"4142","64EDE144792cd49","Burns, Harrison and Wilcox","http://ortega.info/","Saint Vincent and the Grenadines","Synchronized dedicated analyzer","1977","Alternative Dispute Resolution","7574"
"1653","3ebFfABc0a46E59","Riddle-Wang","https://mathews-andrews.info/","Mexico","Synergized tertiary synergy","2005","Printing","6699"
"5225","F2A7D12e31b70aA","Ellis-Baldwin","https://www.allen.net/","Cayman Islands","Total grid-enabled algorithm","2015","Airlines / Aviation","3776"
"1894","e94B0dD70bde05B","Esparza-Warner","https://huerta.com/","Latvia","Quality-focused demand-driven capability","2016","Motion Pictures / Film","5048"
"1945","CE6A1bA49a8DC0a","Koch-Goodwin","http://lopez.com/","Mexico","Universal system-worthy forecast","2009","Mechanical or Industrial Engineering","5057"
"3396","E62faCCDdcfa8cF","Richmond Ltd","https://day-mcclain.info/","Sweden","Persevering asymmetric website","2022","Environmental Services","3528"
"5480","CEFbAbEE093Ca17","Esparza, Sanford and Little","https://cooke-stuart.com/","Timor-Leste","Secured non-volatile installation","2008","Fundraising","9935"
"9770","Da620EADDdedC6c","David PLC","http://www.marquez-wolf.com/","Comoros","Automated coherent projection","2000","Design","6990"
"376","a86ED929F1aaCdf","Travis, Sutton and Arias","https://www.cardenas.com/","Nicaragua","Total scalable array","2006","Arts / Crafts","558"
"1967","adFaDffC9Da4fcE","Johnson, Peterson and Walls","http://www.chase.biz/","British Indian Ocean Territory (Chagos Archipelago)","Persistent coherent frame","1983","Commercial Real Estate","8268"
"3958","EabF4d2857971FC","Harding, Booker and Bentley","https://morrison.com/","United States Minor Outlying Islands","Assimilated responsive framework","1983","Environmental Services","8816"
"7136","11049c09cB55915","Knox-Flynn","http://www.bush.net/","South Georgia and the South Sandwich Islands","Enhanced neutral knowledgebase","1993","Electrical / Electronic Manufacturing","3797"
"7479","fb82cECbf2DcA4A","Miles-Lindsey","https://www.madden-charles.com/","Zimbabwe","Multi-channeled leadingedge collaboration","1989","Consumer Services","4468"
"4506","798da0Ddd14c1B7","Klein-Shaw","http://www.harrington.com/","Slovakia (Slovak Republic)","Streamlined radical portal","1978","Sports","7546"
"9581","1f9Be20efFFB5e8","Hudson Inc","https://www.snow.com/","Bermuda","Mandatory didactic flexibility","2001","Pharmaceuticals","7804"
"5289","b32A29cCf8Eaddb","Shelton, Wells and Morrow","http://daniel.org/","Liberia","Profit-focused value-added neural-net","2002","Marketing / Advertising / Sales","5094"
"1472","b4ce241fDE7A2bE","Luna LLC","https://www.stout.com/","Slovenia","Decentralized context-sensitive budgetary management","1972","International Trade / Development","3361"
"3347","AAFfb4dfEEf0920","Macias-Booth","https://levine.com/","Chile","Organic stable open architecture","1990","Publishing Industry","4531"
"6254","f9aE4EbdaaE1cc8","Meadows, Kline and Chan","https://cisneros-rodgers.com/","Mauritius","Adaptive bifurcated customer loyalty","1986","Legal Services","8461"
"2854","5fdb2ef548ba15C","Duffy, Espinoza and Potter","https://li.org/","Iran","Object-based coherent toolset","2003","Luxury Goods / Jewelry","4185"
"8989","EEb0eB61be060f5","Coffey-Oliver","https://www.douglas.net/","Venezuela","Face-to-face needs-based architecture","1979","Cosmetics","2169"
"9776","18ceA4c5BB6D361","Chandler, Warren and Wagner","https://www.sampson.com/","Martinique","Open-source analyzing approach","2012","Writing / Editing","6297"
"6460","450De2e2cBcAcfF","Black and Sons","https://www.chang.com/","Poland","Customizable leadingedge open system","2013","International Affairs","3382"
"4063","3C7a25e1fCFCdab","Holder, Cook and Bolton","https://greer.net/","Guam","Persistent holistic standardization","1976","Aviation / Aerospace","4582"
"5864","Dde6fa9DffCCd6F","Peters-Anthony","https://hayes.info/","Norway","Sharable web-enabled focus group","1987","Tobacco","9359"
"4307","e6BB63a056d8Dd3","Mosley-Duffy","http://www.fox.info/","Northern Mariana Islands","Inverse multimedia framework","1983","Defense / Space","9860"
"4878","567Dd5B11C4E1a5","Oliver-Conway","https://marquez-chen.org/","Kuwait","Sharable empowering array","2006","Alternative Medicine","3100"
"7250","ab800b9F09C86ef","Wiley, Dodson and Mccall","https://www.rivera-chung.com/","Chad","Reduced mobile structure","1986","Broadcast Media","4405"
"5274","a093aAfab66AF5b","Crosby-Jennings","http://www.summers.org/","Isle of Man","Stand-alone homogeneous framework","1976","Management Consulting","6114"
"3991","C46D3FCf8A82a5B","Bradford, Smith and Barrett","http://valencia-sosa.com/","Timor-Leste","Phased non-volatile website","1985","Media Production","9312"
"1050","05c86CbA523Eeda","Dennis PLC","http://morris.com/","Senegal","Team-oriented grid-enabled extranet","1983","Motion Pictures / Film","4889"
"6176","6CaAe0c51283b2D","Maxwell-Hodge","http://ruiz-dunlap.com/","Senegal","User-centric coherent infrastructure","2001","Management Consulting","7926"
"6927","211CC3a4Fdf0677","Norris and Sons","https://www.villegas-spencer.com/","French Southern Territories","Balanced tangible encryption","1993","Legal Services","5070"
"7865","1A29930C1A6b8cE","Allison Group","http://www.pierce.com/","Iceland","Organic holistic conglomeration","1973","International Affairs","5549"
"2036","089DfFabb8cBAB4","Crawford-Wilkins","https://franklin.com/","British Virgin Islands","Robust local conglomeration","2013","Music","2319"
"4040","84bf732f3a87C53","Garza and Sons","http://ferguson-shea.com/","Burundi","Versatile next generation budgetary management","1997","Mining / Metals","8969"
"6876","D9b4Da7631a605C","Campos, Calhoun and Oliver","http://colon-fischer.com/","Korea","Re-contextualized motivating algorithm","1993","Photography","4945"
"9355","7F90C4BE5acf08D","Mccormick Ltd","https://www.mcdonald.com/","Cyprus","Ergonomic bifurcated frame","1980","Computer Hardware","4101"
"1973","DFE7863d7cCFcd1","Weber, Davila and Andrade","https://www.bennett.com/","Georgia","Switchable directional archive","1990","Mental Health Care","1441"
"5073","Adae069a943AAdE","Mccann-Charles","https://www.burch.org/","Namibia","Secured zero-defect toolset","2009","Public Relations / PR","1665"
"2100","1368EE4cEEECB48","Gardner PLC","http://www.blevins.biz/","Mauritius","Configurable systemic secured line","1992","Import / Export","9856"
"1500","19a9fA1Ccfe12FD","Maxwell-Garrison","http://www.sexton.info/","Svalbard & Jan Mayen Islands","Enhanced object-oriented strategy","2003","Business Supplies / Equipment","2677"
"9613","8D842cf41B9FF0d","Adkins and Sons","http://www.holder.com/","Lao People's Democratic Republic","Networked client-server encryption","1985","Logistics / Procurement","4848"
"653","58dE18E3ce894B4","Oliver Group","https://harding-case.biz/","Malaysia","Re-engineered solution-oriented superstructure","1971","Music","7654"
"171","AA4E2b54d9Ca6b2","Bernard Group","http://www.dyer.com/","Cook Islands","Persevering interactive workforce","2015","Performing Arts","5709"
"4086","Ce0fF5AEee711d3","Hobbs, Hester and Marsh","https://www.mclaughlin.com/","Costa Rica","Multi-lateral 24/7 projection","2004","Investment Management / Hedge Fund / Private Equity","7717"
"243","F5bBcCC588A7A68","Mccann-Cannon","http://harvey.com/","British Virgin Islands","Digitized 4thgeneration interface","2000","Arts / Crafts","1231"
"5711","D39aA2eD5d2DBda","Johns-Craig","https://malone-wiggins.biz/","Micronesia","Synchronized 4thgeneration instruction set","2020","Mental Health Care","800"
"6973","B25C3Eb0ea744B7","Espinoza Inc","https://www.chang.biz/","Reunion","Customer-focused context-sensitive matrices","1987","Primary / Secondary Education","4438"
"2757","F856bF9A09fF273","Richard, Terrell and Cardenas","http://www.huber.com/","Bangladesh","Mandatory full-range projection","1986","Management Consulting","2882"
"6885","B9eF4922aDCfeEA","Moon, Boyle and Patel","http://browning.info/","Tonga","Organized 24hour model","1996","Primary / Secondary Education","4144"
"5447","2e2913DBAB5C8cD","Cooley PLC","http://ferrell.info/","Sao Tome and Principe","Proactive needs-based adapter","2011","Renewables / Environment","8868"
"2077","D3FDc7Ff4df6336","Caldwell Inc","https://pollard.com/","Saint Barthelemy","Networked well-modulated protocol","1972","Government Administration","7912"
"4104","aEA5Fb97a2F3E2a","Lozano-Malone","http://ellis-horne.info/","Congo","Multi-layered tertiary product","1997","Printing","1552"
"9560","342E2F3888FD627","Vazquez Inc","https://www.schwartz.org/","Montenegro","Customizable bottom-line capability","1990","Glass / Ceramics / Concrete","3401"
"7572","BD8E290cFdA221b","Wu and Sons","http://miller.com/","New Caledonia","Optional 24hour data-warehouse","2011","Machinery","2485"
"9467","C6EF7134bfa3B58","Cardenas Inc","http://hood.com/","Kyrgyz Republic","Customer-focused global frame","2014","Accounting","5623"
"4895","bd09b41DC7DA773","Cross, Wood and Williamson","http://marquez.com/","Mayotte","Innovative fault-tolerant software","2016","Consumer Goods","3016"
"6693","FCDD2F71Edde2EB","Bowen-Hubbard","http://vasquez.biz/","United Kingdom","Cross-group national knowledgebase","1972","Design","5695"
"8055","aCDDbeDEF9EdeFa","Huff, Orozco and Ramsey","https://www.santana.com/","Somalia","Programmable logistical Graphical User Interface","2021","Ranching","2798"
"5390","bc97bC2C4fBCfe7","Salas Group","http://sellers.net/","Uganda","Horizontal bifurcated structure","1976","Market Research","1954"
"9374","d4852f2a22Da6cf","Lucas Inc","https://sanders.info/","Lithuania","Self-enabling fresh-thinking Internet solution","1994","Textiles","8359"
"8022","0f3Cd48fdcd05fb","Rich, Bruce and Bentley","https://www.cohen.com/","Comoros","Monitored context-sensitive info-mediaries","1992","Computer Software / Engineering","6359"
"8605","fC5abEC1CCE6A3B","Larson, Garza and Bradshaw","http://www.santos.com/","Saint Vincent and the Grenadines","Networked multi-tasking budgetary management","1992","Gambling / Casinos","5954"
"4481","D58E7056c92CBcA","Bentley Ltd","http://www.johnson.com/","Malawi","Operative background workforce","1981","Fishery","7947"
"8327","89398cBdf055944","Daniels-Mccormick","https://acosta.com/","Colombia","Re-contextualized grid-enabled architecture","1970","E - Learning","6052"
"4079","9A29e5AC1D6D7e1","Mosley Ltd","http://www.hicks.net/","Egypt","Fully-configurable attitude-oriented approach","2003","Medical Practice","7749"
"641","9cEE6daB3dCEa6e","Martin, Underwood and Sexton","http://www.horton.com/","Cocos (Keeling) Islands","Switchable exuding ability","2001","Alternative Dispute Resolution","4400"
"1271","88B5526A79caeB0","May-Mata","http://barajas.biz/","Antigua and Barbuda","Ameliorated maximized hub","2010","Computer Software / Engineering","1877"
"2779","7deC2d7CbE717b5","Butler-Rasmussen","https://www.phelps-medina.com/","Bosnia and Herzegovina","Reverse-engineered asymmetric approach","2019","Furniture","8662"
"9498","a80ABdCf2A9c3bB","Callahan, Ayers and Gilbert","http://lewis.org/","Kenya","Virtual bifurcated artificial intelligence","2020","Events Services","9938"
"3862","Cf85E2F1aebDb2b","Fernandez-Hansen","https://jensen.com/","Tajikistan","Sharable optimizing synergy","1984","Mining / Metals","4892"
"3481","bfeE89681aDE6C0","Owen, Wells and Soto","https://frost.com/","Pakistan","Cross-platform intangible groupware","1972","Chemicals","4628"
"1535","488BD09A1726C46","Chapman, Carroll and Garza","http://www.robinson.com/","Cape Verde","Realigned user-facing productivity","2006","Furniture","2674"
"326","Be0446cda1E76fB","Vang-Lee","http://simpson-conrad.biz/","Jordan","Monitored background frame","2004","Music","2955"
"2339","67700C20C67a718","Gillespie Ltd","https://mullins.biz/","Mali","Visionary incremental structure","2010","Legal Services","2569"
"3981","f3c5FADB26eC81f","Burton Inc","https://www.skinner-mcpherson.net/","Saint Helena","Centralized context-sensitive superstructure","2021","Glass / Ceramics / Concrete","1670"
"6878","48ab1DFBcB6A7b0","Hubbard, Dickerson and Villa","https://gaines.org/","Papua New Guinea","Vision-oriented systematic system engine","1980","Consumer Goods","1401"
"4055","3DfCa6C9dD0b9Ae","Rollins-Sawyer","https://www.maldonado-duran.com/","Peru","Sharable human-resource help-desk","2016","Utilities","5094"
"2238","FbfF22edB729DaA","Khan LLC","https://haas.com/","Norfolk Island","Automated user-facing analyzer","1998","Pharmaceuticals","235"
"7107","3ad6251Dfe628A8","Tate-Chung","https://guerrero.com/","Gabon","Public-key 5thgeneration complexity","2004","Capital Markets / Hedge Fund / Private Equity","3382"
"9669","Eadf1Dda61FE361","Ho, Booker and Montoya","https://graham.com/","Denmark","Decentralized didactic parallelism","1978","Primary / Secondary Education","7780"
"4746","8Dd6dECCD4EC2AF","Compton PLC","https://carey-dominguez.biz/","Jersey","Secured non-volatile encoding","2009","Medical Practice","6473"
"865","CaDaE5Cf62F1FCF","Deleon and Sons","http://chaney-todd.info/","Romania","Synchronized logistical architecture","2006","Market Research","6412"
"6204","27CAc8d1CD4EcAf","Cortez-Esparza","http://henry.biz/","Falkland Islands (Malvinas)","De-engineered impactful knowledgebase","1998","Maritime","7432"
