"Column_1","Column_2","Column_3","Column_4","Column_5","Column_6","Column_7","Column_8","Column_9"
"3524","4F670cD13E0E869","Garcia-Henderson","https://estes.com/","Tunisia","Cross-group homogeneous approach","1980","Sporting Goods","7965"
"5905","fadbba29538eEdF","Krause-Berger","http://www.shields-walter.com/","Liechtenstein","Cloned actuating Graphic Interface","2005","Staffing / Recruiting","3325"
"7782","A9e815cAA75cc60","Alvarez-Hoover","https://www.goodwin.info/","Namibia","Object-based contextually-based secured line","1978","Architecture / Planning","2259"
"3608","b29Fdba7ba4533c","Miranda, Coffey and Trujillo","http://buckley.com/","Liberia","Integrated analyzing pricing structure","2017","Hospital / Health Care","7655"
"9419","A814ABC3Bb43E26","Trevino LLC","http://www.steele.com/","Saint Lucia","Quality-focused dedicated projection","1993","Alternative Medicine","2407"
"5221","A5fdcaEe7cF75f2","Shelton Ltd","https://bailey.com/","Bulgaria","Phased clear-thinking adapter","1971","Environmental Services","8261"
"235","E00Bac4D7E2aFBe","Mora, Gardner and Mcpherson","https://www.malone-schultz.biz/","Cyprus","Organized global ability","1970","Warehousing","4541"
"7756","69a0ab3a5DD84a1","Hooper-Roach","https://www.mcclure.com/","China","Cross-group maximized process improvement","2016","Hospitality","1745"
"3797","58AAD6bBC0d161b","Livingston Ltd","http://curtis.com/","French Southern Territories","Profound directional software","2010","Aviation / Aerospace","513"
"4119","aD81eCF769CdF04","Bray, Contreras and Snow","http://henry-daniel.com/","Sudan","Right-sized 3rdgeneration capability","2020","Civil Engineering","5369"
"6319","b4F7e1cadb3A8a0","Contreras-Norris","http://hogan.com/","Serbia","Down-sized zero tolerance open architecture","1994","Automotive","2732"
"5002","f815d8fb49c5950","Curry-Hahn","http://www.duran-mcmillan.org/","Thailand","Universal modular focus group","1983","Aviation / Aerospace","9879"
"3801","0a9C2abCc2a6C6E","Ingram LLC","http://andrews.com/","Russian Federation","Organic empowering toolset","2011","Environmental Services","7531"
"7810","bDA90607dCeeDe8","Rowland, Walsh and Bowen","http://www.tapia-long.net/","United States of America","Enhanced reciprocal neural-net","1999","Computer Networking","2872"
"3900","d2Eec0B7c7db51f","Wilkins-Hubbard","http://www.scott-peck.org/","Burkina Faso","Organic regional installation","1978","Writing / Editing","5792"
"5025","6D8b8eF2DB51ADd","Soto PLC","http://www.english-leach.info/","Mexico","Profit-focused web-enabled product","1991","International Trade / Development","5126"
"1949","FdEaa5Efaa556cd","French, Sims and Hamilton","http://www.caldwell-tran.net/","Western Sahara","Cloned homogeneous toolset","1985","Political Organization","4306"
"6362","27A49320Ce7CeF9","Goodman-Nielsen","https://conner.org/","Korea","Self-enabling client-server website","1994","Commercial Real Estate","8260"
"471","126eB3717D0AeB6","Hughes, Dudley and Everett","https://evans.net/","Yemen","Business-focused real-time attitude","2000","Judiciary","3344"
"9945","de537bbaEA0b03E","Park, Page and Warner","http://www.kline.com/","Trinidad and Tobago","Progressive national extranet","2019","Library","1513"
"3493","21F22C56Cd4f70e","Terry-Shields","http://www.lucas-garza.com/","Niger","Reactive asymmetric model","2006","Aviation / Aerospace","1144"
"6092","9ccBd902Eb4FDE3","Prince-Koch","https://giles-howe.com/","Niger","Programmable motivating throughput","2016","Retail Industry","5405"
"2672","A1fADB80cd0a23d","Stafford, Duncan and Costa","http://www.robertson.com/","Trinidad and Tobago","Polarized secondary matrix","2020","Telecommunications","3130"
"9801","0b672fEd52afe51","Huang-Pineda","https://ramirez-rodgers.info/","Russian Federation","Implemented contextually-based circuit","2022","Facilities Services","6062"
"2225","FBf3BF6adeD83Ed","Alvarez-Cameron","https://www.waters-small.info/","Turks and Caicos Islands","Cloned secondary success","1997","Oil / Energy / Solar / Greentech","5417"
"1107","7bE6edC8b26be7E","Sampson, Peters and Blair","https://robertson.com/","Panama","Adaptive optimizing function","1971","Computer Software / Engineering","8763"
"2189","31dD15c92a5908e","Lewis PLC","http://blankenship.com/","Uzbekistan","Seamless transitional initiative","2019","Program Development","4229"
"819","dB0bd5Cc4d3B9B2","Crosby, Howell and Moran","https://scott-sandoval.com/","Mayotte","Automated neutral hierarchy","2007","Internet","9886"
"5572","9052a5697dC2Bfd","Mcintosh Ltd","https://www.conley.com/","Belize","Pre-emptive mobile capacity","1977","Animation","6494"
"4524","acb3231eaeCfa6C","Lane-Cole","https://www.bass-prince.com/","United States Minor Outlying Islands","Synergistic asynchronous open system","2022","Alternative Medicine","2316"
"5794","eAC41a28bf1abFB","Rodriguez-Rowe","http://www.dennis-foster.biz/","Belgium","Extended disintermediate knowledge user","2009","Veterinary","8794"
"9382","8cABA3Bd6FCedc5","Alexander, Hammond and Michael","https://bowman.com/","Brunei Darussalam","Visionary multimedia conglomeration","1988","Non - Profit / Volunteering","9401"
"8781","bd4446fDDEaA4C8","Hudson Inc","http://keith.com/","Zimbabwe","Extended zero-defect interface","1993","Events Services","2397"
"7460","2ce154b4e9c0d96","Oneal-Hahn","http://livingston.com/","Brazil","Networked intangible productivity","1989","Information Technology / IT","2676"
"2625","23B85CFdBFdd381","Jennings Group","http://www.smith.com/","Northern Mariana Islands","Profit-focused bi-directional Graphic Interface","2016","Mental Health Care","8821"
"7095","b13FbA5BA61Bf7b","Robinson, George and Vang","http://www.lam.com/","Wallis and Futuna","Multi-channeled dedicated alliance","1999","Sports","3837"
"9393","cCf985aEb593DE1","Wheeler, Cline and Calhoun","https://www.moss.biz/","El Salvador","Fully-configurable attitude-oriented matrix","1977","Staffing / Recruiting","6398"
"9917","Fd4fDBB2ab3Add6","Park PLC","https://www.valenzuela-thomas.com/","Ireland","Cross-platform contextually-based projection","2008","Facilities Services","4897"
"9120","6a9B7D11ff3FDa8","Harper, Friedman and Ball","https://www.parrish-weber.com/","Nicaragua","Versatile systematic complexity","2002","Law Practice / Law Firms","8616"
"889","BAC7BBBc5651AE2","Potter, Hampton and Sweeney","http://shaffer.com/","Venezuela","Multi-channeled impactful extranet","1998","Gambling / Casinos","6052"
"2438","bFfCaf62C4Cf2ce","Cameron, Orozco and Levine","http://www.dudley.info/","Namibia","Ameliorated actuating ability","1993","Leisure / Travel","5288"
"6057","2DE49492f5C8c74","Haas, Meadows and Tanner","http://farmer.net/","Kenya","Robust fault-tolerant customer loyalty","2009","Information Technology / IT","213"
"7065","A8AB5fE109DbFAE","Velazquez-Brewer","http://www.miranda.com/","Bermuda","Networked even-keeled definition","1975","Defense / Space","9456"
"818","735AE61c7daF8Ba","Huerta, Koch and Hubbard","http://franco.com/","Djibouti","Devolved background capacity","1973","Computer Software / Engineering","7339"
"8935","9BdAaA9eabCE90C","Soto-Davenport","https://www.tucker.com/","Micronesia","Fully-configurable eco-centric benchmark","2007","Industrial Automation","7456"
"3415","16dFCA4E533C33E","Collins-Gordon","http://www.logan-miles.org/","Morocco","Customizable 4thgeneration throughput","1984","Publishing Industry","7055"
"6353","AdcDabB5fB7d4B2","Yoder and Sons","http://www.ryan.net/","Mauritius","Cross-platform empowering initiative","2013","Facilities Services","3976"
"2342","F3baEc64B4ac7C0","Cook, Knight and Hicks","https://koch-david.net/","Malaysia","Optimized disintermediate middleware","2008","Think Tanks","9667"
"9030","8c0A0BD16f6E5Db","Tate-Daniel","http://bishop-boyd.info/","Peru","Multi-tiered attitude-oriented extranet","2016","Photography","1664"
"3168","b1cA17FEEfF97e5","Rios, Cabrera and Heath","https://www.cantu.com/","Montenegro","Intuitive disintermediate alliance","2012","Leisure / Travel","4076"
"1810","852Fd4D263Ccd86","Roach-Hebert","https://www.rodriguez.info/","Slovakia (Slovak Republic)","Multi-channeled 6thgeneration moratorium","1986","Other Industry","3932"
"8036","7Fe5Ad0fE63B3C4","Stafford, Saunders and Webb","http://www.gomez-woodard.com/","Bermuda","Reverse-engineered value-added contingency","2002","Newspapers / Journalism","6132"
"1265","b2cC2Ab8f44CfdB","Tyler and Sons","http://fields-strickland.info/","Poland","Devolved asynchronous matrix","2008","Computer Software / Engineering","3799"
"5087","7Ca1cBD5f0aEd2e","Decker PLC","http://www.bailey.com/","Israel","Vision-oriented asymmetric matrix","1977","Facilities Services","408"
"9676","C228FbF1CD579a3","Zimmerman-Gregory","https://moreno.com/","Falkland Islands (Malvinas)","Quality-focused scalable archive","2004","Luxury Goods / Jewelry","2956"
"5836","ae52857bbFEd56F","Valentine, Gibson and Baker","http://herman.net/","Senegal","Business-focused mobile function","2014","Public Safety","939"
"5195","BDEc685b1Cb14Ee","Santos, Stafford and Browning","http://reyes.biz/","American Samoa","Re-engineered 4thgeneration capacity","1987","Think Tanks","1665"
"4450","70be6Bf114a29F9","Barry-Berry","https://bonilla-chen.com/","Jamaica","Persevering client-server task-force","2013","Paper / Forest Products","7049"
"4946","3fbcCb1Dc903646","Blair, Newman and Hopkins","http://www.butler-terry.com/","Saudi Arabia","Profit-focused context-sensitive middleware","1973","Industrial Automation","1271"
"4046","F01462DdBd2E5d3","Shaffer-Ochoa","http://www.lambert.com/","Kenya","Cross-group dynamic hierarchy","2014","Capital Markets / Hedge Fund / Private Equity","3747"
"6504","2D065CA2bfa4eBc","Solomon-Chandler","https://gilbert.com/","Gibraltar","Decentralized composite time-frame","1975","Computer / Network Security","6375"
"3703","b5BCcF4cDA9CDfa","Levy, Clements and Forbes","http://www.james.com/","Brunei Darussalam","Organized reciprocal Local Area Network","2017","Fine Art","4462"
"1036","46b1e8f1Bdcb9D7","Patel-Ross","http://www.strickland.org/","Monaco","Sharable intermediate ability","1979","Management Consulting","9083"
"9257","eeC764bbbeE39EC","Sanders-Wolf","https://www.mullins.org/","Sao Tome and Principe","Persistent dynamic structure","2014","Fundraising","945"
"5591","9553bAb11AE8031","Terrell LLC","https://www.mata-hunt.net/","El Salvador","Re-engineered responsive workforce","2004","Religious Institutions","8946"
"1229","E11eFb43b481Bd3","Baldwin-Valenzuela","https://www.russo-fry.com/","Croatia","Synergistic explicit challenge","2002","Food Production","5562"
"10000","0D3b7DcFA21d92d","Beck LLC","https://wagner-glover.com/","Georgia","Decentralized context-sensitive service-desk","2007","Wireless","4552"
"6812","63C2500142D83d1","Cooley-Ferguson","http://www.franco.com/","Suriname","Innovative eco-centric success","2008","Mechanical or Industrial Engineering","8421"
"5142","89BE6e643dbbbA5","Vasquez, Warren and Wood","https://www.stout.biz/","Ireland","Diverse full-range focus group","1994","Apparel / Fashion","2662"
"53","EeAAFcdd21dDA58","Grimes, Bauer and Page","http://www.copeland.biz/","Holy See (Vatican City State)","Programmable national solution","1999","Machinery","6323"
"9068","2fD304e3e00De8a","Odonnell-Crawford","https://willis.biz/","Mauritania","Front-line zero tolerance projection","2000","Business Supplies / Equipment","6585"
"8396","d4Af7fB4b80947b","Sherman, Schroeder and Shah","http://torres-horne.com/","Wallis and Futuna","Organic exuding secured line","2000","Financial Services","5416"
"160","18F57aaDEaCdF2B","Small-Smith","https://vang.com/","Lesotho","User-centric user-facing pricing structure","1989","Airlines / Aviation","4893"
"7553","aEdDCeefA8ee42d","Mack-Mathis","https://www.garrison.biz/","Nigeria","Configurable exuding function","1993","Transportation","6806"
"1588","A2B4b1bee0Fb8fF","Briggs Group","http://benitez.com/","Uganda","Networked 24hour core","2008","Wine / Spirits","8940"
"1590","DbC958Acfea33DA","Clark, Michael and Nicholson","http://www.cortez-hanna.biz/","Papua New Guinea","Open-architected web-enabled system engine","2013","Investment Banking / Venture","7809"
"9842","CC47d5662ed657E","Hicks, Haney and Callahan","http://oliver.com/","Uganda","Customer-focused heuristic process improvement","1991","Food Production","3020"
"9329","034aaC63a4e6bE4","Kline LLC","http://www.huynh-jennings.com/","Algeria","Ameliorated optimal software","1986","Wine / Spirits","3911"
"6931","eCf24d227adbe2D","Ritter, Escobar and Oneal","https://www.greer-valenzuela.net/","Niue","Upgradable explicit utilization","1972","Political Organization","720"
"6597","8c30Be2cCA61F24","Reeves-Clayton","http://www.levine-bullock.com/","Korea","Synchronized asynchronous encoding","1995","International Affairs","1266"
"6175","3Dce89BfbA73C85","Kemp and Sons","http://www.savage-roman.org/","Guinea","Universal dedicated secured line","1992","Renewables / Environment","8987"
"8099","6dC01cFAF914800","Franklin, Harper and Kirby","https://www.branch.info/","Papua New Guinea","Exclusive coherent array","1984","Maritime","7900"
"3859","3A29F7BaF3fa573","Aguirre Inc","https://www.alvarado.com/","Bhutan","Organic incremental moratorium","2017","Higher Education / Acadamia","263"
"9815","d4cdbcE34e85fEd","Baldwin Group","http://gardner-price.org/","Tajikistan","Function-based uniform open system","1972","Broadcast Media","8602"
"6692","7cB0585d0cD6ceA","Good Ltd","https://www.russell.net/","Lesotho","Implemented asynchronous frame","1981","Luxury Goods / Jewelry","1532"
"2829","daacEaFb6dE588e","Gilbert-Wilkinson","http://www.ponce.com/","Malaysia","Total client-driven flexibility","1990","Management Consulting","5944"
"437","cD185fAD7EcFD6e","Frye, Allison and Mcguire","https://stanton-perez.com/","Yemen","Organized mobile knowledgebase","1976","Program Development","3716"
"8275","B2eAdC4F3272Db8","Cameron Ltd","http://www.baker.org/","Antigua and Barbuda","Secured demand-driven process improvement","2016","Sporting Goods","2637"
"8169","3e63Fd764e5a2cf","Le, Stevens and Russell","http://pena.com/","Cook Islands","Front-line user-facing encryption","1991","Investment Banking / Venture","7614"
"3879","6cEb3A9ec1dfCa7","Soto-Prince","https://meyer-fisher.com/","Fiji","Programmable mobile data-warehouse","1970","Business Supplies / Equipment","1764"
"1589","C2Fab6adcc5A1fa","Oneill, Carpenter and Huber","http://valenzuela.org/","Czech Republic","Up-sized modular focus group","2016","Airlines / Aviation","1340"
"2781","53E1CE7c8a32Bda","Jensen-Zhang","http://hunt.com/","Czech Republic","Mandatory value-added application","2007","Marketing / Advertising / Sales","3253"
"8982","d22ACcb6AA2eE05","Salas-Rasmussen","https://chavez.com/","Dominica","Profound context-sensitive structure","2016","Veterinary","3044"
"8562","1Ee6bC95DA7f09C","Chavez PLC","https://www.roach.biz/","Antigua and Barbuda","Distributed full-range flexibility","1993","Cosmetics","9605"
"5687","c2BBc92AFF4cCE8","Patterson PLC","https://www.brooks-gregory.com/","Macao","Polarized 6thgeneration benchmark","2008","Computer Hardware","2351"
"3966","dbf5A2f281Dd521","Key, Benjamin and English","http://holloway.info/","Colombia","Compatible content-based initiative","2009","Computer Games","1806"
"4728","318D69DaDF13a10","Booth, Conley and Hood","https://www.watson-knapp.info/","Taiwan","Future-proofed static artificial intelligence","2013","Market Research","1904"
"974","B791Dd1B9FEda3A","Tucker, Levy and Ali","https://gregory.info/","Qatar","Visionary cohesive leverage","2000","Consumer Services","2275"
"1239","E27BAd52d5CF200","Harding, Kent and Long","http://www.stafford.com/","Kazakhstan","Cross-group content-based knowledge user","1982","Commercial Real Estate","5590"
"2952","3abf8d7EAF8cfdE","Liu, Lawson and Mclean","https://rich.com/","Austria","Ergonomic multi-state toolset","2014","Law Enforcement","5506"
"2343","3f55e4D0f38ac86","Gilmore-Diaz","http://www.pruitt.info/","Korea","Persistent upward-trending workforce","2000","Shipbuilding","7768"
"6521","5dCa8D3aCe7Af7C","Howe Group","http://www.grimes.org/","Niger","Advanced exuding hub","2011","Events Services","7974"
"7311","ccDC7412FafF0Db","Phillips, Huerta and Spears","http://www.simon.biz/","Gambia","Persistent holistic structure","1973","Consumer Electronics","5822"
"6047","d113D2c465EF503","Valenzuela-Dawson","https://www.garrison.net/","Benin","Exclusive object-oriented data-warehouse","2011","Mental Health Care","3892"
"2159","C2aDCecB47C1BFe","Mcpherson, Fox and Macias","https://frazier.biz/","Thailand","Open-source executive encryption","1998","Security / Investigations","3077"
"9289","B53Ed94890acFe8","Cochran-Kirk","http://hughes-kelly.org/","Swaziland","Centralized full-range framework","2001","Pharmaceuticals","7007"
"6590","f4da7ed8FBaC4Bb","Fry, Byrd and Clay","https://gates.info/","Mayotte","Adaptive user-facing ability","2018","Luxury Goods / Jewelry","1040"
"1498","6b60EAe5C4FD1FE","Nixon, Brown and Trujillo","https://key.info/","Iceland","Synchronized demand-driven access","2002","Judiciary","6234"
"4546","58A2Efbb2d08DA9","Chan Group","https://rowe.com/","Pakistan","Face-to-face dynamic productivity","1999","Law Enforcement","5607"
"6466","A4B6EAf2c4cB4bB","Butler-Wilkerson","http://www.owen.com/","Libyan Arab Jamahiriya","Cloned multimedia Local Area Network","1988","Primary / Secondary Education","9073"
"4258","F1E0fA9BecbeaCA","Marks, Hernandez and Choi","https://quinn-kidd.com/","Cote d'Ivoire","Persistent homogeneous success","2002","Fishery","6443"
"2423","9ABA9B48a72dEcF","Soto-Lynch","https://www.clements.org/","Cuba","Grass-roots client-server forecast","1982","Information Technology / IT","4560"
"8565","32B1FBDeF1bCc04","Hawkins PLC","http://villanueva-kirk.com/","Mongolia","Re-engineered impactful policy","2002","Real Estate / Mortgage","4937"
"5186","fF1Aa1C49A3DDD4","Henson-Willis","https://chan-mcgrath.com/","Malaysia","Expanded even-keeled orchestration","2010","Broadcast Media","5887"
"5648","4c014e0B333FE9c","Rubio-Acevedo","http://singleton.com/","Guinea-Bissau","Seamless encompassing time-frame","2013","Defense / Space","4401"
"358","1BfEBE923Db8074","Booker-Burnett","http://www.maldonado.com/","Trinidad and Tobago","Automated zero-defect ability","2021","Veterinary","3390"
"5243","Cc56c7aEd0bFb35","Ramos-Franco","http://www.mosley.org/","Romania","Synergized motivating time-frame","1977","Information Technology / IT","9337"
"8012","ECC31DD38781966","Sanford-Strong","http://www.hernandez-reid.com/","Cuba","Re-contextualized executive intranet","1998","Biotechnology / Greentech","9019"
"9241","DECD5Ec535e1ebe","Snyder-Farley","http://www.bowman-huerta.com/","Brunei Darussalam","Re-contextualized even-keeled projection","1980","Computer Networking","5476"
"2093","4CFfC510feE822E","Powell Inc","http://www.cobb-mata.com/","Uganda","Face-to-face actuating core","2012","Music","1503"
"5410","Aae7c64A5a3e67F","Rich, Hester and Vaughn","https://brennan.org/","Latvia","Vision-oriented zero tolerance concept","1987","Sports","7170"
"2016","A28ac0cbEa855f4","Shah Ltd","http://www.meyers.info/","Comoros","Customizable homogeneous approach","1981","Government Relations","4379"
"9060","4dEbf6e74E80ca9","Stein-Bowen","https://www.odonnell.info/","Philippines","Exclusive next generation instruction set","2019","Health / Fitness","7283"
"4045","dbb7401b2492430","Cortez Ltd","http://www.singh.net/","Palestinian Territory","Enhanced bifurcated adapter","1994","Facilities Services","2165"
"188","D1e76A75c07f916","Brock, Fields and Gallagher","https://www.krueger.com/","Bermuda","Re-contextualized intangible contingency","1970","Consumer Goods","9116"
"6859","D6cabcAbBbeC8d1","Obrien and Sons","http://www.gray.org/","Thailand","Inverse executive process improvement","2009","Renewables / Environment","6022"
"3656","4B1B2d56cD67FD1","Valdez, Roth and Le","http://www.harris.info/","United Kingdom","Sharable fault-tolerant strategy","1974","Program Development","3739"
"3427","83620F1Dc90DB1a","Brady LLC","http://mercer.org/","Romania","Intuitive fault-tolerant moderator","1997","Shipbuilding","5358"
"7195","Eed18E7d8F3f716","Norman-Campbell","http://hayden.org/","Mongolia","Adaptive motivating standardization","2003","Utilities","5751"
"1382","3bD8692f557bAaa","Townsend-Randolph","http://www.weaver.com/","San Marino","Object-based directional support","1974","Veterinary","1280"
"7469","bBfc31c54FEfcE7","Washington-Huang","http://www.simon.com/","Liberia","Re-contextualized homogeneous matrices","1970","Government Relations","5472"
"414","F2DABBf351F77FB","Mathis, Chaney and Caldwell","http://www.casey.com/","Taiwan","Enterprise-wide eco-centric application","1996","Information Services","6600"
"5038","84BAA7f251DFacd","Walls Ltd","https://www.williams.biz/","French Polynesia","Secured dedicated installation","2012","Chemicals","9928"
"4898","67e5578Fee491Bc","Randall Inc","https://atkins.com/","Holy See (Vatican City State)","Devolved zero administration challenge","2015","Mining / Metals","8416"
"3337","0388f26ac9eDaEf","May, Valencia and Benjamin","https://cantu.net/","Bahrain","Optimized mission-critical intranet","2007","Retail Industry","6928"
"3607","1ff5bA8648f7A8C","Sawyer PLC","https://www.gentry.com/","Cameroon","Switchable fresh-thinking policy","1971","Apparel / Fashion","2962"
"3176","5B2C3dbD33547FA","Newman Inc","http://www.ross.info/","Cape Verde","Future-proofed multi-tasking knowledge user","1984","Performing Arts","9308"
"2242","31d149A02f6BB3a","Mccoy-Howard","https://davila.com/","Benin","Reactive value-added hardware","2001","Cosmetics","230"
"9709","0A404827c0A8846","Willis Inc","http://knight.info/","Bermuda","Object-based tertiary projection","1984","International Trade / Development","8710"
"7797","014DAbBe61EccF1","Villa, Sloan and Wise","https://bailey.com/","Macedonia","Optional bottom-line access","1974","Leisure / Travel","8078"
"257","51Cd8c3bBB7bf32","Flowers Ltd","http://www.huff-frank.biz/","Cape Verde","Digitized exuding algorithm","1981","Banking / Mortgage","6905"
"8621","4Fd45Ff4Df3Dddc","George PLC","https://simon-cherry.com/","Romania","Polarized didactic ability","2012","Warehousing","1613"
"201","EA9703aC3EA6b3E","Little-Mcintyre","http://www.moss.com/","Armenia","Sharable impactful instruction set","2015","Broadcast Media","2261"
"2236","CF35e2F45AFBA20","Rose, Petty and Kim","http://hill.net/","Monaco","Networked 3rdgeneration firmware","1989","Tobacco","4770"
"4744","b410bBeBCBEfAAB","Martin-Beard","https://clayton-morse.com/","Canada","Fully-configurable stable groupware","1996","Program Development","1408"
"1768","fDb6A0F9458Eb84","Hardin-Kidd","https://short-berger.com/","New Zealand","Versatile user-facing capability","1979","Music","8999"
"4237","Dc24c5b7bDf51FF","Pollard, Mcknight and Boyle","http://www.conway.net/","Nicaragua","Digitized 24hour strategy","1971","Sports","2069"
"6730","0590a34B3D3C6fb","Blankenship-Estes","https://www.wilkerson.com/","Faroe Islands","Team-oriented asymmetric support","1980","Think Tanks","3789"
"8451","7e97eF58D8D52C7","Bailey-Villa","https://paul-franklin.info/","Ukraine","Upgradable mission-critical alliance","1984","Medical Equipment","6113"
"7278","6002CaADeDbAEE2","Gamble Inc","http://newman-burnett.com/","Lebanon","Virtual 24hour focus group","1978","Architecture / Planning","4727"
"1573","Aaab982e3e55Faa","Cabrera-Rowe","http://howell.com/","South Georgia and the South Sandwich Islands","Digitized zero-defect portal","2013","Utilities","3553"
"25","d4B566cF72D2A03","Schaefer, Bates and Pugh","http://marquez.org/","Swaziland","Optimized well-modulated complexity","1987","Design","8044"
"3364","5A9C3079ab67dA6","Gomez, George and Howell","http://www.whitaker-lane.net/","Jamaica","User-friendly modular monitoring","1988","Farming","7613"
"1089","69dEEEE5DDD9B1F","Shelton-Levy","https://www.harding.com/","Argentina","Visionary optimal conglomeration","2006","Biotechnology / Greentech","3628"
"4675","62bFd8Da8CffA79","Booth-Little","https://poole.com/","Myanmar","Focused solution-oriented info-mediaries","2003","Legislative Office","7489"
"2695","19B5Cc8E534f4ab","Drake PLC","http://hogan.info/","Kenya","Organic incremental ability","1991","Restaurants","8630"
"7583","C5a35f966C4BD3F","Roach-Blair","http://jones-stuart.com/","Saint Helena","Implemented solution-oriented benchmark","1975","Law Practice / Law Firms","8690"
"3399","F94bD37069c192F","Reynolds-Scott","https://ewing.com/","South Georgia and the South Sandwich Islands","Expanded local projection","1984","Higher Education / Acadamia","5894"
"3560","0a94dFD15D6E7D4","Salas, Vang and Cherry","http://www.nicholson-nielsen.com/","Belize","Sharable regional functionalities","2010","Recreational Facilities / Services","7548"
"9157","F7ECFAA698B8AAE","Roberts Ltd","https://delacruz.com/","Ireland","Universal 6thgeneration Graphical User Interface","2007","Staffing / Recruiting","801"
"2842","EfBB4a7FaEBee0D","Mercado Inc","https://leon.com/","South Africa","Down-sized incremental solution","2006","Publishing Industry","8097"
"2312","8fC38cEceB732cc","Bennett, Moreno and Knight","http://www.parsons-mills.com/","Namibia","Robust zero administration array","1980","Public Safety","7612"
"8334","Dde46BCF854bE5F","Christensen Group","http://boyle.com/","Georgia","Up-sized zero tolerance Graphical User Interface","1984","Computer Software / Engineering","7951"
"3235","81d7EcdEDF448FC","Estrada, Boyle and Best","http://www.tucker.com/","Romania","Ergonomic full-range structure","2000","Other Industry","9974"
"4153","eFAfDc0DcAAac1E","Riley, Baldwin and Bruce","https://www.browning-dixon.com/","Norfolk Island","Cross-group multi-tasking firmware","2020","Political Organization","7757"
"1310","C322f0ee480cd2D","Kent, Cain and Cummings","http://huang-rodriguez.com/","Sierra Leone","Open-source bifurcated task-force","1982","International Trade / Development","3908"
"696","ec737E8ce5b5FA6","Vargas, Mcfarland and Haas","https://figueroa.biz/","Belarus","Configurable optimizing hub","1991","Performing Arts","4527"
"9860","d263847aADb10B3","Green, Montoya and Mejia","http://kramer.com/","Saint Kitts and Nevis","Secured composite strategy","1977","Electrical / Electronic Manufacturing","1877"
"3753","f7E088f3FBADFDB","Acosta, Wells and White","http://branch-may.com/","Italy","Organized zero tolerance moderator","1978","Hospitality","8449"
"6338","24335FCcd36BfbD","Alvarado Inc","http://www.ryan.net/","Guatemala","Progressive bandwidth-monitored model","1981","Plastics","9627"
"1228","eB45A18cE992809","Ellison, Landry and Santos","http://wolf.com/","South Africa","Function-based regional system engine","2020","Capital Markets / Hedge Fund / Private Equity","5344"
"2000","5bbBaaECaBf2626","Benitez-Kelley","http://castro.com/","Kuwait","Polarized global open system","2003","Machinery","6331"
"277","83AEd6b96012b4C","Sparks, Sutton and Kennedy","https://hatfield.info/","Jersey","Advanced radical data-warehouse","1979","Paper / Forest Products","509"
"8177","B54fb4AcEaFBbd2","Bernard, Li and Dunlap","https://www.dominguez.com/","Svalbard & Jan Mayen Islands","Implemented dynamic service-desk","2020","Ranching","6435"
"7665","06F90f4baEEe64F","Hunter-Douglas","https://www.ruiz.com/","Israel","Adaptive value-added extranet","1987","Apparel / Fashion","59"
"5930","E07529A937DFCEc","Blake, Ferguson and Conrad","https://velasquez.info/","Indonesia","Decentralized demand-driven interface","2000","Primary / Secondary Education","9632"
"2954","f1CdAEfEEeA2fd7","Atkinson, Winters and Howard","https://www.lawson.com/","Armenia","Intuitive object-oriented pricing structure","2016","Shipbuilding","733"
"3638","E64de4D36877aF7","Long Ltd","http://www.walls-riley.com/","Cote d'Ivoire","Optional contextually-based definition","1971","Alternative Dispute Resolution","8219"
"3907","CAdFF0c0fEDcCF5","Morse-Mcmahon","https://barton.com/","Greece","Face-to-face zero administration open system","1975","Leisure / Travel","3669"
"4779","5aF7f5D7aDd118B","Brock, Craig and Boyer","https://www.ali.net/","Singapore","Exclusive systemic knowledge user","1997","Non - Profit / Volunteering","2190"
"5846","CfAa0BaD0b5DEA2","Espinoza Group","https://moss.net/","Niue","Secured maximized architecture","1988","Electrical / Electronic Manufacturing","3338"
"9699","C0451c9beeD4dFD","Bass Group","https://mejia-walton.net/","Cuba","Exclusive even-keeled portal","1976","Information Technology / IT","4410"
"4118","Fe0DBce024B352F","Armstrong, Duffy and Erickson","http://www.levy-santos.info/","Congo","Visionary asymmetric capacity","1986","Political Organization","2180"
"7031","acea4db9ABac64C","Lowery and Sons","https://www.barnes.org/","Mali","Extended coherent customer loyalty","1988","Building Materials","8586"
"1138","79Ef512590b7d90","Cowan Ltd","https://bautista.com/","Austria","Horizontal mobile product","1983","Sports","4315"
"2768","c4D810AaEAaAd0e","Hartman, Sparks and Melton","https://www.krueger.info/","Christmas Island","Persistent context-sensitive policy","1985","Venture Capital / VC","213"
"2335","CECEbD757Aec4e0","Conrad-Carrillo","https://hunter.com/","Netherlands","Business-focused optimizing hardware","2008","Aviation / Aerospace","4149"
"7707","0caC30A9BFd98e7","Morrison-Jimenez","http://www.blankenship-riggs.org/","Madagascar","Organic incremental customer loyalty","1979","Research Industry","2938"
"943","5dC0bF92E67CB02","Gamble-Mejia","http://howard.info/","Bangladesh","Distributed disintermediate adapter","2020","Environmental Services","1904"
"7663","D9daAb6fdDe5dBC","Livingston Group","https://www.huynh.com/","Netherlands","Stand-alone upward-trending synergy","2000","Pharmaceuticals","5161"
"2491","ff0cfdE84Aa7004","Ballard-Fields","http://malone.net/","Israel","Synchronized homogeneous intranet","1974","Glass / Ceramics / Concrete","5050"
"9680","7f8D4b875CC88Cf","Hubbard-Sutton","https://www.gill.com/","Fiji","Switchable reciprocal hub","2015","Hospitality","1605"
"6291","b0DFc0a147070c1","Randall, Oneal and Torres","https://www.berger.com/","British Indian Ocean Territory (Chagos Archipelago)","Reactive multi-state toolset","1978","Import / Export","9372"
"4936","29e86aCD17FDbaC","Winters-Park","http://www.cooke-peterson.info/","Bangladesh","Public-key mission-critical circuit","1998","Philanthropy","1924"
"3936","065C3487bdA1Cc5","Kelley-Gaines","https://www.charles.info/","Russian Federation","Optimized impactful encoding","2007","Music","5717"
"6957","Fff078c6B67ac77","Jennings Group","https://richards.com/","Nicaragua","Ameliorated hybrid time-frame","2017","Farming","7291"
"2385","bA9cE25443a8e3E","Hopkins, Friedman and House","https://cannon.com/","Faroe Islands","Progressive coherent secured line","1993","Internet","7558"
"116","A5a144A7C4BFeAE","Bell-Ibarra","https://chandler.biz/","Thailand","Focused national analyzer","1991","Environmental Services","9183"
"1864","49fdA3f530Acd39","Johnston and Sons","http://www.powers.com/","Malaysia","Seamless non-volatile model","2003","Defense / Space","2483"
"9977","d5B6ccE5F22DCCC","Mercado, Gilmore and Flores","http://stanley-weber.com/","Marshall Islands","Ameliorated intangible hierarchy","1980","Recreational Facilities / Services","4134"
"3120","fEe2acCeD7a70ab","Wade, Sellers and Gonzalez","http://www.trujillo.biz/","Guatemala","De-engineered intermediate hierarchy","2014","Market Research","2678"
"4259","AdEf0FD3BAfDDbA","Cervantes Group","http://benson-weber.com/","Marshall Islands","Universal multi-state core","1980","Construction","4522"
"6706","1BD59efeb7e02ff","Stephens, Larsen and Phelps","http://dillon.org/","Dominica","Realigned optimizing migration","1998","Food / Beverages","6395"
"903","C5a592f7C1FBb8e","Allison, Wolfe and Hale","https://solis.com/","Benin","Enterprise-wide 24/7 utilization","1980","Recreational Facilities / Services","4614"
"2820","Ea4Ab8dF6c1b6AC","Joseph Group","http://burns.com/","Iraq","Ergonomic dedicated alliance","1991","Translation / Localization","8459"
"3823","FEdC6E874c1CfbC","Gilbert-Crane","http://www.rollins-ortega.org/","Chad","Re-contextualized cohesive algorithm","2004","Library","9560"
"8162","a214b8fFa352fA1","Harris, Freeman and Bolton","http://www.mcbride.net/","Macedonia","Devolved global website","1996","Public Safety","1534"
"6891","31Bfa8BADC1d1ed","Middleton, Lam and Reed","https://www.glenn-bean.net/","Serbia","Function-based 5thgeneration focus group","2005","Public Safety","379"
"9091","40cCFAB11c17aD0","Downs Ltd","https://bonilla-conway.com/","United States of America","Programmable methodical neural-net","1982","Gambling / Casinos","103"
"4700","d8D2B898dCfCD7d","Flowers, Best and Howell","http://hayes.com/","Botswana","Open-source directional complexity","2003","Internet","2957"
"8919","Ec14234a6858aC1","Wells-Walls","https://www.warner.com/","Madagascar","Seamless intangible open architecture","2012","Cosmetics","7383"
"3803","F7Fece1C5DAaDc0","Hampton Inc","https://www.holt-lamb.info/","Malawi","Sharable upward-trending open architecture","2014","Professional Training","1737"
"6069","a836fA4caF57975","Shannon LLC","https://murillo.net/","Monaco","Streamlined dedicated concept","1970","Computer Hardware","3293"
"5811","C75Ac3f8A7599e1","Reynolds-Lowe","https://www.lucas.com/","Cyprus","Digitized global website","1995","Food / Beverages","6670"
"3537","3fADD7DC0AB78B4","Thornton Inc","http://pruitt.com/","China","Compatible even-keeled algorithm","2007","Hospitality","8819"
"3826","9406788C2c7d9b0","Copeland LLC","https://mayo-arroyo.com/","Belarus","Polarized client-server parallelism","2021","Education Management","4052"
"8643","910Cffb9Dae6dC0","Guerra-Bradshaw","https://garcia.net/","Ecuador","Expanded executive core","1986","Hospitality","621"
"8609","e35649F5Be0Bc1D","Gregory-Middleton","http://foster-hodges.biz/","Guinea-Bissau","Customizable logistical interface","1995","Logistics / Procurement","2736"
"4811","0aF4b52DD54EcfF","Short LLC","https://www.sullivan.com/","Tonga","Ameliorated intangible artificial intelligence","2000","Translation / Localization","3213"
"1947","D9C5D802F18e68C","Landry-Contreras","https://www.burgess.org/","Jersey","Ameliorated upward-trending superstructure","1984","Professional Training","1333"
"8601","e600287aF6dAEbD","Stuart, Hicks and Livingston","https://downs.com/","Mayotte","Optional heuristic focus group","2014","Hospital / Health Care","7061"
"7137","F1a5dfC38325DF9","Huynh, Lawson and Key","http://mcdaniel-webster.net/","Uruguay","Enterprise-wide background budgetary management","1970","Wireless","4905"
"5336","ea112FA9AEcCe8A","Kent, Hardy and Pittman","http://www.bowman.com/","Lithuania","Mandatory neutral concept","1973","Accounting","1173"
"3489","0C8b12cDa7EC8Cb","Landry, Rios and Cabrera","http://barr.com/","Montenegro","Grass-roots exuding structure","2010","Dairy","9597"
"1611","6AbBAcd16a6a8B7","Mercado PLC","http://hayden-lowe.com/","Netherlands Antilles","Synchronized mobile extranet","2005","Civil Engineering","506"
"7462","ceDD48E79E3228e","Molina-Beltran","http://www.torres.org/","Spain","Enhanced scalable framework","1977","Wireless","2204"
"8474","eBc11bd2417af4B","Morrison-Avery","http://www.dougherty.com/","Reunion","Progressive bi-directional methodology","2011","Mechanical or Industrial Engineering","1636"
"4678","F6DCE672bFEdc3a","Huber, Case and Klein","https://www.bell.com/","Bermuda","Intuitive coherent policy","1977","Automotive","7128"
"4960","0eE901ef6CeF78d","Simmons Group","http://www.grant-murphy.com/","Uruguay","Synergistic heuristic methodology","1976","Gambling / Casinos","4"
"5868","85ffF938E97cc80","Woods, Combs and Flores","https://hendrix-bradshaw.com/","Bulgaria","Stand-alone web-enabled artificial intelligence","1999","Hospitality","6238"
"8764","9eFb66F1cc6A233","Hunt, Mcconnell and Mcgrath","https://mckay.org/","French Southern Territories","Reactive modular strategy","2022","Fine Art","4218"
"4762","D3fdBDfA98Abe3C","Cabrera PLC","https://higgins.biz/","El Salvador","Multi-tiered exuding software","2001","Packaging / Containers","2332"
"2195","ECCf736E6B0ead9","Wallace-Hardy","https://ruiz.com/","Guyana","Inverse asymmetric system engine","2015","Computer Software / Engineering","4809"
"8004","22d7eFe48DA499d","Wyatt-Roach","http://www.vaughn-simpson.com/","Maldives","Object-based 5thgeneration secured line","1974","Ranching","2035"
"5702","C4e52CAdd9ef07e","Decker-Arias","http://holden-love.com/","Kiribati","Synergistic modular circuit","2015","Medical Equipment","2677"
"5114","efD25CC86Bdfd92","Singleton Inc","https://www.beard.com/","United States Minor Outlying Islands","Business-focused incremental forecast","1991","Architecture / Planning","8664"
"558","7EDAFf232F5AFE2","Olsen Inc","https://blackwell.info/","Maldives","Enterprise-wide homogeneous synergy","1986","Mining / Metals","1829"
"8066","F57eC54E2f1De7b","Zuniga LLC","https://www.lopez-bailey.com/","Macedonia","Synchronized explicit contingency","2013","Newspapers / Journalism","3372"
"5140","B83d2ccDB70d4Ac","Poole, Madden and Brooks","http://cunningham-roman.com/","Azerbaijan","Open-architected reciprocal artificial intelligence","1999","Pharmaceuticals","9710"
"1208","Eb5044307aBCb2b","Salazar PLC","http://rosario.com/","Cuba","Quality-focused needs-based function","2000","Human Resources / HR","3644"
"7034","fE41f875Fa61781","Long-Hardin","http://www.kramer-singh.com/","Finland","Monitored local adapter","1998","Capital Markets / Hedge Fund / Private Equity","3438"
"7310","E4537Bc2b4fB6d8","Olsen and Sons","https://www.gallagher-odonnell.com/","Tanzania","Networked transitional approach","2016","Music","6050"
"1511","c6E5DbFAF90D53a","Oconnor, Decker and Holder","http://www.chapman.com/","Tajikistan","Diverse attitude-oriented process improvement","2016","Import / Export","6755"
"6770","A26Fcde43A51aBd","Keller Ltd","http://zuniga.com/","Azerbaijan","Devolved coherent concept","2003","Biotechnology / Greentech","9919"
"3830","9d0E30B1dA95Ae3","Conner, Summers and Benson","http://aguilar.com/","Mauritius","Devolved responsive conglomeration","1995","Automotive","1398"
"3733","f56b5881Ef3cE8B","Tran-Zamora","http://rubio-jacobson.com/","Sri Lanka","De-engineered radical attitude","1980","Luxury Goods / Jewelry","6617"
"7958","2D62DbbF362bB42","Oliver-Camacho","https://www.mayo-ochoa.com/","Sri Lanka","Proactive stable knowledgebase","2014","Fishery","1696"
"3212","be7A29a7A0C4890","Roy Ltd","http://www.villarreal-drake.net/","Lesotho","Advanced content-based concept","1994","Wholesale","5541"
"3631","C0ceCA4f1Db7258","Paul-Woods","https://reeves.com/","Anguilla","Streamlined multimedia protocol","1993","Aviation / Aerospace","6515"
"1709","4CbCCEbaEfaD69d","Weeks-Shelton","http://haynes-ruiz.com/","Cyprus","Self-enabling homogeneous emulation","1991","Fine Art","784"
"1846","Ca9F6DeEfaf6ABE","Gray-Ray","http://mueller-bryan.com/","Benin","Face-to-face fresh-thinking flexibility","1980","Utilities","1522"
"267","7576c09F2e9C71D","Bowen, Murphy and Mcdonald","http://klein.com/","Bhutan","Intuitive systemic leverage","2004","Computer / Network Security","1457"
"5986","Cb8b1Bb91bCbBcb","Conrad-Spence","http://www.olsen-barry.biz/","Lebanon","Stand-alone regional challenge","1999","Packaging / Containers","8675"
"1141","8F9B5161c7Fc7e0","Andrews-Henson","https://carney.info/","Paraguay","Focused homogeneous analyzer","2019","Fundraising","3205"
"3163","F1F1a0Cba7a9B86","Miranda Group","https://www.heath.net/","El Salvador","De-engineered 6thgeneration capacity","1980","Utilities","7920"
"6208","b779cCe6223E33b","Copeland LLC","http://weeks-nicholson.org/","United Arab Emirates","Proactive uniform flexibility","1979","Military Industry","2044"
"2047","39Bbd14f1eA6EbD","Oconnell-Barber","https://www.mata.com/","Moldova","Function-based neutral capacity","1979","Animation","8645"
"3731","954dCfd5E804Df6","Nicholson, Faulkner and Finley","https://huynh-pratt.com/","Nicaragua","Customer-focused context-sensitive instruction set","2011","Computer Software / Engineering","1632"
"1910","c8bEEDdd4bD0Ca0","Elliott, Bowers and Atkins","http://joseph-kent.info/","Burundi","Multi-lateral intermediate utilization","2019","Real Estate / Mortgage","8100"
"7308","a27fC636f77ed6A","Shepard Group","https://butler-bradshaw.org/","Guyana","Customer-focused needs-based productivity","1974","Professional Training","3015"
"2661","ce96debCf3BaCcd","Clark and Sons","https://www.benjamin.net/","Pakistan","Streamlined next generation application","2021","Investment Management / Hedge Fund / Private Equity","1809"
"657","aCb6BfCB2f3Bbc7","Noble, Pacheco and Fuller","http://meza-morrow.com/","Serbia","Multi-layered zero-defect matrices","2021","Other Industry","7618"
"6661","e4A0aEA1b344f4c","Lin Ltd","http://www.obrien.com/","Jersey","Synergistic bifurcated portal","2002","Law Enforcement","7573"
"1308","4d246f6ce57c0Af","Glover-Fitzpatrick","https://www.patrick.com/","Uruguay","Switchable attitude-oriented function","1974","Higher Education / Acadamia","3268"
"9430","2b0afd0dFaaEa9c","Trevino-Esparza","http://ali.net/","Saint Martin","Organic bandwidth-monitored access","2009","Renewables / Environment","7548"
"999","A1CE0F5EDeE3Ec1","Huber Ltd","https://www.newton.com/","Azerbaijan","Inverse grid-enabled algorithm","2002","Writing / Editing","506"
"7433","dcabCdbef0f5e27","Snyder-Dawson","http://www.sampson-maddox.com/","Namibia","Down-sized asymmetric Local Area Network","1975","Farming","5883"
"2835","d0c440B891D4E4e","Kelly-Arroyo","http://stewart.biz/","Ghana","Polarized full-range matrix","1972","Wine / Spirits","5838"
"9179","A2Ad8DfAf5612aB","Baldwin and Sons","https://esparza.com/","Equatorial Guinea","Multi-tiered coherent strategy","2004","Civic / Social Organization","2525"
"5881","8CB2Dd3BbbeA2f4","Underwood LLC","https://www.burton.com/","Afghanistan","Digitized local circuit","1990","Glass / Ceramics / Concrete","9247"
"1238","045e4d4eaa46Be5","Sandoval-Meadows","http://jordan.com/","Suriname","Centralized transitional knowledge user","1986","Internet","8180"
"2152","1E91EedE52bE5D2","Bowers-Preston","https://vasquez-kline.com/","Cayman Islands","Operative object-oriented portal","2021","Cosmetics","5381"
"7920","96a5Cb9b00dfdE5","Hale, Haas and Wade","http://www.juarez.com/","Maldives","Enhanced discrete time-frame","1977","Mining / Metals","626"
"9696","46AD1F326d22D70","Walls-Frye","http://stevens.com/","Mexico","Diverse global open system","2015","Fishery","9111"
"7190","0bBc84cbDE02087","Gilmore-Velasquez","http://valencia-harding.com/","Spain","Future-proofed 24/7 application","2001","Fundraising","8292"
"8304","9d79AEf5ab55FAB","Blankenship-Barnes","https://www.compton-andersen.com/","Jamaica","Adaptive 24/7 focus group","2002","Shipbuilding","602"
"6579","D4aab176fF206DA","Duran Group","http://chen-pugh.com/","Namibia","Vision-oriented eco-centric application","2011","Airlines / Aviation","7920"
"5092","9FE9E4fa44B4AA0","Schwartz-Harrison","https://www.schmidt.info/","Lebanon","Persevering zero administration parallelism","1983","Outsourcing / Offshoring","9186"
"2187","CA1deE8b2d20CC2","Obrien-Valdez","https://barajas.com/","Eritrea","Total scalable product","1971","Motion Pictures / Film","6822"
"1135","841F3fcC5C1aC1d","Pierce, Jefferson and Guzman","https://www.newton.net/","Cote d'Ivoire","User-friendly fault-tolerant ability","2017","Individual / Family Services","8276"
"5005","f5DABFacBDBECCA","Miller-Flores","http://navarro-norris.com/","Cuba","Enterprise-wide clear-thinking encoding","1996","Airlines / Aviation","7324"
"7975","0E4eB65002aD65b","Mckenzie Group","https://www.williamson.com/","Philippines","Universal user-facing model","1983","Performing Arts","8643"
"1304","b2a25A2DedFac1E","Sanchez Ltd","https://www.carroll.net/","Spain","Focused cohesive hardware","2018","Market Research","581"
"8469","eEe1101EF6AeEb8","Gould LLC","https://www.fletcher.com/","Israel","Multi-lateral dedicated contingency","1985","Graphic Design / Web Design","1457"
"1628","29dc565e3239aD5","Berry, Vincent and Figueroa","https://www.hutchinson.com/","Taiwan","Persevering needs-based success","1996","Museums / Institutions","2539"
"9282","bB1eBaD24851a2b","Mcgee Ltd","http://beck.info/","Bahamas","Innovative transitional concept","1998","Medical Equipment","7308"
"1523","52CBEd526ff431c","Myers Ltd","https://www.dougherty.com/","Malaysia","Mandatory real-time core","1989","Construction","3078"
"9811","940B0e84C239F7C","Schultz-Lin","https://cohen.com/","Zambia","User-centric foreground time-frame","1981","Wireless","2911"
"359","Ae1265ceF526E53","David, Chang and Flynn","http://kelly-lutz.com/","Kuwait","Switchable analyzing groupware","1971","Banking / Mortgage","6524"
"139","edD0DdAD1FeB6Ad","Morales-Schmitt","https://www.kerr-patterson.com/","Benin","Virtual encompassing infrastructure","2014","Professional Training","2919"
"300","eDa38A2FBCc7308","Yoder, Weiss and Ferrell","https://www.dalton.org/","Mayotte","Triple-buffered static initiative","1998","Farming","9129"
"1557","8F5aDb2BEbDBFd6","Fowler-West","https://www.fitzpatrick-andrews.com/","Moldova","User-friendly bandwidth-monitored moratorium","1979","Capital Markets / Hedge Fund / Private Equity","7521"
"5100","ac69A3f6e4D7f35","Galloway LLC","http://www.curtis.net/","Central African Republic","Persevering bi-directional product","1994","Pharmaceuticals","6442"
"383","5Fec02EBd4CbA24","Sanders Group","https://www.mcclain.com/","Greenland","Business-focused disintermediate paradigm","2008","Philanthropy","835"
"8313","FfEF4dE56d9FD0c","Harper, Soto and Fitzpatrick","http://www.watts.com/","Azerbaijan","Profit-focused uniform website","1997","Biotechnology / Greentech","9895"
"6949","430ea65cBbE2fac","Cantu Group","https://farmer-morton.com/","Suriname","Cross-platform attitude-oriented migration","1977","Non - Profit / Volunteering","8222"
"4858","93BCAAbef3b16Ee","Potter-Rodgers","http://www.black.com/","Wallis and Futuna","Profit-focused clear-thinking circuit","1973","Broadcast Media","394"
"3181","1EFfc1FF87DbCa5","Villanueva, Roach and Osborne","https://www.montes.org/","Togo","Universal solution-oriented infrastructure","1977","Oil / Energy / Solar / Greentech","3799"
"1440","987edA6AB3C239C","Carroll, Nash and Mcconnell","http://bender-larson.com/","Nigeria","Optional global migration","1988","Transportation","1059"
"7270","FBe2e8c5fc4cF5F","Steele-Mann","https://wang.net/","Mozambique","Persistent client-driven collaboration","1989","Animation","4119"
"5674","2c69afc9f491ce3","Lin PLC","http://griffin-branch.com/","Japan","Reduced leadingedge standardization","2002","Recreational Facilities / Services","8855"
"947","cb44ED8fE9EaB3e","Mann and Sons","https://potts-gregory.org/","Egypt","Reduced mobile forecast","1976","Printing","9986"
"2391","C0c10eCE092776A","Novak, Klein and Todd","http://www.pollard.com/","Finland","Innovative encompassing projection","2010","Translation / Localization","8613"
"5499","9137daEf1aF67BB","Shannon Ltd","http://underwood-mcdowell.org/","Armenia","Balanced real-time attitude","2010","Media Production","4251"
"7074","1519fBD9Da51e83","Krueger-Durham","http://www.dougherty.biz/","Guatemala","Seamless systematic standardization","1994","Biotechnology / Greentech","1992"
"9231","b8d6C23ac7Ca7DF","Pittman, May and Mason","https://www.walter.com/","Saint Martin","Assimilated intangible open system","1980","Photography","2902"
"2722","648e86EdFc238a9","Jarvis Inc","https://www.casey.com/","China","Synchronized coherent projection","2012","Airlines / Aviation","2383"
"1933","991dcE4fAe97ebA","Nielsen-Vaughan","https://www.strickland.biz/","Austria","Reverse-engineered multi-tasking encryption","2007","Think Tanks","3818"
"7424","F8AEf6EDa5fF6e3","Sutton Ltd","http://www.landry.com/","Lebanon","Robust bandwidth-monitored interface","1973","Retail Industry","1502"
"3237","9212BCeeBa75BEC","Hanson, Vincent and Roach","https://www.weaver.com/","American Samoa","Reactive neutral product","1988","Insurance","2523"
"3141","EC7B4933724bE37","Nixon, Burnett and Mcmillan","https://lam.net/","Monaco","Persevering global artificial intelligence","2001","Staffing / Recruiting","9021"
"4164","da1ae2FF3bBFD3a","Gibson, Mclaughlin and Griffin","https://www.eaton.net/","Norway","Progressive modular hub","2001","Music","9465"
"8889","Df0e0f3E05c56f9","Porter LLC","https://harmon.com/","Lesotho","Cloned stable challenge","1971","Computer / Network Security","7823"
"3808","7AEc0Ac28A9EbCE","Valentine-Houston","https://www.gamble-delacruz.com/","Gibraltar","Inverse logistical solution","1984","Glass / Ceramics / Concrete","5926"
"9480","27B284D6e4EA9Fb","Pearson-Larson","https://bush.com/","Guinea","Quality-focused 24/7 open architecture","2014","Library","6472"
"6984","e28DCEF5A9BD02b","Turner-Matthews","https://pierce.com/","Botswana","Integrated multimedia Graphical User Interface","2004","Oil / Energy / Solar / Greentech","3692"
"8905","eD58545CCBaE42c","West, Castaneda and Drake","http://www.wilkinson-foster.com/","United States Virgin Islands","Triple-buffered systematic complexity","2020","Hospitality","9318"
"9723","0C06CFB97dCADfd","Tyler-Wolf","http://www.hickman-barnes.com/","Guinea-Bissau","Switchable 4thgeneration budgetary management","1992","Semiconductors","2985"
"4155","baAB8eAB2d351eD","Hull, Moses and Whitehead","https://www.li-silva.com/","Palau","Digitized user-facing artificial intelligence","1990","Electrical / Electronic Manufacturing","4176"
"4173","583bf6d45fd7AEa","Snyder, Ortiz and Middleton","https://www.kent-ho.com/","Botswana","Public-key 24/7 system engine","1981","Motion Pictures / Film","6813"
"797","e6A32c3fb41Dc74","Rowland, Williams and Donaldson","http://sanders.com/","Macedonia","Business-focused responsive approach","2012","Warehousing","2914"
"2417","A7Ad463BbA9ceD3","Rojas-Livingston","https://www.bernard-washington.com/","Antigua and Barbuda","Open-architected well-modulated intranet","1999","Events Services","9656"
"7171","aFb3325eE00BCfb","Lamb-Davis","http://www.harrison-sawyer.com/","Sri Lanka","Grass-roots modular productivity","2016","Luxury Goods / Jewelry","3199"
"6140","b638a0cDaD00ABF","Ballard and Sons","http://jordan.com/","Estonia","Secured solution-oriented orchestration","1972","Political Organization","2364"
"786","3cB2B4b035BCeDf","Mccullough, Beasley and Mcneil","https://www.odonnell.com/","Cameroon","Balanced 4thgeneration core","1995","Accounting","4949"
"7068","e8F6ED4008e1E33","Spence Inc","https://frost.com/","Norfolk Island","Face-to-face maximized collaboration","2011","Arts / Crafts","5606"
"3159","6E72A0ace2aD0E1","Newton Ltd","http://barron-lin.net/","Chad","Digitized user-facing instruction set","1977","Semiconductors","9664"
"124","DE3abc2759Ff6c8","Ellison PLC","https://www.greer-fitzpatrick.com/","Uzbekistan","Up-sized mobile Graphical User Interface","1977","Utilities","373"
"9458","acabC2cE93C63e3","Hurley, Mooney and Dean","https://www.hays-lowery.org/","Korea","Diverse hybrid protocol","1973","Broadcast Media","220"
"9247","DCaFFA3C612ea03","Huber and Sons","http://www.wilcox-burton.com/","New Caledonia","Open-source cohesive hierarchy","1989","Food / Beverages","2674"
"2173","9b8eA28ad2DE7Fd","Montoya, Mills and Wolfe","http://haynes.net/","Slovenia","Configurable global Graphical User Interface","1970","Military Industry","8570"
"2170","0dEEEfF35E6f4d9","Odonnell, Hendricks and Hays","http://www.rice-bird.com/","Uruguay","Fundamental 5thgeneration frame","1992","Broadcast Media","2375"
"6881","809232eC70BBeaC","Conway, Mullins and Fuller","http://bradford-adams.com/","Zimbabwe","Re-engineered responsive algorithm","2013","Textiles","7219"
"4010","695AF89Fab3DE4e","Simon, Stout and Strickland","http://flores.com/","Central African Republic","Ameliorated multi-state circuit","1990","Sporting Goods","6896"
"9297","854Cb0dEc2F5CEc","Walsh, Jefferson and Oneal","http://www.lester-suarez.com/","Bermuda","Virtual bifurcated capability","2001","Political Organization","3724"
"4341","84CEeB7d113E4f4","Moses-Case","https://www.moss.com/","Timor-Leste","Cloned fault-tolerant structure","2009","Mental Health Care","4894"
"911","06aE909fa97fEec","Calderon-Sellers","http://cardenas.net/","Denmark","Ergonomic neutral archive","2010","Music","9572"
"6269","A5aCDD7AD73F388","Lester, Lee and Nolan","https://www.rios-fox.com/","Sweden","Multi-layered exuding knowledgebase","2008","Fine Art","9244"
"7772","4EbfAa3bDAfcBe0","Becker Inc","https://www.bates.com/","Seychelles","Optional radical projection","1999","Aviation / Aerospace","937"
"2310","83eb230Ddf4A0fb","Livingston-Oliver","http://walls.info/","Cayman Islands","Optimized directional customer loyalty","1989","Law Enforcement","361"
"9659","E5F13FCfe77e8f1","Morrow-Harvey","http://www.merritt.org/","Cape Verde","Cloned clear-thinking success","1970","Mining / Metals","1038"
"3635","ED2b41dd94EeDEb","Wu LLC","https://www.black.com/","Bouvet Island (Bouvetoya)","Reactive user-facing adapter","1987","Alternative Medicine","8334"
"1258","91AdCF3659D1b7e","Mckay-Cabrera","http://www.arias-moon.com/","Chile","Open-architected mobile success","1979","Newspapers / Journalism","4428"
"6592","Ed6ee56C73e811d","Reeves and Sons","https://www.cherry.biz/","American Samoa","Upgradable empowering portal","2022","Internet","6469"
"4459","db8DDdCB0DBAa1a","Aguilar-Buchanan","https://ponce.com/","Anguilla","Balanced 24hour interface","1970","Investment Banking / Venture","7793"
"6134","c448e1Ebf3Df926","Craig Inc","http://www.larsen.org/","Western Sahara","Open-source explicit standardization","2000","Electrical / Electronic Manufacturing","5737"
"1179","a46EfD6b1cAD5D2","Grant, Nguyen and Copeland","http://klein.com/","Serbia","Up-sized high-level extranet","1990","Retail Industry","7411"
"4653","1Ef9B6dbbd5cfe8","Cisneros Inc","http://stephens-velez.com/","Nicaragua","Optional cohesive strategy","2019","Medical Practice","1103"
"6219","17b52C9b028DBb0","Wilson Group","http://www.torres.biz/","Rwanda","Function-based actuating migration","2020","Sporting Goods","3411"
"3651","bFeBdfaBbCEC5b0","Barajas Ltd","https://kelly.biz/","Cuba","Function-based incremental array","1982","Veterinary","5126"
"443","1fE4689cE4D4D6F","Henson, Cline and Garrison","http://harrell.net/","Luxembourg","Polarized multi-tasking frame","1994","Computer Networking","4513"
"3416","F3E77FB5aBF60cB","Bauer-Adkins","https://krueger-bradshaw.net/","Eritrea","Digitized analyzing collaboration","2015","Accounting","8561"
"1400","E9c71328f6c5Cb7","Flowers and Sons","http://www.mcintyre.com/","Togo","Reduced even-keeled complexity","2016","Nanotechnology","868"
"1458","c372D897f578c8e","Castaneda and Sons","https://stone.org/","Anguilla","Re-engineered 3rdgeneration structure","2000","Capital Markets / Hedge Fund / Private Equity","8502"
"7525","7a4DEDbdd6d49Fc","Mcintyre-Daugherty","http://bullock.net/","Antarctica (the territory South of 60 deg S)","Synergized bottom-line protocol","1982","Political Organization","4342"
"5745","78547CA6E8dbc7E","Farley, Bowman and Lowery","http://mclaughlin.com/","Western Sahara","Implemented transitional system engine","1979","Restaurants","7401"
"1055","47a3fDfecdD3b2f","Crane, Lynn and Watts","http://www.clarke-sharp.com/","Turks and Caicos Islands","Devolved disintermediate open system","1997","Railroad Manufacture","1115"
"8999","15aA9Cbf07E350b","Conley, Mahoney and Wilcox","https://www.roth.com/","Libyan Arab Jamahiriya","Proactive systematic moratorium","1996","Staffing / Recruiting","9958"
"3276","acBaeBd531FBe88","Cantrell Inc","https://trevino.info/","Reunion","Reduced didactic artificial intelligence","2011","Investment Banking / Venture","2562"
"1464","1Bf634FC3D68333","Charles, Frederick and Farley","https://day-choi.com/","Northern Mariana Islands","Extended zero-defect model","1980","Food / Beverages","7297"
"3700","E58AFbed9e245FB","Lester, Cherry and Rhodes","https://hayden-shah.info/","French Polynesia","Multi-channeled client-server conglomeration","1989","Philanthropy","9875"
"3760","aD13A5caB8cDDbd","Payne PLC","http://avila.com/","Antigua and Barbuda","Multi-tiered stable encoding","2022","Semiconductors","2050"
"930","ecD461b08DA5b49","Turner-Manning","http://www.ortega.info/","Yemen","Ameliorated systematic open system","2011","Entertainment / Movie Production","8379"
"5512","Bc75b40B3DB13a6","Anthony LLC","http://www.lin.net/","Chile","Grass-roots optimal Graphic Interface","2017","Human Resources / HR","4718"
"6469","e7FFfF7B31ddE51","Santiago PLC","http://www.hodges-bowen.info/","Tunisia","Devolved grid-enabled solution","2015","Consumer Electronics","4846"
"8413","97bf9299B017DC9","Rowe-Campos","https://hull-maynard.info/","Colombia","Phased heuristic knowledge user","1998","Accounting","539"
"1830","7f133Fa006Cd9A0","Shelton, Valentine and Costa","https://price-cuevas.com/","Bermuda","Assimilated composite functionalities","1985","Wholesale","2172"
"2929","51ecB4Fe9B89Ddb","Watkins LLC","http://arnold.com/","Belarus","Proactive bottom-line knowledge user","2010","Consumer Electronics","6252"
"8296","e3db663dA21b143","Hardy, Mcintyre and Randall","https://www.miller-bradshaw.net/","Kyrgyz Republic","Virtual background knowledgebase","1972","Business Supplies / Equipment","2872"
"6539","DDdB5c5808354A4","Briggs LLC","https://www.combs.com/","Montserrat","Right-sized transitional product","2019","Translation / Localization","4948"
"4222","929D7C12D02EaBD","Gilbert, Frank and Brock","https://www.cortez-bautista.com/","Lao People's Democratic Republic","Proactive logistical success","2021","Building Materials","5256"
"3547","514CFE61067F23b","Rosario, Pena and Arias","http://www.weber.info/","Mali","Integrated interactive extranet","1977","Newspapers / Journalism","9147"
"5599","7Fb5a46cBD56CFf","Henson Inc","https://www.ramirez.info/","Niue","Public-key stable solution","2001","International Affairs","3175"
"8938","E66C5C4eb1BA0Fc","Travis-Vasquez","http://www.galvan.info/","Guyana","Multi-tiered dedicated groupware","1984","Hospital / Health Care","918"
"7319","2d3dA4dAFaDcA5B","Beck PLC","http://www.kane.info/","Switzerland","Polarized scalable emulation","1999","Transportation","5257"
"8351","BdCC1ac7cfAb4Ab","Cooley, Macias and Grant","http://www.moon.com/","Liberia","Business-focused modular installation","1998","Computer Software / Engineering","3180"
"2012","bCbB5bf091CcAac","Contreras Ltd","http://le-hale.com/","France","Down-sized fresh-thinking archive","2001","Staffing / Recruiting","555"
"914","CdC2AA1ccC618Be","Banks and Sons","https://kennedy.biz/","Georgia","Ergonomic solution-oriented capacity","1994","Food / Beverages","3035"
"8249","fcFEF8daddbEb96","Pacheco, Wood and Abbott","https://www.conway.org/","Germany","Self-enabling directional archive","1976","Think Tanks","8263"
"7266","B2AA4E3bD06F304","Reed Group","https://wilcox-wise.com/","Qatar","Vision-oriented bifurcated info-mediaries","1985","Business Supplies / Equipment","9581"
"3220","A28fD5AF5B7104C","Leonard, Alvarado and Adams","https://salazar.org/","Norfolk Island","Operative radical Graphical User Interface","2020","Automotive","7261"
"2607","C65f7E27EF2ac3D","Fitzpatrick-Garrison","https://curtis-perry.net/","Central African Republic","Advanced system-worthy flexibility","1974","Information Technology / IT","2336"
"3265","1e9ec333eD7CF8A","Roach, Hess and Bell","https://schmitt-ho.org/","Grenada","Realigned homogeneous installation","1998","Biotechnology / Greentech","5754"
"4929","da7AcCcaCEadb24","Mcdowell LLC","https://www.booker.com/","Turks and Caicos Islands","Re-engineered contextually-based service-desk","1971","Law Enforcement","7884"
"8662","762c0434FB9Bccf","Mcfarland-Kennedy","https://www.jensen-fuller.com/","Oman","Networked 6thgeneration database","1975","Human Resources / HR","7945"
"6565","fCd748B86c860A9","Sheppard Group","http://www.hickman-moran.com/","Kyrgyz Republic","Organic reciprocal intranet","2005","Arts / Crafts","1112"
"8130","c63f03CA828f6d0","Crosby LLC","https://barrett-case.com/","Bulgaria","Face-to-face executive matrix","2000","Wine / Spirits","5701"
"7","0fe6F8Dd1Cf5e4d","Humphrey-Myers","https://faulkner-mclaughlin.info/","Sierra Leone","Adaptive directional process improvement","2005","Publishing Industry","6022"
"2981","3daA788Ed147E96","Austin-Perry","http://www.baker.com/","Namibia","Cloned composite help-desk","2011","Fishery","275"
"6584","DB27EF2E85A2113","Haynes LLC","http://ortiz-mccullough.com/","Syrian Arab Republic","Vision-oriented maximized flexibility","1979","Writing / Editing","7271"
"3362","02bd661De25e69f","Callahan, Choi and Brennan","http://phelps-phelps.org/","Netherlands Antilles","Secured leadingedge budgetary management","2003","Human Resources / HR","8603"
"4775","CE3FE7AddBE6FE2","Kent Ltd","http://aguirre.net/","American Samoa","Reactive analyzing website","1981","Performing Arts","5234"
"1944","AfCF8829aE8D9FB","Nolan-Webb","https://conner.com/","Netherlands Antilles","Ameliorated maximized function","1975","Translation / Localization","1229"
"7453","158f8F8ac4e674d","Rodgers, Wilson and Brewer","https://foley-mcpherson.net/","Grenada","Up-sized mission-critical core","2009","Capital Markets / Hedge Fund / Private Equity","2562"
"5500","c3EC4F6D864BdA2","Tate, Washington and Steele","https://www.avila.biz/","United Kingdom","Ergonomic scalable implementation","1984","Online Publishing","1864"
"1636","cfffdCf4A9dfdd4","Mason-Blankenship","https://www.larsen-sampson.com/","India","Front-line fresh-thinking firmware","2003","Other Industry","1634"
"1142","C509a91Cf516932","Buchanan and Sons","https://vazquez.com/","South Africa","Proactive methodical intranet","2011","Consumer Services","1019"
"2042","A2DdE0e568f2a8D","Sanford-Baldwin","http://cain-cline.biz/","Reunion","Integrated 5thgeneration superstructure","1991","Newspapers / Journalism","109"
"6704","DAE9e8A0253f9aa","Garrison LLC","https://www.booth.info/","Tunisia","Centralized zero administration framework","1998","Veterinary","1338"
"7819","2fAEFedfd299ab6","Green-Mccann","http://www.copeland.net/","Bouvet Island (Bouvetoya)","Organic neutral hub","2008","Motion Pictures / Film","2323"
