"Column_1","Column_2","Column_3","Column_4","Column_5","Column_6","Column_7","Column_8","Column_9"
"6524","E884bF7Fc7B3401","Welch-Berg","https://roth.com/","Mali","Open-architected upward-trending parallelism","1995","Automotive","5205"
"3419","F28eA7EbC3eBEC8","Calderon-Blair","https://mccormick.com/","Ghana","Ergonomic static task-force","2006","Oil / Energy / Solar / Greentech","1076"
"9905","DF2F92Ed3254F7B","White-Craig","https://www.blackburn.info/","Philippines","Optional composite portal","2004","Investment Banking / Venture","4064"
"2062","538453fBd68ac4A","Thornton Ltd","https://hanna-travis.org/","Saint Barthelemy","Face-to-face content-based matrices","2014","Research Industry","8885"
"550","75Fa81Eed529779","Mason, Zuniga and Simon","https://www.thompson-parrish.com/","Burundi","Multi-tiered transitional capacity","1989","Computer Networking","1180"
"4454","509f1cC7890F1d5","Donovan-Hall","http://grimes.com/","Cape Verde","Reduced stable success","2003","Glass / Ceramics / Concrete","3282"
"2813","CFc0ef3848B6cEE","Salas Ltd","https://randall.com/","Qatar","Switchable foreground leverage","2015","Primary / Secondary Education","123"
"8778","4ED8B59ABc4ad3D","Carlson, Padilla and Berg","https://johnson-norris.net/","Australia","Open-architected impactful data-warehouse","2007","Maritime","6745"
"8996","7e68368d3BDb158","Benjamin, Patrick and Mcconnell","http://www.walters.net/","Tunisia","Reverse-engineered asymmetric product","1980","Supermarkets","6269"
"2550","da1804BDD65F7eE","Waters-Bowers","https://www.cordova.org/","South Georgia and the South Sandwich Islands","Advanced motivating application","1980","Commercial Real Estate","4280"
"6070","6DdEdBc1c336DB3","Gay Group","http://harvey.com/","Poland","Re-contextualized eco-centric encryption","2015","Wireless","2518"
"3170","BC5Be10987c7BAE","Ferguson LLC","http://www.bowman-burnett.info/","Togo","Universal 24/7 leverage","1992","Writing / Editing","8919"
"7055","DDAbe3D4A407DA4","Villa-Walker","https://www.coffey.com/","Taiwan","Fully-configurable intangible software","1993","Retail Industry","2557"
"4829","1903EfD3CcFe0f8","Shepherd-Jarvis","https://www.jefferson-horne.com/","Papua New Guinea","Quality-focused local infrastructure","1991","Alternative Dispute Resolution","8756"
"9571","55EA89bc1dbaCAD","Dickerson-Clements","https://www.figueroa-holder.com/","Suriname","Advanced stable matrix","1996","Real Estate / Mortgage","5718"
"1260","Bc4bdaEfBb8AFd5","Marsh, Beard and Wright","https://french-galloway.info/","Latvia","Persistent modular secured line","1978","Shipbuilding","8382"
"8713","A898D1cfcFB4806","Barr, Conway and Flynn","http://montgomery.net/","Israel","Persistent exuding open system","1982","Glass / Ceramics / Concrete","4366"
"3662","B41D792cf8eE7B2","Kim, Wilson and Mathis","http://www.rosales.com/","Bahamas","Organic local flexibility","1985","Government Administration","4758"
"7923","4ba15EFeA1aeeBa","Vasquez PLC","http://www.estes.com/","Morocco","Proactive composite moderator","2018","Airlines / Aviation","3668"
"1025","77E207E81A7cD2e","Hayden LLC","http://lewis.org/","Bahrain","Quality-focused intangible service-desk","1980","Mental Health Care","691"
"4966","DC7bad6bF9bE8F0","Estrada, Wilcox and Mcneil","http://villarreal.com/","Martinique","Ameliorated modular policy","1980","Supermarkets","691"
"753","23Bf9c88425dCCC","Huff-Montoya","http://hansen-joyce.biz/","Guatemala","Switchable composite superstructure","2012","Automotive","2842"
"3943","F7c9BadA36F74d6","Reyes, Underwood and Jacobs","http://grant.com/","Macao","Assimilated 24hour protocol","2005","Translation / Localization","3765"
"3711","0Ee8b845EFdBafc","Mullen-Escobar","http://jefferson-shea.com/","Somalia","Decentralized explicit leverage","1987","Performing Arts","2114"
"9961","481971Fc7c15BB7","Cannon LLC","http://www.mills.info/","Palestinian Territory","Cloned zero tolerance application","1990","Retail Industry","4757"
"1952","0b8B6DFAEfB3edb","Maynard, Myers and Ho","https://gray.com/","Djibouti","Adaptive grid-enabled utilization","1985","Government Relations","7121"
"6315","aDf8dfef9DcaeeE","Cline-Larson","https://www.gross.com/","Benin","User-friendly composite time-frame","1971","International Trade / Development","1425"
"352","F5AFC3d1fDD75e6","Peters, Richmond and Clements","https://carr-floyd.net/","Uzbekistan","Balanced bi-directional service-desk","2002","Investment Management / Hedge Fund / Private Equity","7328"
"1512","f6C7741d2CfA0ac","Baker, Lara and Glass","http://barron-carey.com/","Lao People's Democratic Republic","Compatible bifurcated matrix","1971","Medical Practice","4046"
"4830","bb6fEf8fCC78bE5","Gilmore, Phelps and Coleman","http://www.johnson.com/","Malta","Customizable leadingedge time-frame","1973","Industrial Automation","2455"
"9617","1D4322f897f9aC2","Mcintosh-Bell","https://potter.com/","Norfolk Island","Stand-alone client-server leverage","2020","Events Services","3233"
"3747","2bdef1bb4d30ED3","Fritz, Christian and Davenport","http://www.dean.com/","Bhutan","Re-contextualized systematic hierarchy","1971","Medical Practice","4793"
"5800","F1fdaBFdaaE0CB3","Rogers, Swanson and Frost","https://www.harper.com/","Myanmar","Seamless multimedia Local Area Network","2015","Apparel / Fashion","9956"
"702","2390E27D76C9EF5","Tyler-Garza","https://www.moreno-tapia.com/","Argentina","Face-to-face human-resource forecast","1972","Individual / Family Services","221"
"3694","4bC3A8aF15C7A3f","Hartman, Mcintyre and Adkins","https://www.jennings.biz/","Philippines","Multi-layered analyzing encryption","1994","Photography","9475"
"4615","CdEf53d64AF07BC","Knight PLC","https://www.mclean-yoder.com/","Senegal","Cross-group background hub","2003","Real Estate / Mortgage","86"
"7214","e084eB2Fa0ae1dc","Butler Group","http://www.huerta.com/","Bolivia","Horizontal object-oriented focus group","1999","Shipbuilding","5472"
"562","Af9ffb62a67d202","Bean-Daniel","https://www.decker.com/","Moldova","Quality-focused coherent artificial intelligence","2017","Machinery","1373"
"2319","ECE5Fad37EbC65F","Schneider, Carlson and House","http://hahn-stephens.com/","Switzerland","Advanced next generation core","2016","Philanthropy","123"
"3099","a93dBd8FAc46144","Fritz Inc","https://www.keller.info/","Nicaragua","Profit-focused cohesive focus group","2018","Glass / Ceramics / Concrete","1191"
"4839","dEA1d5d4DC1F1c4","Young-Bolton","https://www.mata.com/","South Georgia and the South Sandwich Islands","User-centric multi-tasking structure","2014","Pharmaceuticals","179"
"3151","3493d8ad7CF2FF5","Yoder-Valenzuela","http://www.moody.net/","Tokelau","Reverse-engineered systematic success","1977","Computer Networking","4143"
"5609","e0B7EAa65bEDe0f","Bautista, Molina and Thompson","http://www.frost.biz/","Russian Federation","Cross-platform bandwidth-monitored focus group","1997","Paper / Forest Products","6170"
"4300","0B6E5AF3c7E50e6","Graham, Rivers and Dawson","http://winters.com/","Slovakia (Slovak Republic)","Sharable coherent knowledgebase","2000","Banking / Mortgage","7747"
"4619","2569095d2f6C62B","Kelly, Schneider and Cortez","https://www.burton.info/","Germany","Visionary high-level hub","2010","Motion Pictures / Film","4652"
"4075","A03a2D3027e35e8","Rodriguez, Kim and Torres","https://www.davidson-bradley.biz/","Palau","Devolved incremental data-warehouse","1980","Environmental Services","3712"
"3995","52A2Edfc2cf9294","Carney Inc","http://mcpherson.com/","Slovakia (Slovak Republic)","Enhanced 6thgeneration archive","1985","Real Estate / Mortgage","1694"
"6374","caB9fc56DB8C34F","Archer, Herring and Flowers","http://spears.com/","Kazakhstan","Seamless explicit ability","1992","Transportation","4505"
"6168","ca9EECD8CBCAdEb","Tapia-Moyer","https://randall-moreno.org/","Belize","Compatible zero-defect projection","2011","Gambling / Casinos","3014"
"1048","d05fBf3Dba8DB5F","Mata-Melton","http://www.oconnor.com/","Togo","Networked client-server hardware","1986","Retail Industry","3734"
"2940","9664BFcaecFfe4C","Dyer, Owens and Leach","http://www.arnold-joseph.biz/","Guyana","Reduced zero administration synergy","2013","Cosmetics","2137"
"1809","cEDBc3f37DaC2bB","Pitts, Palmer and Livingston","http://levine-duran.com/","Kazakhstan","Visionary full-range success","1996","Marketing / Advertising / Sales","1346"
"3167","EF9C9fAdfC4FdD0","Church, Gilmore and Curry","http://www.peterson.com/","Madagascar","Front-line intermediate structure","2001","Sporting Goods","5359"
"415","91EDCDed7F7e762","Everett, Carr and Blankenship","http://howard-clay.org/","Puerto Rico","Upgradable cohesive toolset","1987","Political Organization","4968"
"1341","0Cb5a05e8aCD41F","Thompson, Small and Shah","https://www.robles.org/","Philippines","User-friendly directional migration","2015","Architecture / Planning","743"
"9372","AFF92E0C6644D1b","Rose Inc","https://moody.com/","Belize","Synergized methodical time-frame","1994","Government Relations","7689"
"7741","d8DA70c1ed09D48","Simmons-Estrada","https://weaver.com/","Myanmar","Distributed empowering analyzer","1995","Hospital / Health Care","9383"
"5061","BA035e4b0Dfb41E","Larson Ltd","http://www.butler-marks.com/","Turks and Caicos Islands","User-centric zero-defect challenge","1973","Chemicals","5728"
"4634","c4fC2Cc3b7aAAE0","Johnson-Mays","https://fuller-ballard.biz/","Burundi","Reactive zero-defect analyzer","2004","Design","1383"
"4610","67CD2dD24a8FEaa","Mullins Group","https://pittman.com/","Faroe Islands","Quality-focused even-keeled attitude","2007","Philanthropy","412"
"7367","e8baDE5e5C66FdA","Jensen, Ashley and Wong","http://www.hayes.net/","Maldives","Ergonomic client-server focus group","2012","Judiciary","8860"
"1470","0134f221640a777","Grimes LLC","http://www.nelson.com/","Czech Republic","Reactive client-driven info-mediaries","2003","Accounting","6892"
"1711","489A8Bdbf5398BA","Stephenson Ltd","https://zimmerman.info/","Guadeloupe","Monitored exuding moratorium","2013","Internet","236"
"6271","a1aFaf79D47FCef","Wilkinson, Berg and Kaufman","https://www.palmer.com/","Slovakia (Slovak Republic)","Quality-focused bi-directional success","2001","Law Practice / Law Firms","9318"
"8733","9c9789e32B96a12","Robbins and Sons","http://morgan.info/","Algeria","Advanced executive Graphical User Interface","2002","Individual / Family Services","479"
"2272","bF5c74Ffa9aEAAd","Krueger LLC","http://www.liu.net/","Mozambique","Cloned secondary paradigm","2007","Newspapers / Journalism","5632"
"1584","9Fb1FF1B6C05Ef8","Lee and Sons","https://wang.com/","Wallis and Futuna","Triple-buffered national success","1996","Legislative Office","2407"
"1413","5FE27E42fcDaaee","Casey-Walters","http://www.wiggins.com/","Brunei Darussalam","De-engineered systemic toolset","1978","Fine Art","2831"
"4112","6B8dFeca3BDf08c","David-Thompson","https://www.navarro.com/","Saint Martin","Monitored scalable workforce","2018","Human Resources / HR","3213"
"7653","A9445B9fCDcecd7","Dickson-Vincent","http://sosa.net/","Antigua and Barbuda","Configurable holistic project","1995","Accounting","3048"
"6694","DAfca752Fe15eBb","Robbins and Sons","https://porter-benitez.info/","Maldives","Centralized multimedia encryption","2003","Legal Services","5437"
"1723","09DBBC8C09aF498","Marsh Group","http://rivera.org/","Togo","Multi-tiered user-facing attitude","1990","Primary / Secondary Education","2345"
"2025","1d14FBFA1fF1A62","Irwin Group","https://www.padilla.com/","Denmark","Progressive solution-oriented model","2020","Motion Pictures / Film","1779"
"2213","c5F4E22bE4BA7Ca","Zuniga-Hansen","https://bryan.com/","Montenegro","User-friendly object-oriented info-mediaries","1991","Photography","1543"
"1508","8dad6C1bF2BeD50","Mullins-Boone","http://acevedo.com/","Isle of Man","Reduced bottom-line structure","1998","Maritime","168"
"2623","06c5AAe8a091EDC","Crosby PLC","https://duffy-mcfarland.com/","Macao","Intuitive foreground artificial intelligence","1986","Investment Management / Hedge Fund / Private Equity","3564"
"5291","855bdCebAf61f7e","Franco PLC","http://mccoy.org/","British Indian Ocean Territory (Chagos Archipelago)","Future-proofed full-range software","2011","Chemicals","6085"
"9129","d5bd2012Cdea0Eb","Forbes, Santos and Chung","http://miles.net/","Greenland","Horizontal multi-state strategy","1976","Entertainment / Movie Production","8257"
"1322","765fCf16bE3A2A9","Mora-Yu","http://pitts.com/","Saint Helena","Mandatory responsive function","1991","Restaurants","6104"
"843","dbd8d01F9F9bdDd","Haas, Romero and Woodward","http://hinton.com/","Greece","Multi-tiered maximized function","2009","Telecommunications","9926"
"1147","ede2fdd1bB84b4e","Hunt, Mcbride and Green","https://morrow.com/","Nepal","Proactive neutral collaboration","1982","Government Administration","4277"
"3625","0B2DcC52cFFA466","Madden, Mcbride and Donovan","https://www.macdonald-soto.com/","Cambodia","Multi-tiered full-range time-frame","2008","Computer Networking","6123"
"4281","Cf0EFA7d043Eec0","Duncan, Montgomery and Mccann","https://www.small-weaver.com/","Barbados","Cross-group directional artificial intelligence","1998","Retail Industry","9080"
"9011","29fCfC06dcBDD1f","Gutierrez Ltd","http://salinas-montes.com/","Argentina","Streamlined needs-based paradigm","1975","Health / Fitness","3845"
"8987","cA8FC6c1e5eB25C","Franklin-Gomez","https://hardin.com/","United States Minor Outlying Islands","Open-architected static knowledgebase","1994","Management Consulting","1198"
"4682","cf3fc52a3dcA61f","Weeks-Kerr","http://yu.info/","Japan","Configurable bandwidth-monitored projection","1993","Investment Management / Hedge Fund / Private Equity","2666"
"464","DC6951EC0B7909c","Conway-Santana","http://costa-solomon.net/","New Zealand","Compatible context-sensitive initiative","1974","Commercial Real Estate","6390"
"1755","f3ba772bFC567c4","Krueger Group","https://watson.com/","Maldives","Balanced uniform methodology","1982","Computer Hardware","2116"
"3937","684c5BdCA7a13aA","Davila, Mathis and Cochran","http://www.wong.com/","Liechtenstein","Diverse user-facing synergy","2003","Textiles","3822"
"7934","79dAE115fADb2e2","Moran-Terrell","https://kaiser-rich.biz/","Kyrgyz Republic","Compatible local initiative","1987","Facilities Services","6809"
"9461","b2aA8BE4d1eF3cD","Estes, Griffith and Zuniga","https://www.beard.net/","Burundi","Cross-platform bottom-line project","1978","Banking / Mortgage","8295"
"4402","d1CbEd912B1E2cE","Hawkins, Estrada and Dalton","https://www.mcconnell.com/","Guam","Face-to-face background database","2016","Logistics / Procurement","6904"
"4701","a1EE5935aDD4C5a","Phelps, Tate and Kaiser","https://mills-welch.org/","Mali","Diverse heuristic moderator","2002","Transportation","4204"
"8992","0CB83EefB0a0C9C","Glass Group","https://banks-lucero.com/","Indonesia","Devolved exuding middleware","2014","Law Enforcement","2326"
"379","c9f1a9CDBa1a7ab","Williamson Inc","https://richards.org/","Moldova","User-friendly systematic hierarchy","1977","Online Publishing","4855"
"3107","DC91E88cCf5817B","Mills-Ferguson","http://gardner.com/","Romania","Multi-layered cohesive workforce","2019","Ranching","7104"
"8216","eEaCAc87ec1aEAA","Ellis Group","https://oneill.com/","Tonga","Extended disintermediate database","2008","Nanotechnology","3966"
"1336","8dEe1d36d69ECaA","Knapp-Oneal","https://www.fischer.com/","Solomon Islands","Centralized stable adapter","2018","Executive Office","1803"
"1224","99499BEfDc28FE2","Watkins, Flowers and Beard","https://www.joseph.com/","Cayman Islands","Virtual intangible service-desk","1994","Logistics / Procurement","7848"
"3849","D8AbdcbC0c9FCea","Campbell-Flynn","https://www.hurst-terrell.net/","Montserrat","Adaptive background utilization","2005","Gambling / Casinos","2228"
"2717","0F4508cFe80Ee1c","Pruitt-Salas","http://www.forbes-lang.com/","Namibia","Assimilated optimizing conglomeration","2003","Supermarkets","7696"
"6838","e4AA0cd4D50faF9","Oliver PLC","https://www.colon-whitehead.com/","Guernsey","Monitored human-resource functionalities","2004","Events Services","6263"
"2953","ae59F3a15eF54ec","Miles, Wilson and Stephens","http://hawkins.net/","Grenada","Focused cohesive task-force","1972","Religious Institutions","1043"
"1351","8195ce93A4aBb11","Salas Inc","http://www.escobar.com/","Vietnam","Pre-emptive homogeneous encryption","1993","Professional Training","5504"
"1083","8dFE57Afab14eA5","Savage and Sons","https://www.singh-frank.com/","Nepal","Stand-alone object-oriented methodology","1970","Dairy","6478"
"6454","A1Aa38C69b42baA","Rush, Santos and Strickland","http://www.bass-harvey.com/","Cuba","Organic responsive budgetary management","2000","Utilities","4958"
"1812","9e2E06b3f965E4e","Powers Group","http://www.evans.info/","Jersey","Balanced systemic pricing structure","2000","Luxury Goods / Jewelry","9688"
"4122","34eE30dC5a32995","Wells, Simpson and Barr","http://chang.biz/","Saint Lucia","Multi-layered eco-centric conglomeration","1983","Wholesale","5875"
"1352","0D0F0D4ccbAd960","Mccormick-Benitez","https://hodges.org/","Guatemala","User-centric demand-driven leverage","1974","Biotechnology / Greentech","7483"
"7818","adC6207f94710Cf","Roberson-Blair","http://www.mclaughlin.com/","Sao Tome and Principe","Extended neutral encoding","1976","Civil Engineering","2764"
"8797","d907CED89Eed39C","Malone, Kline and Berger","http://www.clay-sutton.com/","Gibraltar","Secured fault-tolerant time-frame","1981","Biotechnology / Greentech","5831"
"1895","8A369eaa8c35BAB","Abbott Inc","https://www.davis-montes.org/","Ghana","Fully-configurable global orchestration","1990","Arts / Crafts","2345"
"6640","c412f5fb52FCBf7","Larson Ltd","https://morris.com/","Samoa","Operative background success","1988","Program Development","7084"
"566","fEE9ac4Bdf3628e","Brooks-Guerra","http://www.schaefer-lutz.biz/","United Arab Emirates","Upgradable client-server approach","2001","Publishing Industry","9785"
"3904","5d4faA8E8DbB16f","Mooney-Austin","http://www.lindsey.com/","Belize","Re-contextualized demand-driven alliance","2020","Retail Industry","5365"
"7101","09e11bcae3b5b8f","Hawkins, Ali and Herman","https://knox.org/","Slovenia","Enterprise-wide fault-tolerant frame","1974","Research Industry","1322"
"3674","4cB7aEDB7dB5BD1","Riley, Bright and Weeks","https://www.smith-shelton.com/","Guyana","Future-proofed explicit data-warehouse","1994","Real Estate / Mortgage","4242"
"4367","7B8630AdC8fAAf1","Strickland, Johnston and Owens","https://hester.com/","Belize","Managed homogeneous intranet","1995","Architecture / Planning","3192"
"7546","6e64d7b74dEB1Bb","Mcgee Group","http://www.hunt.com/","Guernsey","Operative background projection","2020","International Trade / Development","9992"
"1213","dFDFeAD4419bd35","Mathews, Moses and Garcia","http://www.garner.com/","Israel","Proactive system-worthy data-warehouse","2000","Motion Pictures / Film","9343"
"1190","Bb52dEd9E67358f","Ritter, Hunter and Preston","https://www.werner.com/","Angola","Multi-channeled didactic hierarchy","2020","Civil Engineering","9148"
"3956","dfecD2Be9BEF5aa","Roman LLC","http://www.poole.com/","Mozambique","Robust multimedia firmware","2003","Mental Health Care","8503"
"899","B731F23149EdfbC","Holder, Cardenas and Salas","https://wall.com/","Palestinian Territory","Future-proofed holistic toolset","2001","Newspapers / Journalism","314"
"4787","1FBACB8b73535e1","Bradshaw-Bernard","http://www.mckee-burke.net/","Svalbard & Jan Mayen Islands","Centralized bifurcated knowledge user","1985","Consumer Goods","4656"
"8093","96Ab1dF6C2cb86F","Lowe, Fry and Whitehead","https://casey-ingram.com/","Argentina","Balanced system-worthy protocol","2017","Translation / Localization","5969"
"4603","55fcFf6adcDb99A","French-Callahan","http://solis.com/","Jersey","Extended even-keeled productivity","1986","Real Estate / Mortgage","3228"
"8897","A1bE7D16Bbcb312","Zimmerman, Schroeder and Frye","http://www.joseph.com/","Slovenia","Centralized transitional moderator","2017","Civic / Social Organization","8820"
"3455","98Cc3E2A7CAb447","Mathews Inc","https://www.gaines-delgado.biz/","Morocco","Multi-channeled 3rdgeneration superstructure","2018","Human Resources / HR","747"
"3610","Cf83Ccbf4E74710","Trevino-Mercado","https://www.fisher.info/","Belarus","Cross-group demand-driven contingency","2000","Civil Engineering","4476"
"8158","f0583452EA655e5","Kemp Inc","https://vance.info/","Dominican Republic","Persistent client-server workforce","1976","Sporting Goods","9316"
"8766","CF615B0b6BC7a30","Banks, Salinas and Wu","https://chavez.info/","New Caledonia","Integrated secondary ability","2012","Human Resources / HR","1811"
"9678","9f1eB3e1bCE9Ebf","Conner-Bryan","https://greene-douglas.com/","Philippines","Extended incremental capability","1986","Real Estate / Mortgage","1651"
"7573","86934Dc3b77CfeD","Delacruz, Carlson and Huffman","https://gallegos-kerr.net/","Israel","Implemented asymmetric framework","1977","Import / Export","4836"
"3910","Ae1657bf96BC3e7","Li LLC","https://franco.com/","Marshall Islands","Mandatory systematic function","1991","Public Relations / PR","1794"
"4029","60c7e47F973EC5d","Mcdowell-Aguirre","http://hester-whitney.com/","Montenegro","Multi-channeled empowering intranet","1987","International Trade / Development","6355"
"3932","8EEC918250618EE","Robbins, Wu and Shea","https://www.guerrero-vance.org/","Belgium","Digitized clear-thinking knowledge user","1994","Public Safety","2743"
"2333","A15dd06FDDbc2C5","Gilbert PLC","http://www.robertson-rodgers.biz/","Bermuda","Enhanced actuating project","1974","Writing / Editing","4222"
"7303","e6dFCe1554b547A","Reynolds-Pacheco","https://www.choi.com/","Saint Barthelemy","Integrated 24/7 benchmark","1975","Utilities","8871"
"2263","565f87616aEEa0F","Douglas, Boone and Parrish","https://mills.com/","Martinique","Synergized holistic contingency","1991","Construction","1892"
"9261","b65e6a4aF096EA3","Randolph-Estrada","http://www.houston-acosta.com/","Armenia","Multi-layered multimedia system engine","1981","Biotechnology / Greentech","631"
"5782","AcBc76e351eacAA","Miller-Lucas","https://contreras-porter.net/","Mexico","Organic didactic orchestration","2017","Outsourcing / Offshoring","8138"
"2596","2dBfB4b991E0cdd","Keith-Patterson","https://www.fields.com/","Rwanda","Future-proofed attitude-oriented portal","2000","Research Industry","7145"
"7201","6D995b39aCdA4Fd","Barajas, Nash and Medina","https://davis-morris.com/","Gibraltar","Versatile leadingedge parallelism","1995","Automotive","5133"
"3594","cc7C9f0F196c7C9","Ross-Bowers","https://www.shaffer.com/","France","Reverse-engineered bottom-line monitoring","1980","Staffing / Recruiting","9695"
"5217","9aC3AC2Ea6D6C4f","Mullins Ltd","https://brandt.com/","Belarus","Visionary secondary budgetary management","1978","Cosmetics","8214"
"1031","3589bcdc9a22b86","Dalton-Randolph","https://barker.com/","Mauritania","Managed reciprocal adapter","1983","Program Development","8911"
"7434","beBFAdBe5de3e12","Wilkinson Ltd","http://www.barnett-robinson.biz/","New Caledonia","Face-to-face asynchronous artificial intelligence","1973","Fishery","5537"
"7878","CaD8Cab08Bb6C52","Garrison-Crane","http://morse.com/","Central African Republic","Reactive modular moratorium","1990","Professional Training","6925"
"8824","66d4e1f1Df3cF57","Robinson, Booker and Chan","http://www.mercer.com/","Vanuatu","Polarized analyzing parallelism","2009","Retail Industry","3175"
"8237","bFe57ba6A4Ef975","Wiley-Rice","https://www.perry.info/","Reunion","User-centric empowering conglomeration","2000","International Trade / Development","4516"
"5734","DA64b8eeEa36e3f","Oconnell-Bailey","http://browning.com/","Colombia","Synergized empowering info-mediaries","1989","Business Supplies / Equipment","1206"
"5379","0ffBCfd55BE4cBd","Walters-Mcfarland","https://www.marshall.com/","Somalia","Versatile stable collaboration","1980","Transportation","2234"
"7763","FF090b6eE0da538","Becker-Knapp","https://www.zamora-blankenship.com/","Vanuatu","Sharable multi-tasking paradigm","1970","Recreational Facilities / Services","3974"
"1756","EE7ffe1BFe18B52","Decker-Richards","http://wiggins-dalton.net/","Bahrain","Re-contextualized systematic model","2018","Medical Practice","6809"
"7356","768f6980EBBBE8A","Hayes, Good and Romero","http://www.bush-irwin.biz/","Jordan","Reduced fault-tolerant software","1989","Semiconductors","3571"
"4162","18AB68b7effF355","Ali-Chan","http://frye-wilkinson.info/","Haiti","Synergized non-volatile capability","1994","Cosmetics","2166"
"232","57CDe20EC8eD0a9","Ballard, Rojas and Marquez","https://www.horton-waters.com/","Turkey","Streamlined directional functionalities","2000","Non - Profit / Volunteering","3752"
"8105","BC7868A3bd12E0f","Ward-Cooley","https://www.garner.biz/","Qatar","Persevering well-modulated structure","1974","Broadcast Media","3239"
"111","7AB9Ce58DC01e75","Harvey, Hayes and Moore","http://williamson-miller.com/","Costa Rica","Reduced discrete product","2005","Photography","7464"
"5458","2FF1c262D2BFEd9","Nelson, Ramirez and Potts","https://lambert.com/","Andorra","Virtual 24/7 functionalities","1985","Business Supplies / Equipment","8419"
"6709","22398D6e6188dF8","Quinn Group","http://braun-carrillo.info/","Kiribati","Pre-emptive bottom-line strategy","2016","Computer Games","169"
"2515","C9Df609faD362EA","Novak, Fleming and Cordova","http://washington.com/","Ukraine","Automated context-sensitive productivity","1975","Plastics","2889"
"5962","aE78ED615dbd36c","Villanueva, Harrington and Griffin","http://www.hunter.biz/","Kenya","Vision-oriented local analyzer","1970","Alternative Medicine","4736"
"4280","4fe58555ef730ac","Hooper, Underwood and Herman","https://www.hayes.com/","Cameroon","Cloned multi-state solution","2002","Staffing / Recruiting","9431"
"4721","e1feE970dE91Ccd","Wade-Stokes","http://mercado.info/","Japan","Persistent didactic knowledge user","2009","Executive Office","6548"
"2918","71c220F8Da94cfd","Sweeney PLC","https://www.hart-martin.org/","Malta","Customer-focused fresh-thinking collaboration","2012","Wireless","2932"
"9391","dA7AF9e0D06A9a4","Dennis, Wilkins and Martinez","https://douglas.net/","Gibraltar","Face-to-face intermediate portal","1998","Professional Training","1150"
"2993","0Fb71b25Fef12e3","Maldonado-Bowen","https://www.heath.net/","French Polynesia","Adaptive regional capacity","2020","Veterinary","2918"
"2318","aD8eEaD22Cc79e7","Moon Group","http://www.franco.biz/","Tuvalu","Synchronized systemic array","1971","Design","5429"
"4848","3Ac7BB4D786b2cd","Bailey LLC","https://cox-stewart.com/","Guyana","Function-based 5thgeneration strategy","1987","Industrial Automation","8178"
"4293","D69C64dBcF6faaF","Holder-Russo","https://www.small-caldwell.com/","Tajikistan","Cross-platform methodical instruction set","1979","Government Relations","9731"
"6992","7ABD81fc5fC8fd4","Warren, Sampson and Pittman","http://www.chaney-kemp.com/","Cook Islands","Enhanced asynchronous product","1983","Human Resources / HR","8990"
"1516","dbfa84f3bf7e1df","Key, Vargas and Potter","http://www.kaufman-david.com/","Andorra","Organized high-level moratorium","1985","E - Learning","3691"
"217","0D8b9F71E9eA57a","Church-Orozco","https://www.moore-vaughn.org/","Singapore","Multi-tiered needs-based utilization","1970","Mining / Metals","1810"
"9214","cCadeDB4F4C922c","Blanchard LLC","https://www.giles-booth.net/","Holy See (Vatican City State)","Exclusive bifurcated process improvement","1991","Logistics / Procurement","8105"
"9062","be3Fd52b9D39Afa","Thomas-Chen","http://www.frederick.com/","Palau","Operative fault-tolerant infrastructure","2002","Logistics / Procurement","3688"
"8418","Fda9D91BCa3d41e","Zavala-Vaughn","https://estrada-lutz.com/","Niue","Switchable real-time firmware","1983","Religious Institutions","208"
"2264","F78D4f7D6b7402F","Mcpherson-Gregory","https://roth.info/","Bahrain","Balanced regional conglomeration","2004","Financial Services","4736"
"5327","97c5EBEAFa6ff73","Bell, Sweeney and Ball","https://www.preston.com/","Mauritius","Diverse content-based encoding","1977","Computer Networking","2876"
"6841","7B3c8EFF9a8B8dE","Webster, Krueger and Moss","https://frank.com/","Timor-Leste","Organic reciprocal standardization","1984","Public Relations / PR","1001"
"8499","E44FA9303f1eA3A","Stevens-Pineda","https://pittman.com/","Barbados","Extended multi-tasking secured line","2009","Translation / Localization","5975"
"6011","Ba07EDA7E52cEea","Harrison and Sons","http://sanchez.com/","Puerto Rico","Adaptive needs-based capability","2016","Apparel / Fashion","876"
"894","D1ee3f09ba3daD8","Aguirre-Moody","http://www.robles.org/","Egypt","Phased asynchronous project","2020","Fundraising","108"
"1491","F63D02Be881CeCf","Sanford-Harvey","https://www.bradley.com/","Ukraine","Cloned dedicated hardware","2019","Telecommunications","9452"
"3004","fb2AA616dec0A1f","Nielsen-Moran","http://www.oconnell-garza.com/","Somalia","Phased reciprocal matrix","1971","Professional Training","308"
"1851","616aE717fD414af","Pineda Ltd","http://www.reed-stark.com/","Nicaragua","Polarized optimal interface","2011","Wholesale","9404"
"5200","d0EcdbA84DBDb77","Donaldson, Haas and Weaver","http://davies.com/","Brazil","Public-key incremental synergy","1989","Entertainment / Movie Production","7867"
"6381","7ceE264bdce31ac","Gray-Mullins","http://park.net/","China","Public-key needs-based adapter","2001","Events Services","3816"
"325","0985bA4cBdC6067","Zavala-Richards","https://wagner.info/","American Samoa","Monitored bottom-line contingency","1980","Writing / Editing","5707"
"1216","29B4fd1AcB688DF","Kerr, Galvan and Garcia","https://www.savage.com/","Niger","Horizontal uniform focus group","1981","Arts / Crafts","9393"
"2900","483D8aDCd90bDDb","Molina-Owens","https://www.johnson.info/","Mauritania","Universal 24hour monitoring","1987","Capital Markets / Hedge Fund / Private Equity","6235"
"2934","ACCF97Ce87eA61b","Rivas-Duarte","https://holder.com/","Cocos (Keeling) Islands","Synergized asynchronous success","1971","Writing / Editing","3980"
"3659","BeE1870DEbac048","Arias, Oconnell and Montoya","http://conley.info/","Serbia","Ergonomic context-sensitive infrastructure","2003","Photography","4941"
"8679","703FCC5aaa58D4E","Vargas Ltd","http://www.clements.com/","Niger","Open-source national structure","1984","Think Tanks","4180"
"6674","Cfdde4Fc5d08CDe","Velasquez and Sons","http://harrell.com/","Nigeria","Face-to-face global knowledgebase","1990","Philanthropy","1919"
"7973","5D31E6ff60CAa7E","Valentine-Stevens","https://aguirre.com/","Norway","Synergistic homogeneous implementation","1970","Market Research","5432"
"8587","6e83001d86CbF93","Stuart-Chase","http://webster.com/","Japan","Pre-emptive scalable challenge","1974","Broadcast Media","3250"
"6170","d0abde537981Aa4","Fields-Oneal","http://www.flynn.com/","Guernsey","Exclusive transitional support","1980","Utilities","7014"
"9725","8Caee3dFd6DD35f","Flowers-Turner","https://ferrell.com/","Taiwan","Adaptive neutral analyzer","1979","Outsourcing / Offshoring","8990"
"1130","AF1cE3FAff36FFa","Wyatt-Fisher","https://www.choi-webster.net/","Vietnam","Object-based optimizing projection","1979","Photography","6161"
"8857","163ACF0Ce53FF60","Peterson-Mathews","https://www.bates.org/","Faroe Islands","Centralized well-modulated system engine","1988","Civic / Social Organization","3222"
"2919","dfCEde419cA8629","Ball-Cummings","http://www.stanton.com/","Uzbekistan","Self-enabling client-server firmware","2015","Food Production","7673"
"3903","54aAEBCa51D227F","Wilkins, Johnston and Morris","https://macias.net/","Dominica","Right-sized clear-thinking project","1979","Financial Services","7081"
"7948","c1daA4D1e2ECeA0","Randall Inc","http://rodgers-rivers.com/","Saint Lucia","User-centric content-based leverage","1988","Railroad Manufacture","4531"
"9098","Edc3239fFb7648B","Lucero-Cordova","http://www.compton.info/","Lebanon","Customer-focused interactive service-desk","2002","Legal Services","240"
"3828","4dD7d7345fa308c","Ruiz, Callahan and Martin","http://griffin-webster.com/","Thailand","Synergized dedicated protocol","2000","Mental Health Care","5330"
"4924","dfb8Bb7Fe73A9Fc","Wilcox PLC","http://www.berg.com/","Denmark","Profit-focused system-worthy conglomeration","2005","Ranching","7089"
"209","7FDe59ebbFEfAE7","Mccarthy, Palmer and Randolph","https://spencer-mcguire.net/","Djibouti","Cloned systematic architecture","1972","Leisure / Travel","5374"
"3255","dF3f4DDE1e12dE4","Valenzuela, Gallagher and Conrad","https://www.adams-hendricks.com/","Sri Lanka","Sharable attitude-oriented encoding","1985","Graphic Design / Web Design","8657"
"2796","37dB05002c5df3B","Burns and Sons","http://chambers-blankenship.biz/","Albania","Focused contextually-based workforce","1992","Banking / Mortgage","6191"
"5107","7ff1bfB9e92F6FF","Ramsey Inc","http://www.juarez.com/","Poland","Right-sized context-sensitive capability","1979","Law Practice / Law Firms","3849"
"9012","B4bC1C2C2bedCd8","Middleton, Carlson and Sanders","https://mejia-welch.com/","Honduras","Re-contextualized system-worthy alliance","2006","Gambling / Casinos","1810"
"799","8A4DF5cAaFd85e0","Noble LLC","https://riggs.com/","Austria","Reverse-engineered asynchronous analyzer","1997","Warehousing","1392"
"9106","BBfbcE68BB9EC2c","Riggs-Torres","http://randall-long.com/","Ghana","Fundamental optimal methodology","1993","Maritime","5597"
"735","45BdCcC3cAc7fe7","Nichols-Davidson","http://hardy-solomon.com/","South Africa","Universal 24/7 concept","1972","Telecommunications","6632"
"2245","570BDf29C7b5eB9","Duran, Wise and Ford","http://clarke.org/","Ethiopia","Synergized upward-trending encoding","1977","Plastics","786"
"179","Eae7FDB16CA0BA3","Swanson-Conrad","https://www.lutz.info/","Mali","Monitored full-range knowledge user","2011","Commercial Real Estate","8418"
"5831","5506BdbCb1CBC0d","Boyle Ltd","https://bolton.com/","Netherlands","Stand-alone 24hour protocol","2007","Shipbuilding","7160"
"7009","49f58CC25CC03cb","Dalton, Beck and Walker","http://greer.com/","Timor-Leste","Horizontal systematic functionalities","1993","Mental Health Care","249"
"1175","7d9a9f9d4a9fd73","Mullen PLC","https://christian.com/","Belarus","Visionary executive portal","1970","E - Learning","2595"
"6643","fC7668cB8D6C47e","Castro, Hodges and Townsend","https://hickman.org/","Bulgaria","Sharable fresh-thinking architecture","2007","Fine Art","1120"
"5849","E6afc545723E3dE","Perry and Sons","https://patrick.org/","Moldova","Networked multi-tasking knowledge user","2000","Alternative Dispute Resolution","9437"
"1832","2B0D1d1c54642ce","Jackson-Fox","https://www.porter-morton.com/","British Virgin Islands","Enhanced didactic product","1975","International Affairs","3057"
"7996","cfdfaDcdCCa1D1f","Maldonado-Banks","http://singh.info/","Kuwait","Enhanced 24/7 migration","2019","Hospitality","580"
"9280","2Fcd04fE3B4FfEC","Parks and Sons","https://www.knapp-atkinson.net/","Qatar","Implemented context-sensitive database","2020","Defense / Space","4979"
"7898","E624c553EfD7207","Graham Group","https://brady-logan.net/","Greece","Synchronized bi-directional groupware","2010","Online Publishing","2811"
"8598","251bd7E8F2c332D","Mcconnell, Cole and Walker","http://williams.com/","United States Minor Outlying Islands","Cross-platform motivating attitude","2002","Semiconductors","9040"
"8523","bB78F7FA0b0bd2f","Levine Group","http://massey-mcknight.net/","Benin","User-friendly systemic database","2015","Telecommunications","9261"
"199","bf54Bf3bA0F93Ea","Wall, Maxwell and Salas","https://www.lara.org/","Guam","Function-based actuating access","2001","Marketing / Advertising / Sales","9382"
"7929","39D4dF9ECeeFAfC","Rangel PLC","https://www.key.info/","Libyan Arab Jamahiriya","Cross-platform intermediate initiative","2007","Museums / Institutions","6556"
"7077","A3Db5c2a4aDab92","Marquez, Trujillo and Rojas","http://vazquez-bowers.net/","Thailand","Front-line didactic focus group","1974","Medical Practice","4085"
"9285","3D4C323932e14FB","Wilkins, Keller and Vincent","http://pope-sanders.com/","Cuba","Profit-focused multi-tasking structure","1981","Military Industry","459"
"1098","45eE148BeE629E3","Mccullough and Sons","http://blackwell.info/","Norfolk Island","Switchable intermediate orchestration","2004","Consumer Services","5290"
"549","1Dc849EF6c9b8a7","Hutchinson, Decker and Ruiz","https://nelson.com/","Taiwan","Face-to-face 24/7 challenge","2008","Education Management","4820"
"6909","fB391f18b8AfB2f","Arias Ltd","http://bradshaw-mullen.com/","Gambia","Object-based well-modulated access","2015","Public Relations / PR","3037"
"8230","d05Bf0814fADCEc","Woodard-Wheeler","http://rollins.com/","Japan","Digitized demand-driven open architecture","2000","Judiciary","4906"
"4707","83C8cA7daBc6F0D","Sims-Fletcher","http://wilkerson-duke.org/","Togo","Open-architected mission-critical core","2001","Banking / Mortgage","2601"
"6913","5d24FEaFC6F000d","Hardin, Santos and Vaughan","http://mueller.com/","Malaysia","Public-key executive help-desk","1979","Apparel / Fashion","789"
"3370","1aaf8BB1fD7332E","Wells Inc","http://tapia.com/","Northern Mariana Islands","Self-enabling real-time functionalities","1991","Building Materials","9538"
"7584","851eacebd5aa3ED","Spencer, Peck and Chan","http://www.dodson.com/","Niue","Adaptive optimal budgetary management","1979","Computer Networking","7888"
"2533","39c67c2BBc882bf","Hall-Watson","https://marsh-hicks.org/","Saint Helena","Multi-lateral neutral software","1998","Graphic Design / Web Design","8036"
"4056","2F26E4F1A9deD75","Rangel-Mosley","https://www.kramer-rubio.com/","Turks and Caicos Islands","Monitored reciprocal solution","2020","Consumer Electronics","6802"
"2315","9D2320B0FEbA9fC","Gregory, Benson and West","http://norton.com/","Cote d'Ivoire","Business-focused zero tolerance data-warehouse","1972","Package / Freight Delivery","6153"
"6654","0e322d17803E9d3","Morris, Nielsen and Wu","https://barajas-cohen.biz/","Malta","Advanced scalable encryption","2020","Farming","2886"
"6886","eEDfEBD289B64ED","Wells, Castaneda and Prince","https://www.hayes.com/","Gabon","Enterprise-wide optimal monitoring","1993","Apparel / Fashion","26"
"5938","EFc70c661dFdf93","Zuniga, Pittman and Evans","http://www.cook.com/","Brazil","Cross-platform system-worthy Internet solution","1994","Arts / Crafts","4444"
"2816","372f4315a4A7BeC","Gilbert and Sons","https://www.young.com/","Palau","Programmable 4thgeneration conglomeration","2006","Wireless","3226"
"3438","D3e4aD78AeBE6B4","Orr, Simon and Decker","https://blankenship.com/","Iceland","Re-engineered bottom-line alliance","1971","Alternative Dispute Resolution","7943"
"3881","CBcAF0FD57C1FB0","Orr, Rios and Campbell","https://www.dunlap.com/","Singapore","Fully-configurable directional matrix","1981","E - Learning","311"
"4158","1A3b421AfB2Be6a","Poole Inc","http://cherry.com/","Ireland","Profound eco-centric alliance","1988","Package / Freight Delivery","756"
"67","aEcbB1D24eff919","Stewart-Rice","http://www.wyatt.biz/","Western Sahara","Secured modular application","1978","Commercial Real Estate","6309"
"7867","8A8AE3D0bB39Dc6","Avila LLC","http://www.hutchinson-key.com/","Lao People's Democratic Republic","Multi-tiered holistic knowledgebase","2012","Professional Training","3966"
"617","d6B3D40aEef7BCf","Browning Inc","https://www.huffman.com/","Jamaica","Monitored modular instruction set","1987","Architecture / Planning","5727"
"1119","8dE3C3D50149F9e","Michael, Davidson and Delgado","http://www.rosario.com/","Poland","Phased grid-enabled challenge","1977","Marketing / Advertising / Sales","2126"
"3261","DBa34c01BA30357","Beltran Inc","http://www.benjamin-walls.com/","Cook Islands","Extended explicit database","2014","Utilities","2785"
"3402","a4d0f6bC1ddA5E6","Glover, Dudley and Stone","http://patel.info/","Nigeria","Business-focused bifurcated protocol","2009","Fundraising","6751"
"3693","bFeDaE4e8a4f5af","Haas LLC","https://www.lucas-meza.com/","Suriname","Upgradable impactful info-mediaries","2018","Automotive","6967"
"938","a88EbB52d1Ae7CF","Marsh, Finley and Shepard","http://www.hensley-ortega.biz/","Tuvalu","Managed object-oriented productivity","1990","Entertainment / Movie Production","4001"
"6605","9DC8ECBC43eFb26","Lara, Watts and Carr","https://perkins-peters.com/","Tonga","Programmable methodical website","2020","Public Relations / PR","3832"
"2573","4c749E11d45c0Bc","Drake Ltd","http://villarreal.org/","Italy","Organized demand-driven budgetary management","2017","Program Development","714"
"7537","CAA3eEC5B5DB22d","Barr-Jimenez","https://malone-goodwin.com/","Uzbekistan","Horizontal static moderator","2014","Legislative Office","2720"
"6325","e6C3fED67E0ee21","Guerra-Lane","https://watkins-valencia.com/","Vietnam","Ergonomic well-modulated knowledgebase","2016","Mining / Metals","2436"
"623","2EABeeFe5EA4Ea5","Moran, Leach and Bolton","http://www.mercado.com/","United Kingdom","Focused discrete circuit","1996","Newspapers / Journalism","1052"
"1682","0484eBC53Ba821a","Hatfield, Jones and Barry","https://www.cantrell.com/","Montenegro","Re-contextualized bottom-line architecture","2000","Political Organization","8306"
"2127","6465eC5c1dcd0c4","Haley-Perez","http://york.info/","Malaysia","Assimilated client-driven hierarchy","2001","Individual / Family Services","3785"
"788","3AC3056c4bAd37b","Moses, Webster and Wheeler","https://www.escobar-kelly.com/","Swaziland","Vision-oriented actuating workforce","1992","Security / Investigations","9841"
"3333","CbE3C35a3c9a890","Cook Group","http://mathews-hubbard.com/","Switzerland","Visionary multi-tasking ability","1994","Consumer Goods","7955"
"7237","f381B3da34aFeDB","Solis Inc","http://dyer-rasmussen.com/","India","Stand-alone needs-based functionalities","2007","Package / Freight Delivery","2877"
"1093","eeD091D46205BeA","Schmitt Group","http://carrillo-riley.biz/","Turks and Caicos Islands","Optimized leadingedge model","2001","Library","2624"
"9104","3CDe41aBbc9dAF8","Beasley Ltd","https://hoover-cooke.com/","Guadeloupe","Re-engineered composite knowledge user","1976","Investment Management / Hedge Fund / Private Equity","2635"
"5021","a9dcfEFfdb68A29","Blair-Navarro","https://stokes.com/","Martinique","Persistent high-level secured line","2019","Environmental Services","2545"
"9354","f147dbE9eC5Ca05","Atkins, Moreno and Shaffer","http://pham.com/","San Marino","Grass-roots fault-tolerant challenge","1972","Packaging / Containers","1610"
"5945","c001111B0D1a69e","Mosley, Tyler and Martin","http://hendricks-keith.net/","United Arab Emirates","Grass-roots 5thgeneration artificial intelligence","1989","Library","4852"
"3281","a7e5e6136d566A3","Lester-Ellis","http://www.anderson.net/","Germany","Face-to-face composite firmware","1995","Mechanical or Industrial Engineering","9898"
"8187","caBEeCa7fDbAbBb","Gould, Sherman and Schmitt","http://www.murray.org/","Iceland","Horizontal 6thgeneration attitude","1970","Computer / Network Security","9110"
"2202","b84B3c2ebA27311","Dalton Group","https://waters-rivera.biz/","Cyprus","Multi-tiered 5thgeneration encryption","1974","Consumer Goods","4297"
"1161","BAeE1f012dF1bBB","Mosley-Hobbs","http://www.jones.com/","Italy","Cross-group responsive algorithm","1974","Arts / Crafts","3943"
"5582","e9B3dDF5AD340a1","Hammond Ltd","http://morrow.com/","Nigeria","Multi-lateral bandwidth-monitored matrix","2000","Mining / Metals","3528"
"3593","8FF8a63F57BFD18","Underwood-Flynn","http://scott-knox.com/","Libyan Arab Jamahiriya","Total stable synergy","2016","Consumer Electronics","6659"
"3953","D43eeD1DaEf0D00","Fox PLC","http://david.info/","French Guiana","Grass-roots intangible productivity","2008","E - Learning","2965"
"9692","6316C20801b3845","Blair, Parks and Gibson","https://butler.com/","Slovakia (Slovak Republic)","Pre-emptive systematic orchestration","2003","Glass / Ceramics / Concrete","8800"
"6248","EEb8B87B0B0BEB3","Everett, Guerra and Charles","http://www.li.com/","El Salvador","Public-key 4thgeneration hierarchy","2019","Construction","6020"
"4154","bbEeCa49Db83c8E","Guerrero, Wilson and Atkins","https://www.solis-michael.com/","India","Integrated fault-tolerant Internet solution","1984","Leisure / Travel","2917"
"479","31DD6bEAa1de3Ec","Donaldson Group","http://www.craig.org/","Czech Republic","Up-sized eco-centric emulation","1973","Restaurants","6128"
"1353","1D5dc6cd6AA8475","Lucero and Sons","http://shaw.net/","Czech Republic","Team-oriented directional implementation","1973","Luxury Goods / Jewelry","4223"
"4310","4Dfe238E20420A8","Vang Ltd","https://www.compton.org/","United States Virgin Islands","Centralized local alliance","1978","Program Development","1590"
"5699","fe95ACE0d8baf77","Estes-Mckenzie","https://www.owen.com/","Iraq","Centralized discrete extranet","2008","Transportation","2545"
"2648","a0Cd4BE73C7fB8F","Hebert Ltd","https://www.foley.com/","Nauru","Right-sized mission-critical access","1991","Nanotechnology","7713"
"8461","aff2a73ECDfbfFA","Blackburn, Garcia and Randolph","https://www.fuentes.com/","San Marino","Optimized full-range task-force","2008","Professional Training","2616"
"8199","2d914cBD49eFBeE","Hooper, Whitney and Baldwin","https://montoya.com/","Gabon","Profound zero tolerance moderator","1997","Capital Markets / Hedge Fund / Private Equity","6070"
"7690","A53BDfCC9AfF68a","Sheppard-Zamora","http://www.parker.biz/","Saint Lucia","Total client-server instruction set","1997","Cosmetics","6039"
"9258","aaFb10DbDE8bD8D","Glass-Simon","http://www.zavala.org/","Nauru","Fully-configurable 24hour core","2007","Individual / Family Services","1009"
"2590","aCe3cd85D3C6DB5","Roman, Trujillo and Williams","http://clark.biz/","Sri Lanka","Virtual 24/7 archive","2010","Chemicals","3868"
"1034","cDa1b389237b243","Stanley Ltd","http://www.barker.org/","Greenland","Polarized 4thgeneration archive","2003","Environmental Services","4363"
"4687","7Ba088cECBdae66","Ballard, Wade and Weiss","https://www.christian-dean.com/","Gibraltar","Universal heuristic groupware","2004","Industrial Automation","1906"
"5012","0EcD4BFE42b13Eb","Sanchez-Todd","http://donovan.info/","Lesotho","Visionary high-level knowledge user","2009","Media Production","7032"
"2599","bEdaf4D0b3CfA7A","Finley, Chavez and Kelly","http://miranda-shah.com/","Bolivia","Quality-focused 5thgeneration utilization","2017","Publishing Industry","2732"
"5820","BedDAf941311F0b","Harmon, Valdez and Wilkinson","http://www.hutchinson-lee.com/","Senegal","Down-sized heuristic paradigm","2010","Oil / Energy / Solar / Greentech","3592"
"4609","8DE945CeCb8FE77","Roman, Cooke and Winters","http://lucero.info/","Philippines","Optimized asymmetric process improvement","2019","Real Estate / Mortgage","5918"
"8471","AAC5A8fb88Ad12B","Armstrong, Alexander and Villanueva","https://ibarra.net/","Tuvalu","Integrated foreground architecture","2006","Business Supplies / Equipment","5440"
"9041","1Ec3Ba320f3812c","Parrish Inc","http://bautista-reese.com/","French Guiana","Extended coherent pricing structure","1972","Broadcast Media","2114"
"7451","DFF92cF57F58149","Hale, Sandoval and Gamble","http://blevins.info/","Faroe Islands","Implemented stable function","1996","Utilities","4347"
"4672","c7582181f9E2Ae7","Stanley-Cannon","https://www.middleton.net/","Hong Kong","Fully-configurable multimedia analyzer","1999","Newspapers / Journalism","1176"
"5584","2EC02fDd1c8d306","Roy-Haney","http://www.palmer.com/","Slovenia","Organized tertiary encryption","1977","Wireless","9444"
"3718","0fC8B6d4acAD933","Schneider-Tapia","http://rivers.com/","Benin","Switchable modular Graphical User Interface","2018","Government Administration","3005"
"9328","706cfDE5C79eA16","Reeves-Stark","http://park.com/","Faroe Islands","Streamlined bottom-line time-frame","1990","Consumer Electronics","6257"
"3929","5b5fb23D7Ae43B7","Odom-Green","https://giles.info/","Christmas Island","Profit-focused homogeneous encryption","2015","Government Administration","3771"
"3618","6B9C8B3a513ddEE","Horn-Gardner","https://www.faulkner.info/","Tuvalu","Realigned 5thgeneration success","1974","Hospitality","8207"
"1426","E0ae05aC09C79b8","Mooney-Jacobson","https://www.moss.com/","Barbados","Extended responsive help-desk","2005","Medical Practice","7776"
"9379","bEB0BDCCaBd300C","Hanson-Lee","https://lane-stanton.org/","Czech Republic","Open-architected radical middleware","2010","International Trade / Development","9085"
"2920","EAFDEa7EeD67039","Skinner, Padilla and Dudley","https://www.paul-davies.biz/","Guam","User-centric composite database","1972","Online Publishing","7291"
"3820","CcAbf37697Cef0b","Chan, Maddox and Ellison","http://duncan.com/","Indonesia","Open-architected zero-defect framework","2002","Package / Freight Delivery","552"
"1872","7dADF9ceDF2eCa0","Thompson, Keith and Pruitt","http://schmidt.com/","Isle of Man","Future-proofed 24/7 superstructure","2009","Program Development","3829"
"5488","9e237F3A19b256b","Figueroa-Mckee","https://www.rosales.com/","Bosnia and Herzegovina","Front-line hybrid installation","1974","Telecommunications","2837"
"481","3b2eCfc42ff4D29","Atkinson-Glass","http://www.mcknight.com/","Tunisia","Open-architected foreground success","1972","Executive Office","1657"
"5973","aF7bAA9a54CbDC7","Faulkner PLC","https://www.pearson-delacruz.biz/","Ghana","Multi-tiered context-sensitive encryption","2007","Events Services","575"
"9601","De01c3cB4b68Ed9","Mullins PLC","http://www.hicks.com/","Suriname","Public-key needs-based infrastructure","1997","Oil / Energy / Solar / Greentech","8048"
"2889","b5317A334c1b962","Howell Group","http://www.schmitt.com/","Japan","Optional cohesive implementation","1992","Sports","5627"
"6687","BCe7B1EB10F998E","Pena Inc","http://ritter-sullivan.com/","French Guiana","Multi-channeled transitional function","2011","Restaurants","1084"
"6316","eD9b61B0aBceF75","Gomez PLC","http://www.butler.biz/","Mozambique","Operative well-modulated customer loyalty","2004","Publishing Industry","1662"
"528","9cCFa8871CDA7D1","English Group","https://www.faulkner-meadows.com/","Norfolk Island","Profound 6thgeneration knowledgebase","2021","Civil Engineering","4636"
"4130","a4b33D8DB5d4E4f","Blackwell, Griffin and Chavez","http://price.net/","Belgium","Secured next generation firmware","2001","Consumer Goods","6699"
"723","f727aFa8B4bAEcf","Conley and Sons","http://dickerson.com/","Isle of Man","Networked 24/7 attitude","1986","Staffing / Recruiting","7968"
"5121","FE688063732cbd5","Barrett-Hurst","https://www.schaefer-stafford.com/","Norfolk Island","Realigned static methodology","2005","Management Consulting","9121"
"4723","2805ADb4F8E14ea","Good-Small","https://www.stephens-osborne.org/","Anguilla","Persistent discrete hub","2002","Higher Education / Acadamia","7859"
"221","75C34d3F5926d1d","Schroeder, Griffin and House","https://www.hampton.com/","Spain","User-friendly 6thgeneration paradigm","1976","Music","2693"
"9189","74cF13A0E6c2B4E","Massey-Cantu","http://holloway.com/","Brazil","Open-architected 5thgeneration archive","1971","Primary / Secondary Education","3880"
"1936","9837fD349bda24a","Sellers LLC","https://www.raymond.com/","Czech Republic","Implemented disintermediate encryption","2019","Internet","8078"
"345","aDeE39cEB8447Ec","Sharp-Burgess","http://www.love.com/","Poland","Balanced neutral architecture","1992","Consumer Services","1192"
"8333","A2310Fed3bd9Bc8","Burnett and Sons","http://hawkins-ellis.com/","Iraq","Devolved reciprocal success","1988","Architecture / Planning","6865"
"9675","32214BDBF489cb0","Kirby-Kelly","http://www.curtis.com/","El Salvador","Phased 6thgeneration flexibility","2004","Consumer Goods","5055"
"4484","A66f8df7eb21aBF","Beck PLC","https://mullins-rocha.com/","United States Virgin Islands","Customer-focused demand-driven task-force","1971","Automotive","5220"
"9707","5cEBDf2B1793eFF","Li-Nielsen","https://moore.biz/","Trinidad and Tobago","Face-to-face fresh-thinking database","1989","Import / Export","3477"
"8487","22FA6Bc5F2A2c6d","Ho-Burgess","http://leach.com/","Brunei Darussalam","Synchronized 3rdgeneration framework","1997","Paper / Forest Products","7556"
"9217","1BC5fd041831a2b","Bond Inc","https://www.kelly.info/","Pakistan","Down-sized responsive task-force","2009","Glass / Ceramics / Concrete","8474"
"6904","958aA3CD6B2D9dC","Spencer Inc","https://hughes.com/","Norfolk Island","Intuitive system-worthy encryption","1977","Security / Investigations","286"
"9155","ea1FE0D27F86E2F","Black LLC","https://malone-crosby.net/","Senegal","Reduced contextually-based collaboration","2019","Banking / Mortgage","1028"
"5961","cf1aB0FCcbBC69a","Zavala-Bass","http://george-byrd.net/","Bulgaria","Virtual background structure","1985","Government Administration","6606"
"7035","3AECAeFD39Ef69d","Gates-Sloan","http://bowers.net/","Cape Verde","Synergistic multi-state leverage","2006","Apparel / Fashion","6486"
"6052","c70BCD92461d078","Barker, Nielsen and Graves","http://wilkinson.info/","Aruba","Adaptive directional emulation","1990","Media Production","5985"
"2392","BC7A974C253970E","Pitts-Crane","http://www.gilmore.info/","Zambia","Upgradable tertiary monitoring","1997","Military Industry","224"
"7182","21AC6e5EB35DBae","Rivera and Sons","https://hutchinson.com/","Zimbabwe","Enhanced holistic circuit","1973","Warehousing","9002"
"4329","7621FA5FEBfdFFe","Stephenson-Chase","http://silva.net/","Tonga","Seamless human-resource approach","1974","Automotive","352"
"6453","0DFa5d23D8FfCCf","Rosario-Stein","https://www.joyce.com/","Sri Lanka","Cross-platform maximized groupware","1992","Investment Management / Hedge Fund / Private Equity","4713"
"1984","B81AE2cbB320468","Gordon LLC","https://www.jarvis.net/","Fiji","Open-source object-oriented analyzer","2017","Alternative Dispute Resolution","9514"
"8247","fA977089A6edC01","Salazar PLC","http://rosario-house.com/","Mali","Customer-focused clear-thinking parallelism","2007","Photography","777"
"1555","FB7B4777Eaf98EC","Khan, Pham and Dorsey","https://www.simmons.net/","Antigua and Barbuda","Multi-channeled object-oriented array","2003","Environmental Services","972"
"4851","EFD5C5cc3fef5bc","Farmer, Mcgee and Guerra","http://www.monroe.com/","Gibraltar","Open-architected static methodology","2011","Program Development","1469"
"9096","ee1e98932cbB403","Castaneda, Cooper and Forbes","https://castaneda.com/","British Indian Ocean Territory (Chagos Archipelago)","Intuitive heuristic ability","2001","Government Relations","1022"
"9923","aAfF92AfCFbe3c9","Adams-Hardy","https://www.meyers.com/","Cook Islands","Multi-tiered contextually-based installation","2006","Arts / Crafts","3156"
"7533","BE060cC10fAeF43","Peterson, Ryan and Simon","http://www.atkinson.com/","Afghanistan","Multi-channeled composite instruction set","2010","Motion Pictures / Film","7569"
"6854","AC1c7CA93b5A636","Gallagher-Rivers","http://www.simpson.com/","United States Minor Outlying Islands","Object-based impactful process improvement","1994","Mental Health Care","6478"
"4642","bF3FE98fD5AA32d","Contreras-Reeves","http://jones-gibbs.com/","American Samoa","Profit-focused disintermediate workforce","2017","Staffing / Recruiting","2329"
"2882","aA39b99Ca1fE1D4","Rasmussen Ltd","https://www.woods.net/","Saint Helena","Mandatory zero-defect benchmark","2021","Biotechnology / Greentech","9545"
"1678","FbbC5F9F7df1db7","Choi, Lawson and Forbes","http://berry-charles.com/","South Africa","Multi-tiered neutral neural-net","2018","Renewables / Environment","8436"
"4886","cB0eAF6aE8D1FF7","Cabrera-Tanner","http://www.bond.com/","United Kingdom","Synergized value-added parallelism","2017","Industrial Automation","5613"
"1965","BeDEFE88b95DDfD","Kaiser PLC","http://www.mayo.com/","Ethiopia","Object-based optimizing product","2011","Civil Engineering","1993"
"902","29fcdbFfe39De16","Hogan-Elliott","http://www.curtis.com/","Qatar","Sharable tangible ability","2008","Other Industry","7431"
"7131","B24e9f40AbFCC13","Pacheco-Romero","https://martin.com/","United Kingdom","De-engineered multi-tasking leverage","2022","Hospitality","1253"
"3069","CEeeBc30DDDFF59","Christensen, Coffey and Wright","http://townsend.biz/","Wallis and Futuna","Reverse-engineered fault-tolerant installation","1998","Library","8406"
"2297","30bB3aeB5bF06bE","Kramer, Hernandez and Knox","https://terry.net/","Mongolia","Organized executive neural-net","1993","Veterinary","9775"
"6238","eaeD093d4aa84c4","Fernandez-Maddox","https://stout-rose.net/","Tuvalu","Implemented composite concept","1971","Hospital / Health Care","4594"
"5863","50e4ddD36c76D65","Hicks-Mcknight","https://benitez.net/","Maldives","Front-line actuating initiative","1993","Automotive","101"
"297","38E405CD9606A20","Warner and Sons","https://barker-marsh.info/","Venezuela","Function-based foreground structure","2005","Human Resources / HR","3909"
"8779","C3F0a466C6bbD1E","Cooley, Buckley and Terry","https://mckinney.com/","Yemen","Face-to-face bi-directional methodology","2014","Animation","9764"
"58","e5aeEbaeaCd70B9","Benjamin and Sons","http://www.villa.com/","Jamaica","Mandatory executive solution","1998","Judiciary","6338"
"7243","9848E8EeeC3CB55","Patel, Bauer and Harmon","https://horn.com/","India","Grass-roots multi-state software","1975","Information Technology / IT","5544"
"4386","a4Cd7abFdaFB0D6","Clements, Bryan and May","http://www.french.org/","Iran","Organic explicit architecture","1995","Publishing Industry","187"
"2985","2fec40f8439Ee81","Moon PLC","https://sharp.org/","Bahrain","Diverse actuating Graphic Interface","2001","Outsourcing / Offshoring","8199"
"28","1ADB796E374b1F8","Landry, Pena and Nash","http://mathews.com/","Ghana","Optional needs-based model","2014","Textiles","4214"
"4408","270e8dE1a16AE5f","Ford-Powers","https://green.com/","Niue","Profit-focused fault-tolerant algorithm","2022","Farming","763"
"9878","ffaBA6f48D1EA68","Caldwell Ltd","https://www.kemp.com/","Philippines","Self-enabling modular initiative","1997","Restaurants","6390"
"2677","01ab2f9faa5caD3","Waller Ltd","https://www.glenn-dyer.net/","South Africa","Progressive well-modulated array","1978","Import / Export","2087"
"8546","F4c74Cc0b8CfAec","Le-Blackburn","https://www.parsons.org/","Grenada","Cross-group composite architecture","1995","Computer Software / Engineering","9900"
"5263","84d5ca739aa3Ace","Carter, Proctor and Morse","https://bruce.com/","Venezuela","Function-based reciprocal parallelism","2020","Fundraising","1605"
"5842","8E356BA9bAFB83e","Benitez and Sons","http://www.brady-burnett.biz/","Albania","Programmable disintermediate service-desk","1976","Glass / Ceramics / Concrete","4831"
"7022","24769FC465328D0","Lawson Group","http://rasmussen.com/","Faroe Islands","Universal demand-driven ability","2018","Consumer Services","3265"
"3249","Bbe1AeAdAEdb5Ba","Morrow-Clements","https://shaffer.com/","Pakistan","Open-architected demand-driven architecture","1991","Staffing / Recruiting","1449"
"5668","BDFd0aAC991eC1F","Mcdowell-Irwin","http://bush-ferguson.com/","Sweden","Multi-lateral disintermediate website","1979","Human Resources / HR","8080"
"3885","2EaEc36A43B86A8","Shepard PLC","http://hutchinson-turner.org/","Greece","Digitized radical product","1972","Building Materials","6709"
"7664","24c9fB0C6d0D5Ed","Meza-Rhodes","http://blevins-hicks.info/","Netherlands","Proactive transitional migration","2011","Pharmaceuticals","2981"
"296","cfe91BF14ecCa00","Bowers-Mccarthy","http://hester.biz/","Guinea","Distributed upward-trending circuit","2007","International Affairs","6498"
"3162","182CEcF4ABd1EFf","Griffin, Zavala and Browning","http://www.kerr.info/","Puerto Rico","Multi-lateral intangible throughput","1975","Supermarkets","2862"
"2581","111f7CCf3e2B80e","Walton-Leonard","http://www.spencer.com/","Cambodia","Profound regional neural-net","2006","Security / Investigations","2379"
"3871","60D0B4FAeda09Cc","Sims-Chung","https://hess-walton.com/","Netherlands","Public-key fault-tolerant project","2021","Newspapers / Journalism","3032"
"9211","afef280c0ADf720","Mcintosh Group","http://simmons.net/","Iran","Cloned explicit solution","1988","Photography","3644"
"4405","C4a87EB29EfbEfB","Pruitt, Potts and Dickson","https://brock.net/","Peru","Enhanced needs-based software","2017","Performing Arts","366"
"6953","1C3F7b1AbFdf193","Bowman-Elliott","http://collins-zimmerman.net/","Mongolia","Operative fault-tolerant protocol","1993","Recreational Facilities / Services","453"
"649","Cf88E92f53b299f","Parrish, Cherry and Morris","http://montes.com/","Montenegro","Optional maximized matrix","1995","Airlines / Aviation","4849"
"1371","AAF04ba909ef0bB","Powell, Vazquez and Sexton","https://www.garcia.org/","Peru","Persistent object-oriented process improvement","1990","Shipbuilding","4670"
"9856","BdDd2cDa65B8ADf","Price, Chase and Glover","http://steele-nielsen.net/","Timor-Leste","Multi-lateral 5thgeneration ability","1990","Judiciary","8149"
"6993","F66eEA9982ebBfe","Clark, Roberson and Hernandez","https://www.zamora.com/","Serbia","Configurable even-keeled database","2019","Philanthropy","2010"
"5533","11FfFa751Ad2Ad0","Austin Group","https://rasmussen.net/","Vanuatu","Secured neutral knowledgebase","1998","Apparel / Fashion","1322"
"9621","124040E494df2aC","Bowers-Watts","https://ewing.org/","Saint Pierre and Miquelon","Upgradable logistical portal","2012","Information Services","5362"
"5709","2c1ca31A66D7F42","Mccarthy, Wilcox and Vazquez","http://www.webster-byrd.org/","Madagascar","User-centric tangible initiative","2008","Farming","8898"
"4210","AbcfC0FabdaeCbC","Roberts, Ayers and Wagner","http://bishop.com/","Sri Lanka","Centralized high-level paradigm","2007","Package / Freight Delivery","9862"
"682","aCbCF71EbC1B5Eb","Blair and Sons","http://www.key-donaldson.com/","Austria","Object-based demand-driven encoding","1977","Consumer Services","798"
"435","c48dcDEC3a4a2F8","Scott, Meyer and Barker","http://www.callahan.net/","Gambia","Devolved user-facing Graphic Interface","1984","Health / Fitness","8357"
"9310","35b8F041BB78f5D","Gonzales Group","http://robbins-hodges.com/","Iraq","Re-engineered 3rdgeneration focus group","2010","Individual / Family Services","307"
"4825","B2bDb806Cbffe35","Fletcher, Woodard and Kim","http://www.franklin-myers.com/","Aruba","Adaptive non-volatile solution","1982","Law Practice / Law Firms","8906"
