"Column_1","Column_2","Column_3","Column_4","Column_5","Column_6","Column_7","Column_8","Column_9"
"1261","f2e8EA8D671C025","Lucas, Barry and Dennis","http://snow.net/","Georgia","Centralized full-range projection","1988","Food Production","1083"
"6206","79FDebDbf585f9b","Clarke LLC","http://gray-stark.com/","Bahamas","Focused system-worthy policy","1980","Ranching","7798"
"311","d39E042AD0FfF7d","Hatfield, Howe and Serrano","http://www.hubbard.net/","France","Adaptive context-sensitive challenge","2011","Music","4284"
"7790","9cEFaac1FabaaC6","Harrington-Medina","http://fields.com/","Nicaragua","Streamlined regional analyzer","1976","Aviation / Aerospace","9011"
"6459","b0De45ab43e11d7","Wang-Levine","http://arroyo-osborne.info/","Saint Helena","Future-proofed encompassing system engine","2021","Packaging / Containers","2683"
"6207","f4ef8D0bE6E3576","Wiley LLC","https://baker-mcclure.org/","Azerbaijan","Operative client-server standardization","2015","Individual / Family Services","396"
"5883","1Bb353fF9f94Dfe","Bauer-Bruce","https://turner-grant.com/","United Arab Emirates","Reverse-engineered next generation model","2004","Public Relations / PR","6183"
"4669","8Beb1E56EEEDFF1","Bullock, Olson and Buchanan","http://www.kennedy.com/","Macedonia","Balanced impactful data-warehouse","1990","Food Production","9621"
"4299","B4c61CDb3B6aDDA","Faulkner PLC","https://www.robinson.com/","Timor-Leste","De-engineered encompassing model","2009","Publishing Industry","6731"
"3784","c4be22F7AFEE5CE","Pennington Inc","http://ward.com/","Samoa","Stand-alone clear-thinking utilization","2020","Civil Engineering","331"
"1009","b9Dd8B6aB5f81DE","Berry-Holder","http://pratt-hays.com/","Faroe Islands","Re-contextualized zero-defect success","1998","Program Development","3407"
"8355","5C43dA7C9Ea0fAD","Gallegos PLC","https://www.mckay.com/","Belarus","Universal responsive paradigm","2012","Industrial Automation","9194"
"2186","de7828aF36fDa6e","Sosa-Ortega","http://www.santana-doyle.com/","Ireland","Object-based systemic frame","1997","Food Production","4916"
"3624","19cF10f292379a1","Petersen-Espinoza","http://www.howe.org/","Maldives","Distributed mobile concept","1975","Farming","2656"
"7040","bCf7cddACBfbAE2","Miranda-Novak","https://zhang.com/","Iran","Open-architected full-range Graphic Interface","1976","Outsourcing / Offshoring","3483"
"4923","FFBeC5d706Ecbca","Lozano, Marquez and Pope","http://www.hansen.biz/","Palau","Managed zero-defect moratorium","2006","Recreational Facilities / Services","3434"
"9674","2fB1816DA0be68C","Anthony Inc","https://galvan-duarte.com/","Gabon","Integrated transitional analyzer","2008","Glass / Ceramics / Concrete","1429"
"7951","EEAd77bCA9CA1e1","Lynn PLC","http://graham.com/","San Marino","Focused well-modulated hardware","1977","Consumer Electronics","7642"
"6126","30dD2e1BF1eF8A3","Richard, Singh and Nicholson","http://www.rowland.com/","Marshall Islands","Future-proofed high-level complexity","1981","Aviation / Aerospace","5324"
"4757","0e062A4c33dCFD6","Mcintosh-Hatfield","https://www.hicks-pruitt.biz/","Rwanda","Managed 4thgeneration Graphic Interface","1994","Animation","5589"
"5075","24e33a348F8e4Db","Petersen Inc","https://rocha-newman.net/","Malaysia","Customer-focused grid-enabled paradigm","1976","Wireless","8964"
"91","Fc679bcD4fAe6AB","Travis, Booker and Stewart","https://bell.info/","Sao Tome and Principe","Compatible empowering strategy","2019","Religious Institutions","1971"
"5975","3Fc1cD241f6dba0","Park, Shields and Marshall","https://combs.biz/","Solomon Islands","Stand-alone mobile function","1994","Insurance","76"
"6419","36232a9710369ab","Clay, Boyd and Zavala","http://smith-brock.com/","Lithuania","Object-based 24/7 artificial intelligence","2004","Mechanical or Industrial Engineering","7959"
"8641","C32e4F3E46dbF06","Miranda and Sons","https://liu.com/","Guadeloupe","Reduced upward-trending methodology","2012","Public Relations / PR","6378"
"8691","4bf4e7FEbAE0f4f","Roth, Boyd and Powell","http://fuller.info/","Saint Pierre and Miquelon","Object-based actuating emulation","1984","International Trade / Development","1433"
"2118","D7132C6bEAE2a8A","Andrews Inc","http://www.rogers.info/","Congo","User-centric tangible core","1991","Medical Equipment","5961"
"2938","42E72E62D2f0ea3","Joseph, Baldwin and Tucker","https://miranda.com/","United States of America","Quality-focused grid-enabled artificial intelligence","1971","Environmental Services","8851"
"6843","bf6eBc5e5B38fCa","Montoya, Khan and Stone","http://esparza.org/","United Kingdom","Adaptive disintermediate collaboration","1980","Logistics / Procurement","118"
"984","aa5F6A459Cb05ff","Richardson Inc","https://pennington.com/","Mauritius","Managed 6thgeneration attitude","1983","Law Enforcement","8650"
"7261","cC2bA644B8a4F97","Bryant-Guzman","http://www.glover.com/","Fiji","Future-proofed radical synergy","2015","Individual / Family Services","7085"
"9986","a5D930FA75dFa1B","Clarke, Weaver and Kane","http://www.marshall-jennings.com/","Austria","Object-based dedicated hub","2016","International Affairs","6409"
"2926","9BCC0487F14A867","Adkins, Nunez and Decker","https://www.rios.info/","Cuba","Persevering bifurcated contingency","2001","Computer Networking","9785"
"6062","5Db94Fb26bebe9E","Serrano-Potts","http://www.pineda.com/","Grenada","Streamlined user-facing alliance","1993","Investment Banking / Venture","2305"
"3215","0b9Acf84f6e80be","Norton-Peterson","https://lynn-estrada.com/","Saudi Arabia","Streamlined methodical paradigm","2005","E - Learning","555"
"6448","cA65Ee68aCdB5Db","Crawford, Wright and Finley","http://www.lynch.com/","Faroe Islands","Robust neutral data-warehouse","2006","Computer Networking","4502"
"6780","DD4da8daA676a97","Jensen, Cruz and House","http://www.waller-marshall.com/","Thailand","Ergonomic client-driven access","1996","Banking / Mortgage","4695"
"7039","58C8aC2739e202B","Mccoy Inc","https://www.jones-duke.com/","Bouvet Island (Bouvetoya)","Enterprise-wide intangible attitude","1977","Executive Office","9403"
"5664","1A147456fc3cAe8","Chaney, Martinez and Bernard","http://salinas-blackburn.biz/","Montenegro","Phased high-level standardization","1991","Medical Equipment","2792"
"628","2e07FfBdCfAf1A2","Petersen-Booker","http://gonzalez.com/","Canada","Phased demand-driven projection","1988","Logistics / Procurement","7676"
"8009","6D85bb6Ac4eA925","Lin-Shannon","http://www.bowen.com/","Christmas Island","Managed multi-state interface","2005","Financial Services","7321"
"5126","57eC2ccd44349Be","Conway, Schneider and Barr","http://saunders-aguilar.com/","Turkmenistan","Mandatory full-range software","2001","Publishing Industry","6890"
"4766","A18E4E91AD04c21","Harper and Sons","https://www.richardson.org/","Equatorial Guinea","Open-source dedicated installation","1991","Accounting","3562"
"8144","C630bbBD0fc0e33","Ruiz, Serrano and Mcgee","http://raymond-nixon.biz/","Samoa","Advanced exuding product","2005","Insurance","545"
"9595","11BeD720Ed3763C","Hunt-Hays","http://washington-wong.com/","Marshall Islands","Down-sized leadingedge methodology","2014","Electrical / Electronic Manufacturing","4015"
"1270","d636fea7c8C0Efb","Tran Inc","http://www.ryan-owens.com/","Ecuador","Diverse contextually-based interface","1973","Alternative Medicine","4861"
"129","625Cf8d258fFDEc","Tapia-Tyler","http://www.herring.com/","Brunei Darussalam","Realigned interactive hardware","1982","Chemicals","9921"
"6113","07DEfB5ac63DBEb","Davies, Small and Wilkerson","https://www.farrell.info/","Yemen","Ameliorated intangible standardization","1998","Writing / Editing","9938"
"1712","e9e56dB6C9DDF37","Buchanan-Medina","https://werner-weiss.net/","Cameroon","Triple-buffered foreground application","1993","Real Estate / Mortgage","8349"
"7863","1143FF03fd0c5D9","Herman-Andersen","http://monroe-whitehead.com/","Guadeloupe","Diverse composite throughput","2004","Judiciary","1348"
"4236","fE8EA5CcBFaa5Ac","Alvarez LLC","http://www.chang.org/","Algeria","Implemented static budgetary management","1990","Gambling / Casinos","5312"
"5193","A7Abb3AAD3e6De9","Wyatt, Hardy and Carney","https://strong.org/","Cameroon","Cloned intermediate array","2001","Military Industry","4155"
"2399","a0BF848da06CbCA","Mccoy and Sons","http://www.meza.com/","Marshall Islands","Cloned multi-state solution","1999","Investment Banking / Venture","6208"
"5435","c8731AAcAE9e865","Padilla, Hinton and Mccann","http://www.cummings-christensen.net/","South Africa","Up-sized upward-trending groupware","2004","Retail Industry","6467"
"6058","4FD0Ca8CcaBaBB6","Gentry LLC","https://flowers-mclean.info/","Tuvalu","Re-engineered mobile project","1975","Staffing / Recruiting","3195"
"9319","c5CC592a8CEEb2b","Tanner PLC","http://richmond.com/","Monaco","Pre-emptive scalable matrix","1994","Luxury Goods / Jewelry","5154"
"1187","6fE3f3044cb58d7","Oneill-Lee","http://www.figueroa.biz/","Vanuatu","Automated scalable functionalities","2008","Import / Export","1977"
"6014","FEfA6F32c457eC3","Sanders LLC","https://eaton.net/","France","De-engineered systematic paradigm","2016","Computer Hardware","7024"
"9794","e0A3aF4aeAb41A8","Owens, Lambert and Moses","https://hampton-moran.com/","Barbados","Implemented executive intranet","1981","Machinery","1201"
"6015","ECff4BBDe4ebABA","Burch, Stark and Swanson","https://www.rowland-campbell.info/","Panama","Face-to-face static monitoring","1981","Research Industry","1314"
"1978","c0a61d6DbE06ffF","Foster PLC","http://contreras.biz/","Burkina Faso","Up-sized foreground framework","1973","Gambling / Casinos","4203"
"9888","Df5fA6F8fb91bDb","Boyle LLC","http://cline.info/","Greenland","Managed foreground secured line","2008","Staffing / Recruiting","8409"
"4248","bAE42D0bE1aF0F7","Oneill-Khan","http://www.crosby.com/","Burkina Faso","Down-sized user-facing product","2020","Staffing / Recruiting","5674"
"7673","f8F39e9D47ee3D5","Chase PLC","https://zamora-lutz.com/","Madagascar","Object-based heuristic matrices","2022","Public Relations / PR","4355"
"916","b3F7aaF1f2EbADb","Dickerson, Khan and Mata","http://www.branch.biz/","Wallis and Futuna","Vision-oriented intermediate functionalities","1977","Facilities Services","2386"
"1306","16Ef75eEfD14945","Andersen Group","http://www.bolton-garrett.biz/","Cuba","Quality-focused well-modulated monitoring","1983","Sporting Goods","2368"
"5456","2cFc4aCaCb094bd","Fitzgerald, Ashley and Nielsen","https://wilkerson-baxter.com/","Kiribati","Vision-oriented tangible Graphical User Interface","1999","Cosmetics","5954"
"3050","bCd2B3ae4BAB29b","Torres-Arnold","https://price.com/","Anguilla","Up-sized holistic Graphical User Interface","1982","Alternative Medicine","1900"
"9522","edC6eAB63d119c7","Costa PLC","https://www.mooney-pratt.net/","Cayman Islands","Reverse-engineered dynamic synergy","1994","Gambling / Casinos","4213"
"1274","2c6DD2EE35DbC92","Ballard Inc","https://www.lambert-stone.com/","Portugal","User-centric directional success","1991","Primary / Secondary Education","4506"
"8056","aaFb6abeF4FA63D","Barry-Jordan","http://hayden.info/","Taiwan","Open-source 24hour utilization","1974","Online Publishing","2583"
"2797","0Ae569eCDefBA54","Callahan Group","https://bowman.com/","Wallis and Futuna","Realigned local collaboration","1970","Environmental Services","2676"
"1399","ADA905bC6A3Fa1F","Rasmussen-Robinson","https://dodson.info/","Heard Island and McDonald Islands","Realigned object-oriented Local Area Network","1977","Glass / Ceramics / Concrete","9771"
"3359","1C56318A070fCcE","Clark, Atkins and Duarte","http://www.aguilar.biz/","Angola","Cross-platform explicit help-desk","2014","Consumer Electronics","13"
"184","9c3411cA7aa2aBC","Bender-Thompson","http://www.benton-larson.net/","Argentina","Devolved contextually-based collaboration","2017","Religious Institutions","2974"
"6868","95Dadc4aE807865","Barnett-Mcguire","https://www.schaefer.info/","Comoros","Quality-focused hybrid neural-net","1984","Public Relations / PR","88"
"5696","f525fA978dB9Cd7","Rich Ltd","https://www.clayton.com/","Oman","Integrated radical concept","1973","Newspapers / Journalism","8249"
"8836","7F142afDb3a108A","Macias, Flowers and Cain","https://nguyen-schroeder.com/","Bahamas","Optional empowering application","2021","Performing Arts","8957"
"9627","ed39BB3c6EBAD12","Mercer-Orozco","https://curry-jarvis.com/","Aruba","Persistent eco-centric encryption","1990","Performing Arts","7507"
"6171","fEe2A81DbbDB6FC","Charles, Ellison and Whitehead","http://fritz-beltran.com/","Somalia","Exclusive real-time data-warehouse","1994","Information Services","4769"
"6988","bD330ac9FafCfe5","Sawyer PLC","http://www.pierce.org/","Uruguay","Centralized executive database","1981","Consumer Electronics","8823"
"4568","83C84f3890514EB","Short, Costa and Thornton","https://www.gray.info/","Vietnam","Re-contextualized 24hour data-warehouse","1994","Telecommunications","3300"
"8956","EeEda60bDB3587a","Wyatt, Mason and Riggs","https://irwin-norton.info/","Serbia","Persistent logistical structure","2001","Accounting","6124"
"2657","eF76A18eC0EC2F7","Miranda-James","https://www.kelley.com/","Madagascar","Self-enabling leadingedge core","2009","Oil / Energy / Solar / Greentech","3723"
"8310","bCABFB23e5CF3B5","Hartman, Roberson and Bender","http://salazar-flowers.biz/","American Samoa","Grass-roots intermediate website","2020","Real Estate / Mortgage","3191"
"6858","CC4EaD9e1e7CFb3","Campos-Giles","http://www.lowery.com/","Czech Republic","Intuitive client-driven archive","2011","Non - Profit / Volunteering","8303"
"1962","48473D700F28C46","Fischer PLC","https://www.marsh.biz/","Austria","Compatible didactic function","2003","Civic / Social Organization","5943"
"6384","b873B49c2Dd2A68","Cardenas Group","https://oneill-meadows.com/","Belarus","Expanded tangible help-desk","1995","Entertainment / Movie Production","9451"
"8854","188BFd68EAD5f95","Mcintyre, Valdez and Dixon","https://www.baird.org/","Sudan","Compatible multi-tasking architecture","1984","Environmental Services","7359"
"9974","7b5C221a05dFAc8","Fry Group","http://hooper.com/","Puerto Rico","Right-sized well-modulated hub","1981","International Affairs","8656"
"1252","4DFdCC6cBc8B8cF","Bentley-Vazquez","http://miranda.biz/","Syrian Arab Republic","Synergistic 5thgeneration monitoring","2007","Human Resources / HR","727"
"3177","278D4bEE3e0E531","Valdez-Fowler","http://www.stark.com/","Equatorial Guinea","Expanded clear-thinking productivity","1976","Broadcast Media","3480"
"7761","6d78b7CD2baa915","Underwood, Rivera and Choi","http://www.ross-payne.com/","Trinidad and Tobago","Front-line context-sensitive Internet solution","1988","Transportation","9477"
"5014","0cb94eA56f15844","Key LLC","https://kane.com/","Tanzania","Realigned coherent protocol","1995","Food Production","346"
"9706","605Dcc8f4D0BC63","Mcdaniel, Moses and Brady","http://www.santana.com/","Germany","Sharable encompassing standardization","1972","Health / Fitness","279"
"6540","81dAe799dbc553e","Woodward-Roberts","http://www.mckinney.com/","Paraguay","Multi-channeled real-time info-mediaries","2000","Outsourcing / Offshoring","8519"
"3290","5fCcE86ce5AFa8F","Garrett Inc","https://www.shannon.com/","Gibraltar","Virtual dynamic moratorium","2009","Investment Banking / Venture","7428"
"6449","d7FE9b10CDe1425","Singh-Guerrero","https://hampton.com/","Malta","Fully-configurable object-oriented extranet","2002","Management Consulting","634"
"8727","E9A8afF27d927Ab","Ward, Hutchinson and Weeks","http://hicks.com/","Saint Kitts and Nevis","Team-oriented systematic encryption","2003","Printing","1734"
"7612","8A773b676E249Dc","Shaffer, Juarez and Blackburn","http://www.smith.com/","Montenegro","De-engineered static strategy","1987","Wireless","2900"
"6276","728aA5aF4c95c2E","Howell Group","http://hamilton.com/","Egypt","Progressive contextually-based help-desk","1973","Recreational Facilities / Services","5835"
"6888","93aac72592DeEC9","Schmitt, Cunningham and Holder","http://www.calhoun.com/","Australia","Sharable fresh-thinking synergy","1995","Computer / Network Security","4400"
"1052","Fd42A775dcc45dd","Pittman, Pham and Moon","http://rangel.com/","Estonia","Re-engineered 3rdgeneration benchmark","2017","Alternative Medicine","2331"
"4070","dD7831620efBC26","Dunlap-Mcgee","http://rogers.net/","Angola","Triple-buffered mission-critical Local Area Network","1986","Translation / Localization","2069"
"6023","Eaf154F6dd7ddD7","Lynch, Guerrero and Wiggins","https://www.bright-saunders.biz/","Hungary","Sharable fault-tolerant initiative","1991","Design","4095"
"5553","e792dC919BC90d8","Cabrera Inc","https://www.rodriguez-floyd.com/","Singapore","Down-sized asynchronous Internet solution","1979","Investment Management / Hedge Fund / Private Equity","5377"
"273","3fcD87b685EcA5E","Doyle and Sons","http://rose.biz/","Cook Islands","Self-enabling responsive leverage","2012","Shipbuilding","5067"
"2043","b7Eb936adE3BF6a","Hoover Group","http://joseph.net/","Costa Rica","Networked heuristic hardware","1970","Information Services","2425"
"4764","Ba8Dcf2e32D0247","Blackburn, Meyers and Sweeney","https://www.castro.net/","Montserrat","Down-sized optimizing success","2012","Retail Industry","998"
"8998","8bcEa58d67feF2e","Morrow, Suarez and Paul","https://www.acevedo.com/","Belgium","Decentralized high-level protocol","2008","Mining / Metals","5701"
"5205","2Baf1e6Dfe624ff","Cordova, Pearson and Schmidt","http://www.schroeder.com/","Netherlands Antilles","Reverse-engineered coherent pricing structure","1971","Food / Beverages","1800"
"9510","F59Dc50FdC5Ac56","Dudley and Sons","https://www.coleman.net/","Canada","Synergistic upward-trending standardization","2000","Non - Profit / Volunteering","7182"
"1087","8fB0834131A9bcd","Hunt-Craig","https://parks.org/","United States of America","Extended bandwidth-monitored application","2012","Investment Banking / Venture","5874"
"8374","AcA33Ac6DeEBB10","Lin, Schmidt and Ferrell","http://webster.com/","French Guiana","Multi-layered optimizing complexity","1974","Cosmetics","6367"
"7733","eEaA8EEaba9Ea7e","Scott and Sons","http://www.meadows.com/","Bosnia and Herzegovina","Optional disintermediate ability","2004","Utilities","1582"
"7516","3097Dacbf3c78Ec","Valencia-Cole","https://villa-may.biz/","Bouvet Island (Bouvetoya)","Multi-layered discrete hardware","2000","Building Materials","7601"
"6679","54b68ffBbec21bf","Bullock Inc","https://www.zimmerman.com/","Puerto Rico","Diverse foreground help-desk","2017","Commercial Real Estate","8809"
"4323","3665E4Be06b93ca","Faulkner Ltd","http://matthews.com/","Belize","Re-contextualized contextually-based capacity","2005","Chemicals","3394"
"6947","49D1ae1F0ba5ce8","Floyd-Wallace","https://rosales-weber.com/","Lao People's Democratic Republic","Future-proofed incremental emulation","2019","Insurance","5336"
"7748","dc8E48C10b15EEF","Dawson-Osborne","https://kaiser-glover.com/","Ukraine","Face-to-face 6thgeneration moderator","2011","Health / Fitness","7456"
"6773","FF4aCEdBb5B6bc0","Hobbs Ltd","http://combs-davila.org/","Portugal","Centralized non-volatile leverage","1998","Security / Investigations","4542"
"5519","942E8BCfDd1B606","Robbins-Curtis","http://www.stephens.org/","Hong Kong","Realigned needs-based encryption","1982","Semiconductors","6921"
"5118","99c20Bc68bE8353","Davies, Walsh and Hurley","http://www.lynch-pennington.info/","Singapore","Adaptive high-level task-force","2010","Pharmaceuticals","1913"
"6180","9cB5cC6c7EFd8e3","Callahan, Guerrero and Lewis","https://good-morales.biz/","Dominican Republic","Streamlined clear-thinking Local Area Network","1977","Translation / Localization","4153"
"4710","82c93c94C78Abef","Hoover-Simon","http://stout.biz/","Tanzania","User-centric solution-oriented Graphic Interface","2020","Wholesale","605"
"8122","831c3cCc6Be8FA5","Farley-Andrade","https://www.duncan-castro.net/","Cyprus","Customer-focused web-enabled website","2021","Pharmaceuticals","6357"
"5970","6b51cD7CeF86c06","Figueroa Ltd","http://terry.biz/","Bahamas","Self-enabling demand-driven throughput","1987","Paper / Forest Products","8141"
"6785","331Bb0dFAdF6b0D","Vargas, Burgess and Jefferson","http://www.kim.com/","Taiwan","Triple-buffered zero-defect challenge","1973","Farming","714"
"3479","2cA9EDec23df43F","Rose, Cowan and Velasquez","https://manning.com/","Guatemala","Versatile discrete architecture","2002","Think Tanks","7414"
"8415","BEeacD2a1dF7354","Bailey-Gross","http://www.norton.info/","Argentina","Stand-alone systematic moratorium","1987","Animation","5627"
"3925","Ae4DD154eF5852d","Krause, Walker and Clayton","http://www.deleon-page.org/","Western Sahara","Front-line holistic secured line","1980","Shipbuilding","6286"
"1749","Fc64715544829f0","Escobar and Sons","http://www.glass-klein.com/","Belarus","Fundamental tertiary migration","1978","Religious Institutions","2394"
"733","92bba55E71FFBB5","Frye PLC","http://james-decker.biz/","Uzbekistan","Public-key attitude-oriented complexity","2007","Computer / Network Security","5648"
"2554","7BAC9f4c4d7b4f9","Valenzuela Inc","https://prince.org/","Belize","Pre-emptive interactive software","1973","Glass / Ceramics / Concrete","5707"
"5459","F7eFeCE90C141fC","Blackburn Group","http://www.moon.com/","Mauritius","Triple-buffered composite definition","1977","Food Production","3881"
"5874","d86AbD6cd7cE5e8","Cross Group","https://www.vaughan-burch.com/","Dominican Republic","Exclusive multi-state array","1999","Food / Beverages","540"
"2663","BC45d836a1257C5","Wilson, Khan and Yu","https://abbott.com/","Portugal","Function-based dynamic throughput","1990","Law Enforcement","4873"
"9399","06EfFEd9b3cbffC","Burgess, Wright and Peck","https://www.douglas.org/","Hong Kong","Object-based client-server collaboration","1976","Dairy","2378"
"6456","d7c77DdB2Ed78Ec","Mcpherson, Hays and Perkins","http://www.flores.com/","Ethiopia","Self-enabling zero administration project","2003","Political Organization","1898"
"3114","Fff3BdcFEbA2ab4","Nunez-Dickerson","https://www.tate.com/","Puerto Rico","Open-architected clear-thinking synergy","1996","Building Materials","744"
"3304","f773764DBfdFEA4","Holt, Calhoun and Cox","https://sanford.com/","Grenada","Persistent multimedia frame","1998","Banking / Mortgage","7000"
"1345","3DFdABCfc78df7B","Johnson PLC","http://www.robles.biz/","Canada","Virtual static complexity","2015","Semiconductors","6275"
"1691","6A8CA43E0107ec3","Mcgee-Donaldson","https://www.west.com/","Comoros","Intuitive client-driven database","2010","Staffing / Recruiting","6063"
"7181","FDfA0bDceCB0E7D","Forbes-Yu","http://rasmussen.info/","Tonga","Exclusive systematic intranet","2016","Writing / Editing","3888"
"6500","4C1E6CdC43e1Eb9","Rasmussen Group","http://donaldson.com/","United States Minor Outlying Islands","Realigned holistic hub","2013","Computer Hardware","7291"
"3309","AAbEaA6feE3c9Fb","Mccarthy-Parker","http://www.wiley.biz/","Falkland Islands (Malvinas)","Optimized heuristic help-desk","2002","Semiconductors","5551"
"1505","A13eCe556d6febD","Barry Group","https://www.romero.com/","Guadeloupe","User-centric global standardization","1978","Graphic Design / Web Design","6129"
"1807","c038cBb46E5327f","Buckley-Atkins","https://www.garcia-salazar.net/","Kazakhstan","Distributed grid-enabled system engine","2000","International Affairs","9693"
"8470","376A29C9dCA2BEE","Boyle, Ritter and Mcclure","https://weber-welch.com/","United States Virgin Islands","Networked client-server structure","2010","Defense / Space","3091"
"5370","e25f4eFEE8aFc2d","Harmon PLC","http://www.fry.biz/","Belgium","Balanced mobile Graphic Interface","2002","Packaging / Containers","3877"
"3792","8cf6cF2B3c3bfa3","Bolton, Cameron and Mitchell","https://jones.com/","Madagascar","Seamless bifurcated methodology","2016","Political Organization","9523"
"9521","d7a6cA88Bb0f7EB","Salazar and Sons","https://www.shepherd.info/","American Samoa","Streamlined executive migration","1991","Think Tanks","5264"
"7330","D6dBce5E9536EFe","Haley Inc","https://www.huff-olson.com/","Sri Lanka","Robust motivating middleware","1976","Library","9959"
"5910","A33BC8249b936Be","Solis PLC","http://www.mueller-zhang.biz/","Palau","Implemented background system engine","2005","Legal Services","2186"
"6826","CbdDddcE25Baa9a","Mercer, Esparza and Case","http://porter-barnes.com/","Cocos (Keeling) Islands","Devolved neutral support","2013","Railroad Manufacture","7837"
"7264","6d7adB9e7F5eDFB","Levine, Wagner and Middleton","https://ware-velez.com/","Estonia","Function-based client-driven moratorium","2017","Civil Engineering","2271"
"1849","8F5BA628e6Aff02","Rush Inc","http://www.hutchinson.com/","Latvia","Intuitive optimal emulation","2007","Automotive","6135"
"4513","f1c28a2EB2C69eA","Clayton, Carlson and Brewer","https://www.huerta.com/","Ghana","Enterprise-wide directional product","1996","Sports","1839"
"2432","3F8cdb8c43bbfa5","Hogan, Shaffer and Simon","http://www.holden-lucas.com/","Kuwait","Business-focused intangible flexibility","2002","Computer Hardware","2972"
"4661","464C612C7a37c4E","Johnson LLC","http://www.velez.info/","Thailand","Persevering system-worthy secured line","2015","Writing / Editing","7289"
"8886","AFfAE4c32a6EAf9","Crane-Lamb","https://www.atkins.com/","Rwanda","Visionary attitude-oriented Internet solution","2006","Packaging / Containers","8862"
"5585","c2752E7c0b09Bf6","Hubbard, Livingston and Bowman","http://humphrey-potter.com/","Belgium","Cross-group user-facing task-force","1992","Health / Fitness","3885"
"143","88be54d5A8cD359","Lutz LLC","http://clayton.com/","Hungary","Function-based content-based capability","1989","Computer Games","8956"
"8761","ae5D5Ea5ce2B1e1","Evans, Bullock and Rocha","http://www.reilly.info/","Trinidad and Tobago","Organic regional standardization","1983","Utilities","6868"
"9212","31AcD6cc6B0CEfB","Bean LLC","http://perkins.com/","Gambia","Grass-roots heuristic concept","1997","Government Administration","7790"
"5265","0F462bdFccc1DeE","Little Ltd","http://www.hendricks.net/","Pitcairn Islands","Polarized maximized utilization","1972","Gambling / Casinos","5823"
"3410","d11CC83c4725A6f","Jefferson-Reed","http://schmidt.org/","Luxembourg","Fundamental global firmware","1986","Plastics","9274"
"1118","DdF4b1E8e1E8032","Sawyer, Eaton and Goodman","http://hatfield.com/","Liechtenstein","Cross-group demand-driven projection","2018","Pharmaceuticals","986"
"1757","Bb8b6c9dC5a3DFD","Melendez Ltd","http://allen-green.com/","Trinidad and Tobago","Focused non-volatile help-desk","2019","Motion Pictures / Film","641"
"498","9Dcf8d0af1FF628","Tyler-Ballard","http://www.coffey.com/","Lebanon","Reactive dynamic access","1976","Civic / Social Organization","4694"
"8032","3ca41fd0b6E4121","York-Neal","https://www.holden.com/","Vanuatu","Cross-group mission-critical architecture","2010","Transportation","5179"
"871","37CbB4Ff62CBAcb","Crawford-Fields","http://www.harvey.org/","Lebanon","Inverse 6thgeneration complexity","1972","Staffing / Recruiting","3078"
"3358","1Cf845dE2AA102e","Santos-Morales","http://www.walton-blankenship.info/","Mexico","Virtual 24/7 conglomeration","1976","Publishing Industry","2462"
"913","24eaCea8dfdB6ca","Hoover-Adkins","http://watson-boyer.com/","Mongolia","Adaptive system-worthy Graphic Interface","1991","Capital Markets / Hedge Fund / Private Equity","5738"
"722","1B99e54E9D4AEBe","Lynn Group","https://rivers.info/","Western Sahara","Reduced zero tolerance projection","2006","Philanthropy","6900"
"2806","761bB1f2EAA95c4","Michael PLC","https://www.simon.biz/","China","User-centric attitude-oriented data-warehouse","2004","Entertainment / Movie Production","5626"
"9944","dfDbA8eC1C8Dd1E","Lynch-Clay","https://bell.com/","Trinidad and Tobago","Advanced dynamic software","2015","Investment Banking / Venture","5968"
"887","C28F6E055BfDfDa","Stewart-Roy","https://mckinney.com/","Mayotte","Open-architected bandwidth-monitored throughput","1997","Political Organization","4375"
"9593","71A1570DBA8d6c7","Good-Santana","https://www.torres.com/","Palestinian Territory","Implemented contextually-based pricing structure","2013","Investment Banking / Venture","3451"
"6588","0D1DaebbfeFb6bf","Fisher PLC","https://webster-mcmahon.info/","Dominican Republic","Visionary analyzing paradigm","1972","Government Administration","7098"
"8101","93dc899186C0b41","Norman-Mason","http://www.lewis-cunningham.com/","Eritrea","Centralized 24/7 secured line","1992","Pharmaceuticals","6763"
"1521","1eC12eFfd4f6c8F","Simon LLC","https://www.weber.org/","Congo","Stand-alone executive archive","2019","Warehousing","9148"
"8690","c8AdCA2d5DbFfFC","Cabrera-Elliott","https://www.sharp.com/","Monaco","Team-oriented actuating functionalities","1999","Design","8223"
"2747","fFB7c20B4705f06","Benson, Farmer and Kaufman","http://www.bentley.com/","Turkmenistan","Fundamental content-based orchestration","1991","Restaurants","5870"
"6701","0Db4D1Ff32BB374","Singh, Valenzuela and Terrell","https://bryant.com/","Japan","Up-sized national open system","2018","Library","1765"
"5776","dB60dFE3Bf4cf3c","Bender, Finley and Cuevas","http://www.todd.com/","Cambodia","Customizable client-driven definition","2019","Online Publishing","9985"
"315","E2EB5808A37BAeC","Briggs PLC","http://vazquez.com/","Wallis and Futuna","Proactive heuristic data-warehouse","2004","Packaging / Containers","1637"
"1800","FBCa02ACcdEe2b9","Cervantes-Irwin","http://www.gordon-bridges.com/","Iceland","Multi-tiered radical capacity","1979","Arts / Crafts","4021"
"328","55F8922768b2408","Serrano-Lester","http://www.hinton.biz/","Jersey","Versatile hybrid collaboration","2008","Government Relations","6729"
"5643","0F1642c05eDaBbB","Mann-Tapia","https://lewis.com/","Tonga","Automated coherent benchmark","1972","Health / Fitness","2509"
"4205","F03B808AB0Bd3D3","Galloway, Christian and Adkins","https://www.mora-rojas.com/","Netherlands Antilles","Distributed hybrid extranet","2012","Computer Software / Engineering","4863"
"3130","aFB544CC4C7e01b","Hughes-Mccall","http://www.braun.org/","Cambodia","User-centric radical budgetary management","1986","Medical Practice","3330"
"6861","dAF905DaFb8C37C","Calderon Inc","https://www.conway.com/","Bouvet Island (Bouvetoya)","Right-sized disintermediate neural-net","1989","Commercial Real Estate","8586"
"9906","0Eb5feFF8dd03d6","Terrell-Holloway","http://dixon.net/","Anguilla","Multi-tiered systemic pricing structure","1976","Security / Investigations","4302"
"3969","97AbD14ab3DE616","Ortiz Ltd","https://doyle.com/","Pakistan","Polarized non-volatile array","2018","Wholesale","2291"
"5744","d1CfeBF0bCC4D66","Riddle, French and Benton","http://www.monroe-brandt.net/","Samoa","Profit-focused multimedia collaboration","1983","Higher Education / Acadamia","7174"
"6227","c0fF2bADdABBd93","Bush and Sons","https://cardenas.com/","Russian Federation","Stand-alone national core","2018","Defense / Space","4303"
"1974","DF938D5E5dE26f9","Chambers-Rangel","https://www.ali-patton.com/","Western Sahara","Intuitive national architecture","1977","Online Publishing","6558"
"337","dDe84066f1a1DF3","Donaldson-Herring","https://carpenter-pearson.com/","Luxembourg","Ergonomic encompassing benchmark","2021","Judiciary","2808"
"2765","58B001f28aEC947","Calhoun, Davis and Morales","https://www.lynn.net/","Argentina","Fundamental maximized open architecture","1994","Computer / Network Security","6857"
"7661","7E055aaaA37d3ef","Wise Inc","https://www.johnston.com/","Rwanda","Seamless directional budgetary management","2019","Government Administration","6878"
"276","1Ceb4B1D871DdbE","Cummings LLC","https://www.benton-cantu.com/","Congo","Extended heuristic open system","2007","International Trade / Development","1998"
"2986","679e7f0d0399Eb7","Galvan, Poole and Valentine","https://www.durham-long.com/","Malta","Networked incremental productivity","2019","Staffing / Recruiting","8514"
"5647","243CfFF9F6DDb8D","Roman, Sloan and Tucker","https://www.hughes.com/","Ireland","Multi-channeled reciprocal strategy","2006","Think Tanks","6594"
"5850","9FAbE91FCEe0Bee","Torres-Peterson","https://www.stein.biz/","Saint Martin","Networked zero-defect success","1971","Insurance","5531"
"3478","C144CfDdA3993DE","Hoover, Harrison and Trujillo","http://www.shelton.com/","Macao","Managed grid-enabled Internet solution","2022","Alternative Medicine","4909"
"7559","71B281b64B48efd","Gilmore-Kline","https://www.kline-swanson.com/","Trinidad and Tobago","Front-line attitude-oriented standardization","1970","Events Services","3573"
"3559","7bbC0cB03C46CF4","Tapia, Mercado and Pacheco","http://www.petersen.net/","Bahrain","Synchronized global moratorium","1986","Staffing / Recruiting","7577"
"2810","Dddbc4CC8BDBEc2","Romero LLC","https://www.schneider-juarez.com/","Luxembourg","Extended 3rdgeneration orchestration","1981","Mechanical or Industrial Engineering","2586"
"9114","8afD5aAc80BA659","Day, Lee and Good","http://maynard-gutierrez.com/","Uzbekistan","Pre-emptive grid-enabled workforce","2006","Chemicals","5249"
"4862","Be2EB032b772591","Hurst, Cameron and Perry","http://black.com/","Christmas Island","Automated 4thgeneration forecast","1999","Chemicals","1145"
"6587","Ea1e8eA5AfC1be5","Bass, Norton and Wiggins","http://solomon.org/","Cocos (Keeling) Islands","Self-enabling non-volatile architecture","2002","Computer Hardware","1177"
"3417","8fFAABeaC33DDEc","Villarreal, Keith and Li","https://spencer.com/","Macedonia","Total fault-tolerant Internet solution","1974","Legal Services","6217"
"308","b93d678CB2CdF19","Faulkner, Nielsen and Tran","http://holt-washington.com/","India","Centralized client-server collaboration","1998","Religious Institutions","6282"
"3909","40d63f3eBed6AAa","Suarez Inc","https://www.farrell.net/","Guinea","Self-enabling non-volatile structure","2013","Research Industry","7812"
"349","aaB17AD9dB6E135","Santiago-Wise","http://maxwell.com/","Congo","Pre-emptive zero-defect approach","1978","Building Materials","4380"
"827","fccFE2097e7Aa37","Ali-Wang","https://collier-hendrix.com/","Grenada","Streamlined zero tolerance neural-net","2009","Fundraising","2225"
"9502","cdF5De4B7e4EFDe","Pittman-Finley","http://www.sims.com/","Guinea-Bissau","Object-based zero-defect capacity","1991","Luxury Goods / Jewelry","5355"
"4483","eCf968b3286Fe81","Doyle, Harris and Davenport","https://www.terry.com/","Liberia","Function-based zero tolerance contingency","2000","Public Safety","9441"
"6577","EDbAac8baefF078","Werner and Sons","http://bray-hudson.net/","Netherlands","Vision-oriented uniform forecast","2015","International Trade / Development","520"
"3683","0BaDf316e381f25","Powers, Vasquez and Mcpherson","http://www.costa-haney.biz/","Jordan","Monitored zero administration approach","2016","Motion Pictures / Film","9653"
"5877","0F2a37c6147EffC","Clements-Ross","https://deleon-allison.com/","New Caledonia","Profit-focused upward-trending paradigm","2019","Insurance","8788"
"8388","115a1D61adBE93d","Ross Inc","http://mora.info/","India","Pre-emptive zero administration emulation","1996","Oil / Energy / Solar / Greentech","644"
"2054","13Dd9e6042524b8","Wiley Ltd","https://www.charles.com/","Samoa","Customizable fault-tolerant framework","1995","Recreational Facilities / Services","5291"
"72","a8FAfec4a520d68","Sawyer-Cisneros","http://larsen-randall.com/","Northern Mariana Islands","Distributed leadingedge protocol","2010","Recreational Facilities / Services","3328"
"5508","0CDF7dE3Ddec34B","Davila-Cardenas","http://www.rollins.biz/","Ghana","Distributed disintermediate throughput","1996","Performing Arts","3241"
"8515","84D6fedDBcd0F8f","Proctor and Sons","http://dyer.com/","Norway","Realigned executive analyzer","1992","Commercial Real Estate","2289"
"7511","FDD0C8BC379A685","Romero-Hood","http://boyd.com/","Serbia","Ameliorated intangible knowledgebase","1994","Ranching","3864"
"8152","A25F6f5FD36aF79","Paul, Harris and Avila","http://hancock.org/","Pitcairn Islands","Persistent bandwidth-monitored focus group","2021","Security / Investigations","4179"
"1667","aE4F179EB0Ea91b","Harding-Wheeler","https://ramirez.com/","Portugal","Balanced executive moratorium","2020","Primary / Secondary Education","136"
"7862","cDf7cda068BAced","Collier-Dennis","http://www.burton.info/","Sweden","Synergistic web-enabled definition","1972","Political Organization","6866"
"9160","0073a18e382f1C8","Mitchell Inc","http://collins.com/","American Samoa","Progressive neutral interface","2016","Publishing Industry","3486"
"5689","E91eEd74BBee9d4","Yang Ltd","http://www.young-baxter.biz/","Bermuda","Automated didactic initiative","1976","Civil Engineering","3578"
"1446","826a0E793759Ff9","Mcclain Inc","http://www.ho.com/","Qatar","Profound cohesive complexity","2003","Animation","555"
"5228","b2540dB2CFCeb12","Ware-Vincent","http://bowers.com/","Greece","Reduced interactive middleware","2001","Investment Management / Hedge Fund / Private Equity","7548"
"6983","d3AD47596e1B5f0","Atkinson-Calderon","https://www.perkins.net/","Wallis and Futuna","Sharable client-driven Local Area Network","1970","Market Research","5925"
"1696","43C3CECF5FC74ec","Davila-Jarvis","http://www.barnes-sandoval.com/","Hungary","Open-architected modular protocol","2017","Cosmetics","493"
"2893","1DCfeBDADa8d1C2","Carlson, Lynch and Kaufman","https://rodriguez.com/","Mauritius","Compatible foreground solution","2004","Staffing / Recruiting","3968"
"1575","Fd5deD9fC5D2861","Becker-Olson","http://meyers-sanford.com/","Singapore","Future-proofed coherent product","2019","Professional Training","6586"
"3204","F46b8b509ed55FB","Huang-James","http://leon-sanford.com/","Libyan Arab Jamahiriya","Face-to-face mobile complexity","1987","Law Enforcement","4641"
"4406","1B8FFE0127aa3F6","Morse Inc","http://www.garrison-wolfe.net/","Bangladesh","Universal 24/7 matrices","1983","Tobacco","3996"
"1631","D0c2DEC8e8d7e43","Glass-Le","http://bean.com/","Puerto Rico","Focused incremental leverage","2013","Aviation / Aerospace","1403"
"8381","eA357ecaf24160E","Lyons-Torres","http://www.chen-gonzales.com/","Saint Barthelemy","Networked client-server budgetary management","1998","Recreational Facilities / Services","7366"
"1882","3ff93Bd6dF0ADD7","Barrera Inc","https://orr.com/","Djibouti","Organized fault-tolerant Local Area Network","1982","Computer Hardware","3039"
"8822","6Bf065fEDf5f0D0","Hebert-Bright","https://www.jarvis.info/","Brunei Darussalam","Persistent radical Graphical User Interface","1981","Civic / Social Organization","5778"
"6464","5bd8905Cc89c343","Sweeney, Carey and Mccarty","https://mahoney.biz/","Armenia","Organic hybrid application","1993","Restaurants","8762"
"849","02DDF31e0aa4fbd","Tate Ltd","https://marks.com/","Costa Rica","Extended upward-trending circuit","1980","Packaging / Containers","6938"
"9924","779aDD29ADf8009","Arellano-Ochoa","http://www.olsen-wood.net/","Seychelles","Enhanced disintermediate extranet","1981","Alternative Dispute Resolution","3968"
"6189","EC1CA46Cd8a7A9d","Ashley and Sons","https://www.perez-gordon.com/","Burundi","Synergized uniform installation","1972","Consumer Services","7155"
"5870","aE53f9fd39A7a92","Mckinney and Sons","https://www.armstrong.com/","Armenia","Persistent methodical intranet","1980","Sporting Goods","8951"
"2878","491A056f9B1e3ac","Church-Chen","https://www.lopez.com/","Cape Verde","Open-architected transitional infrastructure","2002","Broadcast Media","5284"
"187","dFAffF2d9aadB2f","Berger Inc","http://guerra-kramer.com/","Tunisia","Intuitive national circuit","1997","Real Estate / Mortgage","5247"
"3780","C0E0688CD49934A","Branch-Decker","http://www.lynn.biz/","Ghana","Upgradable directional complexity","1996","Investment Banking / Venture","4175"
"1831","73713F7F1f6793d","Levy-Dominguez","http://www.haas.org/","Grenada","Automated even-keeled functionalities","1992","Mechanical or Industrial Engineering","9003"
"8326","e1EA6c549e4e579","Becker, Higgins and Hardy","https://www.moody.info/","Senegal","Integrated 6thgeneration data-warehouse","2022","Higher Education / Acadamia","2373"
"9242","0b9308D1bf3b00b","Sellers, Gates and Black","https://www.fields-roberts.com/","Senegal","Business-focused content-based definition","2002","Publishing Industry","3892"
"6379","DCFfe1ff1d6d8Fe","Duran, Giles and Finley","https://www.norris-roach.com/","Nicaragua","Expanded exuding implementation","2003","Biotechnology / Greentech","8720"
"1235","8Df64BD078273a3","Kennedy Group","http://www.fowler.biz/","Samoa","Optimized mobile model","2011","Religious Institutions","6779"
"6965","1ce29c9d609A124","Bryan-Griffin","http://www.ponce-vega.org/","Montserrat","Secured multi-state adapter","2018","Graphic Design / Web Design","7138"
"3916","5EfBdeBDdA5Aa6e","Dennis, Clayton and Gross","http://key-freeman.com/","San Marino","Devolved next generation system engine","2021","Public Relations / PR","9428"
"447","98E5EC7f5F27d84","Moran, Bullock and Robbins","http://www.estrada.com/","Holy See (Vatican City State)","Seamless content-based middleware","1995","Law Enforcement","2737"
"845","Cf98940Bf5fC72E","Dodson-Wise","https://stevens-french.com/","Peru","Total impactful alliance","1994","Government Administration","4633"
"8063","Fe91d8fdD4FCbbF","Horton-Lowery","http://lara-long.biz/","El Salvador","Front-line optimal collaboration","1986","Public Safety","9855"
"5403","DcE05Da5aE00519","Alexander, Vargas and Campbell","https://jenkins.net/","Mexico","Ameliorated multimedia core","1978","Hospital / Health Care","380"
"2441","b1e6bAe568e71A1","Duran-Casey","http://chan.biz/","Malaysia","Stand-alone tangible infrastructure","2006","Ranching","3624"
"3104","862B2E37FaedE1C","Pena-West","https://www.abbott.info/","Tunisia","Multi-lateral grid-enabled pricing structure","1990","Hospitality","5576"
"8586","fbcf6C6Fa55fE8E","Shepherd Ltd","https://www.hale-brady.com/","Burkina Faso","Profound scalable structure","2018","Government Administration","5307"
"6792","806eE2cd5Ee08Bc","Serrano Ltd","https://www.park.com/","Lao People's Democratic Republic","Fundamental grid-enabled Graphic Interface","2000","Medical Practice","8298"
"5651","b4EB669CAE8e8cA","Munoz Inc","http://lamb.biz/","Guernsey","Customizable grid-enabled approach","1991","Political Organization","838"
"1295","C9FDdc537BeA7Fe","Andersen, Zimmerman and Lucero","https://www.hernandez.com/","Cuba","Extended disintermediate firmware","1970","Commercial Real Estate","4048"
"5080","cCFAD376072CEaE","Simpson-Pratt","https://www.ramirez.net/","South Georgia and the South Sandwich Islands","Cloned incremental info-mediaries","2012","Primary / Secondary Education","9773"
"9017","Bd51DFE3BFbCfeA","Hull-Murphy","https://wolfe.com/","Mozambique","Innovative demand-driven framework","1986","Computer Software / Engineering","3261"
"5068","bc8cd13aCBd083F","Bradford, Harvey and Chapman","http://www.black.com/","Comoros","Switchable empowering firmware","2005","Computer Networking","417"
"3443","ed7aE3Ad14D21c9","Harrington-Maddox","http://curtis.info/","Libyan Arab Jamahiriya","Face-to-face intermediate open system","2015","Architecture / Planning","543"
"8452","0b9842bFC49a7Bb","Austin-Randall","http://www.fox.com/","Cote d'Ivoire","Decentralized client-server system engine","1979","Capital Markets / Hedge Fund / Private Equity","8870"
"7274","aB225BAA1D2D1dB","Wolf-Fuller","https://www.chase.com/","Timor-Leste","Optimized real-time groupware","1987","Animation","4609"
"6106","63044EAe2cF5f42","Campbell, Finley and Hancock","https://clarke.net/","Finland","Multi-channeled intangible complexity","2012","Semiconductors","5620"
"777","AC45B5f74EdDD26","Wade Ltd","http://www.mclaughlin.com/","Saint Pierre and Miquelon","Virtual non-volatile orchestration","2014","Fishery","3130"
"9717","E3AF7D8bBc201cA","Yoder, Compton and Weiss","http://marsh.net/","Saint Barthelemy","Profit-focused asynchronous instruction set","1993","Philanthropy","6684"
"2154","94baC0152703CeB","Bowen-Zhang","http://levine.com/","Belize","Programmable systematic superstructure","2020","Alternative Medicine","9252"
"4921","Bd3b1d4dB01930e","Harper-Olson","https://barron-franco.info/","Fiji","Compatible contextually-based budgetary management","1982","Online Publishing","9320"
"5361","fd5F159548D3AE6","Manning LLC","http://www.fischer.com/","Hong Kong","Cross-platform tangible software","1971","Research Industry","3332"
"9736","1bc7f68DB3A9b79","Gardner Group","https://vang.net/","Gibraltar","Intuitive 5thgeneration ability","1979","Tobacco","3470"
"5958","2dBDb161D2eDeb6","Riley-Clay","https://www.frye.com/","Monaco","Switchable methodical knowledgebase","1971","Supermarkets","2902"
"8412","C3e3a0caD4ce83a","Arroyo, Rivas and Salazar","https://stevens.info/","Uruguay","Cross-platform coherent forecast","1974","Commercial Real Estate","2652"
"8433","E33D50f5f0ec7F2","Cohen and Sons","https://www.garcia.com/","Macao","Horizontal fault-tolerant system engine","2015","Recreational Facilities / Services","6743"
"3184","A859966C30833ca","Marsh, Barry and Bender","https://vaughan.com/","Belarus","Object-based upward-trending implementation","1992","Executive Office","6453"
"6793","356D4d2fcADb25a","Wheeler, Pearson and Heath","https://barrera.com/","Heard Island and McDonald Islands","Re-contextualized responsive circuit","2009","Civil Engineering","8992"
"3200","C1fce8e16deBF1A","Hart, Ferrell and Glenn","https://www.delacruz.biz/","French Guiana","Pre-emptive contextually-based utilization","2005","Renewables / Environment","8965"
"9370","A187cdBaeb14dD8","Arnold, Sexton and Glass","https://peters.org/","Portugal","Realigned responsive attitude","1978","Financial Services","7656"
"1290","e6a8AFdcDcacA50","Olson Ltd","https://santana.com/","Kenya","Sharable context-sensitive flexibility","2014","Real Estate / Mortgage","3656"
"4582","ec6A0BBEFFC8e9A","Vazquez, Ochoa and Little","http://galloway.com/","Micronesia","Cloned static focus group","1975","Individual / Family Services","7582"
"6193","a7aC2Ad8FbEB068","Ryan, Pitts and Roach","https://www.freeman.info/","Uruguay","Progressive incremental knowledge user","1976","Import / Export","2680"
"8936","b4727292c1c7fB5","Tyler, West and Davidson","http://lowery.com/","Burkina Faso","Persevering heuristic firmware","1970","Tobacco","7404"
"7150","f3B4D67A4BADd73","Hickman-Tyler","https://www.summers-stewart.com/","Saudi Arabia","Multi-channeled homogeneous structure","1995","Government Administration","9472"
"9847","23Af4A18C7ECeF5","Leach Group","http://heath.com/","Rwanda","Cross-group global flexibility","1983","Health / Fitness","7699"
"4107","15cfCe8Db50e6c3","Day-Baxter","https://conrad-sloan.com/","Benin","Distributed composite application","1999","Printing","7689"
"4127","2Ff9ADB6F10E7F7","Kelley LLC","http://www.blankenship.com/","Taiwan","Upgradable client-driven productivity","1993","Business Supplies / Equipment","6611"
"8301","293D2afCdEBCA34","Moon Group","https://www.randall.com/","Nicaragua","Diverse foreground protocol","1980","Computer Software / Engineering","2883"
"3967","707bc6Cf6e31ebC","Collier LLC","http://www.hobbs-mcdonald.com/","Brunei Darussalam","Down-sized real-time collaboration","1977","Cosmetics","4907"
"1880","Ea87b3B522Aa4a2","Haas, Arroyo and Scott","http://www.zuniga.com/","Thailand","Persistent dynamic policy","1983","Library","3229"
"8497","9d70E144EdFC6D0","Patel Inc","http://www.craig.net/","Djibouti","Right-sized composite strategy","1999","Translation / Localization","1004"
"9300","56EeBfd0DF595E8","Kramer-Mathis","http://duarte.com/","Bouvet Island (Bouvetoya)","Down-sized neutral data-warehouse","2006","Cosmetics","1870"
"6349","379004EAcFf9bbc","Mosley Inc","http://bright.biz/","Yemen","Customer-focused impactful firmware","2006","Entertainment / Movie Production","3319"
"3588","E5Cc9c3969cdCBF","Blankenship LLC","http://www.nash.info/","Sudan","Programmable uniform adapter","1999","Alternative Dispute Resolution","9313"
"7373","1B6AcDec330CA75","Duncan-Pena","http://www.shelton.com/","China","Integrated static approach","1975","Health / Fitness","3307"
"3866","0Aa8Bb1C817fdfd","Brewer LLC","https://www.bond.com/","Papua New Guinea","Monitored exuding capacity","1982","Information Technology / IT","7800"
"8488","4144Ee11eD3118C","Nelson, Shaw and Nichols","http://www.farmer.info/","Qatar","Up-sized grid-enabled productivity","2009","Medical Equipment","7052"
"4132","FdD65720Bb0a914","Hawkins Group","https://booker.com/","Honduras","Triple-buffered mobile definition","1978","Recreational Facilities / Services","7608"
"1037","d614aC8cDA404c7","Esparza, Lozano and Holt","http://bridges.org/","Holy See (Vatican City State)","Customer-focused impactful knowledgebase","1975","Restaurants","7086"
"637","Bf9dD240c6c25C8","Riggs, Cooke and Mcfarland","http://www.hardy.com/","Benin","Decentralized transitional infrastructure","1981","Mining / Metals","8549"
"6154","0b20BF2c75F639C","Cannon-Lang","http://bolton-bell.biz/","Haiti","Enhanced explicit initiative","1971","Oil / Energy / Solar / Greentech","4450"
"4135","B782C9bD5495904","English-Wells","http://nielsen.info/","Burundi","Assimilated disintermediate standardization","2000","Gambling / Casinos","5501"
"5339","067c5C9EBD7Ede6","Steele, Sellers and Reid","http://shepard-beck.com/","Macedonia","Synchronized 4thgeneration concept","1999","Architecture / Planning","3734"
"1084","aEb7a83ffE8a05a","Barrett Inc","https://black.com/","British Virgin Islands","Optimized asynchronous software","1970","Government Administration","3472"
"862","efbd06AFCF7Ca8D","Montgomery, Best and Robinson","http://www.jackson.com/","Wallis and Futuna","Robust motivating software","2009","Renewables / Environment","5729"
"904","d03fCc54E1cB012","Ray LLC","https://oneal-watkins.com/","El Salvador","Organic zero administration circuit","1979","Defense / Space","5134"
"192","a1E21ec7e9f17AF","Valentine-Finley","https://www.fry.com/","Vietnam","Centralized context-sensitive benchmark","1987","Maritime","5277"
"110","E799C0EeDfdBfcb","Banks, Mclean and Perry","https://kirby.com/","Liechtenstein","Persistent coherent installation","2001","Sporting Goods","3956"
"4456","bDFcdaAB5963A3a","Townsend Inc","http://www.blevins.com/","Finland","Quality-focused encompassing Graphical User Interface","1970","Motion Pictures / Film","2851"
"1943","AF54Df3FEBab67b","Silva-Shah","http://maddox.com/","British Indian Ocean Territory (Chagos Archipelago)","Ergonomic methodical pricing structure","1975","Religious Institutions","3548"
"5857","04A74CF69EA171B","Ward, Conner and Jennings","http://richmond-cervantes.biz/","Benin","Monitored homogeneous approach","2000","Media Production","635"
"4332","c246C6b5AAd83ee","Delacruz LLC","https://www.richmond.info/","Chile","Programmable directional interface","1982","Real Estate / Mortgage","4727"
"8542","91BFe277Ac2D859","Mclean, Horton and Hanna","https://www.garner.info/","Burkina Faso","Re-engineered methodical success","2003","Other Industry","7410"
"2041","45fdd3B9f0BA2ef","Holmes Group","https://dickerson.com/","Lao People's Democratic Republic","Mandatory object-oriented projection","1990","Other Industry","5278"
"7332","7CcADA7d051d40B","Estes-Torres","https://www.bird-espinoza.com/","Gibraltar","Fundamental web-enabled interface","2015","Photography","3750"
"7318","6b154dfCC12aa3D","Saunders PLC","http://mccann-erickson.com/","Uganda","Organized even-keeled info-mediaries","1981","Venture Capital / VC","4817"
"7780","0e99dE18C53e1e5","Hayden-Lewis","https://barker.com/","India","Inverse discrete protocol","2021","Program Development","1789"
"4660","aA5FBbE015445e4","Reynolds, Blevins and Austin","http://www.mcdonald.biz/","Costa Rica","Quality-focused national throughput","1996","Internet","4109"
"7314","C60ab1f16648E7f","Heath-Rojas","https://www.whitaker.biz/","Vanuatu","Profit-focused bottom-line moderator","1976","Fine Art","4711"
"2776","7aCdB21Be11f56b","Cross and Sons","https://www.conner.com/","Yemen","Polarized content-based concept","1981","Publishing Industry","1689"
"4146","8644D140B4c0DfE","Lynch Ltd","http://www.wong.com/","Taiwan","Innovative 3rdgeneration secured line","1988","Legislative Office","1618"
"2324","39fd0bc0f6C85E5","Williamson PLC","http://www.klein-holmes.com/","Bolivia","Pre-emptive didactic focus group","1992","Apparel / Fashion","922"
"763","f21DB90CC69b5EF","Pugh, Gibbs and Vance","http://kaiser.net/","British Virgin Islands","Automated content-based hierarchy","2005","Capital Markets / Hedge Fund / Private Equity","4365"
"2618","fe1D9F3d2Ce3eBA","Ponce Ltd","https://www.lawrence-stephens.com/","Korea","Focused zero-defect collaboration","1993","Wine / Spirits","3113"
"2412","DcBF8741Bcd56Cf","Francis PLC","https://www.baxter.org/","Maldives","Down-sized reciprocal paradigm","1988","Professional Training","4411"
"1095","b7B21Ace62aF70e","Thornton, Randall and Hubbard","https://mooney.com/","Tunisia","Distributed incremental utilization","2018","Capital Markets / Hedge Fund / Private Equity","8221"
"6174","bA8C6e1D9FEB87C","Soto, York and Leonard","http://zimmerman.com/","Cocos (Keeling) Islands","Proactive regional migration","2010","Mechanical or Industrial Engineering","3277"
"7049","9addeb990aCfcbd","Andersen-Huerta","http://www.hudson.com/","Bangladesh","Virtual dedicated website","1977","Individual / Family Services","683"
"9273","Cf9b5da0Bf94a1A","Keith, Hays and Rasmussen","https://harvey.com/","Seychelles","Robust context-sensitive hub","2005","Leisure / Travel","2797"
"3136","72df7dB4Ed33CEC","Hoffman PLC","http://lynch.com/","United States Minor Outlying Islands","Future-proofed bifurcated archive","1996","Judiciary","2565"
"7788","Fb5FacF86DE6bb7","Lambert Ltd","http://hansen.com/","Spain","Streamlined system-worthy matrices","1991","Logistics / Procurement","3537"
"5041","9F56c8E5b49f767","Dodson, Barnett and Trujillo","https://www.howe.biz/","Nigeria","Fully-configurable empowering definition","2004","Museums / Institutions","9964"
"3806","6e426aCd7DbaF97","Frank, Bass and Bryan","https://www.jarvis-meza.com/","Cote d'Ivoire","Multi-layered actuating system engine","1974","Security / Investigations","4793"
"885","8A437663D9dE5c4","Mathews, Marquez and Velez","http://lin.com/","Christmas Island","Organic value-added productivity","2016","Internet","3325"
"2655","AB724ccA4C10bD6","Neal-Davila","http://www.peck.com/","Haiti","Visionary multi-state focus group","1983","Motion Pictures / Film","4916"
"5922","896D2DEDbd96Dbe","Faulkner Ltd","http://www.wilkerson.info/","Montserrat","User-centric dedicated implementation","1983","Writing / Editing","4905"
"6188","15328118b8fBc9E","Sutton-Howard","https://livingston.com/","Niger","Enhanced coherent access","1970","Logistics / Procurement","5014"
"8086","3A315F2b6F79cc0","Harmon, Hicks and Herring","https://www.houston.org/","Palestinian Territory","Expanded interactive complexity","1995","Wine / Spirits","5820"
"6743","be3c8F0EEc2b2EA","Mcdaniel, Greene and Berg","http://may.biz/","British Virgin Islands","Centralized responsive help-desk","1982","Information Technology / IT","312"
"7627","8fE5Bf339Fb78eE","Schultz Ltd","http://www.galvan-pugh.org/","Cuba","Switchable zero-defect encryption","1973","Management Consulting","2693"
"5681","bFE2b0fb2b1Fa84","Castro Group","http://www.oconnell.com/","Lebanon","Fundamental solution-oriented data-warehouse","2002","Computer Software / Engineering","6586"
"7008","eACabb95C380Dca","Valentine-Henson","https://faulkner.com/","Turkmenistan","Function-based upward-trending pricing structure","2009","Aviation / Aerospace","6440"
"9687","ECC4e77fCFEEC5A","Hensley and Sons","https://massey.com/","Iceland","Multi-tiered executive data-warehouse","1988","Airlines / Aviation","6491"
"2203","eCBfeB6D2E92Aab","Ortega-Faulkner","http://hutchinson-kelley.org/","Luxembourg","Expanded systematic portal","2016","Industrial Automation","9115"
"6108","Db9BED13c28722A","Gould-Cook","http://www.moses.biz/","Sweden","Cross-platform foreground knowledgebase","1995","Broadcast Media","2807"
"6418","A39cFEDC9f2c14f","Gould LLC","https://www.simmons.com/","United Kingdom","Vision-oriented foreground parallelism","1991","Outsourcing / Offshoring","9223"
"1263","bb0Df9DDeF498Ec","Adkins PLC","https://ferguson.org/","United States Minor Outlying Islands","De-engineered didactic migration","2017","Fundraising","9877"
"8380","2BfBD4A7AA05c17","Pineda-Mullins","http://wyatt.com/","Madagascar","Team-oriented next generation support","1988","Fundraising","6086"
"976","7A325DCaC9878e7","Terrell-Christian","https://bernard.com/","French Southern Territories","Cloned bifurcated process improvement","1983","Non - Profit / Volunteering","2439"
"5832","FAc1aEaF111EcF3","Larson, Hancock and Bentley","https://moses.com/","Central African Republic","Ergonomic needs-based attitude","2018","Public Safety","3012"
"4926","506Ee6567De78c9","Frye-Bruce","http://www.hammond-duarte.com/","Italy","Devolved heuristic paradigm","1972","Building Materials","3719"
"942","b34CfEaf5FbeC7b","Mathews, Wang and Rice","https://www.butler-benson.com/","India","Persistent leadingedge attitude","1973","Online Publishing","6641"
"4724","C8Bbb2Feedec7A8","Navarro-Horne","https://www.clements.info/","Saint Pierre and Miquelon","Front-line demand-driven application","1994","Internet","6762"
"2388","6aDBC0a733fAe7A","Hoffman LLC","http://riddle.com/","Myanmar","Quality-focused non-volatile installation","2016","Civil Engineering","8085"
"9729","8cB1e355cfC1a5d","Dunn LLC","http://sparks-mccullough.com/","French Guiana","Fundamental modular forecast","1999","Airlines / Aviation","7313"
"5022","3A3c536E9C3b637","Ramirez-Khan","http://riggs.net/","Lebanon","Enhanced multi-tasking software","2010","Other Industry","2961"
"4392","62ff00A5E89e376","Cortez Group","https://www.pope.com/","Slovenia","Devolved multimedia open architecture","1987","Electrical / Electronic Manufacturing","6237"
"5149","d2594A03eaaeAc5","Richards, Porter and Wilcox","https://glenn-morrow.org/","Samoa","Grass-roots 6thgeneration challenge","1981","Dairy","2298"
"3222","a2693AFF7E38fcF","Reid, Bradley and Sanchez","https://pena-estrada.com/","Andorra","Focused multi-tasking intranet","1979","Industrial Automation","1626"
"3883","8f9210b66bECCE5","Arnold PLC","http://calderon-nichols.com/","United Arab Emirates","Multi-tiered real-time project","1978","Architecture / Planning","9595"
"9439","2dAF8874fE7fBE1","Travis, Juarez and Maldonado","https://www.wilkerson.net/","Bosnia and Herzegovina","Optimized bandwidth-monitored toolset","1987","Internet","6456"
"6625","A3188505eB8EEEb","Ware-Waters","https://cain-knight.com/","New Caledonia","User-friendly attitude-oriented groupware","1980","Luxury Goods / Jewelry","1546"
"5919","f2683dA42532df2","Weber, Hill and Campos","https://castillo.com/","Cameroon","Up-sized radical project","1976","Packaging / Containers","5305"
"2790","Fa85E5cbbbc9B71","Lynch-Buchanan","http://www.ibarra.com/","Korea","Persistent hybrid website","2007","Warehousing","8119"
"945","e9cc23EB3aDF21D","Hobbs, Cook and Frye","http://www.schwartz.biz/","Honduras","Stand-alone national Graphic Interface","2002","Publishing Industry","6222"
"8909","aC90cadf2a15Da7","Galvan-Grant","https://mccarthy-clark.org/","Denmark","Switchable contextually-based Graphic Interface","2014","Restaurants","4581"
"1858","f736F1a2dA4faa6","King-Davenport","https://www.russell.net/","Trinidad and Tobago","Sharable hybrid groupware","1988","Entertainment / Movie Production","1409"
"9081","FC4aF7eDcCcf1Ba","Wall, Gregory and Moran","https://orozco.com/","French Southern Territories","Virtual asymmetric toolset","2002","Computer Games","2406"
"4109","e2b9fda1cC0aDe5","Stafford Ltd","https://www.benton-guerrero.com/","Cook Islands","Profound logistical strategy","2015","Marketing / Advertising / Sales","8438"
"8514","bBDB5cECfDd8DCC","Ingram PLC","https://lamb.com/","Tajikistan","Profit-focused multimedia artificial intelligence","1988","Education Management","9555"
"3256","593cac7c0A2cDDb","Neal-Snyder","http://www.gould-madden.net/","Paraguay","Ameliorated asynchronous matrix","1993","Utilities","3757"
"2691","c6C7710cCCFb049","Brandt-Harvey","http://greene.net/","Finland","Exclusive full-range open architecture","1982","Computer Games","918"
"9513","FBD7Eac28c6cB8a","Walter-Strickland","http://www.ray-larsen.org/","Italy","Synergistic bi-directional protocol","1995","Publishing Industry","7008"
"6962","32154F3F3F8937d","Rasmussen, Frey and Joseph","http://duffy-jordan.info/","Gibraltar","Adaptive asynchronous archive","2020","Individual / Family Services","1881"
"1320","6a46caAfBa34BbF","Bruce-Levy","http://kerr.info/","Armenia","Intuitive mission-critical productivity","1989","Media Production","2919"
"8883","38F9d87Cbc7C6bf","Lowery, Cowan and Cowan","https://crane.biz/","Mongolia","Operative object-oriented adapter","1982","Health / Fitness","8033"
"9881","06Ad7ccFa93fcdD","Daniels Ltd","https://www.gates-mitchell.com/","Jersey","Adaptive non-volatile hub","2017","Mental Health Care","2256"
"5163","A73F0Eace5EAEBE","Henderson-Chavez","http://www.collier.com/","British Virgin Islands","Synergized next generation paradigm","1993","Non - Profit / Volunteering","3531"
"5830","2794c3f1Facf7Ca","Wang, Mckenzie and Dickson","http://gray.com/","Nauru","Sharable web-enabled toolset","1990","Political Organization","1102"
"7954","f2258ADc7c8C11A","Duarte, Hobbs and Christian","https://curtis.com/","Ethiopia","Diverse tangible service-desk","2012","Commercial Real Estate","6100"
"5959","92F6ecB83Fcb4E2","Preston Inc","http://pearson-allen.com/","Niue","Open-architected interactive attitude","1976","Venture Capital / VC","6621"
"9272","8f6f15d4270BDb2","Li-Yoder","https://www.key.com/","Maldives","Open-architected transitional system engine","1993","Broadcast Media","9024"
"3476","AabB5bcFc7E5BeE","Cole PLC","https://www.parker-hines.net/","Benin","Business-focused actuating pricing structure","1995","Animation","4781"
"3506","23bD4197E0f44fC","Marsh, Cline and Clarke","https://gilbert.com/","Greece","Right-sized fresh-thinking superstructure","1994","Investment Banking / Venture","1493"
"4750","bEf7cee305E4Dee","Baldwin-Whitehead","http://www.ritter-haynes.com/","Lithuania","Cross-group content-based workforce","2006","Research Industry","5112"
"2478","3dEcde0Eb9BD1D0","Porter, Tate and Santos","http://mathis.com/","Canada","Organized fault-tolerant access","2019","Law Practice / Law Firms","8784"
"9491","8d74b93CEAC2DE1","Randall Inc","https://www.owens.com/","Nigeria","Streamlined user-facing solution","1995","Marketing / Advertising / Sales","5258"
"6616","fe0aa701E732Ccf","Suarez, Durham and Booker","http://www.lowery-white.com/","Guernsey","Visionary bi-directional approach","2022","Outsourcing / Offshoring","6070"
"7414","D62c172ee2b50cD","Lynch-Shaw","http://www.kline-mcdowell.net/","Kuwait","Optimized context-sensitive archive","2017","Financial Services","8119"
