"Column_1","Column_2","Column_3","Column_4","Column_5","Column_6","Column_7","Column_8","Column_9"
"1751","8dfc636f04a86AF","Pugh-Riddle","https://hoover.org/","Jersey","Grass-roots discrete knowledgebase","1991","Paper / Forest Products","1860"
"9016","eDc6F2a2aFFEBA7","Taylor Inc","https://www.mercer-gibbs.com/","Mauritania","Universal didactic hardware","1970","Recreational Facilities / Services","8640"
"9719","Af3b17Ce9a5F5a4","Mckenzie LLC","https://flores.org/","Norfolk Island","Cross-platform client-driven info-mediaries","2007","Staffing / Recruiting","6423"
"339","E81e2BA5BD423BF","Crane, Wade and Mccormick","http://owen-clayton.com/","Uruguay","User-friendly zero tolerance solution","1992","Law Enforcement","8753"
"8408","44DDaF3F1cE7E4e","Gordon-Beard","http://leonard.com/","Taiwan","Multi-layered didactic structure","1980","Packaging / Containers","8560"
"1342","3E118FA6eCcE172","Becker-Mack","http://www.parker-welch.com/","Chile","Exclusive composite Internet solution","1994","Hospital / Health Care","7228"
"9545","dFc0AEdB1439AAd","Powers-Jimenez","https://www.kemp.info/","Congo","Robust 24/7 projection","2018","Warehousing","7765"
"7983","6ba9e2AeA99f951","Leach, Pugh and Estrada","https://simmons.com/","South Georgia and the South Sandwich Islands","Enhanced homogeneous Local Area Network","1973","Military Industry","8352"
"3641","EAaeAaCFfec8Fd9","Sosa PLC","https://hayes.org/","France","Business-focused optimal Graphic Interface","1999","Accounting","5404"
"330","Ff9AeA3DbACD3f0","Henderson-Everett","http://hatfield-hood.info/","South Africa","Programmable object-oriented product","1991","Architecture / Planning","2706"
"8829","Ae8b1dE68aD04bE","Vargas-Sanford","https://phillips.com/","Algeria","Exclusive value-added productivity","1983","Motion Pictures / Film","6073"
"3005","05dbAa5B981B3f9","Reid Inc","http://www.rivas-tapia.org/","Anguilla","Profit-focused contextually-based utilization","2016","Real Estate / Mortgage","5626"
"6961","6ba46ff17c91bbb","Wood PLC","http://torres-merritt.com/","Hungary","Vision-oriented exuding hub","1999","Primary / Secondary Education","4045"
"4091","CCf6ED10968f392","Stewart PLC","https://chavez.info/","Saint Pierre and Miquelon","Triple-buffered dynamic throughput","2001","Computer / Network Security","7920"
"2323","7E1E89Df56408cF","Stuart-Love","http://www.barber.org/","Slovenia","Advanced zero administration paradigm","1992","Insurance","7338"
"6668","D4435B6aC1EcC1C","Simon Group","http://www.montes.biz/","Antigua and Barbuda","Versatile didactic concept","2008","Recreational Facilities / Services","8044"
"7010","8bAACAEcCb0fDab","Maynard, Cantrell and Hawkins","http://www.wheeler.com/","Mali","Enterprise-wide high-level focus group","2010","Alternative Medicine","1135"
"4198","5255d2651bf7f7D","Best, Klein and Sutton","https://www.elliott.com/","Comoros","Enhanced tertiary synergy","2008","Military Industry","1624"
"3550","546bE7333cd5701","Humphrey, Newton and Allison","https://love.com/","Ghana","Centralized even-keeled structure","1996","Individual / Family Services","3687"
"8364","dC6C4eE9B593Bc6","Rogers, Ray and Walters","http://griffin.net/","Denmark","Grass-roots analyzing database","2015","Investment Banking / Venture","4983"
"4204","f5256F5ee8C6ACC","Werner, Acosta and Garrett","https://heath-barajas.net/","Latvia","Synergized multi-tasking website","2010","Mental Health Care","2877"
"9311","08Ea7AE525cEbEB","Frederick, Austin and Holland","https://www.reeves-bass.com/","Togo","Adaptive multimedia open system","1981","Railroad Manufacture","5723"
"8937","871B84FaF1CB1D3","Duncan-Cisneros","https://everett.biz/","Comoros","Fully-configurable well-modulated capability","1988","Arts / Crafts","9269"
"6186","c76279D4aaDe6FD","Brock, Long and Mcdowell","http://everett-cohen.org/","South Georgia and the South Sandwich Islands","Enhanced zero tolerance moratorium","2005","Information Services","6425"
"1640","cfA61d0aDfcBaCE","Knapp, Hansen and Shea","http://mcclain.org/","Monaco","Robust client-driven encoding","2017","Import / Export","2594"
"61","D4d88edCeC07f6a","Little Group","https://www.park-hickman.com/","Falkland Islands (Malvinas)","Expanded exuding matrix","1973","Telecommunications","3033"
"1241","Fe1f7Ab7cFc5bdC","Hanna, Glover and Whitney","https://www.peck-vance.com/","Montserrat","Multi-channeled hybrid policy","1971","Fundraising","3613"
"5761","B8Dc58cd4205fd9","Reynolds-Rasmussen","https://castaneda.info/","Honduras","Quality-focused composite hierarchy","1999","Entertainment / Movie Production","8497"
"5137","9bEf1dd08CAe5d0","Middleton, Patterson and Bullock","http://www.grant.com/","Sierra Leone","Fully-configurable static synergy","1990","Philanthropy","1932"
"2344","8A6BF31d0F6Eef4","Bartlett, Burnett and Knox","http://andrade-lowery.com/","Cuba","Extended bottom-line firmware","2000","Cosmetics","8258"
"2121","c276cF6ba3E809a","Leonard, Livingston and Bean","https://www.huerta.org/","Djibouti","Triple-buffered systemic migration","1980","Wholesale","8099"
"1525","8c0ADBf79facc36","Padilla, Glenn and Gentry","https://fitzgerald-shepard.org/","United States Virgin Islands","Advanced global circuit","1976","Venture Capital / VC","6556"
"7618","20e665ddd7BcC77","Mckinney-Farmer","http://www.moon-pennington.com/","Bhutan","Expanded system-worthy moratorium","2001","Entertainment / Movie Production","3679"
"154","E36dB49134Da97E","Flynn Ltd","http://nelson-mullins.com/","Afghanistan","Advanced neutral matrix","2018","Electrical / Electronic Manufacturing","2424"
"482","DA7aC38DBe0Ff15","Gutierrez PLC","https://mcintyre.com/","Czech Republic","Self-enabling multimedia website","1993","Performing Arts","5108"
"6123","84549a8bd3bbC6a","Cross, Koch and Mckay","https://fitzgerald.com/","Malta","Quality-focused well-modulated standardization","1978","Consumer Goods","4664"
"7675","2d2BBF27aCA0b14","Owens, Perry and Kaufman","http://hunt.org/","Tuvalu","Re-contextualized grid-enabled conglomeration","2001","Restaurants","1723"
"7102","758B18c6c3A9aCa","Mccall-Rhodes","https://www.salinas-davies.com/","Mali","Horizontal global Graphical User Interface","2010","Other Industry","7213"
"1763","DCC003B81Eb04c6","Mccann-Luna","http://www.davis.com/","Costa Rica","Open-architected foreground groupware","1976","Package / Freight Delivery","6368"
"7716","a4318cfbab8BcB3","Rubio Ltd","http://www.nichols.info/","Nigeria","Devolved motivating initiative","1988","Marketing / Advertising / Sales","8759"
"9082","f49BB44Ae267cea","Hansen-Conner","http://www.anthony.com/","Romania","Distributed impactful contingency","1987","Paper / Forest Products","1679"
"7480","Fce6BaA614a0e30","Hooper Group","http://www.mejia.com/","Sweden","Stand-alone context-sensitive hardware","1995","Wireless","9762"
"6213","b87b67ACd0F9730","Daniels and Sons","http://hensley-henderson.com/","Poland","Front-line leadingedge database","1993","Library","6701"
"4854","Dc974C565069E0c","Williamson, Brock and Wilkinson","https://www.solomon.com/","Haiti","Triple-buffered object-oriented productivity","2021","Transportation","4536"
"2712","F45d92CED0A8acF","Ramos, Walters and Guerrero","http://blair-gillespie.org/","Georgia","Digitized stable interface","2001","Civil Engineering","3212"
"6767","d8bFEDd46414dD8","Jenkins and Sons","https://www.baldwin.com/","Yemen","Expanded heuristic alliance","1988","Alternative Dispute Resolution","3956"
"4151","BD626C0E5103ECC","Glenn, Phelps and Hester","http://allen.info/","Saint Barthelemy","Innovative coherent extranet","1973","Plastics","9913"
"1334","bd7e30DF29Ec6f7","Buckley, Bush and Henderson","http://www.boyle.com/","Saint Vincent and the Grenadines","Stand-alone coherent interface","1995","Religious Institutions","2760"
"8379","b6a3B56Adb2cc9B","Benton PLC","https://www.yoder.info/","Georgia","Quality-focused non-volatile artificial intelligence","1989","Airlines / Aviation","7412"
"9390","CE880FDbeb03c54","Boyd Inc","https://bridges.com/","Christmas Island","Synergized 3rdgeneration website","1977","Alternative Medicine","1392"
"9708","f367E3Cbc5C6ec3","Oconnell-Mooney","https://barber.com/","Central African Republic","Stand-alone 24hour hierarchy","1982","Textiles","3805"
"9122","6FF31bFAfcBbA1E","Trevino LLC","http://www.bass.com/","Antarctica (the territory South of 60 deg S)","Multi-channeled asymmetric customer loyalty","2013","Hospitality","2673"
"3851","7bB85b7bfDcB205","Deleon Ltd","http://padilla-rollins.com/","Turkey","Open-architected systematic infrastructure","1992","Hospitality","8305"
"8341","64142f280bd2fbF","Le PLC","http://www.melton.net/","Saint Pierre and Miquelon","Customizable content-based orchestration","2011","Consumer Goods","6870"
"4125","DeA7E60656BF0bA","Chen, Powell and Bailey","https://www.hunt-nolan.org/","Guernsey","Monitored next generation hierarchy","2006","Media Production","253"
"8964","aFae3aa7b0eD9b7","Hughes-Booker","https://www.wilson.info/","Canada","Proactive exuding system engine","2009","Accounting","1356"
"4789","a1aacA15Bc7FcAE","Nicholson and Sons","http://rich.com/","Saint Pierre and Miquelon","Cloned object-oriented superstructure","1985","Machinery","6824"
"2867","4b0De31d2Abad28","Leonard, Barnes and Mccoy","http://kaufman-cox.org/","Ethiopia","Polarized analyzing hardware","2002","Arts / Crafts","4069"
"1387","06f9A141EcAE6c8","Walters Inc","http://www.cooper.com/","Uruguay","Quality-focused actuating projection","2004","Executive Office","3200"
"5942","53E132b7dde21f5","Thornton-Kaufman","https://gordon.info/","Belize","Distributed cohesive knowledgebase","1987","Motion Pictures / Film","2923"
"3068","FFb069544ACeaCb","Mejia-Chang","http://www.stevenson-rollins.com/","Myanmar","Operative asymmetric instruction set","2005","Computer Games","3923"
"9059","EC57Adb5Ce737bf","Thomas, Underwood and Patrick","https://mitchell.com/","Mali","Grass-roots zero administration collaboration","2006","Performing Arts","7331"
"3630","ff0E1FF5cbf8B36","Pugh-Webster","http://www.chang.com/","Kyrgyz Republic","Operative disintermediate database","1997","Security / Investigations","9796"
"9456","CcAb4CA3E22C313","Morales LLC","https://www.hubbard.com/","Colombia","User-friendly next generation implementation","2021","Legal Services","9459"
"8950","cf3e277e87b4bB9","Ramsey PLC","https://www.chambers.biz/","Saudi Arabia","Total executive hub","1993","Civil Engineering","5143"
"3029","FE8e5bBCFE5daCb","Owens-Richard","http://nielsen.biz/","Solomon Islands","Robust fresh-thinking flexibility","1982","Railroad Manufacture","5587"
"2970","076E60FeF633cFe","Foley-Suarez","http://dunlap.info/","Guadeloupe","Re-engineered exuding Local Area Network","2015","Wireless","4047"
"8647","273Ba3DEF707aC5","Stout LLC","http://howe-barnett.org/","Macedonia","Enhanced modular policy","2002","Military Industry","4230"
"6137","bB16aE2BffbC0Cc","Schmitt LLC","http://www.lee.com/","Serbia","De-engineered national instruction set","1992","Executive Office","8484"
"8802","e1e7fBD09fF7085","Wells-Matthews","https://www.mcconnell-holder.com/","Czech Republic","Vision-oriented interactive complexity","1995","E - Learning","5349"
"4264","97D46D5EDcc0be3","Gates PLC","http://www.sandoval-cannon.com/","Kazakhstan","Business-focused mission-critical database","2017","Translation / Localization","5291"
"646","Bd8057f80A250aB","Weber Ltd","http://cisneros-ewing.net/","Botswana","Focused asynchronous product","2000","Oil / Energy / Solar / Greentech","5440"
"9654","A9BaAe76c31707d","Stafford-Hendricks","http://www.fox.biz/","Heard Island and McDonald Islands","Business-focused exuding knowledge user","2002","Individual / Family Services","4868"
"2075","6FeC7F1f2C4a329","Barron-Trujillo","https://noble.biz/","Saint Martin","Down-sized bandwidth-monitored installation","2017","Legal Services","7266"
"342","d8EbB2c467C662d","Clayton PLC","http://www.burton-montes.info/","Greece","Intuitive regional neural-net","2004","Public Safety","9233"
"8042","f31BFaEbb0d0fdf","Dodson-Perkins","http://www.andrade-mcmahon.com/","Liberia","Expanded 6thgeneration hub","1995","Information Technology / IT","5447"
"1623","1D619bcAe49a3CE","Rowe and Sons","http://www.conrad.com/","Argentina","Reduced holistic info-mediaries","2012","Veterinary","8255"
"7142","bd3d3fDCBDdEb6e","Zimmerman Inc","http://guerra-carson.info/","Sao Tome and Principe","Robust exuding encryption","2020","Business Supplies / Equipment","1315"
"5797","89aDfe2Fb176993","Harris-Dennis","http://gillespie-landry.com/","Falkland Islands (Malvinas)","Synergized context-sensitive open architecture","2002","Medical Practice","3393"
"7185","ceCCEdC4e461748","Hawkins-Acosta","http://ferguson-bates.info/","Christmas Island","Multi-layered user-facing infrastructure","1999","Alternative Dispute Resolution","5524"
"8233","FdEbDe4d4078ea9","Love-Turner","https://eaton.biz/","Congo","Down-sized radical task-force","1970","Logistics / Procurement","1199"
"5476","55dB4Ded52684f7","Cherry and Sons","https://www.shaffer-zuniga.com/","Venezuela","De-engineered bottom-line access","2010","Higher Education / Acadamia","5585"
"9253","1A9f7A11Ecf8f4b","Buckley-Powell","http://www.singh-werner.com/","Korea","Digitized impactful core","2004","Dairy","1179"
"75","11d2962E8c450d6","Middleton, Kelly and Friedman","http://www.callahan.com/","Eritrea","Monitored value-added Graphic Interface","1971","Dairy","9629"
"8634","12cEEa8fC8358D4","Kirk, Flores and Friedman","https://www.mcconnell.com/","Ethiopia","Cloned disintermediate matrix","2010","Other Industry","2517"
"9230","eaAcD3a48c4beB9","Hines-Forbes","https://www.ellison.com/","Cape Verde","Customer-focused holistic database","2003","Market Research","7494"
"2052","D7CbbbcBfa41A44","Bishop and Sons","http://www.watkins.info/","Niue","Future-proofed context-sensitive circuit","2006","International Affairs","9176"
"2542","44dDA7bD72F34FB","Herring, Love and Noble","https://www.holder.com/","Antarctica (the territory South of 60 deg S)","Distributed system-worthy core","1992","Performing Arts","9910"
"1302","b062F9325Aa46A0","Castro-Arroyo","http://nixon.com/","Sao Tome and Principe","Diverse directional budgetary management","1993","Consumer Services","7631"
"5878","CbDD370601Eb077","Hatfield and Sons","http://delacruz-howard.com/","Ghana","Upgradable multimedia architecture","1970","Logistics / Procurement","6720"
"7369","7cEdd2f2f0C1907","English-Ware","https://www.matthews.com/","Swaziland","Re-contextualized high-level structure","2015","Industrial Automation","1854"
"1305","eb2CA9923206BeE","Liu Inc","https://www.ross.com/","Argentina","Distributed discrete encryption","1976","Fine Art","5363"
"8429","ec7ebdd752bfa02","Booth-Macdonald","https://www.christensen.com/","Panama","Persistent fresh-thinking matrices","2012","Utilities","7162"
"9095","fdCfE83b280429f","Harrington PLC","http://www.chaney.biz/","Andorra","Reduced zero tolerance definition","2003","Outsourcing / Offshoring","1199"
"2600","f938499f9CdDA37","Stewart Group","http://roach.com/","Papua New Guinea","User-centric tertiary utilization","2011","Plastics","9"
"2574","6C0b97eB4Cd36D1","Bauer and Sons","https://howe.com/","Algeria","User-centric methodical paradigm","1978","Design","4374"
"3187","b3103cEBfcf8122","Vang, Santana and Valenzuela","http://knox.org/","Thailand","Decentralized logistical moratorium","1981","Law Enforcement","7949"
"2769","FaeeDb1B0dB074d","Grimes-Melendez","https://www.lam-frost.com/","Syrian Arab Republic","Right-sized modular Internet solution","2012","Staffing / Recruiting","7154"
"4832","CFcaaFfeBAFD13e","Ware Group","http://oliver.com/","Timor-Leste","Reduced bifurcated middleware","1992","Consumer Services","2013"
"4224","259A77A2d95aD3B","Hanson Group","https://www.rhodes-chen.com/","Denmark","Intuitive demand-driven archive","1989","Recreational Facilities / Services","6370"
"9650","A544f32A0baC330","Vega PLC","https://www.bradshaw-parks.com/","Eritrea","Multi-tiered dynamic interface","1991","Tobacco","7572"
"2107","ddaA483D7bCcBCb","Patton-Burnett","https://schmidt.com/","Tuvalu","Seamless explicit website","1977","Publishing Industry","4957"
"2680","bc3759d6E99CACc","Nicholson, Hensley and Taylor","https://www.davenport.com/","Burundi","Re-engineered responsive definition","1972","Financial Services","8762"
"1388","3e96f45B650fDD3","Bonilla-Barr","https://pham.com/","Belgium","Inverse explicit policy","2003","Executive Office","1586"
"8932","eDD07eB1f67e767","Craig, Garrison and Woodward","https://riggs.info/","Mauritania","Enterprise-wide homogeneous structure","2001","Leisure / Travel","3597"
"9660","6cCfDBceFeB63BF","Griffin-Escobar","http://craig.com/","Cook Islands","Cross-platform foreground project","2006","Staffing / Recruiting","1787"
"7084","b3D5117CBf73d9c","Vazquez-Hubbard","https://munoz.org/","Nicaragua","Expanded analyzing structure","2016","Publishing Industry","8701"
"1280","EeFFC9E5C4e736c","Mata-Copeland","http://howell.net/","Saint Lucia","Sharable discrete installation","2000","Animation","8257"
"805","c0eb3124aBEA0A6","Myers-Kline","http://huff-carey.com/","Cayman Islands","Sharable zero-defect strategy","1981","Judiciary","9882"
"1556","b9Ff1C2bdd69EE5","Stewart, Park and Murray","https://www.macdonald.com/","Cape Verde","Distributed regional extranet","1985","Information Technology / IT","3438"
"9487","8cbE83aEF2dDC46","Hensley Ltd","http://kelley.biz/","Western Sahara","Expanded demand-driven instruction set","1975","Food / Beverages","8699"
"4567","6a6a026e361f886","Henderson, Mcmahon and Paul","http://barrera.info/","Andorra","Diverse empowering utilization","1979","Higher Education / Acadamia","6837"
"9670","3eB63DCb94BE2de","Good, Holder and Watts","http://russo.com/","Argentina","Total tangible info-mediaries","1987","Graphic Design / Web Design","3230"
"4842","95c26A8DaC4c8da","Cochran, Boone and Frost","https://andrews.net/","New Zealand","Triple-buffered zero tolerance software","1982","Photography","5461"
"3595","E22d80C9117fFE0","Bonilla, Payne and Macias","https://reed.com/","Albania","Optimized directional framework","2007","Capital Markets / Hedge Fund / Private Equity","206"
"6036","57AB633eABD58B7","Bowman, Simon and Paul","https://www.webster.info/","Barbados","Enhanced zero administration challenge","2015","Paper / Forest Products","359"
"6853","0cdC19c6a9ac68a","Vargas-Duncan","http://lane-houston.info/","Syrian Arab Republic","Synchronized homogeneous complexity","2006","Tobacco","261"
"8706","ddbabcfa5Dd3435","Yu, Marshall and Wang","http://www.harvey.org/","Moldova","Profound heuristic ability","1973","Telecommunications","8573"
"4178","Ae7c4d0b9C4fBDF","Hendricks PLC","https://savage-hendrix.com/","Canada","Integrated asymmetric portal","2017","Facilities Services","3507"
"1309","9981cBD0afaAaEF","Hayes-Osborn","https://www.ortiz.net/","Slovakia (Slovak Republic)","Grass-roots multimedia projection","2013","Electrical / Electronic Manufacturing","4438"
"3453","DCD7e2D3F5C6633","Gay-Gallegos","https://www.dickerson.com/","Angola","Grass-roots tangible time-frame","1986","Marketing / Advertising / Sales","101"
"3696","E9cfF25faC6d1ae","Bradshaw LLC","http://winters.biz/","Bermuda","Re-engineered high-level moratorium","2003","Restaurants","2834"
"4243","a75A7Da7b9F32fB","Mccullough Group","https://ferguson.com/","Saint Barthelemy","Triple-buffered client-server function","2014","Railroad Manufacture","9297"
"2199","d59e3caeF5cf57C","Cooley PLC","http://www.potter.com/","Palestinian Territory","Operative intermediate moderator","1982","Motion Pictures / Film","3649"
"4426","a4CBdbFb70eA19E","Huang-Ellison","https://carey.com/","Vanuatu","Synergistic stable customer loyalty","1979","Outsourcing / Offshoring","624"
"6151","79F4Bb082E9EfbA","Pope-Scott","http://www.campbell.com/","Tonga","Integrated multimedia throughput","2007","Leisure / Travel","6946"
"944","fbfB2B5fc3BeBFc","Pierce-Larsen","http://pierce.org/","Madagascar","Virtual didactic capacity","2001","Semiconductors","1230"
"823","6FEb240Fd705125","Wilson Group","https://www.schaefer.info/","Mayotte","Exclusive zero-defect implementation","2001","Farming","7892"
"5006","d8DB3bfBafE279e","Hendrix PLC","http://walls.com/","Turkey","Synergistic heuristic data-warehouse","2018","Political Organization","9788"
"6613","0a7B22a039A1c9d","Pope, Snyder and Davies","http://www.houston.biz/","Hungary","Grass-roots tangible concept","2022","Public Safety","956"
"8357","5adED6b5Ad97EaD","Todd-Contreras","http://farrell.com/","Holy See (Vatican City State)","Persistent dedicated Local Area Network","1992","Electrical / Electronic Manufacturing","3950"
"5620","558ed3402EEd4cA","White-Garner","http://www.padilla.info/","Jamaica","Multi-tiered zero administration solution","2001","Sports","5207"
"4548","Cb508B75dE9ffCb","Douglas, Ballard and Andrews","http://www.cruz.com/","Hungary","Focused needs-based flexibility","2011","Printing","9443"
"2539","FFC11c90c6aD910","Hall, Henderson and Page","https://salinas.com/","Rwanda","Quality-focused systemic array","2019","Consumer Services","4067"
"5208","9A7AfE4A2c1AB2e","Matthews, Price and Sharp","http://www.giles-bright.com/","Poland","Optimized motivating capability","1993","Business Supplies / Equipment","5421"
"9515","fB4Cba5ff2D792E","Harvey, Travis and Stanley","http://www.gutierrez.com/","Armenia","Extended maximized architecture","2002","Public Relations / PR","2563"
"9010","D92acc45dF6B3E0","Weber PLC","http://walter.info/","Ghana","Configurable exuding encoding","2010","Semiconductors","856"
"3055","ad75E743Abfd8Bc","Thornton-Warren","https://carney.com/","Panama","Multi-lateral secondary matrix","1975","Computer Networking","3864"
"3676","3AeaB830c2ffE42","Olsen-Dawson","http://ryan.com/","Lebanon","Multi-tiered full-range concept","1990","Venture Capital / VC","181"
"7777","9DBcdDF4dcAd7Db","Harrell, Merritt and Morrow","http://day.biz/","Honduras","Re-contextualized encompassing application","2014","Apparel / Fashion","5346"
"7219","05eC86448aac31d","Reeves Group","http://peterson-chambers.com/","El Salvador","Persevering client-server database","2000","Construction","3870"
"6723","ab9EbE855379BdC","Wang-Wall","https://zamora.biz/","American Samoa","Fundamental modular Graphic Interface","1991","Logistics / Procurement","3049"
"3301","effA4B22A49294a","Dickerson, Merritt and Trujillo","http://www.phillips.com/","Greece","Universal multi-state software","1986","Museums / Institutions","1348"
"3311","4Ed39496e78F0EE","Patrick Ltd","http://www.trujillo-randolph.info/","Mongolia","Public-key impactful throughput","1996","Entertainment / Movie Production","9905"
"7222","7F053AfFFbF0dd7","Zhang, Hoffman and Zuniga","http://www.sampson.com/","Vietnam","Visionary interactive orchestration","1987","Facilities Services","7916"
"8520","6Fd939aFcd1cAbe","Estes, Dorsey and Valencia","https://www.mercado-gamble.com/","Antarctica (the territory South of 60 deg S)","Proactive fault-tolerant neural-net","2015","Political Organization","4285"
"5955","19ba4D6130B5cfc","Dunn Ltd","https://love.info/","Guatemala","User-friendly discrete moderator","1991","Furniture","4232"
"833","Fb7b3bA28Dc659E","Yoder, Schwartz and Herring","http://www.andrade.com/","Panama","Virtual scalable core","2008","Music","1653"
"3463","DBaD772A3Abb35c","Benjamin-Pierce","https://sweeney-frank.com/","Kazakhstan","Fundamental motivating Graphic Interface","2017","Military Industry","7535"
"7644","4EB2Acb84ad5a3C","Clarke-Smith","https://www.hansen-strong.net/","British Virgin Islands","Devolved local throughput","1990","E - Learning","9435"
"55","ec857Ee010B3721","Kaufman, Coleman and Leonard","http://webster.com/","Portugal","Centralized local toolset","1975","Ranching","8809"
"3452","fAc7FEC424F8d43","Holmes, Mosley and Howe","http://www.pacheco.biz/","Mozambique","Switchable intangible conglomeration","1970","Sports","1708"
"6306","12A621307ad242A","Harrington-Lewis","https://mccarty-cummings.net/","Philippines","Secured didactic analyzer","2004","Banking / Mortgage","715"
"1482","EE1ed0Aaa8eEfAE","Ellison-Diaz","http://wall.org/","Isle of Man","Exclusive interactive matrix","1994","Fundraising","1838"
"4874","A6368C5bBe8192c","Brown, Mcdowell and Barber","https://www.hansen-frey.info/","Qatar","Visionary systemic approach","1975","Consumer Electronics","1289"
"8039","3bC7dD30Ff87De4","Donaldson-Kerr","https://rosario.com/","Ghana","Innovative directional ability","2002","Railroad Manufacture","8143"
"3336","e8CEfe38A643eD4","Zhang LLC","http://www.haney-zuniga.net/","Argentina","Upgradable 5thgeneration attitude","1999","Education Management","409"
"6017","a136bBd4E7fE1b1","Mack-Pena","https://www.jensen.com/","Jordan","Grass-roots interactive paradigm","1986","Library","7214"
"4927","Ad2dbB43Df12a49","Valentine, Griffith and Charles","https://ross.com/","United States Virgin Islands","Seamless 5thgeneration knowledge user","2002","Industrial Automation","8874"
"5798","40E164DDB5c09FC","Werner-Tapia","http://www.pittman-todd.net/","South Georgia and the South Sandwich Islands","Business-focused motivating ability","2014","Furniture","6174"
"9832","75eEBFb7DAa6cEc","Henson-Bush","http://reid.com/","Gibraltar","Face-to-face well-modulated projection","1976","Marketing / Advertising / Sales","6608"
"5084","FfFa5F9e28CD6B5","Butler Inc","https://www.martinez-pham.com/","Kyrgyz Republic","Reduced multi-state policy","2016","Market Research","799"
"6646","AB7Ab5c819EA43d","Gonzalez, Blake and Daniel","https://cabrera.info/","Niue","Proactive actuating infrastructure","1990","Mental Health Care","5538"
"5491","4dDdaEF9cAd7cb5","Avery, Callahan and Lynn","http://vega-herman.com/","Turkmenistan","Cross-platform context-sensitive groupware","2014","Environmental Services","5558"
"769","dFFF67f5be266c3","Kaiser, Esparza and Ayers","http://www.bonilla.info/","Slovenia","Persistent fresh-thinking instruction set","2003","Government Administration","4539"
"2066","a00cA9f9cB30aC5","Bautista, Hinton and Mason","http://www.galloway.com/","Marshall Islands","Self-enabling responsive open system","2007","Pharmaceuticals","8547"
"9501","638a1ff0B93228a","Bullock PLC","http://trevino-cortez.com/","Tunisia","Reactive multi-state extranet","1998","Plastics","5853"
"7312","AAeC7eAC06c6b2D","Aguirre LLC","https://www.baldwin.com/","British Virgin Islands","Optimized transitional portal","2002","Library","733"
"8478","90Baa1d3E9F4800","Saunders-Hess","http://www.dennis-fuentes.com/","Anguilla","Cross-group bi-directional toolset","1978","Sports","2458"
"4525","92C7B1A9DeBE8D2","Murillo-Woodard","https://www.griffith.info/","Macao","Customizable background database","1999","Graphic Design / Web Design","7429"
"2718","7Ac17E7Ea5418f0","Graves-Mueller","https://stark.com/","Saint Martin","Multi-layered motivating framework","1992","Leisure / Travel","7807"
"2080","65342EBD08D724d","Stephenson, Finley and Gordon","https://www.hurst.net/","Niger","Multi-tiered transitional complexity","1994","Food Production","7102"
"8915","0EAEfCABcB176DA","Schneider and Sons","https://mayo.com/","Bouvet Island (Bouvetoya)","Cross-platform homogeneous open system","2020","Import / Export","8262"
"952","58E728Fd08bde6D","Beard-Jacobs","https://www.middleton-pineda.net/","Israel","Innovative homogeneous throughput","1974","Wholesale","1576"
"8059","FB5fca8D675ccfE","Nixon-Miller","https://www.vasquez.net/","Gibraltar","Reverse-engineered background service-desk","2021","Business Supplies / Equipment","9728"
"2483","1E27eC7C57417f2","Craig, Vazquez and Hampton","https://cuevas.com/","Puerto Rico","Diverse empowering core","1980","Publishing Industry","9109"
"1760","0be5cbEAa70EeBe","Raymond, Fry and Giles","http://www.becker-odom.biz/","British Indian Ocean Territory (Chagos Archipelago)","Cross-platform bifurcated process improvement","1972","Fundraising","8305"
"4423","Eefed2de324c8fD","Rios Ltd","http://russell.org/","Pitcairn Islands","Cross-platform systematic customer loyalty","1978","Luxury Goods / Jewelry","2635"
"6705","Aa72CF71DCB987D","Lutz-Wilkerson","http://strong-blanchard.com/","Ukraine","Reduced clear-thinking capability","1992","Semiconductors","9148"
"5183","Ad7ECFbAeE6E5F8","Krause, Ibarra and Velez","http://www.maynard.com/","Netherlands Antilles","Right-sized maximized installation","2021","Security / Investigations","1648"
"8534","EC44BFD6B8efcac","Holmes Ltd","https://www.bray-orozco.com/","Western Sahara","Integrated high-level flexibility","1981","Architecture / Planning","6542"
"3702","a1DE8F23A3ae917","Owens-Kim","http://adams.com/","Iraq","Grass-roots multi-state capability","1972","Fundraising","7351"
"4244","5Ea93F0bCeC141F","Valentine Group","http://www.norman.com/","Palau","Compatible global initiative","1986","Mechanical or Industrial Engineering","8913"
"689","e689d411A8CBdb3","Fitzpatrick LLC","http://www.delacruz.com/","Chile","Business-focused responsive concept","2004","Computer Hardware","5126"
"3433","11cB1829DdaA016","Watkins Group","https://bauer.com/","Jersey","Progressive coherent moderator","1973","Construction","4170"
"4945","FEc5cCacb45CE2d","Snow, Terry and Shepherd","https://whitaker.com/","Cyprus","Universal optimal projection","2004","Plastics","9512"
"967","EBF88fFCFEcFb7F","Lucas, Cross and Ali","http://www.dominguez.com/","Algeria","Persevering eco-centric portal","2011","Law Enforcement","691"
"9485","CABaFE051f34CaA","Houston LLC","http://www.tanner.org/","United States Minor Outlying Islands","Configurable well-modulated matrix","2019","Higher Education / Acadamia","5176"
"2714","aC0e08a29eFb4aC","Jensen, Sosa and Mcgee","https://www.burnett.biz/","Tuvalu","Upgradable needs-based matrices","2016","Legislative Office","1147"
"4758","25ddB029b5A66b7","Riddle-Long","http://www.liu.com/","Brunei Darussalam","Upgradable foreground system engine","1990","Aviation / Aerospace","9154"
"9546","294DbDaF948a82F","Mccormick, Garner and Carroll","http://www.lawson.info/","Malta","Sharable needs-based instruction set","2000","Entertainment / Movie Production","501"
"6321","fb2D6A4e6A57aD9","Rocha-Horne","http://www.valenzuela-barton.com/","Czech Republic","Managed 6thgeneration workforce","1992","Education Management","5535"
"5976","Aafab9Bac03E8d1","Peters-Hunter","https://roy.com/","Northern Mariana Islands","Progressive transitional middleware","1991","Package / Freight Delivery","6217"
"3573","AE8f5f4CE8f392a","Salinas, Peters and Fischer","https://miles.com/","Djibouti","Team-oriented even-keeled leverage","2005","Business Supplies / Equipment","7819"
"5300","82F17fdEB41B956","Lin-Werner","http://walls.net/","Turkey","Front-line logistical projection","1984","Primary / Secondary Education","7438"
"1991","5ffC1d2C181a714","Valenzuela, Howard and Day","http://www.smith-huynh.info/","Congo","Total leadingedge solution","1971","Commercial Real Estate","6508"
"1206","BbA0300bD280c8C","Everett, Beard and Boyle","http://mooney-perkins.info/","Kazakhstan","Mandatory bi-directional focus group","1974","Pharmaceuticals","4564"
"4972","bdeB1C85Faab84d","Gonzales, Stevens and Silva","https://www.morales-decker.org/","Norway","Vision-oriented national projection","1996","Architecture / Planning","9689"
"6784","96d8aCAe4bb7b8f","Nicholson-Bean","http://friedman.com/","Northern Mariana Islands","Inverse heuristic infrastructure","1973","Sporting Goods","4765"
"3601","DadEB5afF1aDdB1","Yu Group","https://mcclure.com/","Bermuda","Future-proofed transitional throughput","2017","Security / Investigations","1225"
"6491","Fdc28Ab238D8EF1","Wiley, Mcgee and Church","http://www.mccann.com/","Saint Pierre and Miquelon","Horizontal cohesive extranet","1976","Cosmetics","8249"
"8610","FffEa2e970aA6CB","Keith, Hayden and Crane","http://sanford.com/","United Kingdom","Visionary impactful encoding","1999","Program Development","8046"
"9979","EF4cEDf9Ef135CD","Huber PLC","http://www.day-torres.net/","Swaziland","Proactive 24/7 help-desk","1979","Entertainment / Movie Production","9763"
"8071","52d79EcCc0D8DDD","Fitzpatrick, Lara and Galloway","https://www.hardy.biz/","Albania","Public-key explicit protocol","1977","Entertainment / Movie Production","5686"
"8578","0D8cFa1ADbEc72A","Franklin-Benjamin","https://www.haley.com/","United Kingdom","Face-to-face dedicated initiative","1975","Environmental Services","8706"
"7974","3A15B3520B0B22b","Robertson Group","https://duke.biz/","Togo","Profit-focused tertiary matrices","1990","Accounting","8637"
"1626","Afc020aA1cbe5EA","Reed-Gomez","https://www.hartman-bennett.net/","Guinea","Innovative regional challenge","1992","Library","7623"
"537","f9Aa0BC2bCdEf31","Weaver-Castro","http://www.mcclure.com/","Saudi Arabia","Progressive user-facing framework","1992","Retail Industry","9500"
"8767","Af5B8F63d28a1Fc","Cooke LLC","https://www.joyce.com/","Pakistan","Re-engineered tertiary policy","2004","Broadcast Media","5603"
"7971","e1E26bba98Be8Fe","Bradford, Beltran and Weiss","http://www.mendoza.com/","Thailand","Team-oriented tangible customer loyalty","1991","Accounting","760"
"4213","682DFfbAa70a535","Foster PLC","http://roberson.net/","Panama","Streamlined multimedia throughput","1986","Computer Software / Engineering","5780"
"6457","cE3d0A0fF14b944","Goodman-Gross","http://henry.info/","Mayotte","Ameliorated holistic website","1998","Public Relations / PR","5910"
"3508","3f3577C011CBA8C","Wilson Ltd","https://evans-tate.com/","Brazil","Total 5thgeneration database","1999","Primary / Secondary Education","470"
"8394","Ca9419Fe3DE2e7d","Bowers-Cooper","https://perez.com/","Oman","Diverse local model","1977","Legislative Office","7623"
"7113","D8b99D595e31cef","Hampton-Bowen","http://www.trevino.biz/","Suriname","Balanced bifurcated task-force","2013","Import / Export","2500"
"2709","bDD9dC4caBEA1be","Adams, Zamora and Cordova","https://www.obrien.com/","Lithuania","Versatile holistic hub","2021","Religious Institutions","310"
"5032","61bDebdba6eEB59","House, Carpenter and Gibbs","http://www.cervantes.biz/","Poland","Open-source analyzing parallelism","1982","Management Consulting","1952"
"6515","5461E106BD70c9E","Mcintyre Inc","https://www.richard.com/","Norway","Secured analyzing task-force","1981","Consumer Services","7313"
"4663","Cd7e3569eF59eD3","Estrada Group","http://perez.net/","Zambia","Customer-focused zero-defect product","2001","Music","767"
"4022","F7bFC1EBF72028F","Alvarado Inc","https://www.valdez-dean.com/","Kiribati","Streamlined discrete solution","1972","Market Research","2516"
"1855","315daB2ADE5bCD9","Rivers-Patton","https://www.hobbs.biz/","Monaco","Distributed coherent encoding","1975","Airlines / Aviation","4949"
"9426","D8FdDBF9eE6DD6B","Herring Ltd","https://www.chaney.com/","Central African Republic","Enhanced zero-defect time-frame","1977","Financial Services","5279"
"2873","7AcbA6D35D20E7E","Fox-Yang","http://davidson.org/","British Virgin Islands","Public-key intermediate help-desk","1982","Legal Services","8781"
"3031","eed364bF06e1Ee2","Douglas, Navarro and Simon","http://sloan.net/","Puerto Rico","Cloned explicit product","2010","Consumer Goods","4542"
"1646","05C4FE56a271d2C","Gibson-Waller","http://downs-herring.com/","Solomon Islands","User-friendly fresh-thinking protocol","2015","Nanotechnology","834"
"3418","fCfdC8eaC1CD75d","Jenkins-Escobar","https://abbott.info/","Nepal","Optional responsive moderator","1979","Entertainment / Movie Production","9634"
"3477","D3da13a69Ebee0a","Long PLC","http://www.coffey.net/","Sierra Leone","Diverse 24hour migration","1984","Financial Services","9049"
"9553","85DfCA9161EFfE1","Blake, Sherman and Bond","https://gardner-warren.info/","Norfolk Island","Sharable responsive circuit","2001","Furniture","7272"
"1793","4eC105ebC1aDcCF","Villegas-Clay","https://www.strong.com/","Malawi","Intuitive even-keeled analyzer","2020","Broadcast Media","3877"
"3798","aFbC80BD0A1351e","Hess, Moreno and Andersen","https://hurley-murillo.com/","Rwanda","Balanced multi-tasking process improvement","2007","Individual / Family Services","1849"
"3369","f39E5110B62Fddb","Fernandez Group","https://freeman.com/","Albania","Exclusive static access","2016","Judiciary","973"
"7197","ECdcC8c3424f024","Tate-Gross","http://hester.com/","Belarus","Pre-emptive 3rdgeneration knowledgebase","1974","Library","3282"
"9642","C2d24b61Fbe9dEA","Colon, Stevenson and Fleming","http://hutchinson.com/","Libyan Arab Jamahiriya","Organic national orchestration","1984","Shipbuilding","6463"
"5110","ABd10DfCAAACbE9","Cunningham, Buckley and Woodward","http://www.hubbard.com/","Mayotte","Enhanced static application","1971","Financial Services","7373"
"6025","2fEe75BF2C270ab","Tapia, Mahoney and Wise","https://www.good.com/","Jordan","Polarized tertiary interface","1994","Financial Services","366"
"8796","C4AB89df1f90fDf","Simpson-Stewart","http://www.hunter.info/","Syrian Arab Republic","Quality-focused local workforce","2003","Computer Hardware","7756"
"9295","E481718FA6F36ea","Parks PLC","http://bird.com/","Mayotte","Enterprise-wide discrete interface","1994","Ranching","133"
"127","301aE5bffc651bF","Lindsey Group","http://www.hoffman.com/","United States Virgin Islands","Devolved asymmetric process improvement","2014","Medical Equipment","4221"
"5960","8b5102dF9DD2Fac","Galloway-Wilson","http://www.mckee-wall.net/","Madagascar","Digitized secondary projection","1997","E - Learning","4879"
"3877","Cc769cBeB3BccDa","Forbes, Washington and Clay","http://sweeney.com/","Montserrat","Realigned uniform definition","1996","Fundraising","1684"
"4452","7d72ECC9A57F0Ff","Mcneil Group","https://www.figueroa.biz/","Saint Lucia","Inverse dedicated knowledge user","1987","Religious Institutions","3013"
"7148","c9BDeE791cbE245","Kramer-Patrick","https://www.lin.org/","Iraq","Universal composite framework","1975","Information Services","8182"
"3532","5d37FD61B7dd9Fd","Meyers, Spencer and Becker","http://gonzales.com/","Hong Kong","Multi-channeled empowering Graphical User Interface","1993","Outsourcing / Offshoring","4154"
"828","D46fd3c0F2CB5be","Tate, Valentine and Robles","http://porter.org/","Cuba","Front-line methodical info-mediaries","1971","Architecture / Planning","513"
"7791","AFbF394143Fa2Cd","Hinton-Cross","https://frost-powers.biz/","Nauru","Reduced zero administration protocol","1988","Architecture / Planning","9298"
"985","91C30D924a35Cbf","Munoz-Kane","http://www.dixon-sharp.info/","Myanmar","Phased non-volatile hierarchy","1972","Telecommunications","7010"
"7784","BBC6EA885f54D50","Meza-Green","http://www.carpenter-thompson.com/","Tajikistan","Extended uniform knowledge user","1988","Biotechnology / Greentech","3479"
"2444","c2BBcB1FcBa49Be","Jennings Inc","https://key.net/","Korea","Reactive systematic budgetary management","2022","Apparel / Fashion","6536"
"8555","6F49CDDE8a98E4e","Yang, Brandt and Wood","http://www.johns.com/","Niue","Cross-group attitude-oriented extranet","1970","Capital Markets / Hedge Fund / Private Equity","3832"
"346","28EFFE5C6ea1d9f","Caldwell, Lloyd and Bolton","https://www.schultz.org/","Montenegro","De-engineered dynamic encoding","1990","Food / Beverages","4134"
"815","D2a3fAd65eB47B2","Joseph LLC","http://www.rivers.info/","Greece","Decentralized scalable application","1976","Consumer Electronics","2882"
"6167","3EbaEC2A0F4513e","Wright-Powell","http://padilla-robertson.com/","Russian Federation","Grass-roots content-based throughput","1980","Management Consulting","8144"
"5780","07F0e5C1411ea5B","Daniels, Valencia and Shields","http://flowers.com/","Christmas Island","Managed user-facing extranet","1971","Broadcast Media","8715"
"2117","bdeE4A4AB26C2D0","Lester Ltd","http://burgess-owen.com/","Qatar","Down-sized coherent open architecture","2014","Newspapers / Journalism","4139"
"794","8Cbb53C0c2d4CB3","Woods-Donaldson","https://burch.com/","Sudan","Re-contextualized even-keeled software","2004","Arts / Crafts","5665"
"6899","8C78E873D924d3C","Escobar and Sons","http://www.davila-krueger.com/","Montserrat","Stand-alone solution-oriented hub","1995","Luxury Goods / Jewelry","3161"
"2675","8d1EcaE3Ada0B7D","Rosario, Bernard and Fritz","http://duarte.com/","Wallis and Futuna","Horizontal object-oriented alliance","2003","Supermarkets","9519"
"95","1b99fbB6628fbaA","Potter-Walter","https://www.mendoza.com/","Uzbekistan","Implemented asynchronous challenge","1970","Machinery","2854"
"4226","efC8d4DBeFA3059","Barry-Cordova","https://www.whitney-noble.org/","Nicaragua","User-centric fault-tolerant standardization","1971","Accounting","4242"
"3757","DDFDBc97c6bdA13","Molina-Mccarty","https://webb.info/","Russian Federation","Monitored mission-critical hub","2022","Mental Health Care","2973"
"2892","409d382BBE103C9","Garrison-Huber","https://www.trujillo.biz/","Costa Rica","Phased tangible core","1998","Religious Institutions","8057"
"2372","6d6505Fb1f4f2df","Alvarado, Zavala and Kelley","http://www.reese.biz/","Aruba","Triple-buffered well-modulated installation","1997","Food / Beverages","9626"
"9389","c78239E0Bc95182","Griffith, Glover and Hardin","http://krause.org/","Cayman Islands","Reactive object-oriented strategy","1998","Investment Banking / Venture","6662"
"3229","55Cdc8a89Be6E7E","Stuart, Berg and Sellers","https://www.roman-thornton.com/","Poland","Programmable non-volatile architecture","1991","Tobacco","4021"
"7864","840de05859FFdad","Sanders, Arias and Barton","http://www.lindsey-willis.com/","Fiji","Robust impactful task-force","2016","Media Production","3638"
"6360","E4Dc98cAf05Bd6f","Mclaughlin, Howard and Palmer","https://www.montoya-garrison.org/","Bosnia and Herzegovina","Configurable systematic interface","1996","Public Relations / PR","195"
"9197","D3e6558ea92f3da","Stevens, Joyce and Small","https://wallace-vang.info/","Peru","Self-enabling eco-centric hierarchy","1985","Consumer Services","4376"
"7327","4ED4Cadcb4f00FA","Carroll-Mccormick","http://www.dalton.net/","Hungary","Horizontal human-resource moderator","2001","Facilities Services","3475"
"6029","A34A5da0C11E217","Franco, Salinas and Cross","http://wise-hess.org/","Cambodia","Future-proofed dynamic functionalities","1976","Library","2819"
"1866","5De1430C6E03Da6","Bonilla-Fritz","http://walton.net/","Canada","Stand-alone 6thgeneration circuit","1988","Import / Export","1051"
"4613","dBfeCBcf69c9fEa","Holmes PLC","http://ortega-huffman.net/","Vanuatu","Upgradable 6thgeneration open system","2017","Airlines / Aviation","3452"
"2646","5E51a399ede05c8","Duncan LLC","http://keith-elliott.com/","Mauritania","Public-key solution-oriented core","1999","Oil / Energy / Solar / Greentech","1088"
"2244","86ba8881d21ed8E","Potter-Hines","http://ball.com/","Cameroon","Open-architected hybrid open architecture","1977","Logistics / Procurement","1990"
"5374","113fba4FAA6AE37","Miranda, Vaughan and Ellison","http://www.arias-fowler.com/","Benin","Total hybrid complexity","2007","Professional Training","5501"
"2337","48F5cd51FCA4025","Townsend, Farrell and Hays","https://www.hood.info/","Azerbaijan","Seamless empowering orchestration","1995","Religious Institutions","600"
"951","aCa8fE8a52fd856","Sweeney Ltd","https://www.floyd-butler.info/","Zimbabwe","Distributed mission-critical firmware","1983","Plastics","2491"
"1121","7D3Ce0a26be486D","Mills-Krause","https://www.lyons.com/","Svalbard & Jan Mayen Islands","Reactive regional synergy","1981","Investment Management / Hedge Fund / Private Equity","8383"
"2205","cEd2Ee497B5D77C","Pugh-Bean","http://lawrence.com/","United Kingdom","Profit-focused cohesive standardization","2000","Food / Beverages","186"
"420","6ab8CDAEcC9ADb2","Lewis, Chang and Abbott","https://butler-shaffer.com/","Niger","Seamless next generation monitoring","1982","Computer Networking","6727"
"923","d5FAFbAEcCBa22E","Charles and Sons","https://www.salinas-norton.com/","Macedonia","Cross-group asymmetric customer loyalty","1978","Public Safety","3730"
"8670","eC708EEb575ff4d","Bishop Ltd","https://www.walter-fleming.com/","Sao Tome and Principe","Centralized mobile circuit","2000","Package / Freight Delivery","9071"
"5409","942FdE35BeDB8cF","Wong Ltd","https://gallegos.net/","British Virgin Islands","Automated high-level productivity","1986","Railroad Manufacture","6694"
"5789","9cC5f2A4D2F7e1c","Waller-Hardin","https://www.berry-hale.com/","Ireland","Advanced uniform productivity","1994","Executive Office","7885"
"5743","B2E7Fc358F5fEca","Andrade-Santiago","https://www.roberts.com/","Burundi","Enterprise-wide client-driven moderator","1975","Newspapers / Journalism","2585"
"7668","7adaAd0e1bEFc6D","Byrd-Reynolds","https://donaldson.com/","Antigua and Barbuda","Right-sized secondary product","1978","International Affairs","194"
"5568","2BaaC17beC3BEfA","Kemp Inc","http://www.vance.biz/","Norfolk Island","Realigned bi-directional system engine","2006","Design","4664"
"8136","f3ae37F251cf54e","Sellers, Curtis and Murphy","https://www.harding.com/","Christmas Island","Multi-layered demand-driven website","1979","Apparel / Fashion","8916"
"1203","1032aEAe9A7D879","Hickman, Pham and Kent","http://www.parsons.com/","El Salvador","Switchable upward-trending open architecture","2000","Computer Networking","7289"
"5766","d706EBd4cB66851","Hensley Group","http://vaughan.com/","Nauru","Adaptive leadingedge framework","1991","Architecture / Planning","8574"
"8390","3DCF5deE5E691c9","Hernandez-Meyers","https://www.coffey-fletcher.info/","Liberia","Switchable user-facing Graphical User Interface","1999","Capital Markets / Hedge Fund / Private Equity","9212"
"1971","f2A1aeF0c302ebE","Marshall, Ritter and Cox","http://www.holmes.com/","Belize","Organic responsive artificial intelligence","1983","Chemicals","1762"
"4019","17Bcc5a4BDca9eB","Ponce-Haley","http://www.le-knapp.org/","Martinique","Extended client-driven hardware","1996","Human Resources / HR","8047"
"3688","efcfaaf5E0EA2D5","Boyle-Potts","https://haley.com/","France","Synergistic systemic Local Area Network","1984","Airlines / Aviation","9911"
"1998","2EeaBDeE6dDac82","Lamb-Chambers","https://www.zamora-pruitt.com/","Canada","Automated impactful access","1975","Museums / Institutions","7058"
"4034","4CB19BBDaa89b6F","Solomon and Sons","https://www.delacruz.org/","Saint Pierre and Miquelon","User-centric systemic budgetary management","1987","Staffing / Recruiting","8639"
"1249","ab813bbDabEFdcd","Daniel-Levy","https://www.wong.org/","Dominica","Upgradable directional conglomeration","1993","Automotive","6262"
"2193","48D5cF8F9cDDE1f","Freeman, Mann and Melton","http://www.hubbard-pennington.com/","American Samoa","Organic systemic hierarchy","2004","Design","386"
"2713","c52Cd896Ed3FeE6","Rogers-Mccann","https://www.franklin.org/","Saint Kitts and Nevis","Quality-focused client-server encryption","1998","Mental Health Care","2652"
"2191","E2fBbC2BF23a9A3","Skinner, Haas and Bush","http://www.wiggins.com/","Algeria","Multi-layered intangible secured line","1981","Security / Investigations","7646"
"4671","E299c46f759e7BD","Koch, Stone and Hebert","http://lawson.org/","Senegal","Inverse local superstructure","2011","Public Safety","7872"
"5143","253481427db6D2A","Wheeler LLC","http://www.bartlett-thornton.com/","Trinidad and Tobago","Decentralized 3rdgeneration emulation","1992","Maritime","5612"
"5985","24F012A9354AaAf","Page, Fitzgerald and Barrera","http://olsen.net/","Congo","Optional local throughput","1981","Sporting Goods","7392"
"6566","CAda124f7F03EEe","Thornton-Frederick","https://ruiz.com/","Madagascar","Pre-emptive responsive parallelism","2006","Photography","517"
"7805","Af54173f4c8Bfec","Ferguson-Charles","http://bird.com/","Lao People's Democratic Republic","Extended multi-state strategy","2013","Venture Capital / VC","2201"
"6944","D73dab0CCEA5a2A","Montgomery, Doyle and Leblanc","https://cain-stout.org/","Algeria","Synergized multimedia solution","1989","Mining / Metals","1803"
"2137","EE0473968316bE5","Velasquez, Romero and Mclaughlin","http://www.cabrera.com/","Guinea","Synergized systemic archive","1971","Telecommunications","3896"
"1066","B0F11eD3f9b0F43","Nelson, Hurst and Kirby","https://key-simon.info/","Saint Helena","Programmable bi-directional system engine","1979","Research Industry","1901"
"601","C580530C28042a8","Cox, Murray and Mcclure","https://pacheco.com/","Ethiopia","User-centric local attitude","2014","Fine Art","3800"
"4228","eFFe505a0A5C36b","Paul PLC","https://pitts-sullivan.com/","Marshall Islands","Persistent value-added hierarchy","1974","Venture Capital / VC","8672"
"7578","D05AfA0D3De62bF","Lynch Group","http://www.figueroa-henry.org/","Singapore","Organic grid-enabled adapter","1974","Venture Capital / VC","1916"
"78","3D3B39a8f57f2A3","Calhoun, Espinoza and Whitney","http://www.mcmillan.com/","Mexico","Monitored zero-defect focus group","1993","Utilities","6828"
"7547","BA6e7E4DFebE4DD","Woods, Brewer and Tapia","https://andersen.com/","Dominican Republic","Vision-oriented stable parallelism","2012","Warehousing","1771"
"2899","D37b17f8D22DC78","Bradley and Sons","https://henson-berger.com/","Argentina","Persevering context-sensitive customer loyalty","2019","Education Management","9767"
"4821","c41CaB6fA15e6AA","Pope Ltd","https://www.wilson.com/","Belarus","Up-sized composite parallelism","1977","Textiles","8580"
"9303","bEdAab3A1A176d3","Meza PLC","https://www.henry.com/","Colombia","Re-engineered cohesive frame","2008","Import / Export","8468"
"6414","E82803Ae3b3A02d","Calhoun, Davis and Morgan","https://shannon.com/","Comoros","Expanded actuating protocol","1991","Accounting","1835"
"9065","e9eeBA6Ba32afaB","Mendoza-Small","http://www.gilmore-fletcher.info/","Mayotte","Synergistic upward-trending groupware","2015","Hospital / Health Care","5943"
"8008","26CDe123f36c8DA","Cohen, Ibarra and Leonard","https://roth.com/","Macao","Versatile empowering structure","1975","Railroad Manufacture","625"
"5469","4c6199B30B6f1ba","Rhodes Ltd","http://santos.com/","Burkina Faso","Proactive eco-centric Local Area Network","1970","Investment Banking / Venture","9922"
"5952","4bc2Ebf08ddBAeC","Pollard-Kramer","https://www.mejia.org/","Macao","Balanced system-worthy adapter","1996","Transportation","1798"
"3392","dFc4e2eE2bb033c","Macias Ltd","http://hensley.com/","Philippines","Reverse-engineered hybrid system engine","2013","International Trade / Development","3002"
"5416","75219c3A23e4D6B","Perry and Sons","http://ramos.com/","Bolivia","Ergonomic asynchronous migration","1972","International Trade / Development","7083"
"2561","0fbEEDAAd90DfeE","Whitney LLC","https://www.rush-hodge.com/","Kazakhstan","Enterprise-wide explicit toolset","1972","Higher Education / Acadamia","5162"
"8163","A5107B125ba8e4D","Garcia LLC","http://ewing.net/","Kyrgyz Republic","Down-sized discrete neural-net","1980","Capital Markets / Hedge Fund / Private Equity","5047"
"2636","57c4A8eA6bacCb2","Collins-Roberts","https://www.todd.com/","South Africa","Virtual client-driven complexity","1970","E - Learning","8240"
"5257","F25dbAB53fDba1e","Mckinney-Santana","https://www.little.biz/","Yemen","Programmable uniform capacity","2008","Insurance","7636"
"3531","76feea11bF32A71","Barnes Group","https://fuentes-mayo.com/","Sri Lanka","Self-enabling bifurcated system engine","1982","Furniture","8910"
"8568","0eE741eD501c3E8","Mejia, Neal and Morgan","http://www.shields-gates.org/","Malta","Streamlined responsive standardization","2003","Paper / Forest Products","7446"
"1909","Eca606b6D621bc6","Cantu Ltd","https://frank-benton.org/","Guadeloupe","Visionary attitude-oriented software","1970","Mechanical or Industrial Engineering","7269"
"236","B3BD6bC2d2Bed6D","Gallegos, Vazquez and Griffith","https://nolan-maddox.net/","Austria","Visionary systemic parallelism","1982","Political Organization","7903"
"1605","bA32e3eaE86e06e","Chandler-Richmond","https://www.woods-beltran.com/","Bahamas","Face-to-face zero-defect info-mediaries","2000","Internet","315"
"7985","3a501a37c5bBb11","Holden, Holden and Bartlett","http://www.proctor-burnett.com/","Mayotte","Devolved intermediate database","1983","Semiconductors","3825"
"3491","2f98F57dD84f8E5","Sutton-Pham","http://villarreal.com/","Kyrgyz Republic","Adaptive system-worthy paradigm","2010","Insurance","8883"
"1995","Fd0fb9f0a3613C9","Levine, Clements and Benton","http://sharp-mayo.net/","Bangladesh","Public-key asynchronous interface","1988","Chemicals","4174"
"2825","a1eb1FF420Ac37d","Hebert Group","https://www.lowery.com/","Bermuda","Seamless bifurcated matrices","1997","Legislative Office","7609"
"9286","4B89CFC2cA887e0","Logan, Phillips and Fry","http://www.cervantes.biz/","Saint Kitts and Nevis","Optional exuding capacity","1977","Gambling / Casinos","4374"
"1343","4F6BB5838e1fD15","Barry-Stafford","https://zuniga.net/","Algeria","Expanded system-worthy productivity","2020","Religious Institutions","7426"
"8513","Db545aa8c03FFe3","Roy LLC","http://www.obrien-beltran.com/","Niger","Networked cohesive process improvement","1998","Graphic Design / Web Design","2399"
"1620","5d80E3BfbaCd9EC","Colon-Boone","https://www.baldwin-kent.biz/","Greece","Synergized solution-oriented data-warehouse","2018","Investment Banking / Venture","7735"
"5288","4D16ad610eDEaad","Todd Inc","http://www.macias.biz/","Senegal","Adaptive empowering encryption","2020","Insurance","5860"
"2061","856E650ec8F357d","Christensen, Collins and Frederick","http://www.arnold.org/","Timor-Leste","Reduced client-server encryption","2007","Banking / Mortgage","3383"
"9956","8f97A5EECd50d0e","Wolf Ltd","http://www.chang-simon.com/","Liechtenstein","Progressive motivating core","2022","Hospitality","2981"
"2220","eedc0db09bcdbf6","Stout Inc","http://palmer-miranda.info/","Vanuatu","Persevering client-driven throughput","1985","Information Technology / IT","2814"
"6039","2cb5aCccD35f8BF","Marks-Michael","https://odom.com/","Comoros","Inverse optimal attitude","1999","Motion Pictures / Film","7963"
"261","b0CB4CF1FCD6e7C","Bass-Kirby","https://clayton.net/","Niue","Managed modular artificial intelligence","2018","Restaurants","1330"
"9366","A508edE0E4C6A2D","Hickman, Hodges and Klein","https://www.mcguire.com/","Malta","Programmable foreground hardware","2017","Consumer Goods","8278"
"9094","7Dc6c77cf748917","Gordon, Melendez and Vazquez","https://moody.com/","Tonga","Public-key bandwidth-monitored throughput","2015","Investment Banking / Venture","782"
"3745","eeD3BE8902B9c9B","Li, Wong and Dennis","http://escobar.com/","Norway","Innovative encompassing customer loyalty","2004","Alternative Medicine","8349"
"2027","ede7F1F0fe3Db97","Bartlett-Mays","https://hutchinson.com/","Eritrea","Diverse bifurcated archive","1980","Civil Engineering","9707"
"6989","f97d6CAEf655D5E","Case, Weber and Simpson","https://www.durham-marshall.info/","Norway","Quality-focused clear-thinking model","2007","Other Industry","620"
"4235","CBB6Eb8f33cf5a3","Hoover PLC","https://www.braun-mann.com/","Malaysia","Polarized dynamic concept","2002","Entertainment / Movie Production","9787"
"1918","1Bc839Cd7cAb40c","Ramsey LLC","https://www.rollins.com/","Armenia","Open-source leadingedge protocol","1993","Internet","556"
"1829","4EA009EEFc7a81A","Wilson, Foley and Sosa","https://logan.com/","Uzbekistan","Grass-roots intermediate task-force","2010","Civic / Social Organization","2154"
"6234","af16d81edC4AfB0","Ayers Inc","http://perkins.com/","Wallis and Futuna","Assimilated global strategy","1980","Market Research","6286"
"9333","cf7BC5e514bE5f0","Leonard LLC","http://www.vargas.com/","Guinea-Bissau","Implemented contextually-based paradigm","2001","Telecommunications","7362"
"6284","45e5C3ABfF49FB5","Parker Group","https://vazquez.com/","Namibia","Multi-lateral disintermediate solution","2020","Performing Arts","8795"
"4209","A64adC04Fe90C2C","Walls-Kane","https://www.singh.com/","Seychelles","Object-based secondary utilization","1976","Internet","9923"
"225","dFCC4052aA2364E","Burch, Beasley and Gardner","http://www.esparza.org/","Dominican Republic","Vision-oriented mobile interface","1985","Other Industry","9455"
"8916","7eDeBC10bc5F09E","Schneider, Singh and Romero","https://www.wang.com/","Egypt","Quality-focused zero tolerance concept","1972","Ranching","9598"
"6470","b5DB8EbceC6aCaA","Wheeler Group","https://www.anderson.com/","Micronesia","Implemented client-server knowledge user","2008","Investment Management / Hedge Fund / Private Equity","4154"
"9414","9C67526d592AEb6","Mccullough-Griffin","https://vincent.com/","South Georgia and the South Sandwich Islands","Optimized even-keeled task-force","1982","Translation / Localization","5866"
"847","AB2Cab009cB8F9b","Waters-Wells","http://rowe.info/","Bhutan","Pre-emptive uniform product","1977","Business Supplies / Equipment","6853"
"4290","3Fb124Efc3eC764","Noble-Walters","http://www.sanchez-acevedo.org/","Kuwait","Organized bi-directional budgetary management","1974","Sports","4058"
"5561","7a3f7C886f72845","Guerrero-Olson","https://henderson.info/","Barbados","User-centric hybrid migration","2015","Government Administration","5799"
"2552","B9A1F49bfc19bFF","Bowen and Sons","http://cantrell-curry.com/","Belize","Polarized scalable complexity","1984","Import / Export","705"
"118","BffA047Ac720aF8","Walker-Sloan","http://fry-austin.org/","Guadeloupe","Right-sized 24hour interface","1971","Industrial Automation","9895"
"8838","Abf0Df9E58EdbBf","Hampton-Burgess","https://ellison.org/","Grenada","Open-architected real-time productivity","2006","Other Industry","6118"
"5967","B50f30f5d7fEFaA","Small-Schmidt","http://wilcox.info/","Italy","Open-source cohesive access","2014","Outsourcing / Offshoring","1914"
"8196","7d55797DEc8beef","Andrade-Murphy","http://elliott.org/","Namibia","Organic asynchronous utilization","2005","Computer / Network Security","3019"
"8660","5Cdf12C7569FeCD","Bender, Schroeder and Baker","https://www.lam.info/","South Georgia and the South Sandwich Islands","Progressive holistic encoding","2002","Civil Engineering","7124"
"7490","bffdce2e4ecADa8","Krueger, Watson and Dorsey","http://www.wright.com/","Guam","Profound optimal project","2014","Electrical / Electronic Manufacturing","3790"
"6","cdAD9BBF227ADAE","Keith PLC","http://www.mathews.com/","Ecuador","Cross-group coherent strategy","1978","Online Publishing","7233"
"5343","79A18C1420123Aa","Hanson, Flynn and Mcpherson","http://www.clements-kent.com/","Lesotho","Automated logistical throughput","2007","Writing / Editing","8794"
"9112","8Ec7fB0c9cF6f98","Griffith-Zuniga","https://thornton.net/","Syrian Arab Republic","Cloned dedicated synergy","1980","Maritime","1147"
"4325","85aCCaEf24dC527","Collier LLC","https://werner.com/","South Georgia and the South Sandwich Islands","Devolved systematic website","2021","Computer Games","293"
"1064","A9FfAfdD8ba6161","Dawson-Holland","https://cervantes.biz/","Saint Martin","Open-architected mobile algorithm","1980","Information Technology / IT","7384"
"2591","Efff8cff5AdE238","Bradshaw-Rocha","http://mccarthy.com/","Slovenia","Realigned client-server Graphical User Interface","1980","Information Technology / IT","4568"
"8435","5Fc7ae8D8F5c1AC","Perry, Browning and Gillespie","https://gibson-ramsey.com/","Cayman Islands","Versatile multi-tasking benchmark","2012","Motion Pictures / Film","3731"
"3736","9dA3dc6ca6b8d41","Lawson-Dillon","https://gray.com/","Mongolia","Assimilated executive middleware","1990","Research Industry","6598"
"3518","eFb3E0C567Dd4fC","Deleon, Solis and Sanchez","http://www.montes-montes.com/","Comoros","Expanded fresh-thinking firmware","1987","Insurance","7760"
"6987","61ed6d30D186d9b","Schaefer-Malone","https://www.madden-meza.com/","Switzerland","Down-sized leadingedge concept","2012","Events Services","9561"
"6768","2e3a4F50CcBECD5","Yang LLC","http://www.orr.com/","France","Managed modular leverage","2020","Defense / Space","6832"
"5623","7e232d1ec26eC8A","Hebert, Calhoun and Herman","http://www.curry.com/","Pitcairn Islands","Operative 6thgeneration methodology","1977","Package / Freight Delivery","4796"
"1606","1014e8f0b5FAD2f","Huff Ltd","https://morse-duncan.com/","Gabon","Right-sized stable algorithm","2007","Wireless","7538"
"1734","664D1CEcEc4bfFA","Compton-Beard","https://richmond-keith.com/","Slovenia","Expanded solution-oriented archive","1989","Education Management","4900"
"9342","d63b876a64A1A76","Vance, Woodard and Torres","https://taylor-davila.org/","Guadeloupe","Optimized leadingedge Internet solution","2015","Professional Training","6375"
"3813","fe11d8EB7eF77dD","Ward Inc","https://wallace.net/","Korea","Proactive cohesive implementation","1982","Philanthropy","9008"
"9625","d4D8DbBE9debB4a","Greene Inc","http://wiley-gay.com/","Belarus","Team-oriented 5thgeneration product","1976","Online Publishing","605"
"1762","3e3c36EbCfc99ED","Owen-Hunter","http://www.simpson.com/","Heard Island and McDonald Islands","Re-contextualized foreground superstructure","1970","Events Services","6699"
"5402","32F9626be6AfEC1","Hodges, Hart and Moreno","https://www.montoya.biz/","Kuwait","Extended tertiary process improvement","1991","E - Learning","8175"
"2740","FcFC7Ae3E71b610","Massey and Sons","http://www.sawyer.com/","Korea","Configurable real-time moratorium","1984","Publishing Industry","171"
"2473","F6EE7DBd66f8D9c","Little Ltd","https://www.camacho-keith.net/","Guinea","Digitized clear-thinking help-desk","2002","Transportation","1189"
"6739","cA1ceb8C3AaC6F8","Barnett-Terrell","https://www.david.org/","Liechtenstein","Total responsive strategy","2012","Broadcast Media","7441"
"6892","D509DCE7884E8Ba","Taylor, Moody and Vaughn","http://cantrell.biz/","Greenland","Innovative cohesive approach","1996","Accounting","2818"
"7944","FA5d61d8d6A6bE1","Huerta-Gray","https://www.hardin-kaiser.com/","Canada","User-friendly 24/7 encoding","1977","Building Materials","8153"
"4207","727f2e45ebcef91","Horn, Oconnell and Hood","https://www.orozco-blanchard.org/","Senegal","Multi-channeled national concept","2005","Publishing Industry","7740"
"6372","F559cb5CfDFaC7c","Ferrell, Cordova and Sanchez","https://byrd-garcia.com/","American Samoa","Multi-tiered bottom-line Local Area Network","1974","Computer Games","916"
"233","ebFEB93aDb32CeA","Rowland-Buckley","http://www.bass.info/","Singapore","Centralized explicit middleware","1982","Mechanical or Industrial Engineering","414"
"8259","Bd305ce7F3Bd80F","Huynh-Warner","http://schultz.info/","Wallis and Futuna","Secured interactive open architecture","1983","Sports","1941"
"7562","74Ac2380879FE60","Wilcox LLC","https://winters.com/","Kuwait","Diverse cohesive intranet","1992","Retail Industry","6432"
