"Column_1","Column_2","Column_3","Column_4","Column_5","Column_6","Column_7","Column_8","Column_9"
"9249","193F6b82abDBdDb","Castro-Cobb","https://wyatt.info/","Iran","Customizable value-added encoding","2016","Luxury Goods / Jewelry","3176"
"1716","32C90e65eaA3a98","Orr, Choi and Khan","http://hendrix.net/","Nepal","Decentralized encompassing interface","2014","Public Relations / PR","8650"
"1699","F8400e2b5dA54d2","Rodgers, Hatfield and Pitts","https://pierce.com/","Tajikistan","Persevering coherent standardization","1996","Library","671"
"9691","ae572fd7a62D169","Durham Group","https://www.gibson.com/","Tunisia","Team-oriented 3rdgeneration groupware","1994","International Trade / Development","7734"
"9550","c6460BAa1a75AAc","Noble, Macdonald and Davenport","https://www.juarez.com/","Seychelles","Automated systemic functionalities","2016","Supermarkets","1125"
"9972","1eAD5D38d131EcF","Duffy, Braun and Clements","https://www.compton.org/","Algeria","Business-focused next generation orchestration","2003","Real Estate / Mortgage","4295"
"8225","3Fa7AFCbeFA8D8b","Greene Inc","https://www.leon.com/","Wallis and Futuna","Function-based 3rdgeneration migration","2015","Fishery","2521"
"3832","dF262A43ceC0b2E","Rice-Acevedo","http://norton.com/","Swaziland","Pre-emptive regional knowledge user","1980","Other Industry","5848"
"6300","F2389cDFe861CEB","Mcfarland-Douglas","http://www.roberson.org/","Guinea-Bissau","Digitized encompassing emulation","1977","Biotechnology / Greentech","4448"
"3349","8B4D3de3cc73D19","Estrada and Sons","https://www.carroll.com/","Saudi Arabia","Programmable human-resource open system","2013","Judiciary","2116"
"9519","CFA7c3AE3ba6AfE","Cochran LLC","https://munoz-hess.com/","Turks and Caicos Islands","Enhanced multimedia support","2015","Marketing / Advertising / Sales","8907"
"986","444feeEeb1aa44E","Cisneros and Sons","http://www.gibson.com/","Macedonia","Up-sized exuding challenge","1999","Apparel / Fashion","3009"
"1822","EFCF1559Ce8bb25","Beck, Blanchard and Jarvis","https://patton.com/","Mozambique","Face-to-face systemic paradigm","2021","Warehousing","3549"
"4572","42FFDff76E259c1","Blair PLC","http://maldonado-maddox.biz/","Brunei Darussalam","Streamlined human-resource data-warehouse","2009","Investment Banking / Venture","4910"
"588","266F663C44cfce2","Davidson Group","http://saunders.biz/","Guernsey","Horizontal contextually-based encoding","2001","Industrial Automation","2681"
"9758","A6EE4E22EeeEAfa","Mccormick PLC","https://berry-hodge.com/","Nigeria","Intuitive mobile productivity","2008","Computer / Network Security","5780"
"5078","83ea969E1aB2fe4","Berry, Robbins and Silva","https://mack-hawkins.net/","Venezuela","Upgradable 3rdgeneration collaboration","1978","Political Organization","1987"
"7783","3c63Dd8CCDA84ce","Douglas Ltd","https://www.werner.com/","Korea","Synergistic demand-driven toolset","1995","Wholesale","1383"
"8324","7d1Edbef78dc12B","Schmidt-Cooley","https://barker.info/","Venezuela","Phased directional Local Area Network","1971","Executive Office","6826"
"9523","85267e75ed2F63E","Riley-Page","http://sutton-morrison.org/","Namibia","Compatible didactic monitoring","2021","Real Estate / Mortgage","3376"
"9968","Afe37cBC82e9DCA","Molina-Parsons","http://www.floyd-brandt.com/","Syrian Arab Republic","Distributed radical matrices","2011","Semiconductors","9227"
"5484","ffcAe5387C9cBBc","Mccarty Inc","http://www.duran-haynes.biz/","Costa Rica","Expanded coherent neural-net","2007","Investment Management / Hedge Fund / Private Equity","9553"
"7747","812Cdc4EA8C8C0b","Mcbride LLC","https://tapia.com/","Marshall Islands","Fundamental stable attitude","2008","Industrial Automation","9777"
"9281","3cFfa43bb9AF52a","Pham, Solis and Keith","https://stokes.com/","Solomon Islands","Function-based dynamic strategy","1970","Staffing / Recruiting","736"
"5515","CAbD2a5d193A63D","Sosa Ltd","https://www.dunlap.org/","Togo","Streamlined demand-driven emulation","2015","Defense / Space","5929"
"9528","61b8e46F21e4Bd2","Christian Inc","https://www.horn-salas.biz/","Benin","Automated explicit circuit","2014","Alternative Medicine","1450"
"8872","5a243305f7e4cCc","Hayden LLC","https://hays-carrillo.net/","Trinidad and Tobago","Mandatory motivating ability","1988","Government Administration","9774"
"5554","635937Bc5Ece841","Church-Hudson","https://stephenson-buchanan.biz/","Latvia","Reverse-engineered 6thgeneration Local Area Network","1993","Information Technology / IT","4276"
"3558","98270ABcA6eEBc9","Morrow and Sons","https://www.hudson-buck.org/","Syrian Arab Republic","Exclusive mobile success","1982","Maritime","2318"
"1396","fFf8303c5eB15C9","Key-Moore","https://conway.com/","Vietnam","Grass-roots exuding open system","2007","Paper / Forest Products","4249"
"265","4dCb930217CDf6e","Buckley Ltd","https://king-huang.com/","Antigua and Barbuda","Streamlined exuding capacity","2000","Public Safety","5817"
"3548","fD3E500afE5DB5F","Rivera, Cardenas and Peck","https://www.friedman.com/","Lithuania","Down-sized high-level neural-net","2014","Law Enforcement","9791"
"6845","DBAF687dcAD7d8e","Johnson-Marquez","https://li.com/","Gabon","Persistent transitional toolset","1971","Marketing / Advertising / Sales","9114"
"7629","e9bb87FB9d6fb25","Roberson Group","https://www.sweeney-vega.biz/","Nigeria","Stand-alone zero-defect functionalities","1985","Renewables / Environment","983"
"6789","e4d2c31ECE6D2B1","Mccarty-Kaiser","https://khan.com/","Guernsey","Synchronized incremental system engine","1975","Executive Office","8429"
"3070","538104FBa61457D","Irwin, Garza and Reed","http://www.howell.com/","Swaziland","Progressive disintermediate help-desk","1986","Building Materials","6025"
"5026","CBEbBA4bE6cfD68","Merritt PLC","http://mercado.com/","Anguilla","Upgradable 3rdgeneration conglomeration","1976","Legislative Office","2984"
"8397","2E72D7da3Bec1Fa","Elliott, Woodward and Mccullough","http://www.ware.com/","Congo","Profit-focused radical middleware","2014","Public Safety","447"
"3865","08Ea37A97E1a0cb","Phelps Ltd","http://johnston-mcknight.com/","Liechtenstein","Ameliorated systemic synergy","1998","Museums / Institutions","595"
"9073","76Ab523BFD1Ff40","Giles, Fernandez and Lane","https://ball.com/","Bhutan","Open-source dedicated utilization","2018","Aviation / Aerospace","7768"
"2401","eAbC2c176Ef793e","Olson LLC","https://rivera.com/","Jamaica","Proactive high-level alliance","1982","Security / Investigations","3391"
"6275","BE59BCDecf36C8e","Bowen and Sons","https://guzman.biz/","United Kingdom","Pre-emptive real-time service-desk","1995","Telecommunications","453"
"8485","e4a1102F5fd5Fe8","Gomez-Sanchez","https://www.douglas.biz/","Georgia","Robust bifurcated firmware","2003","Food Production","717"
"3712","88ebd5cFa2A8fAa","Kim-Nolan","http://bird.com/","Burkina Faso","Compatible impactful analyzer","1992","Furniture","3409"
"247","247f25690aF1cA6","Powers Ltd","https://www.ochoa.biz/","Saint Kitts and Nevis","Centralized discrete Graphic Interface","2001","Broadcast Media","37"
"1595","9dC2B620D869072","Evans, Molina and Griffin","https://mcfarland-mcpherson.com/","Timor-Leste","Synchronized system-worthy synergy","1980","Leisure / Travel","6386"
"9683","D406d79A97f1BDd","Duran LLC","https://www.berry.net/","Palestinian Territory","Triple-buffered reciprocal extranet","2022","Airlines / Aviation","309"
"1530","A38393dBF8B5EA1","Miller-Lara","https://www.neal.net/","Kyrgyz Republic","Multi-tiered content-based alliance","2002","Religious Institutions","3840"
"8224","Fb7C821984C9D4a","Nelson and Sons","http://marsh-phillips.com/","Ecuador","Compatible composite definition","1992","Security / Investigations","6149"
"924","3E950FEb6aE46d7","Joseph Inc","https://crawford-hess.com/","Cook Islands","Horizontal 24/7 benchmark","2000","Program Development","1867"
"7554","2d9B9dBA9dd83de","Fowler, Thornton and Sheppard","http://novak.com/","Northern Mariana Islands","Diverse web-enabled array","1973","Airlines / Aviation","9854"
"4365","c2a15aBbd95ca43","Fields Ltd","http://phelps.biz/","Serbia","Streamlined didactic access","2021","Facilities Services","1442"
"670","4EdFb860aa6b041","Berger LLC","https://www.wilkins.biz/","Slovenia","Versatile impactful artificial intelligence","1994","Fishery","4167"
"3605","d08a2DF1b65F754","Wiley Ltd","https://stone-munoz.com/","Iran","Phased impactful flexibility","1971","Performing Arts","1462"
"5109","2ff1F1bDfFCcE44","Thomas-Morton","http://www.lucas-rosales.com/","Cuba","Business-focused foreground conglomeration","2009","Tobacco","4642"
"1911","1A94B51CFFb06e4","Suarez Ltd","https://www.wilkins.com/","Dominica","Persistent multi-state forecast","1999","Wine / Spirits","6066"
"8345","Ff3Ac9399d1DEeC","Reese, Pittman and Ball","http://www.navarro-jordan.com/","Faroe Islands","Cross-platform needs-based architecture","2002","Non - Profit / Volunteering","8557"
"5249","Ecb3d5ffDde9EDD","Hutchinson, Ayers and Noble","http://sullivan.biz/","Turkmenistan","Streamlined demand-driven utilization","1982","Fishery","9861"
"7184","239BbDD12dfbD4e","Tucker Group","https://www.byrd.com/","Cyprus","Mandatory systemic matrix","2017","Political Organization","7333"
"3959","5eED973Bca36ba8","Cisneros-Avila","http://atkins.net/","Norfolk Island","Grass-roots executive projection","1976","Fundraising","8470"
"6958","Af3e9dD8a7860ce","Walton-Middleton","http://costa.com/","Bosnia and Herzegovina","Persevering 6thgeneration focus group","1997","Tobacco","3774"
"6027","6ed91A6F443bE76","Pratt Group","https://www.huynh.info/","New Zealand","Realigned asynchronous process improvement","1991","Insurance","4658"
"5644","2e40Af6F3cFa641","Atkins-Sutton","https://melendez.com/","Germany","Distributed fault-tolerant utilization","2007","Restaurants","1066"
"2697","54A8Fea1B2fC37A","Mcgrath, Ferrell and Mcpherson","https://www.blankenship.com/","Kuwait","Universal discrete secured line","1993","Human Resources / HR","9714"
"2592","C412CFBf322CbbC","Murillo-Jensen","http://www.duarte.org/","Bhutan","Pre-emptive 3rdgeneration superstructure","2000","Accounting","1732"
"5907","4F10c8125540a3F","Cox, Obrien and Webb","https://gilbert-atkins.com/","Guadeloupe","Switchable 4thgeneration focus group","1993","Industrial Automation","7970"
"1782","eE9cb27AA6f8aF3","Ramos Inc","https://blackwell.com/","Grenada","Persevering real-time function","2016","Accounting","8844"
"6510","Bff671Ff7D3382c","Cole, Gordon and Stevenson","https://www.shepherd.com/","Nigeria","Integrated content-based help-desk","2019","Retail Industry","712"
"3014","938a3E972c7EeDB","Rogers and Sons","http://www.mcguire-ellison.org/","Chile","Multi-lateral 4thgeneration policy","2016","Furniture","2843"
"7134","bCA8C6B521dFCF1","Taylor-Anderson","https://www.powers-garner.org/","Tonga","Team-oriented national protocol","1989","Management Consulting","182"
"2308","AAD2CF93cBcd84B","Barber Ltd","https://michael-michael.net/","Morocco","Reverse-engineered 5thgeneration infrastructure","2017","Fine Art","6084"
"7277","deFED9DB6cCce94","Parks Group","http://schultz.com/","Grenada","Implemented composite attitude","1970","Cosmetics","3843"
"3691","99Cf9c69450795b","Molina-Moran","http://friedman.com/","Western Sahara","Multi-channeled fresh-thinking portal","1980","Information Technology / IT","1521"
"688","22aE052AcbdB2Fa","Khan-Silva","https://www.conway.info/","Chile","Robust contextually-based circuit","1995","Package / Freight Delivery","9790"
"6012","7fc6E4FEae2E5fd","Scott LLC","https://lin.com/","Australia","Re-engineered bifurcated core","1997","Oil / Energy / Solar / Greentech","505"
"7072","8aAD6C956D17C1B","Burgess PLC","https://www.reese.com/","Bolivia","Mandatory next generation array","2018","Consumer Services","7544"
"613","51ec20761FbAFfE","Valenzuela-Schmitt","http://frederick.biz/","Guam","Implemented zero administration parallelism","1973","Plastics","9412"
"7168","c7FbBC50cc38c3E","Cordova, Shea and Phelps","http://cobb.biz/","United Kingdom","Profound intangible instruction set","2002","Retail Industry","9296"
"9206","A52CbB347F8bD02","Conrad LLC","https://www.sheppard-lambert.com/","Jamaica","Optional high-level matrix","1991","Mechanical or Industrial Engineering","9499"
"3201","E4AD6A7b3A5b6AA","Valencia-Lynn","https://colon.info/","Lebanon","Expanded 24/7 challenge","2003","Renewables / Environment","8971"
"2268","eFD7F3E731C95e9","Acevedo-Padilla","http://harmon-walters.com/","Malawi","Extended content-based knowledge user","2001","Investment Management / Hedge Fund / Private Equity","761"
"9782","2EeccD96E87B520","York PLC","https://delgado.net/","Indonesia","Vision-oriented system-worthy infrastructure","2013","Public Relations / PR","979"
"6630","58714a9Eb6FAfDB","Preston, Morse and Singh","http://bowers.info/","South Georgia and the South Sandwich Islands","Integrated user-facing success","1973","Supermarkets","502"
"4136","eab9A1FDCC61638","Mcneil, Brandt and Phelps","http://melendez-newman.com/","Bouvet Island (Bouvetoya)","Team-oriented reciprocal data-warehouse","2020","Translation / Localization","9373"
"1899","da6d2FdFeff4A68","Lester, Martinez and Sandoval","https://cisneros.biz/","Guyana","Profit-focused 24hour knowledge user","2000","Investment Management / Hedge Fund / Private Equity","4617"
"9531","A2CA0dF19ccbF48","Harding PLC","http://www.scott.com/","United States Minor Outlying Islands","Open-source tertiary strategy","1977","Professional Training","5647"
"8154","ca6FeEED0Aeaf6C","Madden-Dunn","https://le.com/","Rwanda","Innovative modular application","2013","Hospitality","8474"
"259","bbeC1376AF4b4Cf","Peterson-Cummings","https://www.humphrey-ford.com/","Romania","Multi-lateral multi-tasking leverage","2021","Defense / Space","9094"
"2925","Dba1825Ad9fCCa3","Figueroa, Kline and Jennings","http://wong-bean.com/","Guam","Cross-platform interactive budgetary management","1983","Fishery","1157"
"9425","f915B0D2E4a3CD6","Maynard and Sons","https://gould-ritter.org/","Korea","Seamless stable migration","2002","Arts / Crafts","3608"
"4944","Bc0ED7BBFDa5BCA","Key, Dunn and Kennedy","https://hooper.com/","Swaziland","Re-contextualized transitional concept","2000","Accounting","672"
"2823","61EE9c6970df6cb","Willis-Robinson","https://www.wells-daugherty.net/","Armenia","Re-contextualized background extranet","2014","Writing / Editing","1642"
"6530","4e0befa4BcF3a68","Gill, Shields and Hawkins","http://www.christensen-dennis.com/","Estonia","Compatible exuding hub","1988","Individual / Family Services","8034"
"3340","Fbb61fbCB86b5a3","Hester, Reeves and Black","https://www.cabrera.info/","Swaziland","Decentralized modular methodology","1977","Package / Freight Delivery","977"
"3526","3DeeaCdfb97F51b","Tyler Inc","http://www.church-chan.com/","French Polynesia","User-centric high-level process improvement","2012","Oil / Energy / Solar / Greentech","3858"
"4564","7DC6A8b9E0DDfC8","Davies, Burns and Bridges","http://www.wilson.com/","Comoros","Adaptive even-keeled customer loyalty","1972","Information Technology / IT","8057"
"9657","6aAeaCEDce7CdCD","Holt, Hunt and Bonilla","http://www.mitchell.org/","Hong Kong","Exclusive content-based access","1970","Internet","5474"
"7909","66a479F3Ae5CF4E","Navarro Inc","https://gentry-lambert.com/","Cape Verde","Stand-alone full-range moratorium","1972","Biotechnology / Greentech","1140"
"5330","c15C81a42f742e5","Palmer PLC","https://collins.net/","Falkland Islands (Malvinas)","Synergized user-facing budgetary management","1988","Staffing / Recruiting","4388"
"5224","c4DB8C52beF943b","Goodwin-Pineda","http://blevins.com/","Greece","Pre-emptive secondary interface","1994","Library","6985"
"2286","bB08e70dcD4f30D","Hill-Small","https://www.evans.net/","Senegal","Expanded impactful forecast","1995","Publishing Industry","4729"
"6064","cb3aAfcc2Cf7E37","Gamble, Bowers and Fox","https://welch.com/","Czech Republic","Optional eco-centric forecast","1976","Investment Banking / Venture","2936"
"4655","5e88Fb0DDfd2eaD","Garner-Walton","https://www.burgess-wilkinson.info/","Holy See (Vatican City State)","Universal 24/7 methodology","1978","Government Administration","3996"
"5001","EA1eadA7743bD3D","Tanner, Garza and Branch","https://brennan-swanson.net/","Maldives","Inverse object-oriented product","1991","Management Consulting","5758"
"6711","fCfcEAdb53F9Cfb","Forbes-Lyons","https://www.tyler-madden.biz/","Kazakhstan","Automated upward-trending infrastructure","2003","Mental Health Care","1271"
"9325","8d6280d0dE7504f","Braun, Ray and Cochran","http://reid-nichols.info/","Turks and Caicos Islands","Decentralized motivating website","1971","Public Safety","9749"
"485","ec2b18fb6FCcceA","Nichols Group","http://kline.com/","Malawi","Profit-focused zero-defect definition","1995","Leisure / Travel","5387"
"2212","4FdcCDb13BfBf77","Mason-Gutierrez","http://www.gardner.com/","Armenia","Multi-channeled attitude-oriented open architecture","1977","Museums / Institutions","8205"
"5417","AaeCb6c71d0b737","Melendez-Bridges","http://www.ochoa.com/","Turkmenistan","Persistent tertiary hub","1972","Ranching","2223"
"7564","59c3F3EcB29E112","Cantu-Cline","https://www.whitaker-buckley.org/","Spain","Object-based zero administration process improvement","2009","Entertainment / Movie Production","4853"
"2556","63a6AF5b4f73fb1","Thomas, Farrell and Chapman","https://www.guzman.com/","El Salvador","Virtual system-worthy hierarchy","1980","Accounting","45"
"8","ECC0FBd0dc4aEfc","Castaneda-Mcmahon","http://www.anthony.com/","Zimbabwe","Front-line value-added emulation","2015","Defense / Space","4580"
"3658","33C3CbE66e5C5b0","Graves-Mclean","https://zhang.com/","Suriname","Open-architected empowering moratorium","2013","Glass / Ceramics / Concrete","5309"
"6412","871F9Ea050b4BbB","Murillo-Jefferson","https://www.rios.com/","Afghanistan","Multi-channeled next generation middleware","2005","Philanthropy","4669"
"9165","3BdA7b7Be8BCBdc","Byrd Ltd","https://vega-hall.com/","Tuvalu","Polarized zero administration forecast","2014","Program Development","3659"
"4875","AD7E45AC4bcB5f9","Harper, Flynn and Maldonado","https://www.spence.biz/","Nauru","Down-sized multimedia access","2014","Publishing Industry","6569"
"4403","A457b3dC39a70D2","Hines, Velasquez and Webster","https://sloan-stafford.net/","Oman","Organic 24hour function","1995","Semiconductors","8134"
"8917","E1AfFDaaAC8Dd1F","Allison LLC","http://carey.com/","Qatar","Organic solution-oriented solution","2010","Recreational Facilities / Services","7205"
"5547","d3F61e61dd5f3D8","Yoder, Mathis and Lambert","http://www.wise.com/","Turks and Caicos Islands","Up-sized actuating portal","2019","Facilities Services","7653"
"5298","36CdFbff9416a98","Phillips, Hamilton and Oliver","https://mullins.com/","Liberia","Future-proofed tangible database","1982","Plastics","3949"
"2427","eFdb855fB4C0bd7","Taylor PLC","https://ball-chung.org/","Lebanon","Mandatory foreground middleware","2010","Shipbuilding","665"
"6745","D87958FbD4bd2b9","Elliott-Snow","https://wolfe.net/","Uruguay","Realigned disintermediate adapter","2007","Law Enforcement","4106"
"1815","4a9C48299a7eaB4","Petersen Ltd","http://bender.org/","Pitcairn Islands","Reduced 4thgeneration approach","2016","Information Technology / IT","3554"
"6823","7B39e76a4fBDC95","Glenn-Harrell","https://www.gates-morrison.biz/","Austria","Exclusive foreground leverage","1988","E - Learning","6069"
"9626","B8d289BFc8c704f","Cook-Schneider","http://espinoza.info/","American Samoa","Self-enabling intermediate archive","1996","Building Materials","6927"
"2275","F59adc7bad0076f","Hansen-Rocha","http://www.frank.com/","Ghana","Face-to-face discrete circuit","2019","Security / Investigations","3034"
"1012","cBe46f518cCc339","Molina, Tran and Ward","http://davis.com/","Christmas Island","Configurable user-facing hierarchy","1980","Government Relations","3736"
"1578","0764CF8a9Bdc28a","Fox, Peters and Valenzuela","https://coleman.com/","Norfolk Island","Ergonomic intermediate algorithm","2016","Fundraising","7491"
"7265","abb6eAAE48fdb3d","Livingston Ltd","https://www.schmidt.com/","Gambia","Reverse-engineered 6thgeneration project","2014","Fishery","1826"
"1068","A2551b49eD50DbB","Kidd Ltd","http://cannon.com/","Poland","Intuitive neutral budgetary management","2000","Legislative Office","947"
"1992","5D7A3f23EC944f0","Dennis LLC","http://www.sosa.com/","Qatar","Robust incremental hardware","1971","Pharmaceuticals","3374"
"3971","A4a32b863Bffe01","Moses Group","https://allen.com/","Tokelau","Monitored motivating encryption","1973","Library","3644"
"9074","DDCd65AbaCAd8Ad","Moody, Hardy and Phillips","http://www.juarez.net/","Kenya","Inverse transitional website","2017","Religious Institutions","3448"
"5880","FE6D2Ca50126C9c","Fletcher, Haney and Stone","https://lang-li.com/","Chad","Versatile didactic alliance","2019","Judiciary","2470"
"8431","fe974BBe9a5DC67","Terry-Griffith","http://eaton.com/","Palau","Public-key high-level toolset","1978","Veterinary","1123"
"4543","94A4EdE8ff0bf2A","Velazquez Group","http://brown.com/","Uzbekistan","De-engineered radical circuit","2005","Computer Software / Engineering","4408"
"9327","27Ca77Aa9A8AaD7","Irwin LLC","https://skinner-ochoa.org/","Bulgaria","Open-source dedicated standardization","1996","Graphic Design / Web Design","80"
"7194","fa0E49417d5e7Ce","House, Stone and Murillo","http://robertson-stewart.com/","Somalia","Intuitive next generation groupware","2015","Investment Management / Hedge Fund / Private Equity","8945"
"3868","1b8a830F48c726A","Wu PLC","http://www.bender-hays.com/","New Zealand","Assimilated solution-oriented analyzer","1980","Newspapers / Journalism","4762"
"9416","1bFD1B7fe850a39","Hunter-Booth","https://fitzpatrick.org/","Mexico","Configurable 3rdgeneration flexibility","1996","Apparel / Fashion","991"
"6824","9DE9C6f7Ca8D76c","Jimenez Inc","https://wade.net/","Azerbaijan","Versatile systematic encoding","1998","Public Relations / PR","2492"
"3049","dE63dA0f2f5b333","Orozco, Branch and Ellison","http://www.valentine.org/","Slovakia (Slovak Republic)","Down-sized secondary artificial intelligence","1985","Online Publishing","3002"
"782","4dCAE6AAeEF9F8A","Roman-Solis","https://knapp.com/","Antigua and Barbuda","Centralized clear-thinking methodology","2003","Information Technology / IT","7390"
"6748","d74FaECB66de9AD","Deleon-Garza","https://www.beasley-mcmillan.biz/","Vanuatu","Multi-channeled methodical productivity","1992","Religious Institutions","7989"
"2676","6a30BFFEE5F62fC","Morris-Tanner","https://michael.com/","Western Sahara","Enterprise-wide dedicated encryption","2008","Security / Investigations","6731"
"1750","d03c3D4E35eaE55","Huerta-Davidson","https://norton-nixon.info/","El Salvador","Cross-platform 3rdgeneration strategy","2020","Building Materials","9678"
"6223","f3D47cAaBBE90d4","Mckinney, Banks and Howard","http://www.becker.biz/","Lithuania","Team-oriented 6thgeneration hardware","1979","Glass / Ceramics / Concrete","2330"
"7947","3bD0ab9aDD7ffFF","Mendez, Wiley and Harris","https://www.kennedy.com/","Bhutan","Stand-alone 5thgeneration ability","1999","Government Relations","4886"
"2792","6fc4eD2Eca92eC1","Barrera, Moody and Flores","http://www.skinner.com/","French Polynesia","Multi-channeled 24hour installation","1970","Shipbuilding","2824"
"6520","0f015cD7bDbcEFd","Washington-Vaughn","http://www.moss-gaines.com/","Turks and Caicos Islands","Future-proofed coherent customer loyalty","2015","Nanotechnology","1886"
"5775","2FF657A5eCeAb24","Porter, Lambert and Bullock","http://www.richard.com/","Israel","Exclusive maximized model","1977","Think Tanks","4405"
"6358","8cf1CbC9A913f3d","Gregory PLC","http://chang-sosa.com/","Israel","Profit-focused zero tolerance contingency","2020","Graphic Design / Web Design","4838"
"4980","c97AadaeA0beBE3","Miller Inc","http://wheeler.com/","American Samoa","Profit-focused bifurcated hub","1992","Judiciary","6438"
"7589","b2cd62a4E02f52B","Moyer, Velasquez and Hess","https://matthews-carter.com/","Benin","Persistent logistical product","1997","Plastics","3605"
"1092","110e5D0E5eb4345","Gould-Benitez","https://www.todd.biz/","Senegal","Reduced responsive solution","2007","Warehousing","4024"
"6527","1A8b394F434A49c","Weeks, Bautista and Hanna","https://norton.info/","Romania","Horizontal empowering algorithm","1989","Supermarkets","1468"
"9608","4f03dfAE00aE6bF","Mays and Sons","https://www.shaffer-hobbs.com/","South Africa","Grass-roots well-modulated model","2010","Electrical / Electronic Manufacturing","1342"
"4628","34cB4CDc499a20B","Clay LLC","http://perkins.com/","Sao Tome and Principe","Public-key attitude-oriented infrastructure","2020","Food Production","6311"
"2325","fADb0aF1ace9af4","Moyer, Melton and Fletcher","https://www.adkins.com/","Reunion","Universal analyzing Internet solution","1978","Publishing Industry","5605"
"6535","C56DAE5d2e3B2e7","Khan Inc","https://www.hill-nunez.com/","Korea","Reverse-engineered mission-critical functionalities","1992","Online Publishing","6794"
"8972","5e3eD1DbAc00eFB","Pena, Hooper and Mejia","https://www.morton-duke.com/","Montenegro","Total clear-thinking toolset","1986","Oil / Energy / Solar / Greentech","5898"
"5056","3AcF37eAB2BDcC2","Brandt LLC","http://bullock.com/","Australia","Digitized full-range help-desk","1978","Other Industry","7178"
"2609","7a6D2a084e88eea","Bond-Miles","https://mayer.net/","Trinidad and Tobago","Automated stable Local Area Network","2012","Ranching","875"
"9021","DDd4B843cE7F238","Manning LLC","https://patel-garner.com/","Antigua and Barbuda","Streamlined transitional open architecture","1997","Railroad Manufacture","5400"
"2291","B8bC41a4CECdD52","Palmer, May and Gibbs","http://www.good.info/","Mexico","Open-source discrete task-force","2011","Aviation / Aerospace","8246"
"1728","1661b18ebAB4C1f","Blackwell-Castaneda","http://valdez.info/","Costa Rica","Right-sized reciprocal conglomeration","1990","Retail Industry","4530"
"611","f50db314d39b35E","Nielsen, Lozano and Kennedy","http://www.vance-schroeder.com/","Cayman Islands","Vision-oriented multi-tasking toolset","2005","Food Production","4411"
"4667","7e53fedacA9FDAF","Forbes-Roy","https://doyle.com/","Vietnam","Organic cohesive forecast","1978","Legal Services","9094"
"8052","8BDbcB0e866DCD3","Bolton and Sons","http://www.pennington.com/","Bahrain","Public-key mobile system engine","1971","Consumer Services","3249"
"5414","534dCDd288e74Fd","Bray PLC","http://www.chan.net/","Grenada","Total didactic service-desk","1987","Public Relations / PR","9920"
"344","65F0EbDAaE8b87b","Thomas, Ward and Skinner","https://cantu.com/","Sri Lanka","Exclusive contextually-based hardware","2013","Gambling / Casinos","8309"
"4684","339b35a72a1eA50","Nguyen-Anthony","http://www.melton-manning.info/","Libyan Arab Jamahiriya","Innovative optimizing approach","1974","Events Services","6909"
"8785","8FCaD09fC3C2C22","Russell, Patterson and Avila","https://robinson-ibarra.com/","Armenia","Multi-lateral human-resource Graphical User Interface","1983","Logistics / Procurement","8504"
"3751","22f5C8aDF7cE2fe","Soto PLC","http://www.stout.com/","Libyan Arab Jamahiriya","Centralized disintermediate infrastructure","2008","Banking / Mortgage","559"
"8454","0da717cCabe2Eb7","Mullen-Lindsey","http://keith-butler.com/","Sweden","Synchronized content-based protocol","1999","Telecommunications","2834"
"9308","08eB9aAA68fd2E5","Little-Schmitt","http://douglas.net/","Saint Vincent and the Grenadines","Re-contextualized multi-tasking interface","1994","Facilities Services","5964"
"6000","f6Bebb46411a4F4","Obrien Group","https://lindsey.org/","Netherlands Antilles","Visionary local monitoring","1982","Outsourcing / Offshoring","7788"
"3216","de450Fa316AB210","Mccarthy, Blackwell and Rice","http://www.khan-mccann.info/","Puerto Rico","Progressive 6thgeneration ability","2020","Business Supplies / Equipment","5584"
"98","1Ec7ccC2e08a8Ed","Fitzpatrick, Jordan and Mcclure","https://wu.biz/","Uganda","Persevering encompassing product","1977","Furniture","3670"
"7388","ab65EBe0bd7edeC","Ball-Johnson","https://snow.com/","French Polynesia","Grass-roots clear-thinking implementation","2014","Wireless","416"
"7666","58f3c53Bc0291EF","Golden PLC","https://christian.biz/","Angola","Automated attitude-oriented utilization","2000","Other Industry","8545"
"5177","19B26D67dA0F82a","Hickman-Wood","https://www.delgado.com/","Western Sahara","Horizontal disintermediate standardization","1993","Staffing / Recruiting","1979"
"7280","Afa999FBfebbB3d","Ellison, Cortez and Cobb","http://duke.info/","Guinea-Bissau","Right-sized modular archive","1973","Mental Health Care","355"
"6166","978ae6CaEc57C7A","Knapp-Mooney","https://beck-bernard.com/","Puerto Rico","Mandatory logistical Internet solution","1992","Food / Beverages","8780"
"1538","debafb0C3AE31fF","Sanchez, Hayes and Acosta","https://hogan.com/","Trinidad and Tobago","Customer-focused mobile toolset","1988","Primary / Secondary Education","9156"
"3589","EF5b053F7c5BAb5","Love, Spears and Parsons","http://www.leach.net/","Bosnia and Herzegovina","Diverse discrete info-mediaries","1991","Recreational Facilities / Services","1589"
"9443","E6ee0BF1D1cbe5c","Downs and Sons","https://gates-tucker.info/","Timor-Leste","Decentralized clear-thinking throughput","2007","Photography","6359"
"6986","64d367b4B905f24","Parsons-Pugh","https://www.brooks.com/","Burundi","Object-based neutral analyzer","1981","Commercial Real Estate","2029"
"3649","A82F53945b25B38","Morse Inc","https://luna.com/","Korea","Quality-focused 24hour collaboration","2002","Nanotechnology","6256"
"2658","f4558Ce89612A2d","Hurley Inc","http://www.bond.com/","Mali","Synchronized even-keeled emulation","1991","Media Production","3882"
"9827","2B5bb2ACfFD30b9","Gentry Inc","http://salas.com/","Kyrgyz Republic","Face-to-face regional artificial intelligence","1977","Philanthropy","3381"
"1518","DACADC6868E614b","Stewart Group","http://pham.com/","Solomon Islands","Inverse optimizing monitoring","1980","Broadcast Media","3205"
"5062","08daF6EC8F9c58B","Clay, Gallagher and Richmond","https://colon.com/","Montenegro","Integrated zero-defect capability","1999","Computer Networking","145"
"9350","EB21d0A9E996A16","Villarreal Ltd","http://lin.com/","Bangladesh","Extended methodical Internet solution","1976","Textiles","9564"
"4625","E4CcDD581f9e3Ec","Vincent-Hampton","https://shelton.org/","Afghanistan","Distributed multi-state circuit","1996","Fundraising","9525"
"4273","77acbdcf132CCDF","Mckee, Singleton and Barber","http://www.roth.net/","Moldova","Automated logistical throughput","2020","International Affairs","7363"
"3670","769fF0F8ce0a04a","Reeves, Beltran and Goodwin","https://www.craig.info/","Belgium","Synergistic multimedia emulation","1998","Supermarkets","864"
"6567","CCab2EEEa13Cd8F","Orozco Ltd","https://www.drake.com/","Christmas Island","Inverse bottom-line software","1996","Architecture / Planning","9037"
"5801","9b00F8dDe5d1BE7","Padilla LLC","https://frye.com/","Saint Barthelemy","Progressive incremental interface","1981","Newspapers / Journalism","4795"
"2091","F3F7C0fFd09c065","Reynolds-Goodman","https://www.chapman.org/","Peru","Self-enabling multi-state hierarchy","1973","Other Industry","944"
"7098","c3b04F71DeaAafB","Cohen-Alvarez","http://madden.biz/","Macao","Up-sized radical hierarchy","1978","Venture Capital / VC","1367"
"6172","65bc7E4d0Afd87B","Good-Frederick","http://www.bird.com/","Hong Kong","Synergistic cohesive parallelism","2001","Industrial Automation","6947"
"573","5b7FE97E48BCA72","Gibbs-Mills","https://www.henson.com/","El Salvador","Advanced responsive benchmark","1986","Hospitality","2080"
"9559","2A95a506cBbAE6A","Peck-Ellison","http://www.branch.biz/","Palestinian Territory","De-engineered impactful middleware","2006","Wholesale","1958"
"4689","AAAAfA672a5E0FF","Bowers, Werner and Holmes","https://www.hooper.com/","Barbados","Synergistic mission-critical forecast","2014","Alternative Dispute Resolution","2049"
"9075","3FEebFCadceef3a","Joyce-Soto","https://www.odom.com/","United States Minor Outlying Islands","Virtual optimizing secured line","1976","Commercial Real Estate","7882"
"3063","a8dB30ea30c8bFE","Stanton Inc","http://lyons-peters.com/","Samoa","Pre-emptive secondary hub","1981","Capital Markets / Hedge Fund / Private Equity","8999"
"9294","fEBbDd809baCC30","Dunlap, Cross and Vargas","http://bates.com/","Bangladesh","Managed static structure","1974","Philanthropy","808"
"6471","BF720a190A9AcDb","Barker Inc","http://www.dawson.com/","Micronesia","Streamlined asymmetric monitoring","1997","Law Enforcement","9968"
"7161","12090bc4f73E10c","Orozco-Crosby","http://www.ford.com/","Luxembourg","Profit-focused content-based policy","1987","Professional Training","9118"
"6634","EE43B5bC292f0ff","Lynn-Kidd","https://www.jarvis-bright.com/","Greece","Stand-alone optimal model","1995","Motion Pictures / Film","4687"
"8492","bfB8Df96Da2c0Ab","Bernard PLC","http://byrd.org/","Ghana","Exclusive web-enabled flexibility","1998","Mechanical or Industrial Engineering","804"
"7926","DFfdDDd5FEBb329","Nichols Ltd","https://knapp.net/","New Zealand","Versatile intermediate complexity","2013","Food / Beverages","7863"
"7346","FA2552cA1D412D5","Roach, Sims and Hunter","https://www.solis.com/","Indonesia","Profit-focused scalable analyzer","1992","Professional Training","9459"
"6305","cCECbaaeAE6CcA3","Warren-Adkins","https://mccann.biz/","Faroe Islands","Managed solution-oriented framework","1982","Shipbuilding","6309"
"7901","d48D0D2b4a8BEbf","Yates PLC","http://www.lin.biz/","Mauritius","Self-enabling bi-directional hierarchy","1984","Furniture","6327"
"9440","C6fDBF18EEb50fC","Gray, Reid and Chandler","https://www.ward.biz/","Paraguay","Advanced directional capability","1995","Alternative Dispute Resolution","4869"
"8186","0Dae51ABe4A98b5","Mccarty-Wyatt","https://www.swanson.com/","Kazakhstan","Realigned system-worthy firmware","1991","Railroad Manufacture","2234"
"4480","dc8AF42f7D4fBCb","Byrd-Schneider","https://www.williams.biz/","Tokelau","Programmable actuating neural-net","1978","Photography","8326"
"4949","bA7fff52B1b81D7","Ellison, Winters and Nixon","https://manning.biz/","Kiribati","Synergistic hybrid contingency","1988","E - Learning","2523"
"5977","d4be4deFEd144De","Jenkins, Vargas and Wu","http://www.mcclure.com/","Andorra","Devolved demand-driven installation","2016","Biotechnology / Greentech","880"
"371","B53F7cAb256AeE2","Gregory, Mccarty and Ashley","http://www.aguilar-villegas.com/","Ireland","Sharable disintermediate software","1996","Telecommunications","1935"
"1939","aA6C38a7457A490","Farmer, Velez and Graves","http://valdez.com/","Bangladesh","Up-sized user-facing software","2005","Performing Arts","2388"
"2353","A07FD6daAcb7E4A","Galloway LLC","http://www.parsons.net/","Guinea-Bissau","Extended discrete access","1976","Internet","6979"
"7128","2D1B84BEE119f5F","Owens, Palmer and Reid","http://www.carlson.net/","Serbia","Multi-channeled systematic utilization","2004","Professional Training","4701"
"1754","6CcBdA6A5bE3be2","Hammond-Day","http://www.perkins.com/","Oman","Extended empowering interface","1989","Market Research","8166"
"3671","C9Ae8C931Cd5C1A","Ward and Sons","https://moses.biz/","Comoros","Managed secondary monitoring","2021","Airlines / Aviation","5721"
"7299","48cddAB6ccffE3c","Hughes, Farmer and Lynn","http://www.brewer.com/","Guatemala","Programmable attitude-oriented initiative","1984","Wholesale","4557"
"3653","Aa3fC753d030273","Harris, Fitzgerald and Wade","http://mathews.com/","Tunisia","Monitored mission-critical Internet solution","1993","Printing","4095"
"5202","F6f3D44D4FfD488","Calhoun, Walters and Kelly","http://www.robles.biz/","Denmark","Quality-focused 5thgeneration solution","1985","Research Industry","3075"
"7910","FDE60DCcBEc44F2","Atkins Group","https://boyd.com/","Romania","Future-proofed holistic knowledge user","1973","Recreational Facilities / Services","6229"
"2362","4e709EbDc43C39C","Holmes and Sons","http://www.bass.biz/","Norfolk Island","Expanded background alliance","1994","Wireless","6566"
"4261","Bf5D3AA3cad6ACc","Vaughan Group","https://mckenzie.com/","Martinique","Universal fault-tolerant model","1975","Religious Institutions","2523"
"5433","7922b0cfde5eef8","Hill PLC","http://www.hester-steele.com/","Vietnam","Streamlined uniform website","1976","Legislative Office","2597"
"6286","688f6BdE99D5c14","Hardin, Webster and Lynn","https://www.morse.com/","Antarctica (the territory South of 60 deg S)","Progressive national project","2019","Leisure / Travel","8666"
"4992","EbEA0D0c8dfACde","Villarreal, Hammond and Huffman","https://www.simon-english.org/","Bermuda","Proactive maximized application","1977","Primary / Secondary Education","3157"
"7601","BFaFfbc93ac4F04","Turner, Dillon and Luna","http://www.wright.com/","American Samoa","Multi-lateral zero-defect protocol","1977","Media Production","6274"
"9463","DC5dECa6fAEf0a0","Bell-Bernard","http://buchanan-ibarra.com/","Germany","Re-contextualized full-range hierarchy","1994","Hospitality","3966"
"3738","be6Cb17F9f6A6b3","Huber-Cantu","http://bautista-jackson.com/","Dominica","Persevering full-range moratorium","1993","Other Industry","1421"
"7521","a6fdfb1C2CdE3bE","Benton, Mcintyre and Goodman","http://west-burgess.biz/","Belize","Monitored cohesive frame","1980","Education Management","5727"
"8560","5b51A44eF5fAd68","Harmon Ltd","https://kelly.com/","Zimbabwe","Secured tertiary emulation","1988","Market Research","545"
"8927","0EfAbe0808D4eaa","Stephenson, Waters and Esparza","https://www.glass.net/","Belize","Open-source multimedia time-frame","2007","Food Production","5225"
"9991","0FFCcE14deAb2e4","Donaldson-Olson","https://george.biz/","Algeria","Realigned needs-based installation","1993","Chemicals","4104"
"5592","Ccebf69B61699d4","Chung, Carlson and Stanton","https://odom.com/","Nicaragua","Object-based executive initiative","2017","Building Materials","6070"
"1172","5d1D1FB75c7ea27","Livingston-Bates","https://jarvis.com/","Mongolia","Customer-focused static policy","1981","Government Relations","1600"
"7371","085C25dB7a390D2","Frederick, Mcdaniel and Shah","https://ayers.com/","Macao","Open-source leadingedge Graphic Interface","2021","Telecommunications","6"
"7938","e09dfDF5Beacd09","Ashley-Mclaughlin","https://gutierrez.biz/","Montenegro","Object-based 6thgeneration definition","2010","Sporting Goods","2525"
"8087","F28Da7cE7953649","Hunter-Barrett","http://www.mcdonald.org/","Portugal","Reduced bandwidth-monitored synergy","2014","Government Relations","8601"
"1423","ccAafFd975cBEa4","Lewis, Ewing and Hartman","https://www.foley-castro.com/","Monaco","Face-to-face disintermediate Graphical User Interface","2015","Government Relations","9164"
"6783","3e6DA36e1AfB0f5","Warner and Sons","http://www.sparks.com/","Djibouti","Polarized modular policy","1992","Accounting","7464"
"9444","7c50542cfb44649","Hardin Group","http://berry.com/","Bhutan","Fully-configurable object-oriented artificial intelligence","2001","Political Organization","4393"
"8140","DCAAbFD50F3f0F2","Walton Ltd","https://chaney-hernandez.biz/","Costa Rica","Universal cohesive moratorium","1978","Construction","153"
"9351","2Db6dE7FDDca34c","Singh-Hancock","https://www.meza.org/","Chile","Operative value-added instruction set","1989","Newspapers / Journalism","4293"
"8019","acBDDc0dFeea8Dc","Schneider-Barron","http://grant-harris.info/","Germany","Streamlined holistic focus group","2006","Management Consulting","101"
"6340","C6dA02Caaf13cc9","Roth, Andrews and Reese","http://www.acevedo.net/","Chad","Front-line executive matrix","2000","Automotive","272"
"9648","67BCD6d13DB20EC","Horn PLC","http://garner.org/","Mauritania","Phased background Local Area Network","2022","Mental Health Care","7268"
"875","c8A5f0e1aEAF8bd","Huff-Lang","https://brock.biz/","Faroe Islands","Operative zero tolerance approach","2010","Fundraising","6981"
"2298","7bEab35B5a5e83D","Cherry-Hardin","http://www.fletcher-franco.com/","Monaco","Exclusive stable function","1991","Medical Practice","7141"
"2644","Da68aE0eD43f854","Velazquez-Walker","https://hendricks-greer.org/","Djibouti","Implemented bandwidth-monitored challenge","2013","Judiciary","9518"
"7532","e7BAD0f60edeDDB","Bray, Durham and Vasquez","https://cain.com/","Venezuela","Automated uniform database","1970","Warehousing","6992"
"1720","71A7E2Afabb261f","Beck-Pace","http://www.salazar.net/","Maldives","Right-sized holistic circuit","2000","Biotechnology / Greentech","5019"
"5348","F22ff3DA8481e9d","Morton, Stafford and Wall","https://www.blake.com/","Japan","Quality-focused 24/7 migration","1980","Think Tanks","1684"
"5933","D45725EC91810BD","Small, Hawkins and Deleon","https://riley.biz/","Togo","Expanded interactive installation","2018","Professional Training","9570"
"841","B4cBEaafa344E72","Robles, Rodriguez and Baird","https://bennett-reid.com/","French Southern Territories","Organic exuding support","1999","Retail Industry","2216"
"9938","d6c29A509ec23CD","Love Group","https://www.barnes-booth.net/","Saudi Arabia","Organized object-oriented policy","1997","Investment Management / Hedge Fund / Private Equity","9736"
"582","Faf0A9140C0d152","Reed, Mathis and Coffey","http://ibarra.net/","Greenland","Innovative optimal concept","1970","Fishery","3639"
"205","FEf1cBf6e48BBFC","Michael, Mcclure and Campos","http://park.com/","Bahamas","Universal intangible conglomeration","2000","Medical Practice","4905"
"1642","CBcea83AC3d2eA5","Haley-Estes","http://barker-tran.com/","France","Universal composite service-desk","1996","Printing","1072"
"2015","4Acac2e4658d9cf","Fox, Erickson and Griffin","https://www.rios-schwartz.com/","Guatemala","Progressive 6thgeneration website","2007","Capital Markets / Hedge Fund / Private Equity","5149"
"3254","DFb9A5cfc2c64C3","Callahan, Irwin and Webster","http://duke.biz/","Malta","Organized 24hour superstructure","2020","Staffing / Recruiting","7581"
"7541","d9c5c7F7e5bA8a4","Snow and Sons","http://www.combs-gould.com/","Chile","Multi-lateral value-added emulation","1995","Media Production","4963"
"906","DCCdbDFc6BD9Afb","Arroyo Group","https://stewart.com/","Barbados","Implemented contextually-based productivity","2018","Electrical / Electronic Manufacturing","4687"
"632","B0DaFbdb3B2C2e7","Hawkins Inc","http://www.mayer-reid.com/","Bermuda","User-centric tangible firmware","1982","Cosmetics","4520"
"8421","A89Aeffd2d5DcAf","Foley-Buck","https://www.prince.biz/","Tajikistan","Front-line fresh-thinking encoding","1981","Consumer Goods","209"
"7824","AFe2aD2c95af030","Blevins-Hendrix","https://www.galloway-king.org/","Turkey","Progressive fresh-thinking concept","2003","Non - Profit / Volunteering","2416"
"1975","6bb34C5ae7F13B3","Schneider, Tyler and Huber","https://www.poole-cortez.com/","Egypt","Visionary bifurcated framework","1996","Venture Capital / VC","3212"
"163","c1E60be8Af0cf14","Buckley and Sons","http://www.osborn.com/","Guam","Future-proofed stable groupware","1981","Recreational Facilities / Services","8332"
"4999","bafB5c49DD067d8","Kim, Barry and Pace","http://www.lee-navarro.net/","El Salvador","Centralized transitional methodology","2018","Consumer Electronics","961"
"1244","7D3e4e25B98C950","Fuller-Fritz","https://sandoval-glenn.com/","Cameroon","Re-engineered systemic ability","2012","Packaging / Containers","2560"
"9451","3DDCAe4C961bf7e","Oneill Group","http://simmons.com/","Marshall Islands","De-engineered national frame","2005","Telecommunications","8062"
"7765","2DefF90Fff9F9e4","Walter-Torres","https://hicks.com/","New Zealand","Team-oriented dedicated workforce","1983","Translation / Localization","762"
"4714","1661f7Ea8e15D6f","Blankenship-Vargas","http://www.santos.biz/","Eritrea","Total encompassing Internet solution","2002","Airlines / Aviation","7866"
"876","9CCFEb8F839CFdD","Hardy-Henry","http://www.ballard-dickson.com/","Equatorial Guinea","Re-engineered mission-critical info-mediaries","2003","Semiconductors","116"
"1432","Be17dd068548ab0","Case, Carson and Hull","http://ingram-potter.com/","Gambia","Distributed background model","2022","Judiciary","6160"
"8739","Ba2Da06dEcA9c6C","Zhang, Davila and Casey","http://schultz-simmons.biz/","Montserrat","Inverse motivating array","2008","Sporting Goods","302"
"6869","eEae25732E4A51f","Sampson, Pearson and Werner","http://berry.com/","Panama","Digitized dedicated orchestration","1985","Commercial Real Estate","4768"
"4644","A1A14eb1D8B8ed1","Sosa Ltd","https://www.krueger-herring.com/","Japan","De-engineered didactic access","1998","Farming","4287"
"5081","691BfD3Ccc03a29","Friedman-Watts","https://www.bartlett.com/","Nicaragua","Multi-tiered 6thgeneration Local Area Network","2019","Venture Capital / VC","4760"
"5784","1812aD6E005C25C","Juarez, Crane and Malone","https://madden.com/","Equatorial Guinea","Balanced non-volatile parallelism","1989","Hospitality","6521"
"9139","A0b1fC6B6c0BDdE","Shelton-Daniels","https://livingston.com/","Qatar","Reduced well-modulated concept","2019","Food Production","3579"
"7617","b1EA1fC3B24DB9D","Solis-Chen","http://stewart.org/","Sweden","Profound uniform adapter","1979","Graphic Design / Web Design","1792"
"8040","c3cBc5836CbF8aA","Sullivan-Haney","https://www.lucero-huerta.com/","Benin","Expanded mobile policy","1975","Public Safety","6186"
"7956","DC9BfCCC929Eb97","Wiley LLC","http://www.pace.com/","Mayotte","Exclusive systemic Graphic Interface","1986","Supermarkets","5428"
"9438","4D1F6ccdEEF3a44","Kim-Fox","https://petty-jensen.com/","Switzerland","Vision-oriented needs-based framework","2004","Financial Services","7295"
"2857","5b6bc5f3dfd4eBc","Lane-Mcknight","https://roberson-munoz.com/","Algeria","Streamlined directional neural-net","1972","Transportation","8056"
"1862","27BFDB44a279cb3","Powell, Drake and Spence","http://bradford-norton.com/","Sweden","Fundamental next generation hierarchy","2020","Construction","8770"
"2660","A11946FCE4Dd7Ab","Knox Group","http://www.fowler-daugherty.org/","Saint Barthelemy","Re-contextualized zero administration implementation","1996","Veterinary","6770"
"3385","545a145AEe03e9F","Lucas-Simpson","http://townsend-crosby.net/","Svalbard & Jan Mayen Islands","Mandatory asymmetric capacity","2017","Facilities Services","8562"
"9565","8F4d79Bf605cB57","Trevino-Stephens","http://briggs.biz/","Tuvalu","Synergized system-worthy installation","2022","Library","1512"
"9777","4D58Ba12EFa1E68","Floyd-Weiss","https://www.wiley.com/","Monaco","Expanded contextually-based toolset","1973","Package / Freight Delivery","2669"
"8091","a0EDC2CE707bCCb","Rollins, Pope and Peck","http://goodman.org/","Svalbard & Jan Mayen Islands","Devolved actuating portal","1973","Computer / Network Security","4299"
"8348","C184D81DE5D0e4c","Beard and Sons","https://everett.net/","Tokelau","Organic systemic firmware","2013","Graphic Design / Web Design","8956"
"7463","45C36ECAf8dd9F4","Clayton, Glass and Burton","http://www.gilmore.com/","Timor-Leste","Synergistic intangible paradigm","1993","Religious Institutions","8847"
"6887","12567e5E6D87Cc7","Frye-Durham","https://blair.com/","Hong Kong","Automated tangible toolset","1986","Biotechnology / Greentech","1154"
"4734","7279D33BCBf3128","Nielsen Inc","http://johnson-wallace.com/","Jersey","Innovative hybrid throughput","1977","Architecture / Planning","7128"
"3332","C1bf46fdfcFaA2C","Levy-Hodge","https://www.levy-walker.com/","Costa Rica","Advanced scalable open architecture","2015","Online Publishing","6232"
"9007","deAa46DCD6F0Bc2","Giles, Salinas and Oconnor","https://www.kelly-jacobson.org/","Palau","Diverse dedicated info-mediaries","2003","Cosmetics","2552"
"8636","CEfa66ecfE70E75","Nichols, Lambert and Solis","https://www.hensley-everett.com/","Argentina","Extended homogeneous Local Area Network","2014","Machinery","9606"
"6405","2B7eF890a0fdA2e","Costa-Knight","http://santiago.com/","Greenland","Multi-layered next generation emulation","2001","Professional Training","7651"
"8347","A12B3ce2f114735","Prince, Mitchell and Cline","http://www.knox-powell.com/","Guyana","Multi-tiered scalable artificial intelligence","1975","Environmental Services","2237"
"9465","F41bA26528D5b9E","Todd Ltd","http://acosta.info/","Guinea","Ergonomic contextually-based paradigm","2006","Textiles","8760"
"7061","ba84fAFe25e4cef","Huff Inc","https://www.dorsey-pugh.org/","Pitcairn Islands","Progressive content-based interface","1976","Health / Fitness","1627"
"2097","BF936FAF6FdfcCa","Marshall Group","http://www.norman-nash.info/","Mali","Progressive composite moderator","1974","Events Services","6743"
"2004","10DBB268967d615","Deleon, Ritter and Barker","http://www.dougherty.biz/","China","Assimilated object-oriented analyzer","1978","Utilities","1174"
"8805","9DCd843cbbb1Fd5","Allen Ltd","https://www.wang-harrington.com/","Georgia","Public-key 3rdgeneration architecture","2011","Financial Services","2788"
"9733","f9cfCEdfa41B098","Valdez, Odom and Hoover","https://www.avila.com/","Norfolk Island","Automated coherent task-force","1987","Wholesale","5495"
"4677","49a0BD3195Dc8Fe","Joseph Inc","http://conrad.com/","Cote d'Ivoire","Function-based asynchronous collaboration","2011","Staffing / Recruiting","2489"
"5018","a127cea9CEa222E","West Group","https://www.park.com/","Kenya","Object-based grid-enabled system engine","2014","Utilities","8620"
"7470","cA4Dda8241C38d8","Best PLC","http://www.carey.org/","United States of America","Synchronized zero tolerance migration","1971","Primary / Secondary Education","2371"
"547","2BE6bCDC9Cb9Ed6","Grimes, Bauer and Mendez","http://www.shepherd-berry.info/","Belgium","Proactive stable neural-net","2021","Ranching","8019"
"1450","3caA20ffca01ed7","Rasmussen-Parker","https://rivas.biz/","Cameroon","Cross-group local pricing structure","1999","Computer Hardware","8641"
"3987","fDC0fFAc92077B3","Hayden-Gates","http://fitzgerald.info/","Moldova","Persevering needs-based extranet","1983","Staffing / Recruiting","1705"
"6901","7B9a3DDe2DFaFe5","Clements-Reid","https://zimmerman.org/","Trinidad and Tobago","Profit-focused foreground toolset","2003","Newspapers / Journalism","5108"
"2611","ffd33cB576b7316","Flowers PLC","https://oneill-cardenas.biz/","Saint Martin","Seamless cohesive hierarchy","1971","Farming","6106"
"1901","96Ba6Ef2a9A1EEc","Bradshaw Inc","http://www.howe.com/","Cocos (Keeling) Islands","Object-based disintermediate synergy","1973","Military Industry","1605"
"3921","E3E27c60c499b59","Downs Inc","http://www.mcpherson.com/","Papua New Guinea","Versatile analyzing instruction set","1986","Legal Services","8480"
"2758","CcFe4520D3CEb1d","Stuart LLC","http://www.berg-stark.com/","Malaysia","Up-sized cohesive open system","1991","Executive Office","8346"
"6125","92b0cC56061039D","Beasley, Savage and Oneill","http://www.chaney.org/","Netherlands","Programmable tangible utilization","2020","Market Research","8066"
"6398","27dC7BAE8f528C9","Rangel LLC","https://frye-chan.com/","Lesotho","Integrated systematic knowledgebase","1973","Commercial Real Estate","8412"
"1886","5AebEEBA5958F91","Hurley Ltd","http://www.horne-pollard.com/","Monaco","Compatible motivating neural-net","2017","Information Services","1451"
"9824","D5a8dF5DCB04BD8","Barker, Hartman and Anderson","https://www.decker.biz/","Dominican Republic","Face-to-face eco-centric initiative","1971","Restaurants","1771"
"5739","bed73c4Dd4eeaFB","Shannon, Holder and Griffin","http://www.solomon.net/","Zambia","Advanced asymmetric application","2005","Medical Equipment","4021"
"8668","C6EF1EaA9776Acf","Montoya and Sons","https://jordan.net/","Greece","Future-proofed even-keeled instruction set","1982","Medical Practice","6605"
"5891","A138f8Dd8Dabf3c","James-Nicholson","http://www.garza.com/","Colombia","Persistent intermediate open system","1999","Civil Engineering","668"
"2098","dEf0Fd138e509f8","Webster-Mathis","http://www.blankenship.biz/","Nicaragua","Decentralized composite strategy","2005","Import / Export","9083"
"9290","1fb0Ecc85545Ff0","Floyd, Carey and Harrison","http://www.robbins.net/","Aruba","Object-based reciprocal productivity","1985","Warehousing","7101"
"5693","D21F8628f17EB5D","Santos, Andrews and Kline","https://reynolds.com/","Saint Barthelemy","Ameliorated motivating Graphical User Interface","2015","Leisure / Travel","9799"
"500","6F1FeAd1b0E2f9E","Gillespie-Arias","http://gray-mcdaniel.com/","Equatorial Guinea","Face-to-face client-server hardware","1985","Wholesale","1183"
"5625","0cEd0C5D7B1bDa0","Dorsey LLC","http://www.pierce-kirk.com/","Nicaragua","Inverse optimizing neural-net","2020","Facilities Services","7081"
"837","35FC2D18fBfE0e7","Douglas, Hernandez and Herrera","http://lamb.biz/","Dominica","De-engineered uniform utilization","1978","Airlines / Aviation","9679"
"3472","fA6F171B655bab5","Mercer Ltd","http://www.orozco.info/","Seychelles","Grass-roots hybrid archive","1993","Machinery","6174"
"4698","057eAbf42Ad01FA","Hinton-Wood","http://www.cooke.com/","Norway","Universal grid-enabled workforce","1989","Outsourcing / Offshoring","361"
"6281","0c1DbE8fF3AA86b","Woodward, Bright and Chang","https://www.cohen-ali.biz/","Kiribati","Team-oriented eco-centric ability","1976","Retail Industry","7527"
"8884","7b4dd75b0BfBC5C","Delacruz-Bender","http://kent-cuevas.com/","Trinidad and Tobago","Optimized 6thgeneration workforce","2015","Medical Equipment","6964"
"2172","8eaAf31CFCf74a2","Neal-Clements","https://mills.info/","Anguilla","Down-sized clear-thinking neural-net","1972","Fine Art","904"
"9232","dDAcb8E4417fBcA","Bush, Greene and Harrell","https://www.marshall-simon.info/","Wallis and Futuna","Diverse multimedia product","1993","Computer / Network Security","436"
"5679","Ca41AdA27fda81f","Berry LLC","https://www.burch.com/","French Southern Territories","Automated multi-state paradigm","2009","Restaurants","399"
"9185","A963555969C03cF","Yates, Hawkins and Garza","https://farley-long.com/","Venezuela","Pre-emptive neutral info-mediaries","1990","Recreational Facilities / Services","8989"
"399","Aa61FE9CdD2FeAd","Conrad, Maxwell and Coleman","https://gordon.com/","Myanmar","Extended intangible model","1996","Printing","4020"
"2011","b4802A03926F0ce","Mcdowell PLC","https://www.olsen-mullen.biz/","Algeria","Re-engineered hybrid secured line","1990","Consumer Goods","6327"
"5167","596304cd30868D5","Klein, Pollard and Randall","http://chen.com/","Guyana","Multi-layered discrete architecture","2008","Military Industry","652"
"5872","7e24cc283BcEB20","Benitez-Fuller","http://www.raymond.com/","Chad","Networked tertiary matrix","1971","Telecommunications","8395"
"9793","61bB66E61EB4c99","Benson, Gallegos and Logan","http://www.russell.com/","Philippines","Optimized executive toolset","2012","Security / Investigations","3105"
"1284","5950EaEd87AF9dD","Hogan, Hanna and Robertson","http://manning.com/","Guatemala","Function-based discrete approach","2017","Electrical / Electronic Manufacturing","722"
"8391","F4B2A7BBcA299d7","Anthony-Walter","https://osborne-berger.org/","Myanmar","Upgradable empowering utilization","2005","Performing Arts","7533"
"2449","571beFD5E9FDDdf","Greene-Bolton","http://www.bowman.com/","Guatemala","Grass-roots scalable forecast","1996","Logistics / Procurement","3432"
"4257","8307cea5eA7E06f","Bautista-Hardin","https://www.oconnell.com/","Antigua and Barbuda","Digitized exuding model","2011","Furniture","6612"
"1837","efdb50476AcCa6c","Silva, Mercer and Robinson","https://acosta-hartman.biz/","Heard Island and McDonald Islands","Versatile tertiary open architecture","1987","Wireless","4620"
"9597","f0684Ebe6FF06e9","Stephens, Fields and Stokes","http://bush.com/","Dominican Republic","Switchable exuding capability","2008","Civic / Social Organization","2803"
"1020","FFa4EbeBdeFbEBB","Simon, Middleton and Morgan","http://foley-garner.org/","Tajikistan","Proactive fresh-thinking infrastructure","2017","Arts / Crafts","2082"
"5067","f32Cb48cBfF5Beb","Lin-Valenzuela","https://www.barr.com/","Turks and Caicos Islands","Organized context-sensitive encoding","1979","Hospital / Health Care","8893"
"1327","bBd7Eb0F41eefBc","Phillips and Sons","https://nixon.com/","American Samoa","Optional even-keeled paradigm","1987","Wireless","8494"
"8753","9C59EBd51373B0e","Montes-Rodgers","https://www.valenzuela-yang.net/","Georgia","Profit-focused disintermediate capacity","2000","Package / Freight Delivery","5725"
"476","fa58bbdAB66B5d7","Kemp, Baldwin and Montes","http://pittman.org/","American Samoa","Synergistic tertiary service-desk","2004","Apparel / Fashion","4004"
"2811","Bb4fA1aaBdFEfFC","Escobar Inc","http://www.avila-bentley.biz/","Angola","Versatile foreground leverage","2009","E - Learning","7602"
"8633","9AcE905e9d6cE1e","Donaldson PLC","http://kelley.com/","Montenegro","Sharable mission-critical paradigm","1978","Library","7536"
"1652","e64dd0BB76B1Fee","Wilcox, Wagner and Avery","http://www.simpson.com/","Sri Lanka","Business-focused attitude-oriented protocol","1971","Hospitality","8249"
"9612","Df6E9cB7873b6ac","Cohen, Boyle and Moran","http://www.oconnor.com/","Timor-Leste","Enterprise-wide intangible circuit","1993","Restaurants","1047"
"1170","14378BEa68fcAE6","Bray Ltd","https://www.hansen.com/","France","Decentralized multi-state encoding","1998","Government Administration","1549"
"2529","EEA70578829eDBD","Mora, Mcknight and Mckenzie","http://www.mullen-galloway.info/","Taiwan","Adaptive background strategy","1988","Online Publishing","2478"
"1207","CD01f0F3Fc03Ad7","Archer, Mcintosh and Best","https://poole.org/","Fiji","Automated scalable Graphic Interface","1986","Music","89"
"6257","FE3aCdf2DAe2c9F","Christensen-Todd","http://www.velazquez.org/","Sierra Leone","Synchronized mission-critical installation","2001","Medical Equipment","7148"
"7927","a67E3bBD4B9C2d3","Ramsey-Mcintosh","https://park.net/","Malaysia","Universal 3rdgeneration knowledge user","2015","Investment Banking / Venture","3374"
"5470","6A90CEFaCd80B0B","Combs LLC","http://www.schultz.biz/","Puerto Rico","Re-contextualized maximized core","1986","Computer / Network Security","2469"
"9384","01CBbA1F02F3C78","Newton, Porter and Mason","https://www.estrada.biz/","Niue","User-friendly client-server frame","1998","Telecommunications","4708"
"432","1B6A3057EC71e4a","Mcknight-Randolph","http://gallegos.com/","Sierra Leone","Open-architected local system engine","2013","Architecture / Planning","7733"
"7701","23CBE0cf5Be1681","Avery Group","https://www.barnett.com/","Guatemala","Programmable system-worthy project","1981","Security / Investigations","3799"
"868","5A914b6A2C69df5","Klein, Spears and Mcclure","http://www.moore-lynch.com/","Georgia","Reverse-engineered bifurcated database","2010","International Affairs","2973"
"2975","5B82dEacc3bFFeD","Hansen, Tran and Conner","https://aguirre.com/","Philippines","Extended multi-tasking complexity","1977","Sporting Goods","9858"
"5237","741EF50ad53ddeD","Carlson-Kent","https://www.flores.com/","Mauritania","Virtual secondary migration","1990","Environmental Services","5639"
"5094","Be41Da81BF2fae2","Stuart-Ballard","https://www.yates-singleton.biz/","Vietnam","Vision-oriented human-resource infrastructure","2001","Library","9939"
"5434","e6ab2fbBfc438aC","Frazier-Cordova","https://giles.net/","Jamaica","Streamlined neutral ability","2001","Media Production","9736"
"542","818C7753f67e975","Lee, Macdonald and Wilkins","https://flowers-contreras.com/","Germany","Devolved impactful matrix","1985","Education Management","9580"
"5196","8DDeA8b16ED5829","Howard, Hatfield and Robertson","https://stephens-mendoza.org/","Jamaica","Synchronized background middleware","1984","Civic / Social Organization","7184"
"1133","22FC9BB11819Fe7","Gibbs PLC","https://fischer-lowe.com/","Mauritania","Persistent analyzing Local Area Network","2012","Plastics","247"
"9838","5Ffc20A27B7aDD3","Braun Group","https://dyer-pollard.com/","Azerbaijan","Future-proofed methodical analyzer","1978","Wine / Spirits","3039"
"4502","fa50fea5341e1E5","Copeland Ltd","http://www.peterson-miles.org/","Swaziland","Reduced empowering database","1975","Museums / Institutions","2907"
"6355","cF6adB809FAEb9E","Pena, Frank and Luna","http://ochoa.com/","Antarctica (the territory South of 60 deg S)","Secured real-time pricing structure","1998","Internet","1572"
"9334","cd382cFB5595bAe","Hardin and Sons","http://www.huffman-nixon.com/","Brazil","Re-contextualized multi-tasking hardware","2010","Cosmetics","3552"
"3391","Fc0A64FfC08cF77","Richardson, Rosales and Wallace","http://www.wise-chapman.com/","Saint Lucia","Adaptive radical collaboration","1987","Information Services","3079"
"3889","8877e4eD7BAAcBb","Martinez, Robertson and Sellers","https://www.potter-williams.biz/","Pakistan","Realigned logistical superstructure","1985","International Affairs","431"
"2963","dDeb8C9Abfad7BD","Parks, Estes and Mann","http://www.larson.biz/","Netherlands Antilles","Self-enabling intermediate firmware","2021","Utilities","2794"
"4156","54EC115ec640a6E","Brooks-Nunez","https://christensen-gibbs.com/","Pakistan","Multi-lateral neutral standardization","1988","Higher Education / Acadamia","5154"
"3260","317ccF9be7B6C9c","Schroeder PLC","http://martinez.info/","Vanuatu","Robust multi-tasking data-warehouse","1999","Furniture","8833"
"6303","74c8CF1241D0d5E","Dougherty-Newman","http://www.mathis.org/","Bouvet Island (Bouvetoya)","Adaptive multimedia Internet solution","1993","International Affairs","3342"
"6035","b1f1ACDB2Ba08f7","Aguilar Inc","http://www.mcintosh-franklin.com/","Kenya","Self-enabling client-server core","2006","Design","8735"
"7919","DdA53D3Bd12EE1D","Evans-Bell","http://adams.com/","Lao People's Democratic Republic","Programmable local time-frame","2013","Performing Arts","4687"
"9937","dFc6970ea9AcD61","Mcgrath, Keith and Page","http://www.stevens.com/","Northern Mariana Islands","User-friendly interactive firmware","1979","Computer Games","680"
"2584","5A1DA3EEB3b773D","Wilkerson-Gregory","https://george-spence.com/","Holy See (Vatican City State)","Decentralized leadingedge productivity","2007","Industrial Automation","3164"
"2814","98cddDbCe3d55F6","Kramer Inc","http://christensen.info/","Paraguay","Open-architected cohesive standardization","1994","Architecture / Planning","7642"
