"Column_1","Column_2","Column_3","Column_4","Column_5","Column_6","Column_7","Column_8","Column_9"
"2407","0A3d96BED1F3AFB","Steele and Sons","http://boyle-knox.com/","Slovenia","Operative fault-tolerant access","1989","Consumer Electronics","4533"
"1143","bfcBdfFB629DCd1","Roberson-Rhodes","http://www.ashley.com/","British Indian Ocean Territory (Chagos Archipelago)","Visionary multi-tasking parallelism","2021","Printing","9615"
"1748","Ed0ADB179Dc0Acd","Preston, Mccoy and Mayo","https://moyer.com/","Cameroon","Optimized web-enabled framework","1985","Investment Banking / Venture","9252"
"5710","1Bc37Ff702cEf67","English-Ball","https://www.larson.com/","New Zealand","Realigned radical forecast","1984","Philanthropy","2485"
"4976","31Bc62dB8C13a54","Schneider, Faulkner and Burnett","https://www.barker.org/","Denmark","Multi-channeled client-driven function","1999","Think Tanks","2472"
"7301","49afb313cEaAB0d","Newman-Oliver","http://www.holland-mcintyre.com/","Tajikistan","Implemented empowering moderator","2021","Plastics","7114"
"8149","E717CAb8f8B30BD","Vasquez PLC","https://carroll.com/","Senegal","Fundamental context-sensitive ability","1973","Computer Hardware","2674"
"2834","Aec88DABfaF7774","Payne and Sons","https://www.lowery-hood.com/","United States of America","Persistent zero administration open architecture","1998","Railroad Manufacture","6647"
"3132","CD4eafce9aB3FB5","Crane and Sons","https://www.rios-lowery.com/","Panama","Proactive reciprocal knowledgebase","1980","Chemicals","3028"
"1311","3ff5c5fD2582B1F","Huber-Villegas","http://jacobson-newman.com/","Marshall Islands","Implemented bi-directional task-force","1991","Printing","3821"
"8651","4A59b5cE5cE6FBb","Shaffer, Melendez and Gallegos","http://www.holland.com/","Netherlands Antilles","Networked user-facing migration","2001","Entertainment / Movie Production","4768"
"6775","Da50e7C236E3E21","Vargas, Compton and Dawson","http://knapp.com/","Nepal","Fully-configurable value-added success","1972","Logistics / Procurement","2379"
"6757","655cFE3cb24f1bc","Knight, Barron and Medina","https://dean.net/","Saint Barthelemy","Open-architected neutral middleware","1997","Veterinary","8733"
"621","3a2c56ccdf6cdab","Trevino Inc","https://www.richardson.com/","Marshall Islands","Assimilated non-volatile moderator","1987","Tobacco","9563"
"2702","4c8870cB7459f01","Barr, Gregory and Swanson","https://alvarez.com/","Ukraine","Multi-lateral 5thgeneration initiative","1985","Accounting","3228"
"2200","4f48De82463fcFD","Willis-Richmond","http://villegas.biz/","Norfolk Island","Streamlined discrete software","1975","Music","1487"
"6197","ebEEeaFceec8A7a","Ball, Forbes and Gould","http://fleming.com/","British Virgin Islands","Multi-tiered attitude-oriented neural-net","2006","Defense / Space","4594"
"8825","eaAd84f1aDF8b55","May, Wiley and Arellano","https://krueger.info/","Slovenia","Open-source bottom-line groupware","1983","Commercial Real Estate","9255"
"1047","b7cE1EFd1DEc2AE","West, Espinoza and Key","http://www.fox-hammond.net/","Kyrgyz Republic","Integrated global open system","2006","Other Industry","2435"
"5769","4Da8580fB7aEeC4","Bates-Donovan","https://lang.info/","Macedonia","Distributed encompassing synergy","2015","Medical Equipment","1482"
"9948","2c555DBCFc9E7DF","Mccarty, Melton and Frost","https://www.french.com/","Pitcairn Islands","Compatible zero-defect parallelism","1998","Human Resources / HR","5774"
"9020","5F4fCCF8d2D32aD","Pratt, Dickson and Banks","http://mullen.biz/","Russian Federation","Diverse client-driven circuit","1973","Retail Industry","9779"
"744","DBc54AbE6155D2F","Kline-Pruitt","https://www.cole.com/","Finland","Sharable tangible migration","1998","Investment Banking / Venture","8147"
"223","fBE9FBbFCaB8AF9","Atkins Inc","https://www.adams.org/","American Samoa","Managed secondary productivity","1979","Import / Export","5263"
"3150","29D00875fEF94A6","Horn-Levine","http://www.delacruz.com/","Tunisia","Operative methodical budgetary management","1979","Leisure / Travel","7476"
"626","5D0Ae7fC6548932","Mahoney PLC","https://wong.com/","Gambia","Diverse discrete forecast","1992","Civil Engineering","8794"
"9335","4B7BFb8109b03F6","Robertson-Jimenez","http://www.kramer-whitaker.com/","British Virgin Islands","Ergonomic optimizing concept","2001","Retail Industry","8174"
"7567","B92CB8E75dC5d42","Lowery, Lewis and Pham","http://www.moreno.org/","Kiribati","Right-sized directional migration","2003","Design","816"
"4583","d8d38f84528d3BF","Morgan-Hanson","https://hall.com/","Belarus","Compatible holistic intranet","2014","Alternative Medicine","8187"
"5712","f21cdEbF0e6c6d0","Mitchell-Lowery","https://reynolds.com/","Nigeria","Ameliorated encompassing superstructure","2010","International Trade / Development","8366"
"3285","0DA64F96c11a8Fe","King LLC","https://www.church.com/","Gambia","De-engineered high-level solution","1981","Computer Games","4509"
"7586","9BFBEbBe4210BC7","Caldwell Inc","https://www.torres.net/","Brunei Darussalam","Cross-platform bandwidth-monitored array","1999","Consumer Goods","8007"
"9647","59AEb67C59AB646","Drake and Sons","https://www.floyd-barry.com/","Portugal","Decentralized regional strategy","2018","Architecture / Planning","5741"
"1531","478Fc39aCfD7EbA","Ramsey PLC","https://bray.biz/","Faroe Islands","Automated client-server service-desk","1975","Consumer Electronics","1671"
"9686","b16cFb0D3fcecba","Cole-Obrien","http://carter-heath.com/","Slovakia (Slovak Republic)","Face-to-face optimizing encoding","1997","Investment Banking / Venture","5303"
"354","A5ba20D5573C4C7","Leonard and Sons","http://www.byrd-nunez.com/","Chile","Progressive directional installation","1982","Commercial Real Estate","6779"
"2475","AFff93f3CFC2B3c","Landry, Levine and Houston","https://butler.info/","Burkina Faso","Upgradable composite functionalities","2000","Online Publishing","7253"
"8014","94A4CA5C559E671","Ochoa, Donovan and Martinez","http://sharp-grant.info/","Iran","Programmable regional access","1973","Plastics","4412"
"6476","DFeB75707b7BDbC","Dillon and Sons","http://www.mathews.com/","Macedonia","Up-sized regional analyzer","2008","Staffing / Recruiting","8877"
"6450","ED82f7e50ffbA61","Todd and Sons","http://herrera.com/","Saint Martin","Universal demand-driven budgetary management","1995","Transportation","2485"
"240","3EFDd37cBdfAFED","Villarreal-Moore","http://www.house.com/","Togo","Enterprise-wide stable matrix","1987","Religious Institutions","4562"
"2626","CedcF35fa521Bb8","Gardner, Wallace and Buckley","https://www.arellano.com/","United States Virgin Islands","Pre-emptive systemic alliance","1976","Food / Beverages","8871"
"9787","FC5DfD5aCBe4B7F","Yoder, Best and Bernard","http://www.cortez.com/","Reunion","Multi-tiered foreground function","2010","Government Administration","3275"
"7199","9Eb164e1E609ECe","Thomas-Reilly","https://www.ball.info/","United States Minor Outlying Islands","Innovative fresh-thinking throughput","1999","Newspapers / Journalism","2746"
"7693","Db71B262A1FF9aA","Flowers, White and Davies","http://www.parsons.info/","Belarus","Reactive exuding core","2008","Wholesale","1966"
"2998","BA5eC46ea8EaBFE","Holt, Taylor and Schroeder","https://www.burke.com/","Paraguay","Seamless clear-thinking Graphical User Interface","1986","Ranching","4681"
"6441","8ED325edEb9C81f","Guerrero, Wise and Dixon","http://friedman.com/","Nepal","Diverse zero-defect migration","1975","Automotive","843"
"4563","bea8BebE57dD5fc","Cherry-Maynard","https://www.mcdonald.com/","Western Sahara","Organic tangible hardware","1993","Executive Office","66"
"8615","D3C7Eb0b3a4DC9E","Orr Ltd","http://wilson-mccullough.com/","Haiti","Implemented didactic throughput","1983","Aviation / Aerospace","8114"
"1480","f039cca6cD94aF8","Garcia-Keller","http://www.clarke-arellano.com/","Panama","Realigned modular leverage","1995","Computer Games","4607"
"1019","4e096f9d0201e92","Munoz, Shields and Hendrix","https://miles.info/","Estonia","Function-based client-server Graphical User Interface","1978","Design","1489"
"3095","d7f6Ae3B2a12D2d","Solis and Sons","http://www.levine-garza.com/","Korea","Secured global info-mediaries","1992","Glass / Ceramics / Concrete","9175"
"6183","8fEe253d5DAE4E1","Knox-Hays","https://stevenson.org/","Uruguay","Quality-focused static hub","2006","Architecture / Planning","3061"
"4961","6fAfcd7C0fd90Db","Green Ltd","http://www.wagner-hickman.com/","Honduras","Cloned intangible info-mediaries","1976","Translation / Localization","319"
"8493","7a898938Ab87bDA","Farley LLC","https://www.hooper-armstrong.com/","Colombia","Streamlined bandwidth-monitored initiative","1986","Architecture / Planning","5334"
"1104","A9a6AFA5BDBed3F","Ford, Winters and Weber","http://www.reilly.biz/","San Marino","Versatile content-based open architecture","2021","Non - Profit / Volunteering","3465"
"6082","f0983E5abFd8EBd","Daniel Inc","https://www.estes-cochran.com/","Botswana","Team-oriented regional neural-net","1987","Construction","1410"
"9526","E2b6E791cB4c298","Romero LLC","http://www.jenkins.info/","Reunion","Future-proofed national utilization","1975","International Trade / Development","3430"
"5191","4Bbb371F811bA12","Cox Ltd","http://www.frank.com/","Croatia","Extended methodical moratorium","1992","Industrial Automation","5846"
"4182","a3d7Ec9de9e1fF8","Mathis LLC","http://zavala.com/","Jersey","Advanced 24hour instruction set","2005","Insurance","293"
"4468","f4B14d96D018EcC","Goodwin, Norman and Mccormick","https://www.lopez-reyes.com/","Iraq","Grass-roots incremental circuit","1995","Business Supplies / Equipment","7361"
"1627","DDab81cb064D1df","Holden, Williams and Martinez","https://www.wyatt.net/","Saint Kitts and Nevis","Profit-focused encompassing leverage","2011","Supermarkets","606"
"6718","00DCCEcF5Fd7bA9","Carter and Sons","http://www.cox-frye.org/","Lithuania","Universal contextually-based algorithm","1989","International Affairs","8165"
"3799","Bdc3AAe12b6FbAE","Bruce, Moreno and Burns","http://hunt.info/","Turkmenistan","Customer-focused encompassing Graphic Interface","1986","Motion Pictures / Film","720"
"3054","AD5c1B2fCa4e7Ce","Villa Inc","https://www.juarez.com/","French Polynesia","Grass-roots 3rdgeneration service-desk","1977","Capital Markets / Hedge Fund / Private Equity","2651"
"2868","d8ac7C1b48DA58c","Huber Group","https://ewing.org/","Korea","Secured optimal moderator","1979","Other Industry","5543"
"1433","0A11cbeEE3FFE7C","Warren, Marquez and Donaldson","http://salinas-gould.info/","Dominica","Versatile contextually-based benchmark","1985","Government Administration","6513"
"7984","35Eb3FCA45E9eDA","Lyons and Sons","http://www.moreno.biz/","Central African Republic","Extended secondary matrices","2000","Renewables / Environment","5500"
"9347","84f6c7bf9a268DA","Moss, Pineda and Burch","http://www.velasquez.com/","Palau","Reactive encompassing pricing structure","1980","Food Production","6705"
"9420","CbDCE033AB61de6","Oconnell Group","http://www.hancock.info/","Zambia","Synergistic even-keeled collaboration","1984","Mining / Metals","6793"
"4077","7A6DAC8D1F169ec","Benitez-Joseph","http://www.burton-calhoun.biz/","Rwanda","Synchronized neutral time-frame","2013","Semiconductors","3813"
"218","5f8c4e9eb9F8A8e","Dominguez, Harrison and Woodard","https://mcgee-shields.com/","Zambia","Enhanced foreground hardware","1997","Veterinary","5802"
"3556","8913b1d2cC45cf0","Herman, Stephens and Castaneda","http://farley.com/","Saint Barthelemy","Seamless uniform interface","1995","Automotive","1534"
"7937","D8E1DDd5cd0E2bd","Cole-Hopkins","http://rice-holden.com/","Hong Kong","Assimilated executive structure","1992","Computer Networking","7056"
"8422","982e9099dDB05D7","Delacruz-Hobbs","https://www.fernandez-cortez.info/","Congo","Organic homogeneous system engine","2001","Executive Office","6796"
"1035","3DBBc90E3a1Aaa2","Thompson, Tate and West","https://fleming.biz/","Lesotho","Optimized scalable success","2003","Sports","4574"
"3774","fC69D43e23DB768","Delacruz Inc","https://gutierrez-graves.com/","Gabon","Switchable non-volatile policy","2019","Outsourcing / Offshoring","1110"
"4133","ebBE2B2D32aA71D","Lowery-Munoz","http://beard.com/","Iceland","Organic impactful focus group","1975","Package / Freight Delivery","9726"
"2336","0114FD13bbEEFAA","Reyes-Burke","http://www.johnston.biz/","Uganda","Ameliorated even-keeled hardware","1999","Insurance","8738"
"6493","A681DB66Ba9888F","Mcdaniel, Jarvis and Buckley","https://www.castaneda.com/","Kyrgyz Republic","Multi-lateral leadingedge middleware","1989","Management Consulting","4043"
"1483","a6C6feBd9b0d99B","Armstrong-Romero","http://www.shannon.biz/","Martinique","Upgradable homogeneous middleware","1981","Financial Services","2539"
"907","Cece1a2cf81a846","Pollard, Sanchez and Glover","https://pierce.net/","Liechtenstein","Future-proofed encompassing productivity","2000","Military Industry","7716"
"6089","b9eBBbC15fCaF1E","Fuller, James and Wilkinson","https://love.com/","Spain","Networked incremental instruction set","1976","Law Practice / Law Firms","5172"
"6467","A227cbca9cED609","Gray-Novak","http://atkinson-bolton.com/","Saint Barthelemy","Networked actuating groupware","2014","Alternative Medicine","1872"
"5677","73dfA1b8710Ff7b","Pitts Ltd","https://larson.biz/","Saint Vincent and the Grenadines","Secured bandwidth-monitored help-desk","1985","Food / Beverages","8100"
"2771","40e1D5BA2ea2b83","Mueller, Logan and Parks","https://costa-beard.org/","Sudan","Diverse 5thgeneration contingency","1994","Sporting Goods","9056"
"1806","9a204bbba2aabAc","Kramer-Delgado","http://www.snow.com/","Micronesia","Organic global moderator","2002","Chemicals","1425"
"7375","a3bE9b8341F325e","Berg and Sons","http://www.figueroa.org/","United Kingdom","Ameliorated attitude-oriented software","1971","Consumer Goods","320"
"2115","4A5b1E625bcA524","Montgomery-Good","https://vargas-sosa.com/","Jersey","Assimilated mobile complexity","1972","Program Development","9619"
"4535","EcD6669B082eB25","Finley PLC","https://www.mcdowell.com/","Paraguay","Enhanced intermediate project","1976","Education Management","7295"
"2532","4dbDd0bFdbbFEC8","Potter, Hoover and Horton","http://mooney.com/","Uzbekistan","De-engineered value-added product","1976","Gambling / Casinos","2560"
"8526","9a78c07F9d2C86B","Curtis Inc","http://noble-owens.com/","Cocos (Keeling) Islands","Organic upward-trending workforce","2010","Gambling / Casinos","6027"
"3471","7aB3991addBC6EA","Wilkerson-Foley","https://livingston-sawyer.org/","Oman","Horizontal mobile access","2011","Fundraising","2330"
"1403","564c6e6a8Ba66CD","Patterson and Sons","http://riggs-nielsen.com/","Australia","Profound background artificial intelligence","1981","Public Safety","4107"
"853","06097a4ccaA15eC","Rollins Ltd","http://small-ferrell.org/","Papua New Guinea","Proactive 3rdgeneration architecture","2015","Food Production","5650"
"3083","1eBaBFadEce6ee1","Saunders-Pratt","http://buchanan.com/","Brazil","Programmable disintermediate superstructure","1997","Program Development","7780"
"8025","6A82b848c0f706e","Hebert PLC","https://lamb.net/","Korea","Profit-focused next generation info-mediaries","1994","Commercial Real Estate","3817"
"7566","3BFBBe9edCe52da","Owens Group","https://www.levy-gilmore.com/","Malawi","Assimilated encompassing workforce","2003","Sports","488"
"5530","FBACfC53C3ccabA","Young, Dougherty and Peterson","http://nixon-ortiz.com/","Brunei Darussalam","Team-oriented optimizing matrix","2009","Railroad Manufacture","5222"
"7855","1aE6F04cA436880","Branch, Zavala and Williams","https://roberts-floyd.com/","Syrian Arab Republic","Phased 24hour workforce","2021","Package / Freight Delivery","4367"
"4933","490eb2c1ceD9A44","Schneider, Mclaughlin and Best","https://lambert.info/","Maldives","Vision-oriented heuristic model","1974","Individual / Family Services","4026"
"5160","4DF7f70c1a4e7E9","Zuniga, Jacobs and Rios","https://lowery.com/","Afghanistan","Balanced executive attitude","1977","Computer Hardware","5619"
"9716","B3f3b61E7eEE2fF","Hoover-Walter","http://fisher.com/","Micronesia","Optimized system-worthy access","2010","Fundraising","282"
"3847","cAf0D7D2F8C7EcE","Shaw-Elliott","https://www.woodward-krueger.biz/","Nicaragua","Sharable secondary parallelism","2007","Computer Software / Engineering","6842"
"6484","3F131df211F76ff","Rose Group","https://www.mcgee.com/","Thailand","Multi-tiered exuding intranet","2021","Primary / Secondary Education","5056"
"748","5305ABa3E12fd7e","Pitts-Sosa","http://www.brown.com/","Senegal","Automated logistical algorithm","1973","Government Relations","8396"
"3035","7aA5Bd28C5Dd019","Woods-Tate","https://www.frank-shelton.net/","Italy","Synchronized systematic customer loyalty","1997","Renewables / Environment","5379"
"348","d38AAbcEC73ADD4","Chaney Inc","https://wright.biz/","Cuba","Business-focused exuding data-warehouse","2000","Luxury Goods / Jewelry","9090"
"3352","DD1e3f96935aec1","Baker, Shepherd and Whitaker","http://oneal.com/","Bangladesh","Reduced multi-state attitude","2012","Fundraising","8768"
"2865","2478874d0ebA608","Cobb-Gallagher","http://morton-hernandez.info/","Qatar","Vision-oriented attitude-oriented product","2004","Renewables / Environment","7020"
"2168","caAFc6D3ee8fdce","Hebert-Allen","https://hicks.com/","Bangladesh","Diverse context-sensitive open architecture","1996","Military Industry","1303"
"6955","D08eeD6A6Fc0EeD","Hensley, Stark and Gilbert","http://www.caldwell-bolton.biz/","Andorra","Universal contextually-based hardware","1979","Broadcast Media","644"
"6210","d296c62FeCFE7dD","Nixon, Rollins and Juarez","http://ortega.biz/","Lao People's Democratic Republic","Object-based solution-oriented software","1970","Law Practice / Law Firms","206"
"2778","13BDD4A1fb1695e","Becker-Figueroa","https://www.mercado-dawson.net/","Mali","Realigned fault-tolerant installation","2006","Media Production","8349"
"1442","5E0D53854c1eAdF","Hammond-Haynes","http://byrd-ingram.net/","Ecuador","Versatile upward-trending paradigm","1982","Design","265"
"5658","dcA1CEC67Ae194B","Valenzuela-Navarro","https://fox.com/","Dominica","Horizontal heuristic policy","1991","Think Tanks","6147"
"9658","b1F2C88A0a4Ac8d","Norton LLC","https://www.orozco-hall.com/","Ecuador","Assimilated content-based benchmark","1970","Furniture","1586"
"3028","a5AaBa8Fed08caE","Becker-Marsh","https://blankenship.net/","Tuvalu","Object-based background concept","1987","Wholesale","2866"
"6118","2d53c46Fa9ab4c4","Parker-Drake","http://wang.com/","Macao","Re-engineered incremental forecast","1985","Computer Networking","5145"
"2484","2e16FFDB15AEDba","Mueller-Whitehead","https://www.chase.net/","Greenland","Optimized zero tolerance service-desk","2004","Government Administration","4405"
"2883","Bf54A6Adc06CA20","Briggs-Larsen","http://christensen.com/","Saudi Arabia","Synergistic bi-directional parallelism","1977","Mental Health Care","9502"
"5562","8CaBCc7B5bD3a5F","Haas, Fitzpatrick and Zuniga","https://beltran.com/","Cote d'Ivoire","Decentralized solution-oriented middleware","1997","Building Materials","1610"
"764","a1bC879Ff0b7d1C","Mays, Harvey and Mckenzie","http://wilkerson-raymond.com/","India","Vision-oriented client-server infrastructure","1986","Human Resources / HR","4313"
"6482","5afe96CCE2C1fad","Meza, Gallagher and Mann","https://hunter.biz/","Mayotte","Future-proofed contextually-based architecture","2013","Food / Beverages","845"
"1617","662A4481Ae4eAeB","Donaldson PLC","http://www.villanueva.com/","Monaco","De-engineered client-driven website","2011","Apparel / Fashion","9376"
"1223","10dc9F9fFFDBae2","Clark Inc","https://hart.org/","Central African Republic","Progressive mission-critical policy","1997","Research Industry","6809"
"8665","02FB4Ccbf400aDb","Mccullough, Torres and Riley","http://vaughan-lopez.com/","Vanuatu","Self-enabling optimal time-frame","2013","Computer Software / Engineering","5192"
"6222","C63BE4EDAD2fB95","Daugherty, Weaver and Lam","https://www.riley.net/","United Kingdom","Managed hybrid encryption","2005","Furniture","1716"
"1577","b091e6Fbbb09Cff","Bradley-Joseph","https://vazquez.com/","United Kingdom","Universal impactful process improvement","1991","Marketing / Advertising / Sales","6137"
"9392","C7BFB7DEeAbdd3E","Stevenson, Walker and Roth","http://hunter.org/","Guernsey","Re-engineered empowering forecast","2001","Oil / Energy / Solar / Greentech","8790"
"6351","A99f9382fDBaE8a","Glover, Henry and Aguirre","http://www.russell.com/","Tajikistan","Optional dedicated groupware","1992","Architecture / Planning","7183"
"3783","FD9c45CAf3b880b","Velez Inc","https://french-wilson.info/","Kazakhstan","Balanced bottom-line protocol","1976","Higher Education / Acadamia","8470"
"4375","79bEaa5bEf74372","York-Miranda","https://www.rich-david.com/","Azerbaijan","Phased multi-state implementation","1983","Import / Export","6082"
"709","Ca5ea7Ca34fd5d2","Jefferson, Levy and Arroyo","https://potts.biz/","French Polynesia","Diverse context-sensitive functionalities","1987","Security / Investigations","2641"
"510","EFD26047fcffB22","Rose-Huffman","http://www.payne.org/","Sri Lanka","Programmable radical frame","1977","Environmental Services","921"
"2955","ad0f93F54E1d412","Goodman-Alexander","http://austin-wheeler.com/","Venezuela","Streamlined local strategy","1985","Pharmaceuticals","682"
"7538","0aa5BbaCB54cB4d","Solomon, Cisneros and Barker","http://avery.com/","Liberia","Horizontal coherent strategy","1983","Government Relations","6363"
"6339","9FeB9Ce6e726E39","Knight, Robbins and Fry","http://www.henson-blackburn.com/","Haiti","Distributed zero-defect orchestration","1999","Fishery","2348"
"8923","eD0c3005dfCF938","Castro-Morrison","https://hodge-good.com/","Vietnam","Synergized context-sensitive policy","1992","Staffing / Recruiting","7733"
"7064","E7E4F57FaD9daD3","Alvarez Inc","https://alexander-hendricks.biz/","Panama","Quality-focused asynchronous Local Area Network","2015","Glass / Ceramics / Concrete","8082"
"7163","d205e81A93ecDDf","Mueller-Hamilton","http://www.olsen.com/","Marshall Islands","Organized executive knowledge user","2013","Consumer Goods","9151"
"7372","4fe7EA586bc4388","Soto-Mercado","http://www.dougherty-zamora.com/","Seychelles","Virtual tertiary interface","2022","Automotive","4860"
"6829","1a6aa657dba3A6E","Palmer, Ramirez and Oneal","https://heath-guerrero.com/","United Kingdom","Public-key modular contingency","1995","Restaurants","7499"
"3616","EF721FFA8fccdd1","Mathews-Bell","https://hall.com/","Madagascar","Function-based empowering hardware","2007","Airlines / Aviation","530"
"4657","D6BeB2Ddbe826aF","Valdez Group","http://www.arias-beltran.org/","Algeria","Innovative regional intranet","1990","Cosmetics","9675"
"6976","EECEcfbfB606bF9","Brooks-Flowers","https://www.lee.biz/","Cocos (Keeling) Islands","Ergonomic responsive software","1976","Automotive","9188"
"4351","Fc5AF8ded84cfeb","Stuart, Rush and Leonard","http://www.small-bowers.net/","Malta","Face-to-face cohesive contingency","1996","Logistics / Procurement","9712"
"712","C7DEDf447AcFcDd","House-Mcgrath","https://www.poole.com/","Georgia","Horizontal real-time implementation","1993","Semiconductors","9532"
"6479","Bb6a8A3Cb79E575","Humphrey Ltd","http://www.wheeler.com/","South Georgia and the South Sandwich Islands","Grass-roots full-range forecast","2006","Industrial Automation","551"
"9130","c67ed8E8CCf581F","Caldwell Ltd","http://hutchinson.com/","Iran","Multi-lateral client-server support","1989","Wireless","3213"
"8205","C4CBFAa28936bBE","Shepherd, Proctor and Savage","https://powell-pacheco.com/","Algeria","Self-enabling 6thgeneration workforce","1992","Fine Art","9080"
"9204","F06ADcDDcE70e7d","Hall, Navarro and Lowe","https://www.becker-collier.com/","United States of America","Horizontal secondary capability","1979","Biotechnology / Greentech","1634"
"713","245D7e56feDAdA9","Small-Arroyo","https://stanton.biz/","Maldives","Re-engineered tertiary functionalities","1993","Furniture","5872"
"9113","C8C3B90CFbFAcB2","Welch LLC","https://www.burgess.com/","South Africa","Ameliorated disintermediate array","1983","Legal Services","439"
"1246","de4b80f62CcEd20","Hunt, Parker and Harrington","https://www.oneal.info/","Norway","Persevering interactive standardization","2015","Internet","2076"
"9786","E5DEEd9fbeC0605","Ruiz, Bonilla and Rasmussen","http://clayton.com/","France","Customizable bi-directional interface","1978","Security / Investigations","909"
"6849","eEcC30De5B133DF","Stanton-Berg","http://rich.com/","Estonia","Customizable multimedia leverage","1999","Design","5397"
"5134","Ea6B1aeDdb6Cdef","Cervantes Inc","https://vang-galloway.com/","Grenada","Profound actuating frame","1987","Higher Education / Acadamia","5226"
"716","15A2F90755bdDc4","Michael Group","http://hayes.com/","Honduras","Upgradable mobile installation","1999","Automotive","30"
"3464","C92De584eb15bA5","Downs, House and Acevedo","http://harvey.com/","Canada","Cloned stable success","1988","Medical Practice","4453"
"4395","46bbe9fc12F132e","Lambert-Barton","https://nelson-mcclain.biz/","Belgium","Automated multi-state productivity","2010","Veterinary","4938"
"4569","6ecEf231F4aF0Ef","Becker-Horton","http://www.morales-french.com/","Guinea-Bissau","Future-proofed 24/7 interface","1972","Marketing / Advertising / Sales","4110"
"8804","3c52F1BADb7BdED","Jacobson Group","http://www.mason-dominguez.com/","Guernsey","Total user-facing focus group","1990","Railroad Manufacture","779"
"8490","fFF00F1A1Ff0AcA","Hicks Group","https://gamble-banks.com/","Mozambique","De-engineered cohesive implementation","1992","Photography","8570"
"7702","cB6CBEAcDFf1afF","Mata, Glenn and Mata","https://www.vincent.net/","Bhutan","Vision-oriented dynamic collaboration","1977","Biotechnology / Greentech","2760"
"213","5Fd09EFf92cEf22","Gibbs, Rosales and Hendrix","https://www.moran-wolf.com/","Solomon Islands","Grass-roots solution-oriented secured line","2004","Performing Arts","9509"
"9768","aDaDeb2695bB25F","Kelley, Heath and Curtis","https://flynn.com/","Cuba","Secured content-based algorithm","1972","Online Publishing","8371"
"6839","1d6Bb813a653F2f","Price-Braun","https://www.mercado.com/","Iceland","Organized human-resource capacity","1985","Construction","596"
"1011","C91d19CdA55FF05","Moore, Griffin and Harvey","https://www.glover-hinton.com/","Sweden","Exclusive fresh-thinking database","2000","Veterinary","428"
"324","c8033a9CBB3acB4","Stark-Silva","http://www.steele.com/","Peru","Managed systemic extranet","1971","Hospital / Health Care","1530"
"5397","7f426ac7dE6Bbf0","Mcgrath-Nash","http://www.spencer.net/","Suriname","Customer-focused executive protocol","1977","Program Development","1378"
"5991","5eAd760DF33ff6c","Villegas Group","https://allison.com/","Colombia","Upgradable intangible installation","1997","Gambling / Casinos","5076"
"3173","b32a7EBCcd2c7ef","Padilla, Miranda and Mata","https://www.cantrell.org/","Samoa","Adaptive composite emulation","1994","Farming","1573"
"335","FfE5a6dBcEfE000","Barry, Sellers and Barrett","https://www.sosa.info/","Mongolia","Polarized 24hour conglomeration","1995","Motion Pictures / Film","3475"
"8306","f13FB90e6a7209a","Sawyer-Andersen","https://hebert.com/","Dominican Republic","Team-oriented client-driven concept","2015","Fine Art","2484"
"2211","3fCcDcfCaef7014","Villa Inc","http://herring-lloyd.com/","Falkland Islands (Malvinas)","Expanded dynamic website","1998","Animation","9808"
"4272","3bcAFaFd1c60ECf","Rush-Craig","https://www.buchanan-glover.biz/","Seychelles","Intuitive zero-defect firmware","1999","Hospital / Health Care","5597"
"6741","cC25CfCdfaCf7Fd","Mays-Fitzpatrick","https://www.vaughn.com/","Serbia","Phased optimal approach","1998","Automotive","9703"
"234","Fa3c81Fb99Ad5f6","Rosario, Montoya and Randall","http://www.ayala.com/","Jordan","Assimilated human-resource parallelism","2013","Logistics / Procurement","6231"
"5951","6eaABa2Ad81EefD","Michael, Carlson and Chase","https://holmes.net/","Cuba","Adaptive neutral data-warehouse","1993","Marketing / Advertising / Sales","5069"
"5738","97A3b3C80bB3Fe0","Daniel, Hoffman and Berg","https://franco.com/","Romania","Inverse even-keeled matrix","2003","Aviation / Aerospace","6412"
"7922","0DcCCF8bf7cB936","Mercer-Barrett","http://hoover.com/","Peru","Business-focused multi-state time-frame","2006","Capital Markets / Hedge Fund / Private Equity","189"
"2349","8bDf22Dba6CD080","Wells, Becker and Carrillo","https://baxter.com/","Jamaica","Ameliorated impactful product","1995","Alternative Medicine","2285"
"2037","84A8D188eb9a7cd","Shaw, Bartlett and Haley","http://lyons.com/","Korea","Progressive stable info-mediaries","1993","Food Production","2507"
"7485","dA7521272c9ABe7","Terry, Tanner and Michael","http://hickman.com/","United Arab Emirates","Up-sized full-range analyzer","1972","Chemicals","1543"
"6007","17cfDDa24a09Bd2","Mcintyre PLC","https://www.hunter.com/","Russian Federation","Face-to-face static time-frame","1985","Executive Office","6457"
"4554","adfD58CB5c00F36","Mckay-Holden","http://heath.com/","Netherlands Antilles","User-centric regional neural-net","2018","International Affairs","811"
"8073","7276122ac6FA1C5","Beltran Inc","http://www.escobar.net/","Andorra","Cross-platform next generation task-force","1986","Cosmetics","4887"
"1459","bAFbb0F683204dD","Rhodes-Mcintosh","http://villanueva-larson.biz/","Belarus","Decentralized user-facing middleware","1990","Outsourcing / Offshoring","9536"
"3289","FCC5AFc433d9aE0","Curtis, Wilkinson and Everett","http://www.patrick.biz/","Ireland","Cloned methodical help-desk","1989","Higher Education / Acadamia","2735"
"3065","424dc350d6DeC59","Thompson PLC","http://young.com/","Lithuania","Object-based stable portal","2012","Outsourcing / Offshoring","4096"
"9437","5dfbAd061F75f9d","Austin Group","https://www.leblanc.biz/","Saint Pierre and Miquelon","Grass-roots modular forecast","1974","Renewables / Environment","8371"
"775","1Fe913F92E1F4f8","Wyatt, Michael and Livingston","http://baker.org/","Kenya","Exclusive fault-tolerant benchmark","2001","Environmental Services","2537"
"6833","4cBbf2e068CfDeF","Pace Ltd","http://www.kemp.com/","Cameroon","Future-proofed mobile function","2019","Pharmaceuticals","8391"
"872","cCAAB600fBc8B3F","Franco-Daugherty","https://www.wang.com/","Ethiopia","Compatible 24/7 neural-net","1995","Transportation","7064"
"8750","9eBC31BB844405F","Castillo, Shea and Floyd","http://lucero.biz/","Iceland","Stand-alone didactic array","2017","Supermarkets","5804"
"1264","dA49e6B6c3E5825","Zhang and Sons","http://www.galvan-velez.com/","Costa Rica","Re-engineered zero administration encoding","1971","Commercial Real Estate","1297"
"4834","6eCe0Efa288edB5","Leblanc PLC","https://www.callahan.org/","Ukraine","Face-to-face well-modulated definition","1992","Fishery","615"
"3895","ECE7dC2d8728dEf","Hooper-Hunter","http://www.fritz-doyle.net/","Spain","Versatile 3rdgeneration alliance","1983","Fine Art","5312"
"6324","Ccf62dEA07cAdD8","Fernandez Ltd","http://perry-edwards.com/","Liberia","Secured systematic time-frame","1993","Food Production","3209"
"9213","F624b76969F447f","Bowers PLC","http://bautista.com/","Zambia","Decentralized multi-tasking leverage","1985","Banking / Mortgage","9931"
"7020","784aBc843EcB767","Colon-Palmer","https://www.bridges.biz/","Japan","Secured encompassing support","2001","Publishing Industry","654"
"1221","008E06ba7DAad62","Mullins-Sawyer","http://www.pittman.biz/","Kuwait","Monitored 24hour focus group","1994","Business Supplies / Equipment","2027"
"1447","F23eb0aEBaaBD95","Hansen PLC","http://palmer-madden.com/","Canada","User-friendly zero administration core","2007","Broadcast Media","5330"
"3185","B3e1Ed56505D3b3","Lynn Inc","http://www.peck-pham.com/","China","Re-contextualized content-based success","1972","Environmental Services","7513"
"409","f7F922C29D03e87","Lam, Wilcox and Krueger","https://www.lloyd.com/","Bhutan","Synergized impactful solution","1982","Law Enforcement","9762"
"4345","eFd42e44505dA19","Chaney-Mays","http://church-mccall.biz/","Ireland","Streamlined context-sensitive monitoring","1990","Primary / Secondary Education","421"
"3022","f576507Aa6ffEfc","Hayes LLC","https://burns-bryan.com/","South Georgia and the South Sandwich Islands","Adaptive bifurcated protocol","2010","Investment Management / Hedge Fund / Private Equity","4734"
"2304","92ADaA1BDac50fb","Butler-Roberson","https://www.clarke.info/","Turkey","Versatile human-resource pricing structure","2002","Paper / Forest Products","8420"
"6272","04BA8eedAEBAbeC","Coleman, Odom and Rodgers","http://cherry.net/","Kenya","Vision-oriented cohesive hierarchy","1983","Health / Fitness","5423"
"8281","41CF8CB2FB1Bea3","French, Jenkins and Cantrell","http://www.rocha.com/","Belize","Phased bi-directional service-desk","1983","Hospital / Health Care","5231"
"6642","aB00efE4C8cD9CB","Valdez-Donovan","https://www.webster.net/","Hong Kong","Public-key methodical encryption","2008","Gambling / Casinos","8340"
"6956","37fc1Eaac2ed7B7","Mcmahon-Fields","https://webster.info/","Anguilla","Visionary secondary knowledge user","1980","Telecommunications","9636"
"2110","FA950B9EE95C0Bc","Barajas and Sons","https://www.mcdonald-marshall.net/","French Guiana","Versatile next generation moratorium","2016","Printing","8159"
"5352","DC71FB4a2DE4aD1","Wilcox-Riddle","http://www.herman.com/","Guinea","Reverse-engineered 6thgeneration monitoring","1973","Fishery","97"
"9684","a63C7CFfdd1CFf1","Poole, Johnson and Chan","http://www.brewer-vasquez.com/","Fiji","Re-engineered motivating solution","1974","Sports","3188"
"8344","d86D5E20be4cA4f","Downs-May","https://roth-mckinney.biz/","Palestinian Territory","Object-based tertiary productivity","1987","Graphic Design / Web Design","7848"
"4550","cbcaDEbe3fd40cE","Moses, Hall and Kirby","http://www.turner.com/","Mexico","Cross-platform homogeneous collaboration","1977","Medical Practice","2135"
"1881","bFaEf5D4BB90aA4","Rose-Bean","https://morton.biz/","Chile","Reverse-engineered web-enabled task-force","1978","Farming","2857"
"5946","4fCeB271B1ca910","Adkins-Pena","https://clarke-winters.info/","Nepal","Stand-alone well-modulated encoding","1993","Law Practice / Law Firms","6013"
"1738","a5E9f74a1B88D86","Grimes Ltd","https://www.chung.com/","Papua New Guinea","Customer-focused content-based intranet","2013","Government Administration","3312"
"7794","4d8E5bf2c8caE57","Mckay-Lynch","https://barnett-hernandez.org/","Mongolia","User-friendly actuating infrastructure","2011","Consumer Electronics","5520"
"5213","ede4Bef1cdcA3aF","Henson, Wang and Murillo","http://www.manning.com/","Luxembourg","Enterprise-wide composite application","2001","Architecture / Planning","6889"
"3209","45A74E32Adb5CB7","Vargas, Wang and Bauer","http://www.hays-rocha.com/","Iraq","Polarized tertiary application","1984","Motion Pictures / Film","1061"
"7083","1eF3C62fA20f4E2","Bates PLC","https://www.gordon-gibbs.biz/","Holy See (Vatican City State)","Multi-layered human-resource architecture","1977","Automotive","1391"
"2056","Dcf22aC6CfFDC55","Swanson-Bryan","http://www.webb.com/","Georgia","Horizontal upward-trending attitude","2019","Primary / Secondary Education","4175"
"1689","057F46f1bC49f74","Doyle-Aguirre","https://stark-velez.com/","Austria","Reverse-engineered upward-trending workforce","1999","Management Consulting","1033"
"4780","7DFBda283Ed9012","Frye LLC","https://nielsen.org/","Faroe Islands","Synchronized multimedia budgetary management","1988","Other Industry","9876"
"7476","13deF9EcFCA2346","Vasquez-Peters","https://maldonado-stokes.com/","Thailand","Automated responsive strategy","2003","Internet","526"
"7877","a4c7BA1c05AC686","Calhoun-Watson","https://morrison-sandoval.com/","Nepal","Balanced motivating Graphical User Interface","2003","Motion Pictures / Film","4133"
"6750","72fEAD9682BaAce","Hutchinson and Sons","https://gill.com/","Nigeria","Expanded mobile capacity","2015","Judiciary","4339"
"8556","cEc76a68cB48CcF","Collier, Medina and Little","http://odom.com/","Swaziland","Automated clear-thinking complexity","2020","Package / Freight Delivery","3717"
"8123","fabe383d7A90083","Hamilton LLC","http://www.davila.com/","Swaziland","Realigned regional concept","1978","Graphic Design / Web Design","8522"
"6991","e6666Ca43473ff8","Harding-Oconnell","http://boyle-faulkner.com/","Canada","Ameliorated systemic capability","1996","Education Management","2838"
"8267","4aCB43BE77E9f33","Spears, Galloway and Braun","https://www.oconnor-hines.com/","Iran","Open-architected system-worthy analyzer","2001","Entertainment / Movie Production","9419"
"8540","DfA0bF07d6dfEC3","Mathews and Sons","https://cole.com/","Barbados","Streamlined local moderator","1989","Investment Banking / Venture","5731"
"3393","2Ab220Ff30fB3d9","Mann-Webb","https://www.cooley.info/","Bosnia and Herzegovina","Down-sized clear-thinking circuit","2018","E - Learning","3059"
"6326","639EfC9155Dc60C","Daugherty Inc","http://newton-dodson.info/","Palau","Devolved bottom-line leverage","2006","Automotive","8359"
"3529","ae8Be6B0Caf352d","Barry Ltd","http://www.mccann-graham.com/","Singapore","Re-contextualized background monitoring","2013","Other Industry","1278"
"4605","6fAEaB3d52b9BA2","Proctor, Kennedy and Tapia","https://www.grant.com/","Slovenia","Cross-group modular core","2009","Pharmaceuticals","4074"
"7024","0d7E6EAE2Ca8B4B","Riggs PLC","https://norris-butler.org/","Algeria","Fully-configurable systematic middleware","2001","Facilities Services","4588"
"6322","33bDfEAa507e36A","Gilmore-Powell","http://newton.com/","Guinea","Multi-channeled 4thgeneration leverage","1993","Financial Services","8897"
"746","e01374D6da6b0CB","Weeks and Sons","http://woods.com/","Puerto Rico","Automated intermediate productivity","1971","Facilities Services","4276"
"711","A96f2C74dCf8dAB","Reid-Austin","https://www.bean.com/","Seychelles","Advanced web-enabled architecture","2021","Nanotechnology","4297"
"380","acB2AFA2a1b3CeF","Clarke-Bass","https://owen-juarez.com/","Samoa","Future-proofed human-resource data-warehouse","1974","Packaging / Containers","2874"
"8783","978eCed0F633C7d","King-Cole","https://www.daniel.info/","Mongolia","Reverse-engineered bifurcated middleware","2002","Primary / Secondary Education","8235"
"3012","eF3FfaEEc33Bab4","Hodge, Bolton and Cordova","https://french-campbell.biz/","Bangladesh","Cloned multi-tasking forecast","2003","Financial Services","6243"
"8859","Cf55BDBF07e51B9","Peterson-Pitts","https://www.duarte.net/","Saint Barthelemy","Profound human-resource support","1997","Construction","3131"
"7153","3fc5b2e3a4c2fD7","Becker Group","http://www.wolfe.org/","Tuvalu","Multi-channeled intermediate forecast","1986","Security / Investigations","6428"
"8567","aF2BB4DF3Ae9A9A","Livingston-Anderson","https://www.fleming.org/","Turkey","Face-to-face multi-state projection","1975","Other Industry","3140"
"3498","8A555E2Eec26871","Scott-Rowe","https://www.orozco.com/","Montserrat","Synchronized responsive instruction set","2018","Medical Equipment","4195"
"3890","866B6d3A40c10a6","Herman, Morton and Barr","http://www.mercado-hurst.com/","Cyprus","User-friendly context-sensitive info-mediaries","1983","Civil Engineering","6816"
"4485","BdFbca9FE59AB64","Hurst PLC","http://lozano.biz/","Ethiopia","Adaptive encompassing projection","2019","Legal Services","3985"
"4012","C2Ded114AAb47F4","Case, Mason and Wright","https://www.yang-yates.com/","Palau","Profit-focused explicit structure","1986","Oil / Energy / Solar / Greentech","9614"
"2620","DDeCFCDe9394F51","Moses-Wheeler","https://graham.biz/","Greece","Reactive high-level model","1982","Performing Arts","3149"
"6671","2311E69fFCC9EB7","Mercado Ltd","https://www.hoffman.com/","Moldova","Horizontal high-level website","1979","Glass / Ceramics / Concrete","7035"
"6513","b5eac197bBbC327","Diaz-Ochoa","http://www.murray.org/","Rwanda","Virtual 5thgeneration Graphical User Interface","1977","Computer Networking","52"
"3468","D5F1043CC52E001","Simmons and Sons","http://thornton.org/","Cayman Islands","Configurable real-time knowledge user","1995","Banking / Mortgage","3012"
"1314","1fe2E1EE3d2307F","Jennings Group","https://www.crane-daniel.info/","Heard Island and McDonald Islands","Quality-focused static software","2007","Commercial Real Estate","1963"
"8606","03A783CAA8D4Cef","Luna, Moyer and Mcdonald","https://dominguez-horton.net/","Holy See (Vatican City State)","Persistent intangible knowledge user","1994","Recreational Facilities / Services","510"
"2070","4EB95DfDEb75146","Parks-Griffith","https://norris.com/","Congo","User-centric high-level array","1970","Wireless","3425"
"2983","31DbDC2F35cD2D2","Vance LLC","http://chapman.com/","Greenland","Digitized fresh-thinking analyzer","1984","Veterinary","8750"
"5915","eABE544bF4f11D3","Fowler Ltd","https://snyder.org/","American Samoa","Total even-keeled superstructure","1986","Mental Health Care","2455"
"9171","33e3fED883C1E17","Benjamin, Lamb and Ware","https://www.wallace-mcbride.net/","Cayman Islands","Enhanced dedicated Graphical User Interface","1990","Textiles","1059"
"1286","C021FAE59FCabc5","Richards PLC","http://www.frazier-vazquez.com/","Mauritius","Intuitive bifurcated support","1986","Animation","685"
"8991","d165C76CB44C1cF","Howe-Lowe","http://www.hansen.org/","Puerto Rico","Implemented bifurcated success","1975","Market Research","8871"
"8430","DA4432f40Dbbdc7","Brady, Blackwell and Fisher","https://www.castro.biz/","Papua New Guinea","Ameliorated holistic throughput","2011","Mining / Metals","8387"
"1350","7800A1EaB5eE196","Zuniga, Blair and Mclean","http://petty.com/","Cocos (Keeling) Islands","Customer-focused analyzing protocol","2003","Ranching","807"
"2612","BAF992Ac7bEdbD4","Pope Group","https://lowery.biz/","Guyana","Visionary intangible firmware","1973","Food / Beverages","5955"
"9495","80DCF87Ed2FdF5F","Blanchard-Caldwell","https://www.yates-dodson.com/","Switzerland","Universal reciprocal paradigm","1971","Commercial Real Estate","5470"
"3669","bDf3A9e3EeFBd3A","Wise-Gentry","https://vang.com/","Turkey","Fundamental interactive focus group","2019","Primary / Secondary Education","3633"
"2222","Cea9ac0d5683F82","Bowman-Harper","http://www.pope.com/","French Polynesia","Diverse real-time infrastructure","1982","Security / Investigations","3168"
"428","160E4CF42dDFb1F","Mack, Johnson and Haynes","https://fuller.com/","Rwanda","Progressive full-range pricing structure","1983","Glass / Ceramics / Concrete","2397"
"654","7eE3044cAA9b185","Mcguire-Mcneil","http://www.bruce.com/","Western Sahara","Synergized executive contingency","1976","Pharmaceuticals","6207"
"9914","BAC6f0602A9Ba8E","Roberson LLC","http://www.curtis-blackburn.biz/","Brunei Darussalam","Polarized web-enabled flexibility","2007","Wine / Spirits","4426"
"3536","14e7EDd873BB081","Sampson-David","https://www.reeves-lloyd.net/","Jordan","Advanced logistical challenge","1981","Restaurants","8841"
"7737","6ecc3cA5964DF9c","Murillo, Holder and Lutz","http://www.sheppard.com/","Holy See (Vatican City State)","User-friendly analyzing info-mediaries","2002","Food Production","3840"
"3246","C52e02EDcb5a839","Hartman, Lynn and Preston","http://www.davies.com/","Suriname","Fundamental heuristic application","2018","Design","8030"
"4741","f8DAea9532509fE","Mahoney-Ruiz","https://norman.info/","Comoros","Inverse intangible installation","1988","Financial Services","3104"
"9069","6Ed8EC184EDEe10","Conner Inc","https://www.rowe-castaneda.com/","Papua New Guinea","Versatile high-level contingency","1994","Publishing Industry","1284"
"4100","2cCBf14cF49aAD9","Frederick Group","https://www.lambert-kaiser.org/","Mozambique","Fully-configurable systemic productivity","1993","Performing Arts","9024"
"4101","ea3aCbfCC79c879","Mcmillan, Shaw and Mahoney","http://bradford.com/","Turks and Caicos Islands","Mandatory tertiary customer loyalty","2002","Legal Services","6060"
"6960","269cF887FDFa2cf","Rodriguez and Sons","https://valenzuela-hendrix.com/","Peru","Extended composite product","2012","Education Management","1037"
"612","f7ddbdaCC1C54CE","Neal-Cowan","https://lester-washington.com/","Brunei Darussalam","Polarized even-keeled approach","2000","Veterinary","1216"
"4289","65c66ED7AcCD1f3","Phelps LLC","https://cordova-jones.info/","Mexico","Front-line background project","1978","Plastics","400"
"8571","2b7BDB3c20b5De0","Harmon-Smith","https://hobbs.com/","Vanuatu","Ergonomic value-added workforce","2007","Library","2624"
"9713","3cf5ae60a9E5147","Hogan-Finley","http://vang.com/","Haiti","Reactive 6thgeneration neural-net","1986","Business Supplies / Equipment","1524"
"1544","835EfcFb0eeAD66","Price-Singleton","https://www.chase.com/","Cayman Islands","Ergonomic discrete archive","1970","Fine Art","6992"
"9536","B2677ce3DfB49Fd","Greene-Peterson","https://wells.com/","United States of America","Innovative demand-driven approach","1980","Entertainment / Movie Production","4809"
"3854","7CF423eEAFEDDEA","Gonzalez-Reid","http://chen-figueroa.net/","Mauritania","Distributed bi-directional service-desk","1980","Veterinary","3848"
"555","EeE48d505dCf64C","Lloyd-Key","http://macias.com/","Saint Helena","Organized transitional budgetary management","1991","Warehousing","3634"
"6366","c9bC0AF537c3dBC","Whitehead Inc","http://www.barton.com/","Germany","Virtual tertiary budgetary management","1973","Health / Fitness","9788"
"512","B188f2b0Bcb270c","Cruz-Morris","http://www.austin.com/","United States Virgin Islands","Robust eco-centric throughput","2015","Wholesale","541"
"3207","37139c7ad4B48EC","Woods, Wheeler and Pearson","http://decker.com/","French Polynesia","Cloned responsive neural-net","2020","Research Industry","5027"
"8085","Fc1d59ba96Eda4C","Lane Ltd","https://villarreal.info/","Hong Kong","Intuitive client-driven groupware","2005","Airlines / Aviation","7321"
"968","19fCe4aD5eb5cDA","Mahoney Ltd","http://farmer-hoover.com/","Malta","User-friendly high-level application","1993","Higher Education / Acadamia","9323"
"6044","De5FdaDfb537F74","Crawford, Dudley and Galvan","https://www.brady-sparks.com/","Uzbekistan","Face-to-face 5thgeneration support","1973","Computer Hardware","2306"
"6880","5C5DC217733FdA0","Morrison LLC","http://www.allen-cantrell.com/","Morocco","Integrated attitude-oriented encryption","2006","Electrical / Electronic Manufacturing","9664"
"6776","a51F3FDE64CD11E","Booth, Mccann and Mcdaniel","https://www.peterson.com/","Ghana","Right-sized 24hour implementation","2011","Alternative Medicine","733"
"3296","bf75cAcd59E15D5","Hubbard, Fernandez and Lucas","http://www.petty.com/","American Samoa","Customizable upward-trending access","2016","Pharmaceuticals","6545"
"8702","c9c5103db9e2E2d","Everett, Alvarado and Wilcox","https://www.ferrell.com/","Iraq","Digitized mobile synergy","2014","Retail Industry","1463"
"3430","b5DF06ceeD1eba3","Graham PLC","http://brown.com/","Mexico","Horizontal didactic algorithm","1986","Machinery","2711"
"8871","cF8B1c9f03bad68","Morales, Reeves and Barry","https://bradshaw-bonilla.net/","Malta","Persistent actuating analyzer","2014","Electrical / Electronic Manufacturing","7591"
"6963","daDcCA0ABb69078","Solis and Sons","http://www.herring.info/","Ukraine","Robust coherent budgetary management","2007","Electrical / Electronic Manufacturing","4050"
"2089","451bFCCeC1f81Ac","George LLC","http://barajas.org/","Mauritius","Innovative mission-critical project","2010","Human Resources / HR","7248"
"8500","4b99CB08bebDcF7","Hobbs, Mcneil and Molina","https://martin.info/","Yemen","Exclusive 3rdgeneration groupware","2012","Non - Profit / Volunteering","5983"
"6163","8007470214b8F8C","Yu LLC","https://delgado.com/","Tonga","Innovative 24hour toolset","2012","Alternative Medicine","9598"
"3211","dDE99aD729Ebf4A","Arnold-Morse","https://rivers-diaz.com/","Christmas Island","Face-to-face optimal neural-net","2019","Apparel / Fashion","2158"
"9201","dAA59Af96a71fAB","Stokes PLC","http://www.hampton-keller.info/","Venezuela","Fully-configurable upward-trending adapter","2002","Oil / Energy / Solar / Greentech","3674"
"6606","aD79c8eB32FfDaC","Hansen-Brady","https://www.ford.com/","Isle of Man","Enhanced coherent groupware","2006","Fine Art","8631"
"1110","26eF9F07feC784f","Mora, Mcintyre and Bowman","http://dickerson.com/","Isle of Man","Multi-layered systemic info-mediaries","1999","Information Technology / IT","9834"
"5729","d2431DbBfbeEcBB","Mata, Hooper and Tran","http://www.bradford.net/","Tonga","Decentralized hybrid customer loyalty","1975","Museums / Institutions","9575"
"7830","4D12e2be3FDe7e0","Gallegos-Woodard","http://mason.com/","Kenya","De-engineered bi-directional database","2005","Retail Industry","4199"
"1039","bcae2Df9f44cfd4","Bonilla Inc","http://www.carson.info/","Nepal","Innovative 5thgeneration open architecture","1998","Food / Beverages","8788"
"1195","b45EcBC9970A8Ff","Conley-Goodwin","http://braun-browning.com/","Romania","Configurable well-modulated initiative","1974","Building Materials","7631"
"4475","52Df8Eb6dAb52ec","Mcmillan-Fischer","http://willis.info/","Portugal","Multi-layered bottom-line installation","1971","Information Technology / IT","5236"
"9875","B39AB706BDCcD6c","Mcclure-Anthony","https://www.jennings-holloway.biz/","Iceland","Open-architected even-keeled methodology","1977","Staffing / Recruiting","8937"
"2123","C08EaCB6b2822Cb","Travis-Villa","http://dorsey.com/","Ethiopia","Integrated upward-trending architecture","1996","Fundraising","142"
"4983","F3e7e4988BeFD94","Mcconnell-Heath","http://macdonald.info/","Jordan","Operative intangible model","2010","Market Research","3570"
"8974","5CF26E0F0cC190B","Morton and Sons","https://steele-french.info/","Croatia","Virtual didactic collaboration","2018","Package / Freight Delivery","5924"
"5701","AedB9e1Ba73BE4A","Meadows-Mcguire","http://hess-bright.org/","Grenada","Universal static projection","2019","Law Practice / Law Firms","6154"
"935","08CBD593c6323Fa","Meadows, Jensen and Levy","http://www.farrell-fritz.com/","Kyrgyz Republic","Phased real-time matrices","2014","Management Consulting","9222"
"6102","a8F89bF419eCbC0","Medina LLC","http://cruz.biz/","Saint Martin","Cross-group attitude-oriented concept","1971","Think Tanks","2617"
"4690","E7c9d52f49Bb13F","Johnston-Perkins","https://fox.com/","Iceland","Monitored actuating throughput","1996","Market Research","7663"
"395","0aAEA445F8fcF84","Caldwell-Buckley","https://kaufman-parks.com/","Bhutan","Diverse multi-state access","1991","Printing","8976"
"4686","EB9FE7fC242D11d","Gross Ltd","http://hancock.com/","Mali","Distributed impactful database","1994","Package / Freight Delivery","178"
"8777","feCfE49B1E9CEC9","Norton, Berry and Carpenter","https://wise.net/","Netherlands","Open-architected mobile encoding","1985","Information Services","7116"
"9166","400Ef2C41ee1bba","Jacobs, Simmons and Spence","https://www.williamson.com/","Jordan","Realigned uniform task-force","1977","Law Enforcement","471"
"5981","863A058d685BcAf","Thomas-Roberson","https://rivers.com/","Pitcairn Islands","Organic homogeneous attitude","2006","Civil Engineering","7049"
"9943","48D93E7Fcbb72b6","Fitzgerald and Sons","https://mayer.info/","Kyrgyz Republic","Expanded explicit alliance","2004","Law Practice / Law Firms","9354"
"2192","1Ddd570B84F3362","Barrett and Sons","https://www.harvey.info/","Lesotho","Synchronized motivating intranet","2018","Financial Services","258"
"1298","0d70c8C5ecA6857","Clarke Group","http://www.waller.biz/","Uganda","Right-sized transitional utilization","2001","Business Supplies / Equipment","2851"
"5045","1a5B7BCf8F77ED2","Montoya, Wallace and Parks","https://www.levine.com/","Mozambique","Universal 3rdgeneration process improvement","1984","Computer Hardware","4327"
"1163","b9E809bbFdA93d3","Whitaker Group","https://www.flores.biz/","Taiwan","Reduced multi-tasking toolset","2000","Warehousing","4003"
"4255","436Bf03Dde1FB06","Orozco Ltd","https://chandler-contreras.com/","Albania","Secured local protocol","2009","Entertainment / Movie Production","8787"
"6373","AA81EB62E9CbcaF","Dorsey-Andersen","https://ramsey.com/","Nepal","Extended zero administration extranet","1974","Civic / Social Organization","6782"
"1528","A1AE1f6b51bcB78","Foley-Davenport","http://carpenter.net/","Serbia","Phased value-added neural-net","1977","Import / Export","2529"
"4343","aFCbC3AC9f5EC2c","Velez-Norman","https://duke.biz/","Moldova","Optimized impactful customer loyalty","1986","Sporting Goods","3840"
"2031","81df2bfAfA6A4FD","Melendez-Summers","https://www.hahn.net/","Philippines","Automated national product","2004","Higher Education / Acadamia","8492"
"3061","74D819A85aB3cbb","Velez, Buckley and Greer","http://carr.com/","Bahrain","Balanced regional definition","2001","Publishing Industry","781"
"59","cB3FcD6ebBd6F9b","Figueroa, Cross and Bishop","https://vaughn-johnson.org/","Bolivia","Reactive fresh-thinking success","2003","Real Estate / Mortgage","5762"
"2406","81fF0d043d3EA72","Bradley and Sons","http://www.benitez-arias.com/","Jamaica","Profound analyzing knowledgebase","1994","Government Relations","7903"
"5007","B6a2853cD8BAfcA","Blevins-Hebert","http://www.pineda-frye.com/","Haiti","Cross-group 24hour orchestration","1981","Business Supplies / Equipment","9156"
"6158","9367e70aF8521a9","Calderon LLC","https://rivera-harmon.info/","Albania","Persevering client-driven hub","2008","Paper / Forest Products","3357"
"7376","3155D0EDE8fEEAf","Avery LLC","https://patrick-nguyen.com/","Malta","Cross-platform incremental Local Area Network","1975","Ranching","9207"
"4507","7f083CDAD2aFEdb","Campbell LLC","https://www.mcneil.com/","Holy See (Vatican City State)","Public-key maximized architecture","2008","Machinery","5096"
"5215","e2790b3d587AeE9","Taylor Group","https://www.drake.com/","Latvia","Advanced systematic support","1997","Higher Education / Acadamia","7974"
"6030","Bd7c5cE47CBa98b","Owen-Boyle","https://carroll-allen.com/","Mauritius","Self-enabling optimizing task-force","2010","Executive Office","6041"
"1781","E0aFaACE9a63cE9","Fisher-Olsen","http://www.price-barton.com/","Sri Lanka","Team-oriented object-oriented attitude","2013","Computer Hardware","7088"
"5448","d6b4bCb8F9b7CDa","Zimmerman Ltd","http://www.gutierrez.org/","Nicaragua","Re-contextualized intermediate portal","2020","Design","3456"
"4607","ef8A4c6643bedD2","Franklin-Hahn","http://www.whitaker.info/","Slovakia (Slovak Republic)","Vision-oriented methodical open system","1996","Program Development","2569"
"6915","CC9Bb99fF7eE355","Shannon-Pacheco","https://www.haynes.com/","Hong Kong","Visionary mobile definition","1989","Music","7695"
"677","2B3bdad05770Dd1","Murphy, Gross and Gentry","https://mcgrath.info/","Cocos (Keeling) Islands","Triple-buffered eco-centric hardware","1977","Medical Practice","5709"
"3583","fE3e306773DB77b","Davis-Curtis","http://www.mcdaniel.com/","Uruguay","Operative logistical encoding","1996","Insurance","1158"
"3654","B5f47e80c8E4358","Terrell-Andrews","https://goodwin-horne.com/","Cayman Islands","Triple-buffered zero-defect archive","2013","Medical Practice","8684"
"7921","Fe12A51B0D71FA4","Harper-Waters","https://hayes.biz/","Botswana","Horizontal scalable data-warehouse","1979","Business Supplies / Equipment","2122"
"9500","b2759962B9fCAa2","Clay Group","http://griffin.info/","Ghana","Up-sized demand-driven parallelism","2022","Nanotechnology","741"
"2733","dEcCaEbb69cBF76","Garza, Shepherd and Blanchard","https://www.sparks.org/","Cape Verde","Fully-configurable multi-tasking functionalities","1999","Alternative Medicine","9186"
"4788","7cCd9fd239Cb1f1","Burton Group","http://www.rios-mccoy.com/","Guinea","Pre-emptive 24/7 approach","1987","Military Industry","5725"
"2755","D7D9F3cC9fb3CBD","Bowen-Schwartz","https://goodman-landry.com/","Togo","Digitized intangible customer loyalty","2021","Think Tanks","6022"
"2338","efaf94DaBA559B1","Stuart Ltd","http://everett-contreras.com/","Papua New Guinea","Self-enabling coherent software","1985","Management Consulting","85"
"3644","90C40d8BeAFAe2B","Pugh Group","https://davidson.com/","Saint Helena","Progressive bifurcated hub","1994","Architecture / Planning","2235"
"7738","ce3A720EDd6F7B8","Blackburn Inc","http://www.ochoa-bolton.com/","Cuba","Implemented intangible info-mediaries","1975","Gambling / Casinos","2362"
"5517","1bec27E2D9B78ef","Powers-Frye","https://brandt.net/","Bouvet Island (Bouvetoya)","Open-architected web-enabled methodology","1999","Human Resources / HR","8431"
"5247","377E91a3ABfcff1","Velez, Williams and Small","https://www.campos-moss.com/","Turkmenistan","Devolved cohesive archive","1999","Leisure / Travel","7378"
"867","2a99d6E4dcefAFf","Vincent, Gray and Ashley","http://may.com/","Netherlands Antilles","Cross-group uniform parallelism","2008","Wine / Spirits","5208"
"4448","CBD5d7163AeC84b","Brooks Group","http://pugh.com/","Cape Verde","Front-line asynchronous time-frame","1988","Fundraising","5351"
"5072","4b6F8fD6B75da5e","Dean-Torres","http://knapp-hodge.org/","Spain","Reverse-engineered bottom-line leverage","2009","Museums / Institutions","949"
"4882","d8Bc3dbE6D9F046","Reeves-Coffey","http://barber-duffy.biz/","Togo","Compatible systemic task-force","2018","Industrial Automation","2160"
"9511","30dC8CD5c6bB7c8","Anderson-Zhang","http://www.collier-reynolds.com/","Antigua and Barbuda","Self-enabling didactic archive","2009","Management Consulting","4345"
"3003","a6aa2FBBFBc8DAb","Donovan Inc","http://vargas.com/","Saint Kitts and Nevis","Cross-platform radical standardization","2015","Education Management","8646"
"2226","065fF610Cb1f4b0","Branch, Henson and Juarez","http://chang.com/","Lesotho","Horizontal system-worthy approach","2017","Individual / Family Services","9435"
"9057","2c6D1F1Ab18bE8d","Silva, Wade and Hernandez","https://ward.biz/","Canada","Innovative grid-enabled service-desk","1975","Wireless","1182"
"4827","4b05acD3ae641Fa","Flowers-Vazquez","http://www.lee.com/","Congo","Multi-lateral transitional approach","2001","Music","7621"
"7622","Fa8E8C4b6FAcF7A","Andrews, Ashley and Fry","http://www.douglas-forbes.biz/","Sao Tome and Principe","Future-proofed responsive application","1975","Information Services","9852"
"9690","0CdDfF9883EDa44","Monroe LLC","http://www.odonnell.org/","Mexico","Persevering leadingedge challenge","2004","Consumer Goods","1772"
"5501","3cdC0Acb20f4cbe","Harvey, Fox and Swanson","http://www.fuentes-lowery.com/","Wallis and Futuna","Persevering asymmetric standardization","2002","Health / Fitness","631"
"9701","E8348Bcd0e47DcF","Mcneil LLC","http://www.silva.com/","Congo","Networked optimizing task-force","2022","Fundraising","9547"
"8479","9e22AC31D8feB02","Klein Group","http://francis.com/","Reunion","Centralized hybrid contingency","1988","Research Industry","760"
"5503","bD3c8ca74ddEBe5","Branch, Vaughan and Travis","https://www.ayala.com/","Netherlands Antilles","Persevering asynchronous product","1980","Telecommunications","2336"
"1211","e7DF4DFF7Ab1FBa","Munoz and Sons","http://wolfe.net/","Cambodia","Extended motivating task-force","2006","Consumer Services","4498"
"9084","B859FA57cdA4Dcb","Barton Ltd","http://www.salas-hunt.com/","Bangladesh","Customizable hybrid leverage","1996","Insurance","2651"
"2289","fEFF82d8fB0839D","Hobbs PLC","https://www.hubbard.com/","Dominica","Future-proofed contextually-based productivity","1982","Food / Beverages","9225"
"2184","E5313CB562Df4D6","Ellison, Ho and Hendrix","https://www.perkins.com/","Niger","Managed content-based model","1979","Aviation / Aerospace","555"
"2863","B69e978Ed00fE32","Lee-Berger","http://www.sutton-pace.info/","American Samoa","Multi-layered coherent artificial intelligence","2000","Information Services","6695"
"6862","9ded0f9aDFfA986","Miles, Cuevas and Shelton","http://www.hampton-burch.com/","Iran","Intuitive content-based emulation","2008","Computer Games","92"
"2363","cCf74Cb877efaD4","Combs-Stafford","http://santana.com/","Zambia","User-friendly 6thgeneration strategy","2021","Consumer Goods","3620"
"8464","D3Bef98EdB733bc","Spencer-Glover","http://www.adkins-lopez.net/","Lithuania","Public-key leadingedge superstructure","2014","Think Tanks","5439"
"6333","1AEcEF64c51c3c4","Mcbride, Wade and Ware","https://johnson-huber.info/","Guam","Upgradable heuristic hierarchy","2009","Higher Education / Acadamia","4158"
"4065","De7Eb83d9E02df3","Daugherty-Buchanan","http://burnett.biz/","Korea","Optimized zero-defect emulation","1974","Civic / Social Organization","3662"
"9547","641DD2e19Bf2f8B","George Ltd","http://hobbs-keller.net/","Morocco","Proactive eco-centric knowledge user","2007","Hospitality","3427"
"618","eE82db7baBd871c","Hernandez-Herman","https://burch-rowland.org/","El Salvador","Multi-tiered tangible complexity","2011","Biotechnology / Greentech","1237"
"3282","14826aB3dEE8FEA","Morrison LLC","http://wilkins-poole.info/","China","Self-enabling object-oriented help-desk","2004","Program Development","2593"
"5227","83fAcfE130dA4b8","Reed, Everett and Weaver","https://www.savage.com/","Saint Martin","Centralized systematic collaboration","1986","Farming","9758"
"3398","AF78a41F8479b9E","Paul Group","http://www.david-haas.com/","Cameroon","Mandatory fault-tolerant application","1981","Investment Management / Hedge Fund / Private Equity","4090"
"3066","FF01BAAaE72FEC8","Pruitt, Zuniga and Hill","https://www.sherman.net/","Uruguay","Digitized holistic project","2022","Mental Health Care","8266"
"767","258f5dE72DE7ff9","Walters Group","https://www.daniel.biz/","Micronesia","Virtual mobile implementation","1993","Computer Networking","7882"
"7079","C903268acfcD83F","Long LLC","http://www.dean-wong.com/","Iran","Pre-emptive human-resource application","2017","Aviation / Aerospace","4236"
"5280","232fFE2FB6fA7c2","Ewing-Nguyen","https://bass-fritz.com/","Bhutan","Virtual incremental standardization","1986","Government Administration","1229"
"4150","4d0A59F8CBFFaCe","Zimmerman-Copeland","https://oneill-palmer.com/","Kuwait","Re-engineered impactful infrastructure","1972","Telecommunications","3595"
