"Column_1","Column_2","Column_3","Column_4","Column_5","Column_6","Column_7","Column_8","Column_9"
"8506","5BaaaeBF58a2bDf","Carroll Group","https://novak-simmons.com/","Taiwan","Front-line full-range leverage","1994","Defense / Space","7511"
"1743","DCEde0244fA9b5d","Acevedo-Harrington","https://house-miles.org/","Germany","Decentralized contextually-based adapter","1970","Real Estate / Mortgage","1661"
"1391","2CaBC73dd5DDdbD","Dixon, Huffman and Meadows","https://joseph-simon.org/","Costa Rica","Right-sized web-enabled collaboration","2002","Government Relations","3168"
"2204","FcCF5D5f075207F","Conley, Dodson and Wallace","https://www.keith.com/","Montenegro","Operative non-volatile function","2012","Telecommunications","3774"
"3569","19Cb914319aA8aD","Johnson Group","http://berg.com/","Saint Barthelemy","Digitized directional analyzer","1976","Shipbuilding","6609"
"6117","b3fFeb2b9F6e9D2","Friedman-Garner","http://www.carrillo-lyons.org/","Indonesia","Extended encompassing challenge","1992","Restaurants","8407"
"9971","a5c32081032Cfa8","Rojas-Pollard","http://wall-hammond.com/","Russian Federation","Advanced motivating open architecture","1996","Chemicals","4765"
"6053","A67E42fB3AA358D","Daniel-Estes","https://www.lucas.com/","Niue","Organic 5thgeneration definition","1978","Commercial Real Estate","4446"
"3179","Df582297F9F4033","Hancock-Farley","http://www.farrell.com/","Panama","User-centric object-oriented toolset","2001","International Affairs","1598"
"3193","65BaC5AAE9f9140","Moses-Marquez","http://avila-pacheco.net/","Liberia","Reactive needs-based parallelism","1972","Sporting Goods","8544"
"6100","091C89ccd66ce11","Gardner and Sons","https://www.weeks.com/","Austria","Up-sized zero-defect success","1972","Cosmetics","2788"
"7030","CD7ff64d7916bCB","Hester, Pruitt and Walter","http://www.miller.com/","Timor-Leste","Distributed disintermediate access","1991","Investment Banking / Venture","663"
"576","ecdD4Ba4bFcdADa","West Ltd","https://www.meyers.info/","Malta","Universal mobile functionalities","1987","Furniture","9119"
"6657","8FF54F61EEE4234","Ponce-Deleon","http://rasmussen.org/","Azerbaijan","Total national instruction set","2009","Oil / Energy / Solar / Greentech","8753"
"7116","FBD2c05aDbF1c93","Branch and Sons","http://spence.info/","Bangladesh","Team-oriented intermediate concept","2001","Insurance","1599"
"8803","8718BAfbDE14C9d","Cunningham, Taylor and Hood","http://ballard.com/","Thailand","Centralized full-range framework","2008","Shipbuilding","4152"
"6277","55eaCe4beDd385b","Cisneros, Rocha and Irwin","http://best.org/","Mongolia","Proactive optimal capability","1975","Primary / Secondary Education","2927"
"8985","Ee26bAEF0e93b3E","Tanner, Shah and Dickerson","http://www.combs.com/","Guyana","Profound context-sensitive support","2007","Paper / Forest Products","4737"
"5898","E47D60e9F5BA0F3","Cole-Mosley","https://www.stanley-howe.com/","Macao","Reverse-engineered discrete extranet","2013","Hospitality","4709"
"5725","74edBAfabbFCC32","Deleon-Bright","http://www.robbins-lamb.com/","Albania","Organized next generation extranet","1997","Law Enforcement","2220"
"270","C4F8f86B0fEcFed","Browning Inc","http://carlson.com/","Japan","Cross-group modular functionalities","1981","Defense / Space","5581"
"630","f86Bd8ecbBDC7D0","Morris-Sloan","http://www.nichols.com/","Namibia","Reverse-engineered user-facing encoding","1974","Warehousing","5776"
"3082","BBDA6eDfaBCAf49","Kidd PLC","http://www.gonzales.com/","Botswana","Organic asynchronous conglomeration","1973","Real Estate / Mortgage","2761"
"3467","6E4beAE4CC42Fee","Sosa, Gonzalez and Clarke","https://www.lowery.com/","Papua New Guinea","Up-sized leadingedge challenge","2003","Machinery","499"
"6431","fC177CA830Da2F0","Henderson Ltd","http://page-baird.info/","Kiribati","Adaptive holistic ability","1980","Semiconductors","2426"
"9312","FDBbfF4aA6D8B02","Christian, Mendoza and Mullins","https://www.phelps-logan.com/","Nepal","Team-oriented global collaboration","1985","Media Production","7402"
"7063","372A47C9e5e1F42","Frey Ltd","http://www.moses.com/","Cayman Islands","Customer-focused contextually-based structure","2013","Apparel / Fashion","4613"
"9728","a5CE39CA0a7b0fa","Carr, Gross and Stone","https://www.carrillo.com/","Haiti","Down-sized national secured line","2018","Computer Games","8269"
"5544","19B7f13e70F44b2","Mcclure-Schroeder","http://www.mclean.com/","Morocco","Public-key coherent functionalities","2003","Recreational Facilities / Services","1644"
"4357","6dC4FcfEC200114","Drake-Brooks","http://www.frost-bates.org/","Zimbabwe","Cross-platform impactful ability","1997","Medical Practice","4302"
"2114","246FE548c1BFFDf","Calderon-Holder","https://frazier.com/","Macao","Multi-channeled mobile contingency","2011","Computer Software / Engineering","4293"
"8220","CFF4c6FE0430c9E","Santana-West","https://www.leonard.com/","Philippines","Multi-tiered demand-driven methodology","1991","Machinery","2508"
"3217","d4DF6AAA20a7ba6","Hodges Inc","https://crane.com/","Djibouti","Team-oriented fault-tolerant projection","1995","Mechanical or Industrial Engineering","7707"
"3815","8dE0aaB59e06f41","Chambers-Gross","http://sullivan-yu.org/","Ecuador","Grass-roots 24hour support","1973","Mental Health Care","6979"
"8322","4Babe9bE689E9da","Powers-Blake","https://www.obrien-snow.net/","Syrian Arab Republic","Compatible systemic emulation","1982","Broadcast Media","196"
"8590","760dD35F2F44cfb","Pruitt, Glenn and Ross","https://www.kent-lambert.com/","United Arab Emirates","Triple-buffered systemic matrices","2011","Telecommunications","4743"
"2279","fFF6AAD71E9c45f","Haynes Inc","https://beasley-soto.com/","Holy See (Vatican City State)","Exclusive multi-state concept","2013","Alternative Dispute Resolution","3681"
"4600","dBdfd9AbdFd06bf","Bonilla-Parks","https://berry.net/","Timor-Leste","Robust clear-thinking instruction set","1978","Transportation","1120"
"14","DcFCcD6B1a1A736","Larsen-Garrison","https://walsh.com/","Turkey","Polarized composite moderator","2014","Building Materials","7261"
"9226","b0FCcCD839dF4DF","Jacobs, Christian and Tanner","https://dorsey.info/","Jersey","Organized human-resource emulation","2008","Entertainment / Movie Production","8717"
"1526","f0bca37B26F5335","Schwartz, Holden and Moore","http://www.conner.com/","Northern Mariana Islands","Up-sized zero tolerance access","1982","Facilities Services","8919"
"2366","44dcCcE4B4DeB57","Barrett-Ingram","http://www.bray.com/","Gibraltar","Intuitive 24/7 concept","1975","International Trade / Development","747"
"4649","F6d7BAed303dA69","Duran PLC","https://www.bowen.com/","Kyrgyz Republic","Robust incremental open architecture","1977","Information Services","6040"
"375","eDaDED2f3Cd50ec","Hernandez, Solomon and Walter","https://ellis-russo.biz/","Iraq","Right-sized background system engine","1981","Retail Industry","2287"
"8522","B4FDcC23c9FDFed","Marks-Little","https://lawrence.info/","Switzerland","Innovative radical hub","1979","Writing / Editing","9519"
"6478","46A8d3cDa34cabe","Davies-Ali","http://golden.com/","Zimbabwe","Intuitive 3rdgeneration conglomeration","1980","Furniture","2641"
"526","2A9Ee2b519Da2ad","Duncan, Maldonado and Frye","https://www.clark.org/","Nigeria","Advanced encompassing circuit","1998","Information Services","2913"
"6896","08aF03E0bdBDfEB","Bauer, Mendez and Dunn","http://www.kidd.org/","Kazakhstan","Enterprise-wide bottom-line help-desk","2000","Fishery","167"
"3592","838c19f9A7e1B73","Vance and Sons","https://hamilton-krueger.com/","American Samoa","Switchable local task-force","1984","Shipbuilding","4770"
"7905","af479a8abee812F","Perez, Mason and Ferrell","https://dalton.biz/","Panama","Vision-oriented analyzing strategy","1993","Philanthropy","8715"
"2959","9AEC2e7F9A1EF7e","Ibarra, Bowers and Hernandez","http://chaney.com/","Honduras","Profound client-server conglomeration","1987","Apparel / Fashion","1636"
"530","DAa9661Fbb3b4Ba","Daniels-Lyons","https://www.bolton.net/","Libyan Arab Jamahiriya","Streamlined executive system engine","1985","Cosmetics","2887"
"3715","99dABe37aB76eB5","Sullivan-Mckay","http://zhang.com/","Dominica","Public-key global paradigm","1976","Wireless","4624"
"4733","053c94c04CcaeDf","Rosario PLC","http://silva-perkins.com/","Cyprus","Synchronized optimizing superstructure","1987","Capital Markets / Hedge Fund / Private Equity","8144"
"1395","8A2Ea5aFa79C7cd","Sexton and Sons","http://www.boyd.com/","Niue","Synergized system-worthy orchestration","2000","Airlines / Aviation","2419"
"5632","fAcFd5Fc4cECd14","Cohen-Andrade","https://herring-calhoun.net/","Nicaragua","Exclusive asymmetric core","2007","Shipbuilding","7152"
"6564","f48Cf179E70E5Bf","Glass Ltd","https://vaughn.net/","Saint Pierre and Miquelon","Re-contextualized asynchronous process improvement","1992","Restaurants","1440"
"4704","3db6038A05f107E","Klein, Jackson and Mcbride","http://www.rosario.net/","Afghanistan","Balanced web-enabled time-frame","2022","Writing / Editing","5241"
"1713","82BAF2ccbC963b8","Madden-Stephenson","http://hall.com/","Slovakia (Slovak Republic)","Centralized analyzing task-force","1986","Accounting","5123"
"9756","7efe49dA6eCA27e","Knapp PLC","http://rojas.org/","Iraq","Centralized eco-centric algorithm","1974","Food / Beverages","2819"
"956","Ba005E105e749a1","Waller, Cannon and Bright","http://bean.biz/","Fiji","Focused impactful artificial intelligence","2005","Textiles","4458"
"6676","A02EE06b4e79ed7","Wilson-Turner","http://kent.org/","Equatorial Guinea","Balanced multi-tasking budgetary management","1986","E - Learning","5998"
"3454","9dAC95B5dD41567","Wallace and Sons","http://stephenson-hatfield.com/","Cameroon","User-centric systemic throughput","1998","Tobacco","8997"
"2072","E0C263FB1ec63fA","Rios and Sons","https://ritter-oneal.net/","Austria","Universal heuristic product","1993","Executive Office","1048"
"9741","abd4E7fEc038b1f","Stevens, Chandler and Baker","https://bernard.org/","Turkmenistan","Versatile discrete strategy","2005","Printing","1658"
"159","4CcB80FbdFf3a87","Schneider-Morton","https://snow.com/","Portugal","Implemented 6thgeneration installation","2016","Staffing / Recruiting","3342"
"7006","Cf7e4FF65Df287c","Wilson, Rosales and Bass","http://arellano-munoz.info/","Malta","Extended next generation protocol","2008","Hospital / Health Care","5697"
"353","4c2FdF7dF0a84ee","Orozco, Huff and Burch","http://hurst-simmons.com/","United States of America","Ergonomic dynamic superstructure","2010","Food Production","135"
"6079","4BE7530dAFF08e0","Hamilton-Salazar","https://mann.com/","Niue","Synchronized national matrix","2008","Medical Equipment","7484"
"6237","1DeCd96f9cc1bBD","Vasquez Inc","https://www.cabrera-vaughn.com/","Finland","Diverse bottom-line forecast","2019","Writing / Editing","7809"
"2921","d5BFFda9DC6C329","Drake Inc","http://evans.com/","Congo","Assimilated impactful contingency","1971","Sports","1916"
"4645","2c4a0Fe3FAbFdab","Joseph-Wallace","https://www.fletcher.biz/","Swaziland","Optional methodical Graphic Interface","1979","Military Industry","8109"
"662","6DcFf8983B2Fc38","Copeland, Valentine and Holland","https://www.daniels.com/","Jordan","Networked stable groupware","1982","Alternative Dispute Resolution","3984"
"7058","B4C268EbaBadF8B","Nicholson-Saunders","http://www.perkins-massey.biz/","Niue","Synergized bi-directional policy","2010","Luxury Goods / Jewelry","4845"
"3666","A6F72c9d5757C2f","Keith Inc","https://gibson.biz/","Chad","Organized explicit circuit","2006","Veterinary","5745"
"7980","cfeCCf34c0eeDbb","Carlson-Santiago","https://www.patton.com/","Syrian Arab Republic","Self-enabling solution-oriented access","1990","Consumer Services","7398"
"307","EaD73F968C1f740","Shelton and Sons","http://huynh.com/","Jordan","Reactive executive website","1984","Glass / Ceramics / Concrete","6693"
"4791","fa250Aa9fBEbb16","Garcia and Sons","https://www.farrell.org/","United States Virgin Islands","Integrated upward-trending interface","1997","Warehousing","3965"
"2357","95BbDccEF2d9DBD","Eaton, Sloan and Massey","http://www.weeks.net/","Pitcairn Islands","Customer-focused holistic moderator","2011","Environmental Services","5764"
"1928","98AAbbB4Bc95e4d","Gay, Watts and Camacho","http://hartman.com/","Heard Island and McDonald Islands","Optimized secondary info-mediaries","1983","Mining / Metals","5910"
"9940","7A1fBcAa2E6e7f3","Gill-Melton","https://solomon.com/","Singapore","Pre-emptive content-based archive","2006","Telecommunications","1271"
"3428","20fd9fEF257f0Ac","Mclean LLC","http://brewer-hartman.com/","Lao People's Democratic Republic","Multi-layered scalable database","2020","Marketing / Advertising / Sales","699"
"3639","Ed0fAffC701baEf","Dyer-Solis","https://www.rivers.com/","Haiti","Visionary holistic neural-net","1979","Research Industry","9997"
"1267","AbfD181849CD631","Schultz, Nicholson and Hooper","https://www.nixon.com/","Korea","Vision-oriented motivating orchestration","1993","Government Administration","9980"
"1561","655Aa9931E6C6f1","Kennedy-Kent","http://www.rojas.com/","Peru","Self-enabling local secured line","2005","Mental Health Care","7464"
"7180","EE42A536c1f7577","Porter-Hayes","https://cameron.com/","Angola","Decentralized human-resource implementation","2017","Broadcast Media","4974"
"4110","593Ebd24481dA01","Delacruz Ltd","http://bowers.biz/","Bangladesh","Pre-emptive systemic Graphic Interface","1992","Banking / Mortgage","9200"
"7868","AADBffDA1BBd7b4","Archer-Moreno","http://www.kemp-cox.com/","Costa Rica","Digitized 24/7 software","1976","Publishing Industry","6961"
"4905","0bd3a2eC68a61fC","Irwin-Lynn","http://lawson-macias.org/","Iran","Fundamental discrete emulation","1985","Renewables / Environment","7479"
"7295","3742443bEc2021C","Owen-Moran","https://villanueva.org/","Palau","Organic multimedia database","1995","Restaurants","9346"
"515","4bfe87AdAd8f852","Hardin-Tran","https://barber.biz/","Kenya","De-engineered full-range circuit","2001","Architecture / Planning","8"
"895","02F5e3EAbc1c8e5","Ray-Holloway","https://www.blair.com/","Poland","Robust motivating productivity","2004","Investment Banking / Venture","9070"
"22","20c0DFDE6D7553d","Yoder LLC","http://www.villarreal.com/","Andorra","Cross-group optimal encoding","2015","Mining / Metals","7859"
"900","d54aBc68c65faBC","Costa Ltd","https://www.torres.com/","Greenland","Multi-lateral bifurcated frame","2011","Mechanical or Industrial Engineering","9857"
"208","e4faEa3287460BD","Golden, Olsen and Tate","https://www.archer.com/","Brunei Darussalam","Multi-channeled object-oriented Graphic Interface","1995","Computer / Network Security","7810"
"459","34AFDBc55FD4c56","Williams Inc","https://www.calhoun-guerrero.com/","Singapore","Centralized local intranet","2004","Food / Beverages","3835"
"2431","A6C783Cc6a7Cb8e","Buckley, Beltran and Clements","https://lindsey.com/","Estonia","Synergistic uniform emulation","1988","Civic / Social Organization","2103"
"8443","E4F4Da733b882D0","Schaefer, Payne and Bowers","https://daniel.net/","Belarus","Multi-layered foreground projection","1995","Online Publishing","7454"
"3390","737B4A39057C31F","Boyer and Sons","https://robbins-hubbard.biz/","Fiji","Self-enabling holistic customer loyalty","1984","Computer / Network Security","8182"
"3912","BCB5BAFeEEEbEBa","Foster-Reese","https://cox-bates.net/","Norfolk Island","Automated needs-based workforce","1975","Political Organization","9901"
"5384","8Cbe18d34417F9E","Bautista-Daniels","https://gates.biz/","Korea","Profit-focused holistic model","1983","Security / Investigations","9595"
"553","bd18B7D915D8ec9","Hardin, Hall and Rich","http://www.proctor.com/","Macao","Decentralized zero-defect hierarchy","1992","Facilities Services","9396"
"3145","FebC16FDB7CcDd8","Richards Ltd","http://vincent-hanson.org/","Kenya","Managed tangible analyzer","1987","Military Industry","7981"
"6918","Ec1Ae20fBB7Cb31","Richmond-Perkins","http://www.ashley-ford.com/","Svalbard & Jan Mayen Islands","User-friendly fault-tolerant projection","2004","Mining / Metals","3096"
"2057","d5F9CcDbAFC3efa","Simpson, Hensley and Hanson","https://winters.org/","Haiti","Switchable actuating installation","1977","Maritime","3514"
"1926","Fad4Cb37c1AFDCf","Blackburn Inc","http://mercado-gregory.net/","Egypt","Cross-group responsive benchmark","1971","Electrical / Electronic Manufacturing","4976"
"635","E11c1Aa496d10Ac","Cohen, Cervantes and Mcclure","http://hoover.com/","India","Object-based foreground strategy","2021","Investment Banking / Venture","8184"
"6083","13D30EaCc9B677B","Dominguez, Davenport and Oliver","https://farley.com/","Cambodia","Face-to-face content-based paradigm","2003","Chemicals","2008"
"9271","AE6Ce5BebbE5d70","Anthony PLC","http://kirk-keith.com/","Tokelau","Intuitive fault-tolerant pricing structure","1990","Religious Institutions","3560"
"9679","1c2De3768f8E902","Hernandez-Pineda","http://www.morse.info/","Spain","Multi-layered interactive portal","2000","Research Industry","3375"
"106","4AfB3B5a9CaFEc8","Henson, Benitez and Fox","http://www.cordova.com/","French Guiana","Cloned mission-critical extranet","1972","Higher Education / Acadamia","6937"
"3042","ee35E45f1eA96a4","Stephens-Pena","https://mercado.biz/","Bermuda","Switchable disintermediate moderator","2011","Wine / Spirits","6327"
"1710","3C6cF384c92a63a","Miranda, Wilcox and Hendricks","https://curtis.net/","India","Secured systemic complexity","2001","Paper / Forest Products","248"
"90","0FB9ff5b434Dcd4","Thomas Ltd","http://www.stone-smith.biz/","Seychelles","Robust regional focus group","2009","Medical Equipment","3474"
"7015","de48919F0f0FFdb","Townsend, Buchanan and Obrien","http://holloway.com/","Saint Vincent and the Grenadines","Seamless foreground emulation","2015","Executive Office","3282"
"3175","5c32C7cEC73dC4f","Hester-Saunders","https://allison.com/","Trinidad and Tobago","Up-sized mobile neural-net","1977","Tobacco","7770"
"918","cb948073cDac2ac","Fitzgerald, Whitney and Morrow","https://www.rivas.com/","Gambia","Organic homogeneous capacity","1977","Warehousing","3745"
"7834","3e4BDbC0678d7Eb","Frye-Golden","https://cherry.com/","Niue","Future-proofed background instruction set","2002","Program Development","9850"
"6733","74fabDca5c2CeCf","Coleman-Middleton","https://www.zhang-whitehead.net/","United States of America","Configurable impactful policy","2012","Ranching","542"
"1950","CbEC0DB8dcE1fc6","Osborn LLC","https://huber.com/","Bahamas","Ameliorated executive groupware","2006","Farming","4774"
"6369","ea5bc433CbC5Acb","Macias LLC","https://www.glenn-tran.info/","Western Sahara","Total bi-directional hardware","1997","Sporting Goods","6340"
"2","70C7FBD7e6Aa3Ea","Cunningham LLC","http://harding-duffy.com/","Namibia","Team-oriented fault-tolerant adapter","2018","Library","7871"
"8033","7Ef6ef7f40Dd5AD","Hicks-Gardner","https://gallegos-johnson.com/","Bosnia and Herzegovina","Realigned interactive support","1988","Plastics","873"
"6048","F3BFAE1Ef9C24d4","Ayers-Conrad","http://kent.com/","Ghana","Optimized solution-oriented alliance","1990","Architecture / Planning","6500"
"2721","73C967acCff3aCB","Ponce LLC","https://www.bailey.com/","Mexico","Robust grid-enabled website","2002","Biotechnology / Greentech","466"
"9813","d1e899Ac96d9634","Gregory-Bender","http://www.baxter-diaz.com/","Saudi Arabia","Open-source full-range policy","1974","Plastics","1191"
"3118","2De3EF29aDb7F5B","Bowman-Riley","https://www.myers-ritter.com/","Brunei Darussalam","Horizontal incremental knowledgebase","2021","Plastics","5167"
"9466","CFC3734e1d3F6b2","Wiley Ltd","http://white-raymond.org/","Namibia","Triple-buffered background workforce","1998","Public Relations / PR","565"
"3763","08Ab8f8F524CB7c","Zamora, Browning and Vang","http://duffy-pineda.net/","Estonia","Mandatory responsive Graphic Interface","2000","Hospitality","6563"
"214","ef1E1b3faD03b7F","Stephens and Sons","https://mcclain.com/","Philippines","Future-proofed 5thgeneration software","1986","Veterinary","2797"
"779","cE6f82dBDC5e4dd","Kidd and Sons","https://walker.biz/","Mauritania","Enhanced disintermediate Internet solution","1986","Aviation / Aerospace","4523"
"3497","9c5c838044caAD3","Sweeney-Serrano","https://friedman-shannon.com/","Chile","Streamlined context-sensitive framework","1982","Business Supplies / Equipment","600"
"8818","3fBAF9cDaAfc303","Robles PLC","https://www.jefferson.net/","Falkland Islands (Malvinas)","Mandatory scalable task-force","1990","Utilities","941"
"2044","BeaD4C39Fe2eb5D","Rangel-Orozco","http://www.cook.net/","Malta","User-centric next generation database","1989","Management Consulting","5173"
"5421","92FAcBbcDaec63D","Boyle-Rangel","https://www.williams.com/","Thailand","Open-architected directional Local Area Network","1984","Environmental Services","2579"
"6155","eeCfcB4e4C1eFee","Valentine-Daniel","https://holden.net/","Malaysia","Front-line real-time alliance","2018","Translation / Localization","8025"
"8358","6fC3fCdEcD4F0a4","Rush, Benton and Kline","http://mathews-clay.com/","Samoa","Pre-emptive neutral project","1991","Events Services","5148"
"8708","CA40Ae1a2d2ae4F","Jackson, Cunningham and Blevins","http://www.hendricks-russell.com/","Chile","Enhanced clear-thinking middleware","1989","Law Enforcement","4661"
"8466","857Ef4Ee9022B35","Mayer Inc","https://www.jordan.com/","Mali","Integrated impactful interface","1979","Individual / Family Services","7773"
"4168","afDAdB37BC2aD98","Walls Inc","http://sutton.com/","Swaziland","Up-sized intermediate budgetary management","1997","Banking / Mortgage","3680"
"3789","ca08dfda107e18f","Bradford Group","https://www.powell.com/","India","Polarized regional hardware","2019","Utilities","320"
"584","cCFEEFBCBf8B8c2","Sanchez-King","http://www.brennan-lynch.net/","Gabon","Enhanced systematic paradigm","1983","Restaurants","909"
"9912","e1c5CC9AB462821","Dixon Group","https://www.boyle.com/","Albania","Enhanced needs-based algorithm","2008","Research Industry","452"
"9987","Df67c0A2eF77f55","Kirby, Booker and Knapp","http://www.watts.com/","Brunei Darussalam","Virtual regional budgetary management","1993","Cosmetics","2816"
"117","7bd368a51Cd69bB","Ramsey Ltd","http://harrison-manning.com/","Northern Mariana Islands","Fully-configurable methodical product","2001","Market Research","7752"
"6645","FD6a16e698eDebB","Chung Inc","http://weaver.info/","Peru","Function-based disintermediate middleware","1999","Computer Games","3845"
"9034","4120D9EBE0d0e2A","Riggs, Manning and Werner","https://silva-malone.com/","Pitcairn Islands","Automated hybrid knowledge user","1970","Hospital / Health Care","5119"
"9952","260AecdbA3dCf5a","Hunter-Yates","https://mcconnell.com/","Norfolk Island","Synergized context-sensitive algorithm","2003","Electrical / Electronic Manufacturing","5270"
"8960","4aaA3290d2A3FEB","Mccann, Whitney and Mcbride","https://gaines.info/","Libyan Arab Jamahiriya","Progressive upward-trending focus group","2021","Printing","9039"
"1764","EeFabFB3e8c9418","Carter, Mercado and Patel","http://goodwin.biz/","Togo","Profit-focused upward-trending Local Area Network","2004","Logistics / Procurement","5966"
"1876","912ecBE4FBFbFCC","Castaneda-Juarez","http://carey.com/","Aruba","Organic composite structure","1993","Writing / Editing","1664"
"3225","85DA57D1Ee2772b","Green LLC","http://www.chang.com/","Vanuatu","Extended clear-thinking Local Area Network","1978","Venture Capital / VC","3304"
"527","02a91F5F6E31DFA","Dunlap LLC","https://www.rosales.info/","Bouvet Island (Bouvetoya)","Progressive intermediate matrices","1978","Oil / Energy / Solar / Greentech","8344"
"7726","aEc685EA84e2ffa","Howard-Rowe","https://velez-ross.com/","Uganda","Ergonomic holistic product","1993","Railroad Manufacture","5195"
"2947","F0BCEFe14F0cbc8","May, Waters and Powell","https://walton.com/","Antigua and Barbuda","Centralized next generation portal","2012","Publishing Industry","5098"
"4474","E4E4a7F6cEAbc2B","Mcgrath-Holland","https://www.maxwell.info/","Puerto Rico","Progressive high-level interface","2020","Computer Games","4539"
"5656","7c85559E7a40362","Franklin-Li","https://www.collier.com/","Tanzania","Customer-focused fault-tolerant open system","2008","Public Relations / PR","7680"
"6060","50dd8E5cbDbD4DD","Haynes LLC","http://www.koch.info/","Ghana","Object-based optimizing interface","2008","Education Management","9830"
"960","DEe931aD4Fe74AF","Moon and Sons","https://www.dorsey.com/","Timor-Leste","Streamlined 4thgeneration knowledgebase","2021","Luxury Goods / Jewelry","8294"
"6343","D6Cd025a5d55c39","Day LLC","http://www.hahn.com/","Tajikistan","Function-based fresh-thinking challenge","2019","Management Consulting","1429"
"3634","7A0FCBECf8A0bbE","Hahn-Ball","https://hood.com/","Ghana","Multi-layered global leverage","1983","Outsourcing / Offshoring","4857"
"1051","AFEe0D12Ef4Df13","Mccarty, Welch and Harvey","https://www.best.com/","Iraq","Advanced stable support","1996","Primary / Secondary Education","8497"
"3381","3Cf4dCEF0AEcf66","Garcia, Michael and Johnston","http://becker-norton.com/","Vanuatu","Multi-lateral fresh-thinking frame","1995","Program Development","3854"
"3677","D7657c5FEa35cba","May-Rose","http://www.cunningham.biz/","Norfolk Island","Quality-focused scalable strategy","2010","Civil Engineering","22"
"5777","AF8Df88a65EdbEb","Fischer Inc","https://www.edwards-lucero.com/","British Virgin Islands","Profit-focused holistic open architecture","1970","Capital Markets / Hedge Fund / Private Equity","9558"
"9046","A4BAE0f39Ccf88b","Rivas Ltd","https://haley.com/","Jamaica","Exclusive regional Internet solution","1970","Computer Games","4703"
"6574","B17FB4e8fbcDBCf","Mckay LLC","https://webb.com/","Brazil","Inverse regional strategy","2009","Wireless","5700"
"5180","f6B1C0Aad6A27fC","Kirby-Hickman","https://www.english-solomon.info/","Morocco","Team-oriented system-worthy capacity","2002","Luxury Goods / Jewelry","179"
"1608","Af61eAa03Cb30C7","Gill, Morgan and Knight","http://www.norton-figueroa.com/","Nauru","Cloned object-oriented protocol","1976","Consumer Electronics","3503"
"3611","cb4aeE62eB4a629","Tyler and Sons","https://henry-howell.com/","Zimbabwe","Enhanced fresh-thinking frame","2002","Animation","3075"
"9759","59cd4FC4680EDD8","Sandoval Ltd","https://www.elliott.info/","Antigua and Barbuda","Synchronized human-resource software","2016","Online Publishing","7112"
"6636","08Fdcd80CFdbF6c","Vang and Sons","http://arellano.com/","Tanzania","Cross-platform client-driven knowledge user","2022","Military Industry","6188"
"9998","B4B92A44e0331Bc","Franklin-Ayala","http://www.torres.org/","Yemen","Polarized exuding orchestration","1983","Financial Services","8951"
"792","8f0f2BD2DcC52CF","Quinn, Avila and Gomez","http://www.buck.info/","Luxembourg","Integrated bandwidth-monitored installation","1978","Legislative Office","4244"
"3057","9B1358F4AFf6D92","Ho, Duarte and Solis","http://weber.com/","Kenya","Ergonomic mission-critical extranet","2019","Non - Profit / Volunteering","3437"
"1981","C0A08e3fEFACBd5","Stuart Group","https://conley.info/","Svalbard & Jan Mayen Islands","Centralized analyzing groupware","1974","Apparel / Fashion","3703"
"3599","3becFfeA0719b04","Brandt, Foley and Webster","http://www.trujillo.com/","Saudi Arabia","Diverse homogeneous functionalities","1996","Legislative Office","3348"
"934","A32bd94Dd2d222e","Keith and Sons","http://stark.com/","Singapore","Profound composite installation","1989","Investment Banking / Venture","6419"
"7425","4Eca68Ee0EC6F65","Benjamin, House and Castillo","http://russell.com/","Brazil","Object-based eco-centric leverage","2014","Information Technology / IT","9536"
"5627","e24B798EfeCFa10","Rosales-Carrillo","http://www.madden.net/","Cameroon","Open-architected mobile challenge","1993","Information Services","4466"
"1683","9Bf46f4D9bFfB53","Medina-Bridges","http://macias.com/","Montserrat","Organized zero administration paradigm","1985","International Affairs","7513"
"4180","f8c2fB1cd7E69Cb","Stark, Benton and Holden","http://www.ryan.biz/","Guatemala","Intuitive analyzing migration","2021","Computer / Network Security","4701"
"6447","aaAbAefD97bbefe","Jackson-Oliver","http://www.bernard.com/","Canada","Total upward-trending infrastructure","1983","Information Technology / IT","2165"
"4117","87D854662aeFd0F","Banks PLC","http://andersen.info/","Yemen","Grass-roots non-volatile functionalities","2017","Events Services","8914"
"989","5f7aEA33e8dfF60","Hampton, Baker and Wilkinson","http://mack.com/","Bouvet Island (Bouvetoya)","Ameliorated even-keeled benchmark","1978","Photography","7210"
"2897","EA21b6CBAFFCb02","Kline, Villegas and Haynes","https://www.gamble.biz/","Bangladesh","Fundamental eco-centric database","2021","Facilities Services","6587"
"3779","0dabaf6ca44eaBF","Hahn, Carpenter and Grimes","http://mcbride.com/","Faroe Islands","Programmable web-enabled synergy","1973","Political Organization","6649"
"5659","2aCeAf8983aC17f","Morris and Sons","https://www.stone.info/","Iraq","Managed systemic alliance","2018","Marketing / Advertising / Sales","8068"
"3094","cB6BbFdEf8Fefdb","Williams-Anthony","http://www.raymond-watkins.org/","Sri Lanka","Cross-group motivating standardization","2005","Consumer Services","2615"
"3156","E4A5Fc6CDE2Eeba","Barajas, Marks and Harrison","https://www.powers-fowler.com/","New Caledonia","Configurable foreground hierarchy","1982","Tobacco","2535"
"1824","88D3b3f7999ddcB","Morris Inc","http://www.cordova.biz/","Bulgaria","Re-engineered non-volatile solution","1970","Transportation","804"
"9623","Bf6bf3acaa99dda","Day Inc","http://www.figueroa.com/","Belarus","Realigned value-added policy","2018","Retail Industry","8817"
"1099","C0a9e0E7B8693B8","Booker-Jacobs","https://www.howard.com/","Croatia","Down-sized grid-enabled access","1998","Management Consulting","4448"
"2845","14E1E456bDD8ac5","Ochoa, Nielsen and Spencer","http://www.ali.biz/","Cambodia","Focused multimedia orchestration","1977","Motion Pictures / Film","988"
"3343","7F15fcb4990cD9A","Melton and Sons","https://avery-thornton.com/","Bahamas","User-friendly transitional orchestration","2006","Machinery","3217"
"39","0D55efbaf06c4cc","Hebert-Spence","http://navarro-rosario.org/","Paraguay","Expanded zero-defect success","1994","Glass / Ceramics / Concrete","1250"
"6541","fB003dfA3073B44","Roth-Soto","https://www.sims-beasley.info/","Gibraltar","Front-line fault-tolerant application","1988","Machinery","4853"
"9474","dbAaD3C9BdE9e2D","Peterson-Evans","https://lowe.biz/","Palestinian Territory","Organic encompassing capacity","1995","Tobacco","323"
"3357","2eA8167EA717f06","Townsend, Osborn and Preston","https://bowers.net/","United States Minor Outlying Islands","Multi-lateral tangible initiative","2000","Electrical / Electronic Manufacturing","916"
"7814","4E8f8419DE1ae9B","Beard-Spears","https://www.hall.com/","Turkmenistan","Enhanced hybrid hub","1982","Outsourcing / Offshoring","5890"
"8221","AA8DFCfEbac5A8f","Hurley Group","http://www.schaefer-hawkins.com/","Hong Kong","Fully-configurable multi-tasking challenge","2000","Media Production","4169"
"9228","9FFa0DFCae1afd9","Moyer Ltd","http://odonnell-diaz.com/","Macedonia","Total zero tolerance solution","1977","Higher Education / Acadamia","7001"
"2429","C2AbFCcDF18fCb2","Santana-Porter","https://hensley.com/","Chad","Balanced human-resource projection","2021","Entertainment / Movie Production","2250"
"5044","Ea3bd16d18f2b2D","Pope, Mahoney and Mullins","http://www.collins.com/","Montserrat","Diverse responsive knowledge user","1977","International Affairs","1379"
"5347","68c8A91E8333Bc6","Nicholson, Massey and Sutton","https://stevens.net/","Spain","Seamless interactive intranet","1981","Outsourcing / Offshoring","4186"
"4812","Cd38aBFAF2BE84E","Macias Group","http://www.kane.net/","Bolivia","Open-architected static groupware","1982","Wholesale","2886"
"8477","Bde777C25a96B6b","Becker-Dunn","https://jarvis.net/","Ghana","Ameliorated exuding orchestration","1982","Electrical / Electronic Manufacturing","784"
"687","fBFeB7e5BB03f4b","Wells-Wallace","https://kerr.com/","Cayman Islands","Focused encompassing array","1996","Military Industry","4497"
"4800","887fa25986Cca8B","Archer-Tanner","https://www.church.org/","Holy See (Vatican City State)","Self-enabling content-based toolset","2013","Legal Services","1994"
"7438","5697feF0Ff10436","Short-Caldwell","http://www.kaufman.net/","Burundi","Robust full-range open system","2001","Computer Hardware","2668"
"2354","b99a47088dbDECb","Jacobs Ltd","https://zuniga.com/","Chile","Optimized 4thgeneration functionalities","1996","Information Services","9922"
"6354","92949FE3D894BC4","Frank-Wagner","http://banks.com/","Kyrgyz Republic","Cloned actuating extranet","2013","Civil Engineering","1349"
"4570","AB20555D748af6f","Good Group","http://www.berry-barnett.com/","Uruguay","Profound solution-oriented extranet","1997","Security / Investigations","3675"
"8214","4F9FCAca506fcf5","Parker-Miller","http://www.sanchez-pratt.com/","Nepal","Open-architected even-keeled budgetary management","1984","Chemicals","851"
"2753","dcC8fA9CeaDD747","Burton-Ryan","https://herring-harrington.net/","Uzbekistan","Phased systemic attitude","2012","Government Relations","1422"
"8074","Ae82eecffd2744C","Novak-Hale","https://www.russell-koch.biz/","Uruguay","Configurable upward-trending protocol","2020","Construction","2986"
"1041","d9238E4aEbbdD8E","Myers Group","http://www.mcclure.com/","Netherlands Antilles","Reduced national emulation","1983","Architecture / Planning","801"
"7492","b5d7cE74068Ea7d","Hood Group","http://caldwell.org/","Cameroon","Re-contextualized explicit encoding","1992","Outsourcing / Offshoring","2154"
"1266","dadD11b1DAf0aBE","Walls-Noble","http://www.freeman.com/","Jersey","Object-based content-based architecture","1975","Security / Investigations","6334"
"9266","a2B2714A3BFF345","Clark-Rush","http://www.ross.info/","Cayman Islands","Profit-focused optimizing extranet","1988","Supermarkets","8238"
"7060","CdCcEd72e8bae2c","Short Inc","http://garrison-benitez.com/","Lesotho","Focused explicit budgetary management","1978","Utilities","6508"
"278","aCC4bEC0Beeee8E","Franco-Mcmillan","https://www.hines.net/","Samoa","Synergized client-driven knowledgebase","1986","Import / Export","8206"
"5085","63F2fBDDbf366b6","Elliott LLC","http://winters.com/","Mauritania","Expanded zero-defect alliance","2000","Package / Freight Delivery","8516"
"2383","fa8F72Ea6f6Ddde","Villegas-Jacobson","http://clements-riley.com/","Tokelau","Grass-roots background software","2022","Wine / Spirits","8065"
"572","c52ea6F55c096dd","Moore Group","http://www.yoder-haas.com/","Guatemala","Extended even-keeled service-desk","1982","Textiles","6396"
"1436","CEb6A314D6B7880","Curtis-Mcfarland","http://mcclure.com/","Mongolia","Inverse demand-driven attitude","2010","Law Enforcement","1721"
"5353","1b3aBfdE619Bd75","Mack PLC","https://burke-holder.com/","Saint Vincent and the Grenadines","Enhanced optimizing structure","2000","Apparel / Fashion","9836"
"5446","8BA6e6C7abccE9B","Chambers, Cowan and Pennington","http://www.mosley-willis.com/","Eritrea","Quality-focused user-facing access","2000","Music","3795"
"1008","A58B02b8Db8c17c","Maddox PLC","http://www.snow.net/","Micronesia","Profound modular process improvement","1972","Computer Networking","9372"
"4544","41965c2CE2D50D0","Church, Phillips and Stuart","https://www.vaughan.org/","Ecuador","Multi-lateral asynchronous database","1980","Graphic Design / Web Design","6382"
"8817","b6b251B1DebFF80","Koch and Sons","https://www.skinner.com/","Lao People's Democratic Republic","Object-based tertiary structure","1975","Wireless","1942"
"2065","89dd2E0d59E027D","Jennings-Adams","https://romero-livingston.com/","Czech Republic","Fully-configurable human-resource policy","2008","Individual / Family Services","8917"
"1137","64cBfEa7cD34a9A","Ramsey PLC","http://www.bartlett.info/","Greece","Persevering dynamic solution","2019","Health / Fitness","1439"
"5344","E6EC2D728eCACCB","Davila and Sons","https://www.wyatt-jarvis.com/","Cape Verde","Exclusive client-driven collaboration","1987","Restaurants","2167"
"295","8643ABFEdF8fb56","Rogers Ltd","http://strong-walton.com/","Ghana","Customizable eco-centric benchmark","1978","Fishery","4744"
"2404","e5ccc4ac7e4AefA","Mcneil, Whitehead and Hale","https://bolton.com/","Egypt","Mandatory reciprocal portal","2018","Law Enforcement","3100"
"3999","dE4EFd84B5DAA76","Melendez-Roth","http://flores-stewart.com/","Turks and Caicos Islands","Switchable client-server infrastructure","1999","Package / Freight Delivery","1272"
"3742","1Cd6B89A4Aa1c6f","Wilcox PLC","http://www.villanueva.info/","Bulgaria","Optimized didactic secured line","1973","Fundraising","615"
"9223","b40d7fDB33B4bA1","Yu, Maldonado and Browning","http://bird.com/","Malaysia","Compatible logistical model","1999","Medical Practice","4493"
"2720","A921481e1C1e906","Gibson-Burnett","https://www.walter.biz/","Guam","Polarized systemic website","2010","Medical Equipment","9225"
"9200","ADfec48E7813cb4","Sutton-Ellison","http://waller.org/","Croatia","Face-to-face mission-critical paradigm","1979","Industrial Automation","451"
"5151","fe2B9CC5cFFFE91","Mejia, Barrera and Davies","http://barron-rose.net/","Switzerland","Decentralized neutral hierarchy","1974","Legislative Office","3331"
"2809","703ec369326c12a","Mckenzie-Jones","http://www.riggs-ellis.info/","Uzbekistan","Business-focused value-added standardization","1995","Religious Institutions","247"
"557","586A45C4E4BFeAE","Conrad, Holt and Huang","http://kidd-luna.org/","Nigeria","Compatible impactful analyzer","2016","Entertainment / Movie Production","6730"
"8926","A6bCD12B08c218d","Andrews-Owen","http://russo-osborn.info/","Rwanda","Reverse-engineered well-modulated Graphic Interface","2000","Medical Practice","7544"
"4796","0Ed35CE3158E03b","Taylor-Marquez","https://beltran-lowery.com/","Eritrea","Stand-alone foreground firmware","2011","Banking / Mortgage","5030"
"2470","EEFd8eE6c4c703f","Finley-Keith","http://www.johns-odonnell.com/","Dominican Republic","Reactive system-worthy solution","1995","Electrical / Electronic Manufacturing","9396"
"3739","68Eec016f89893A","Holt-Landry","http://soto.com/","Benin","Polarized multi-tasking forecast","1989","Mechanical or Industrial Engineering","7286"
"4287","79E1A31b62C21db","Cole Inc","http://www.gibson.com/","Hong Kong","Pre-emptive web-enabled parallelism","2009","Facilities Services","1537"
"2605","3b4d74C7BfEaf1c","Velez, Sharp and Shea","https://www.washington.com/","Senegal","Persevering system-worthy emulation","1985","Human Resources / HR","8024"
"363","9c8146D4a1eEF4C","Benson-Huerta","https://daugherty-bennett.info/","Jamaica","Reduced upward-trending Internet solution","2000","Package / Freight Delivery","6136"
"6925","ab2bA6E93Afa07D","Richards, Benson and Rodriguez","https://www.greer.com/","Turks and Caicos Islands","Grass-roots stable extranet","2017","Primary / Secondary Education","8984"
"1705","ef304DF59e6Dabb","Chen and Sons","https://warren.org/","Bahamas","Sharable logistical circuit","1983","Government Administration","837"
"2140","dAAFde2bae51B4F","Beltran, Montgomery and Marsh","https://johns.info/","Cote d'Ivoire","Sharable transitional product","1973","Industrial Automation","1396"
"3240","159cc4e45CD97Bb","Christensen-Glover","http://pollard-carroll.com/","Lao People's Democratic Republic","Organic system-worthy leverage","1999","Capital Markets / Hedge Fund / Private Equity","6663"
"2384","4eDAe06dE723d7C","Singleton, Fox and Baird","https://www.velasquez-mcintosh.info/","Saint Pierre and Miquelon","User-centric web-enabled matrices","2013","Construction","9452"
"7315","2DdB2EDCbcBd8AA","Hanna Ltd","http://delacruz.com/","Fiji","Managed cohesive complexity","1976","Alternative Dispute Resolution","8090"
"4312","17C419E20A9e2E0","Ruiz Ltd","https://carrillo.info/","Guyana","Monitored motivating emulation","2004","Consumer Goods","8164"
"1313","F5E1aCdcFF61d9D","Dorsey-Harvey","http://keith.com/","Algeria","Optimized transitional Internet solution","2009","Information Technology / IT","3234"
"3931","83bC6eD658fbD7F","Dougherty-Ewing","http://www.estrada.com/","Kenya","Customizable upward-trending alliance","2012","Insurance","5272"
"6184","eFF37557265de7E","Hodges, Fitzgerald and Gonzales","https://www.lowery.org/","Zimbabwe","Upgradable context-sensitive Internet solution","1991","Wine / Spirits","2332"
"1592","c87eeEd70660bEB","Villegas, Deleon and Perkins","https://www.macias.com/","Mauritius","Implemented leadingedge circuit","1971","Food / Beverages","6545"
"9388","5187163c1eeEADd","Christensen LLC","https://castillo.com/","Belgium","Pre-emptive uniform leverage","2020","Electrical / Electronic Manufacturing","9826"
"2163","b192CaeF1fE68cd","White-Mckee","http://www.harris.info/","Chile","Enterprise-wide next generation support","2003","Entertainment / Movie Production","4601"
"2397","2AAdbFfE07B75D3","Weiss, Hughes and Randolph","https://reeves.com/","Morocco","Self-enabling executive productivity","1976","Staffing / Recruiting","1132"
"318","6EE2De9eeDc1C8f","Case Group","https://www.faulkner.net/","New Zealand","Reverse-engineered actuating challenge","1974","Publishing Industry","7823"
"5234","e11914366F588A5","Mckay Ltd","http://mann.com/","Peru","User-friendly optimal groupware","1975","Wine / Spirits","506"
"5069","d55503e0e7E4F3f","Shah Group","http://castro-lozano.net/","Canada","Operative grid-enabled Graphic Interface","1988","Museums / Institutions","5077"
"4037","0BF5D297132232C","Daniels, Holder and Ritter","https://www.perkins.org/","Lebanon","Adaptive homogeneous Internet solution","2008","Pharmaceuticals","6879"
"3021","F9FEcbca487C742","Terrell-Vance","https://www.barrera.org/","Martinique","Multi-lateral methodical portal","2018","Computer Networking","971"
"8229","1F95E18f8ADBDEc","Baldwin-Burton","https://hays.biz/","Bahrain","Managed local service-desk","1983","Performing Arts","8405"
"5296","22f36f75eE49Eef","Wise-Hayes","https://www.hart.net/","Belize","User-centric 6thgeneration open system","2001","Construction","4432"
"3973","0bC2BdA621DfC2F","Murphy Ltd","http://www.eaton.com/","Slovenia","Grass-roots dynamic projection","2013","Government Administration","8325"
"5371","735CC01A0F4Dd4d","Stout-Dixon","http://www.medina-chapman.biz/","Mauritania","Function-based 5thgeneration framework","1979","Restaurants","3304"
"4134","2cEC6ec47684bA5","Valdez, Stafford and Kidd","https://cisneros-blair.com/","Algeria","Fundamental regional collaboration","1970","Investment Management / Hedge Fund / Private Equity","9044"
"975","28B0Ad4b50eaa52","Li-Meyer","https://frey.com/","Azerbaijan","User-friendly composite frame","1991","Animation","8092"
"7292","bC87115EbE3cEE0","Guzman-Mckinney","https://murray.com/","Trinidad and Tobago","Right-sized clear-thinking parallelism","1982","Railroad Manufacture","5201"
"955","3B1C44525421Caf","Baldwin-Beck","http://www.holmes-morse.com/","Bosnia and Herzegovina","Persevering contextually-based protocol","2011","Writing / Editing","6249"
"9307","8C2f76A133B8Bca","Mathews-Marsh","https://www.harding.net/","Bolivia","De-engineered content-based archive","1978","Legal Services","2216"
"5017","578E14e679D62af","Pratt LLC","http://www.erickson.com/","Pakistan","Implemented explicit knowledgebase","1994","Publishing Industry","1330"
"9731","4aE4adA13a8bd9D","Stone Ltd","http://morgan.org/","El Salvador","Managed zero administration monitoring","1985","Computer Games","5653"
"7491","6e1bC54e1ddB1DC","Snyder-Foster","http://bolton.com/","Togo","Reduced non-volatile array","1972","Paper / Forest Products","1956"
"1641","7beFC1deA1cD975","Villegas PLC","http://www.carter.com/","Holy See (Vatican City State)","Assimilated background conglomeration","2008","Investment Banking / Venture","6042"
"1291","E32651B79ef5BE0","Wu, Mcgee and Adams","http://owen-mccoy.com/","Philippines","Fully-configurable content-based interface","1986","International Affairs","8696"
"1381","7AA186C7f94bBc9","Allison, Richmond and Vazquez","http://www.rangel-bartlett.com/","Mauritania","Digitized static data-warehouse","1992","Real Estate / Mortgage","5381"
"1934","A51e2D7fEDB371f","Hill-Gutierrez","https://clements-mercer.com/","Austria","Versatile incremental policy","2019","Building Materials","3594"
"4676","fa8D3bA1F82EF9c","Richard, Willis and Hendricks","http://wong.biz/","Aruba","Enterprise-wide composite installation","2004","Environmental Services","4692"
"893","12FEeA9Ad0CeB8C","Fry, Ferrell and Jennings","https://www.underwood-dennis.com/","Cook Islands","Multi-lateral zero-defect frame","1975","Law Practice / Law Firms","8808"
"7288","4091AbDBbEE92FB","Maynard, Kline and Chapman","https://russell.info/","Barbados","Proactive empowering projection","1983","Writing / Editing","2279"
"4877","efd9f1C50D344eb","Potts-Meza","http://gonzales-salinas.com/","Hungary","Enterprise-wide exuding secured line","2010","Telecommunications","1808"
"7907","3ECCd847ccAE6f9","Nixon-Fleming","http://hodge.com/","Sao Tome and Principe","Vision-oriented heuristic open system","2000","Health / Fitness","2289"
"8195","f64bB7a28fC2FcD","Perez, Warner and Hodge","http://stevenson.com/","Comoros","Devolved web-enabled matrices","1971","Information Technology / IT","349"
"9380","f145ebd5D6546F4","Bonilla PLC","https://ibarra-charles.info/","Montserrat","Advanced neutral migration","2009","Warehousing","3461"
"2467","dcd60bEdb7D6aA5","Chang and Sons","http://www.flowers-vargas.biz/","French Southern Territories","Monitored real-time task-force","2009","Photography","246"
"7658","cbFa5df6bcbbc7a","Koch-Freeman","https://www.carney.com/","Austria","Profit-focused maximized function","2004","Mining / Metals","4884"
"1914","4De2da9BDC05d43","Mcconnell and Sons","https://www.ortega-hardy.com/","Gambia","Fundamental modular data-warehouse","2000","Insurance","8983"
"2737","72aEFA2EecDC4eb","Benjamin, Schmidt and Valdez","https://guzman.com/","Argentina","Polarized encompassing forecast","2006","Financial Services","1098"
"727","aAE265B2D35aFdB","Marshall, Benton and Nielsen","http://russell-perkins.info/","Christmas Island","Re-contextualized directional knowledge user","2007","Computer Hardware","1306"
"7215","FA6Cced1D9a7f47","Jefferson PLC","http://valdez-washington.biz/","Cuba","Cloned multimedia challenge","2012","Research Industry","8219"
"8246","DFB24377E7d517e","Arnold LLC","http://everett-figueroa.net/","Wallis and Futuna","Diverse bifurcated budgetary management","1993","Banking / Mortgage","3362"
"1797","aBCBbbce8CfF9CA","Cobb Ltd","https://www.avery-skinner.com/","Senegal","User-friendly foreground Internet solution","1975","Legal Services","9711"
"3846","DeEB9aF2c2BEFA9","Solis, Johnston and Hahn","http://www.pope-zhang.com/","Armenia","De-engineered regional initiative","1991","Wireless","9253"
"6403","be9b299151Dec1C","Cabrera-Clarke","http://serrano.biz/","Singapore","Optimized local definition","1999","Gambling / Casinos","4021"
"937","cfAac2f75e1EdA8","Hutchinson-Donovan","http://mueller.com/","Chad","Re-engineered object-oriented customer loyalty","1997","Staffing / Recruiting","8277"
"2266","dF76eeA78bcEa76","Tanner, Baldwin and Bailey","http://www.mercado.net/","Guyana","Customer-focused empowering definition","2016","Retail Industry","4228"
"825","84c2F3682115D50","Nash Group","http://may.biz/","Spain","Automated 6thgeneration open architecture","2015","Motion Pictures / Film","8888"
"7275","BE005e2a8FA8bdb","Rose, Stanley and Nixon","http://www.mora-robinson.biz/","Equatorial Guinea","User-friendly background strategy","2005","Consumer Goods","4739"
"1390","8E9E5Dd8CcD8766","Collins, Boone and Castaneda","https://gallegos-christensen.com/","Ukraine","Integrated national project","1987","Museums / Institutions","468"
"3565","4d8CeEbC1CefD85","Hahn, Dillon and Odom","https://www.perkins.com/","Cocos (Keeling) Islands","Networked modular leverage","1997","Philanthropy","4963"
"5430","68E5f6c9a8e95d8","Graham Inc","https://mann.net/","Senegal","Vision-oriented radical portal","1978","Venture Capital / VC","9755"
"7828","7FF7c5dFd4a8ABa","Beltran LLC","https://www.sheppard.biz/","Philippines","Up-sized heuristic project","1999","Import / Export","7768"
"5691","AEff6Fd9a5825c4","Fitzgerald, Raymond and Little","https://townsend-greene.com/","Uzbekistan","Grass-roots optimal benchmark","2016","Capital Markets / Hedge Fund / Private Equity","4062"
"7879","de3dB7B6381c5e3","Woodward Group","http://www.mejia-neal.com/","Azerbaijan","Configurable discrete array","1993","Computer Software / Engineering","8680"
"1869","403aEC8E23Bdc2A","Kramer Inc","http://www.bowen.com/","Tajikistan","Innovative static protocol","2004","Financial Services","2741"
"8203","83aa6F4DeeCc718","Bryant, Rich and Ray","http://mills.com/","El Salvador","Seamless dynamic moderator","2016","Human Resources / HR","7030"
"7487","28e08e3ef7A1daf","Hinton, Watkins and Morris","http://harmon-bruce.org/","El Salvador","Customer-focused intangible open architecture","1996","Food Production","659"
"807","BC93D0fa5fcFCDd","Lawson and Sons","http://www.bender.info/","Guyana","Universal mission-critical capacity","2015","Computer Hardware","8813"
"4806","0Bcce0232dedBE0","Abbott, Liu and Sherman","https://day.com/","Bhutan","Optimized fault-tolerant Local Area Network","1981","Music","4826"
"9153","Ca5bad07B3ed8fB","Bird-Lloyd","http://www.patel.org/","Malta","Compatible coherent benchmark","1995","Fine Art","1202"
"7512","0bAA03aEeA5a227","Spears PLC","https://mooney.com/","Botswana","Team-oriented client-server productivity","1973","Venture Capital / VC","9992"
"8057","d5f4a6A76f3c1eC","Cardenas Ltd","http://nichols.com/","Chad","Realigned coherent system engine","1984","Building Materials","225"
"4495","8bA766847DBd7d2","Lucero, Gibson and Stokes","https://www.forbes.com/","Ethiopia","Function-based impactful focus group","1993","Food Production","2963"
"2633","b0cF6ed8aCb26bd","Mclaughlin Inc","https://www.estrada-graham.com/","Norfolk Island","Inverse context-sensitive strategy","2020","Education Management","8194"
"8901","DBFa486cE96a6cc","Solomon Inc","http://rivas.biz/","Timor-Leste","Balanced even-keeled model","1974","Biotechnology / Greentech","3339"
"8624","eFE3cCc32d31d7f","Cohen-Jackson","http://www.sparks-kelley.com/","Botswana","Business-focused client-server website","1975","Computer Networking","1093"
"7833","Cb35d9F0Dabd6eA","Lowe-Erickson","https://www.vasquez-shaffer.com/","Dominican Republic","Streamlined radical neural-net","2003","Media Production","8173"
"4389","9649d92EDa227b5","Willis, Robbins and Schneider","https://www.hester.info/","Slovakia (Slovak Republic)","Versatile background standardization","1972","Supermarkets","438"
"146","efdDfd4C048B4DC","Levy-Olsen","https://www.stuart.com/","Equatorial Guinea","Implemented impactful migration","2004","Music","8074"
"6468","5D6DEd3Bdba12ab","Brooks Inc","https://www.ball.info/","Burkina Faso","Pre-emptive asymmetric moderator","2000","Business Supplies / Equipment","7302"
"2034","2ceB6EFf1Da05cB","Richardson Inc","https://www.hayden-dawson.org/","Malawi","Enterprise-wide zero-defect circuit","1973","Leisure / Travel","135"
"9128","60ca6CCc0fAFBE7","Lopez LLC","http://long.com/","Cambodia","Reactive disintermediate projection","2017","Hospital / Health Care","2195"
"1166","c7FCd5bFeB3Db40","Charles, Hickman and Bautista","http://www.bird.biz/","Germany","Future-proofed client-driven capacity","1972","Law Enforcement","862"
"2051","404EF5b8fC9cBb3","George Ltd","https://www.jenkins-alvarado.com/","Iran","Intuitive 3rdgeneration matrix","2019","Alternative Medicine","6001"
"3761","DF5C22d573C9F50","Robertson, Obrien and Mason","https://reed.com/","Mexico","Realigned regional process improvement","2015","Warehousing","7621"
"4436","Af0301C49eDb089","Blanchard and Sons","https://www.pineda-liu.com/","Botswana","Face-to-face non-volatile implementation","1983","Machinery","6188"
"3431","deD0Be7adCF8B1d","Salazar LLC","http://www.osborne-villanueva.com/","Estonia","Switchable upward-trending emulation","2019","Dairy","9171"
"8191","CB9EE31D5cBfa15","Underwood-Heath","http://valencia.com/","Egypt","Object-based bi-directional Local Area Network","1989","Library","9066"
"8754","b5cEBB9a2511F1b","Keith, Frye and Herman","http://www.mckee-watkins.org/","Malawi","Programmable scalable matrix","1975","Capital Markets / Hedge Fund / Private Equity","9962"
"7070","Ee058bEf989f69F","Skinner, Singleton and Frank","https://wong.info/","Pitcairn Islands","Focused bandwidth-monitored frame","1999","Photography","9074"
"4362","C8eaC7207E059aa","Hines-Meyers","http://fitzgerald.com/","Mexico","Multi-layered multimedia middleware","2014","Public Relations / PR","7739"
"1772","fEDe54817862b7E","Humphrey-Lee","https://www.montoya.com/","Seychelles","Proactive stable extranet","2010","Venture Capital / VC","4682"
"3512","fCdf11c7bBCB05B","Stone, Gibbs and Clay","https://www.alvarez.com/","Faroe Islands","Focused logistical synergy","1984","Judiciary","2012"
"272","8ca1e9Cbac5aE04","Randall LLC","http://www.holloway-washington.info/","United States of America","Universal hybrid projection","1985","Computer Software / Engineering","9419"
"8437","9eebEEef6AEAA1E","Wells-Payne","https://www.duffy-jones.com/","Senegal","Intuitive non-volatile contingency","2006","Retail Industry","1064"
"2033","952e4aDcD3EE24B","Duran, Valencia and Sampson","https://www.richards-bentley.com/","Zambia","Grass-roots analyzing matrices","2009","Computer Software / Engineering","407"
"9665","5A61621BFaEB8Ff","Hughes-Howard","https://banks-robertson.com/","Russian Federation","Team-oriented mobile capability","2009","Non - Profit / Volunteering","1206"
"3811","A4b2Ae99A265eb3","Carroll-Kane","https://www.braun-wilkins.com/","Tajikistan","Public-key cohesive model","2014","Motion Pictures / Film","1515"
"4347","f72a4fe3ee3c0B4","Estrada, Fox and Barron","https://garner-delgado.net/","Niger","Up-sized uniform time-frame","2009","Wholesale","7240"
"546","5890C89EA2DCeEa","Ortiz, Villanueva and Mendez","https://holmes.com/","Belgium","Future-proofed well-modulated policy","1972","Leisure / Travel","2132"
"3242","dAbA2bb3C7cDf4C","Vincent-Curtis","http://schroeder-higgins.com/","Hungary","Extended tangible workforce","1991","Alternative Medicine","4903"
"8503","51f5C073bff5f2D","Marsh, Clements and Lambert","https://www.dunn.biz/","Norfolk Island","Horizontal bottom-line algorithm","1973","Building Materials","9820"
"9919","a8AADbDE6CBCAFC","Bartlett, Freeman and Cantrell","https://www.montgomery.com/","Bangladesh","Expanded fresh-thinking contingency","1981","Financial Services","6471"
"7565","C4a61fCE48C641b","Stone, Bautista and Macdonald","https://holloway-frank.com/","Cambodia","Open-architected 6thgeneration customer loyalty","1979","Glass / Ceramics / Concrete","3150"
"921","F57FFFfa1BDd56F","Ellison-Mcconnell","https://may.com/","Tonga","Programmable zero administration success","2005","Packaging / Containers","9564"
"9119","f32ee5509b8D079","Woodard and Sons","https://gonzales.net/","New Zealand","Profit-focused didactic workforce","1997","Leisure / Travel","3819"
"6641","34d302bBf66Bb1D","Holden, Castaneda and Frank","https://www.hamilton.com/","Uruguay","Proactive systemic open architecture","1981","Consumer Goods","1982"
"7695","0a4A6650E9DCddb","Camacho-Lindsey","http://chavez-curry.com/","Macao","Organic regional help-desk","1973","Online Publishing","5780"
"8231","4a4257897de9CD1","Hayes-Doyle","http://www.krueger-goodman.com/","South Africa","Digitized actuating collaboration","2007","Performing Arts","5598"
"7127","ACBc4C7A5FFbBf0","Cuevas Inc","http://bird.info/","Saudi Arabia","Seamless multi-state open architecture","2021","Computer Games","6032"
"4279","2aCB9a2BCC1adEC","Rocha-Bernard","http://www.bradley.com/","Saint Vincent and the Grenadines","Multi-lateral multi-tasking access","1998","Business Supplies / Equipment","8660"
"2984","fcb9BC50Fc25697","Knapp-Callahan","http://www.ford.com/","American Samoa","Compatible fault-tolerant policy","1971","Wireless","9430"
"131","9aEeD33350BA0a1","Gillespie-Potts","https://www.franco.com/","Jersey","Object-based attitude-oriented customer loyalty","1975","Insurance","6297"
"7981","CEB10aD67131D09","Horton, Gonzales and Mcclure","http://www.stanton-cummings.com/","Cuba","Integrated incremental monitoring","2006","Alternative Dispute Resolution","9801"
"2668","F35dF4f94419fc4","Bates-Gutierrez","http://wu-haas.com/","Germany","Quality-focused bottom-line infrastructure","2010","Ranching","3733"
"7139","CcDa0FC5d4aE82D","Ware-Case","https://deleon.com/","Brazil","Secured leadingedge capacity","1978","Machinery","5099"
"3224","8D1DCDcF0184FBC","Hamilton, Blake and Odom","http://www.benjamin.com/","Argentina","Monitored solution-oriented projection","1999","Government Administration","6713"
"7694","b8dd6c8F763AF72","Moss LLC","http://www.bender.com/","Mozambique","Upgradable 5thgeneration function","1999","Outsourcing / Offshoring","7919"
"5393","3b938fe8d44dfdE","Velasquez, West and Spence","https://www.esparza.net/","Norfolk Island","Fully-configurable analyzing task-force","1980","Online Publishing","4421"
"615","17D09Ea254B95cA","Barrett, Carter and Steele","https://www.hutchinson.com/","Timor-Leste","Persistent holistic policy","1990","Farming","4432"
"9903","2A8AE4Cfebd8E8b","Bean-Cantu","http://stone-johns.info/","Puerto Rico","Innovative empowering help-desk","1996","Food Production","63"
"1467","E6077Fa0aD035bd","Franklin and Sons","https://hanna-peterson.com/","Qatar","Enhanced real-time success","1971","Environmental Services","4195"
"4498","ad49aCC62A2DCEa","Rice-Estes","http://www.sparks.biz/","Saint Lucia","Profit-focused foreground implementation","2010","Commercial Real Estate","9449"
"3043","CE67afD51DBaBe9","Clarke Ltd","http://james-meza.info/","Germany","Operative upward-trending throughput","2021","Government Relations","9465"
"2420","bdcecC29debfda8","Roach, Rojas and Zhang","http://www.mccullough.com/","Netherlands Antilles","Open-architected full-range open architecture","2008","Environmental Services","4602"
"5086","BB4fcf684C0C40E","Peters Ltd","https://www.burgess.org/","Georgia","Proactive client-driven framework","1998","Photography","6312"
"3295","b44Df6F5cdB9691","Hogan PLC","http://woodard.com/","Serbia","Function-based national architecture","1977","Facilities Services","3806"
"6738","D4195C2FCFfC3fd","Lambert Inc","http://www.harmon-blair.biz/","Falkland Islands (Malvinas)","Automated attitude-oriented toolset","1997","Civic / Social Organization","655"
"1501","0c464dE19bAA7cb","Tapia, Rush and Rich","https://mays-jordan.net/","Netherlands Antilles","Sharable foreground capacity","1992","Commercial Real Estate","374"
"1522","eBEa8Da295E0fF3","Mathis, Neal and Fitzpatrick","http://www.mcconnell.com/","Guam","Monitored explicit parallelism","2018","Luxury Goods / Jewelry","2616"
"9118","31F55AA5a5CDcc1","Nguyen Ltd","https://www.best.com/","Argentina","Networked non-volatile matrices","1976","Human Resources / HR","5713"
"4233","FB9D08a8A07A87c","House-Park","http://www.knapp-morgan.info/","Sweden","Expanded reciprocal hardware","2013","Industrial Automation","5772"
"7687","c32CAf9ca3F39B2","Long LLC","https://grant.com/","Micronesia","Quality-focused eco-centric algorithm","1977","Package / Freight Delivery","326"
"4431","3fE1d3ACAf1bea1","Santos, Mccann and Raymond","http://waters.biz/","Taiwan","Compatible optimal infrastructure","1975","Pharmaceuticals","6661"
"391","f47fefAba92Be60","Schwartz PLC","http://moss.info/","Algeria","Seamless non-volatile capacity","1982","Entertainment / Movie Production","2447"
"9859","7cf4EC4CED1BAAb","Ibarra Group","https://martin.org/","Bermuda","Diverse transitional definition","1970","Online Publishing","3720"
"7125","E1CceAd0e3A01b8","Schwartz, Cabrera and Guerrero","http://wood-werner.com/","Malta","Integrated multimedia encryption","1971","Entertainment / Movie Production","3869"
"5914","9FC8b110e1cbEde","Snyder, Joyce and Odonnell","http://www.odom.com/","Kenya","Versatile didactic open architecture","1974","Judiciary","3335"
"8593","bCBe4968eda52C9","Manning-Whitaker","http://chang.com/","Pitcairn Islands","Robust high-level function","1988","Dairy","9934"
"4807","EcE5716CBCdA605","Sanders Ltd","http://www.wise.org/","Egypt","Cross-platform background monitoring","2012","Consumer Services","5362"
"8955","E4Fdb3A5a7Fa203","Decker, Ho and Frey","http://clark.org/","Norway","Optimized zero tolerance matrix","2010","Railroad Manufacture","5000"
"8239","5DADce9CFC7eDB5","Mcneil-Gonzalez","http://www.garza.com/","Estonia","Customizable empowering leverage","2005","Pharmaceuticals","1951"
"8045","65C650Ee7FDBAFb","Neal-Knight","http://bentley.biz/","Macao","Seamless bi-directional Graphical User Interface","2000","Construction","3278"
"9783","b5442b94e5A7b90","Young-Townsend","https://www.simmons.info/","Lesotho","Sharable attitude-oriented core","1989","Computer Hardware","5896"
"3994","4aCa973a9Bbc5fe","Rush, Mccall and Santiago","http://washington.com/","Iceland","Team-oriented web-enabled budgetary management","1973","Law Practice / Law Firms","3498"
"9552","FCcE79Da3D1f758","Wilkins, Franklin and Roy","http://hart.com/","Mauritius","Function-based coherent data-warehouse","1984","Investment Management / Hedge Fund / Private Equity","5740"
"6610","fCa8CEEA9aeb49B","Spence, Fleming and Randall","http://www.stevenson.com/","Rwanda","Future-proofed human-resource model","1998","Fishery","7507"
"5320","FdDd0bC31d1Eed4","Dickson-Gardner","http://www.acosta.com/","Gambia","Streamlined client-driven product","1993","Ranching","7430"
"7120","a87c67bbCaB8bD9","Lambert Group","http://white.com/","Sao Tome and Principe","Multi-channeled object-oriented function","1995","Arts / Crafts","6767"
"2422","DcF2EAC5b23524c","Dean, Walton and Robinson","https://evans-villegas.com/","Iran","Advanced disintermediate concept","1988","Recreational Facilities / Services","6194"
"5605","3FdAF52b07b5bac","Zamora-Graves","http://www.williamson.org/","Andorra","Distributed uniform hub","2006","Nanotechnology","7941"
