"Column_1","Column_2","Column_3","Column_4","Column_5","Column_6","Column_7","Column_8","Column_9"
"1665","CA1d506bC982eD2","Good and Sons","http://www.francis.com/","Cocos (Keeling) Islands","Multi-tiered homogeneous portal","2014","International Affairs","2244"
"9205","f0E732a2562fd7F","Ibarra-Tate","http://www.jimenez.com/","Kiribati","Fundamental regional workforce","1979","Supermarkets","536"
"1932","288b2fFDa16cbD5","Wiley-Copeland","http://khan.com/","India","Cross-group regional projection","2015","Consumer Electronics","4972"
"9667","cA1f80FEB2293D1","Bowman-Flynn","http://cardenas.net/","Ireland","User-friendly full-range analyzer","2009","Individual / Family Services","9077"
"1151","474537F3A37Fedd","Friedman LLC","http://salas.org/","Malta","Multi-tiered high-level toolset","2016","Computer Software / Engineering","487"
"2839","2F69029456c3f7a","Espinoza LLC","http://li.com/","Guadeloupe","Re-contextualized grid-enabled interface","2001","Hospital / Health Care","6280"
"5950","cFE3804fCbEDDfD","Lawrence Group","https://www.rogers-rivera.com/","Jordan","Future-proofed encompassing encoding","1991","Logistics / Procurement","2455"
"8309","2d656ce513A4d88","Leblanc Ltd","http://www.guzman-fisher.biz/","Gibraltar","Extended tangible forecast","2012","Venture Capital / VC","7573"
"8933","0dFc7DFAa73Eba0","Berger-Li","http://www.dunn-watts.com/","Iran","Upgradable tangible customer loyalty","1985","Market Research","1002"
"9789","b5c89cFA8d20efA","Durham LLC","https://www.clements.com/","Togo","Inverse disintermediate customer loyalty","2021","Law Practice / Law Firms","2210"
"5178","FC9C230e7A452eA","Guzman and Sons","http://www.blair.com/","Malta","Innovative holistic challenge","1993","Food Production","295"
"831","bb3C84cacEEd19B","Simmons PLC","http://www.bass-reid.com/","Albania","Compatible hybrid moratorium","1993","Market Research","3905"
"8312","62Da5FC847c41C8","Bender PLC","https://www.banks-hendricks.com/","Congo","Advanced hybrid synergy","1993","Arts / Crafts","2064"
"4753","cEdf4ddD78A7D63","Durham, Maddox and Rasmussen","http://burgess-whitehead.com/","Vanuatu","Enhanced radical frame","1996","Transportation","5694"
"9851","f1CbD948f77EB8B","Morse-Gilbert","http://graham.com/","Malta","Organized secondary artificial intelligence","1989","Fundraising","8307"
"636","dfDF3FAF7e9Dbe1","Barker Ltd","http://ballard.org/","Saint Vincent and the Grenadines","Enterprise-wide radical Graphic Interface","1984","Environmental Services","2204"
"4466","7D2D132c0dC578a","Lam-Davidson","https://mcmahon.biz/","Cote d'Ivoire","Decentralized client-driven Graphical User Interface","1971","Civic / Social Organization","3205"
"6800","BcB31Bd9dEA6120","Richard PLC","http://www.shepherd-jenkins.com/","Gambia","Devolved motivating archive","2019","Investment Management / Hedge Fund / Private Equity","1378"
"7988","1aA6F84496aaeEd","Blackburn-Evans","https://wang-guerrero.com/","Guernsey","Business-focused disintermediate framework","1996","Textiles","8671"
"7080","bBa792899c09658","Brewer Inc","https://brown-villegas.com/","Thailand","Customizable analyzing Local Area Network","2009","E - Learning","3946"
"6967","994dF228eEe9Fb2","Rowland-Carson","https://riley-rowland.biz/","Guernsey","Fundamental human-resource methodology","1973","Computer Networking","152"
"4143","6cBe51c0E31ecEA","Brady, Jacobson and Estrada","https://www.hatfield.com/","Thailand","Front-line high-level Graphical User Interface","1991","Oil / Energy / Solar / Greentech","8176"
"7028","a2105ffefBc05Fa","Knight Group","http://www.garza.com/","Zimbabwe","Right-sized client-driven parallelism","1974","Logistics / Procurement","9174"
"9184","F8CC70B80Ce0740","Johns-Everett","https://www.berg-leonard.com/","Yemen","Inverse high-level intranet","1983","Business Supplies / Equipment","2438"
"877","1023a46fca08C2E","Cruz-Kelley","https://www.chase.com/","Fiji","Total bottom-line strategy","1983","Consumer Goods","4365"
"4870","e3488AFDfcf1AFd","Buck-Dudley","https://rhodes.org/","Ghana","Fully-configurable actuating methodology","2005","Import / Export","439"
"5316","c0FBBc512fEDD66","Rich-Higgins","http://www.weber.com/","Ireland","Focused mission-critical infrastructure","1989","Consumer Services","8599"
"5223","F4a253948A050Be","Wall Ltd","https://pearson.com/","Bangladesh","Cross-group demand-driven service-desk","2013","Transportation","2176"
"5","6CDCcdE3D0b7b44","Diaz, Robles and Haley","https://www.brooks-scott.net/","Botswana","Inverse intangible methodology","2013","Nanotechnology","3135"
"3052","Dffa6Cc4Cda83aB","Terry, Stewart and Ibarra","https://www.flowers-novak.biz/","Wallis and Futuna","Ergonomic motivating interface","1996","Plastics","7747"
"5692","39D4e7aE7d2A716","Thompson and Sons","https://www.gallagher-garrett.com/","Trinidad and Tobago","User-friendly responsive synergy","2019","Non - Profit / Volunteering","1462"
"3125","1ffeFb3b6050B05","Barron, Jacobs and Mcmahon","http://parker-herrera.org/","Jordan","Right-sized needs-based toolset","2016","Medical Practice","9950"
"2492","0f807f4A9C7ABCA","Bullock, Hanson and Travis","https://www.tran.com/","Seychelles","Profit-focused bi-directional matrices","1993","Arts / Crafts","4434"
"3855","B364f2FF3BEf0c7","Jones, Collins and Park","https://www.zimmerman.com/","Dominica","Monitored transitional open system","1988","Printing","3194"
"4778","3fbf59BE6fd0fde","Baldwin, Richard and Huerta","https://cooper.biz/","Togo","Multi-channeled value-added Graphical User Interface","2015","Automotive","4550"
"7510","dbFdAfa73D6b891","Gallegos, Manning and Hendrix","https://www.padilla.biz/","Swaziland","Pre-emptive high-level throughput","2016","Information Services","9497"
"6458","efaEEafd5bcAcC8","Hardin-Collins","https://www.mathis.com/","Turkey","Fundamental leadingedge hub","1995","Medical Practice","4010"
"6294","5aab1FC47aD02cE","Love, Boone and Branch","https://www.moody.com/","Tonga","Expanded context-sensitive algorithm","1986","Publishing Industry","8994"
"1149","f3d731c337Ee9c3","Mclaughlin and Sons","http://grimes.com/","Bosnia and Herzegovina","Triple-buffered reciprocal methodology","2020","Program Development","5978"
"575","FffB6b3bFBDd0eF","Weeks-Bolton","http://www.peck-bailey.com/","French Southern Territories","Seamless system-worthy solution","2005","Translation / Localization","1483"
"3770","8aff84eAa2964Ba","Christian and Sons","https://frye.biz/","Saint Martin","Switchable scalable installation","1990","Telecommunications","9986"
"4147","8d3549caF8FF8c5","Fritz-Parsons","http://www.austin-stark.net/","Philippines","Compatible bandwidth-monitored encryption","1991","Civil Engineering","289"
"854","aEbd01Ffeb06AcC","Hoover Group","https://www.carrillo.com/","Saint Helena","Ameliorated non-volatile conglomeration","2006","Computer / Network Security","7034"
"5920","DD32f33bEc68fDc","Potts Ltd","http://ellis.info/","Saint Martin","Object-based full-range hardware","1990","Education Management","9743"
"9359","f079bCf93E4d85B","Buck-Grant","http://campos-fernandez.com/","Serbia","Diverse intermediate adapter","1979","Nanotechnology","8286"
"6615","66BB5D3B64eb45c","Bird, Graves and Livingston","https://miller.com/","Tokelau","Right-sized fresh-thinking info-mediaries","2010","Capital Markets / Hedge Fund / Private Equity","4807"
"6003","611a1E4b7B9bb0b","Wheeler, Peters and Morrow","http://www.byrd-campbell.org/","Romania","Adaptive radical budgetary management","1984","Legal Services","4454"
"9164","296B20e2f2F7DdD","Suarez-Herrera","https://www.whitehead-rich.com/","Sweden","Realigned fault-tolerant throughput","2021","Capital Markets / Hedge Fund / Private Equity","4027"
"4496","cbABc21AB5bBBFD","Castro Ltd","https://www.robles.com/","Eritrea","Cloned well-modulated functionalities","1974","Other Industry","5527"
"8174","C3BA47255eefcE7","Williamson PLC","http://pennington-beltran.net/","British Virgin Islands","Multi-channeled methodical orchestration","2007","Computer Hardware","3191"
"6656","118aCD764044d2F","Joyce-Mathews","https://henson-warner.info/","Afghanistan","Multi-tiered secondary ability","2004","Political Organization","7522"
"2369","dc880AbA9c9bd32","Wise-Todd","http://rush.com/","French Polynesia","Sharable logistical focus group","2014","Hospitality","715"
"4781","5307d6BadE4CED2","Norton-Martin","http://mathis.com/","Austria","Total motivating policy","2004","Outsourcing / Offshoring","9015"
"7993","DAcdA7DD41A7d4C","Sanders-Houston","https://www.montgomery.com/","Saint Martin","Profound demand-driven model","2001","Architecture / Planning","9561"
"2951","Eceb5F80407B90E","Fritz-Walsh","https://www.higgins-floyd.com/","Armenia","Polarized systemic orchestration","1982","Museums / Institutions","9908"
"5626","D63CbdCCBB87dCD","Griffith and Sons","http://www.bautista.com/","Papua New Guinea","Programmable systematic secured line","2005","Biotechnology / Greentech","698"
"6972","BF411C29cbd4b7a","Sandoval-Copeland","https://guerra-monroe.org/","Comoros","Up-sized context-sensitive product","1981","Education Management","6568"
"8717","FCEaBC37Cc2E25F","Conner and Sons","https://www.lopez-singh.biz/","Zimbabwe","Optimized multimedia firmware","1977","Shipbuilding","6222"
"1842","62DcDFa7BDE0cd5","Howard and Sons","http://boone-wang.com/","Sudan","Optional real-time orchestration","2016","Facilities Services","457"
"5987","Fd6A2bfc72BF2fd","Harper-Crane","https://walters.com/","Norfolk Island","User-centric methodical framework","1975","Apparel / Fashion","6336"
"538","d227A776C6D0Aaf","Salazar-Hayden","https://www.mata.com/","Saint Lucia","Optional mission-critical model","1997","Building Materials","403"
"2807","2dDf4c7a7ea3854","Bird, Shaffer and Choi","http://stewart.com/","Grenada","Implemented maximized definition","2003","Farming","7941"
"5802","4831eEE72eF1DfE","Cochran-Wheeler","https://moyer.info/","Australia","Customizable uniform ability","1984","Construction","7895"
"5597","FDE058Ae9db12FC","Villa, Stevenson and Knight","https://www.beck-pace.com/","Albania","Grass-roots multimedia strategy","2015","Religious Institutions","3747"
"7207","5bEcF7f1FEb83d8","Krause, Joyce and Fisher","http://www.berg-george.com/","Sao Tome and Principe","Reverse-engineered static task-force","1991","Veterinary","420"
"7344","f4587Ba7aEf0C21","Conway Ltd","http://frederick.net/","Netherlands","Networked dedicated system engine","2015","Higher Education / Acadamia","1080"
"7561","03FC1c3E9cFcc44","Sellers Ltd","https://www.strong.biz/","Israel","Robust fresh-thinking Local Area Network","1982","Textiles","6797"
"8097","dE3eeD2Be84607b","Hurst-Rivers","http://riley.biz/","British Virgin Islands","Reactive incremental collaboration","2013","Airlines / Aviation","2743"
"785","9066aC8b4d7dECF","Donaldson, Houston and Sweeney","http://henry-hanna.biz/","Uruguay","Programmable client-server service-desk","1979","Management Consulting","4017"
"1410","B1f581878ebDba6","Barry Inc","http://www.underwood.com/","Congo","Ergonomic impactful productivity","2006","Glass / Ceramics / Concrete","4973"
"155","C84aCD2dd5C2638","Copeland, Williams and Phillips","https://davenport.org/","Kyrgyz Republic","Balanced intermediate matrix","1998","Professional Training","286"
"7807","4920645E6dB0efb","Bradford-Zuniga","http://pierce.com/","Anguilla","Exclusive background initiative","1994","Arts / Crafts","659"
"3010","87AE8b8B8Fade7E","Rivas Inc","https://franco-chen.biz/","Greece","Proactive well-modulated Local Area Network","1977","Government Relations","9593"
"1687","FdcB0621A9cdC86","Mahoney-Cummings","http://morse.com/","Senegal","Enterprise-wide coherent knowledge user","1992","Textiles","1612"
"4015","4521dC9cfD66e2B","Everett, Mcmahon and Boone","http://www.cox.com/","Iran","Expanded maximized attitude","2003","Retail Industry","4414"
"7456","8D8A20FCe2CFdc1","Walter, Pollard and Moses","https://www.todd-krueger.org/","Palau","Assimilated intangible solution","1975","Luxury Goods / Jewelry","2775"
"3864","F8B85EA40dA6E6C","Hatfield-Greene","https://singleton-perkins.net/","Marshall Islands","Total regional system engine","1977","Mining / Metals","4094"
"2734","7589Cb18bacD658","Copeland, Hamilton and Dennis","https://www.pittman.com/","Norway","Diverse heuristic protocol","2010","Law Enforcement","4516"
"1896","6747aEa5bbCE013","Mcconnell, Powell and Moore","https://hanson-cole.com/","Liechtenstein","Public-key attitude-oriented orchestration","1994","Civic / Social Organization","9861"
"5443","cd4aF5F1C1E772c","Barnett and Sons","http://www.ashley-riley.com/","Suriname","Universal human-resource flexibility","2000","Human Resources / HR","7340"
"570","3b1dca9eEaBAccF","Hendrix-Kim","https://www.noble-price.com/","Aruba","Digitized tangible open system","1979","Medical Practice","9141"
"6710","a0c9Dd5BABB0a78","Ortiz-Cameron","http://www.mosley.com/","Samoa","Configurable client-driven open system","2001","Security / Investigations","3477"
"5855","7cF4cDa969eAb88","Friedman, Ramirez and Dawson","https://murillo.com/","Greenland","Configurable maximized success","1993","Tobacco","7256"
"1817","7C68d289ED0c0De","Erickson Inc","https://www.cisneros.com/","San Marino","Face-to-face executive approach","1982","Wireless","2907"
"8320","Ed6bDdcDB50F0Fa","Lozano-Frey","https://www.fitzgerald-weaver.biz/","Malawi","Proactive foreground system engine","1998","Apparel / Fashion","5581"
"3395","7Baba4cCce1a03C","Reyes-Mcmahon","https://www.burch-hardy.com/","El Salvador","Synergistic 24hour access","2007","Recreational Facilities / Services","63"
"3328","8f7deAfB0BCAFef","Bowen, Riggs and Stark","http://www.davis-chavez.com/","Liechtenstein","Fully-configurable demand-driven throughput","1992","Computer Games","9248"
"9983","8c0CeDE021ecC8e","Neal-Nolan","https://carson-nunez.com/","Palestinian Territory","Cross-platform zero-defect service-desk","1984","Package / Freight Delivery","4264"
"6103","eA105851ddA9fBb","Haley-Hall","http://www.rollins.com/","Andorra","Persevering value-added toolset","2015","Online Publishing","5119"
"2976","Ceff08a2B109333","Dean and Sons","https://becker-roth.com/","Saint Kitts and Nevis","Customizable national function","1998","Performing Arts","1417"
"981","2BDDbF2E4cA9381","Shields-Wiggins","http://www.velez.info/","Mozambique","Re-contextualized context-sensitive Internet solution","2011","Performing Arts","5698"
"191","3480DaD1929B1A2","Oconnell, Levine and Wiley","http://www.dudley.net/","Andorra","Mandatory demand-driven artificial intelligence","1997","Sports","8505"
"9332","5E4A6F5da4Ee4b8","Mays Ltd","https://hayes.com/","Micronesia","Fundamental human-resource Internet solution","1970","Animation","341"
"5089","d33DfdcE76a9a83","Knight-Lowery","http://matthews.org/","Eritrea","Fully-configurable impactful customer loyalty","1981","Political Organization","4164"
"700","Fc07deCd5cdB1F7","Vincent, Benson and Newton","http://eaton-houston.com/","Azerbaijan","Innovative full-range structure","1972","Tobacco","698"
"9760","6cb5Dd34fdd22a1","Holt, Trujillo and Frye","http://www.cordova.com/","Ireland","Vision-oriented static software","2007","Writing / Editing","8032"
"607","4FeebBeadbb6EB6","Friedman, Hatfield and Sanders","https://www.hoover.com/","Reunion","Enterprise-wide background conglomeration","1989","Think Tanks","5583"
"302","5bADFA3eAEBcaFB","Ball and Sons","https://randolph-andersen.info/","Lao People's Democratic Republic","Multi-channeled human-resource initiative","1994","Venture Capital / VC","8020"
"3421","441666332Eb3F93","Todd, Hobbs and Sosa","http://blanchard-stein.net/","Uganda","Cross-platform neutral circuit","2009","Think Tanks","6542"
"9805","2Ec2Cbdbe8e0293","Irwin-Ferguson","https://www.horne.com/","Belgium","Expanded leadingedge core","2000","Environmental Services","2390"
"1061","A0f2f5CFa5C7944","Cochran-Solomon","https://www.hood.info/","Malaysia","Profound neutral structure","2001","Civil Engineering","3318"
"3445","eBf3baBcEA13931","Conley PLC","https://foley.org/","South Georgia and the South Sandwich Islands","Horizontal logistical core","1978","Venture Capital / VC","6648"
"1070","F5bE8Cf7bF12B21","Adams, Daniels and Huynh","https://www.doyle.com/","Palestinian Territory","Seamless static Internet solution","1982","Medical Practice","55"
"2206","AEF71B8D9aC6Cca","Meza PLC","http://burnett-glenn.com/","Venezuela","Diverse hybrid parallelism","1998","Automotive","1690"
"9436","D00128ff0d2dDDe","Murillo, Gaines and Peters","https://mcintyre.com/","San Marino","Managed object-oriented pricing structure","1984","Law Practice / Law Firms","2747"
"7340","a8870A1751CFAAc","Francis-Knox","https://www.branch.info/","Mauritius","Seamless system-worthy migration","1977","Alternative Medicine","6792"
"8209","6B43EbBe8e1E582","Vaughn-Branch","http://www.estrada.com/","Chad","User-centric national functionalities","2019","Machinery","4152"
"7680","695DdecCFe0d613","Phillips, Nixon and Gentry","http://hutchinson.com/","Georgia","Proactive fault-tolerant collaboration","2013","Shipbuilding","7764"
"4643","dcb22bADb9fA2Ed","Morales, Cole and Berger","http://melton.info/","Latvia","Progressive stable leverage","1980","Food / Beverages","5250"
"7684","cC182EE3ce2a0D2","Berger PLC","http://marsh.com/","Egypt","Decentralized zero administration product","2007","Higher Education / Acadamia","5507"
"9008","895df8020720E8B","Fleming-Farmer","https://mathis.com/","Guadeloupe","Public-key bifurcated circuit","1973","Public Relations / PR","8335"
"7997","a1fFeBEB13aFBEC","Gates, Moss and Galloway","http://www.le.info/","Bermuda","Expanded logistical conglomeration","2009","Alternative Dispute Resolution","9176"
"5601","DE82F0b3b48C2b0","Mullins, Dixon and Chase","http://stafford.com/","Guatemala","Public-key object-oriented policy","1980","Mechanical or Industrial Engineering","2679"
"9152","E2Ae51Adc7CdE8C","Hess, Benson and Logan","https://www.cantu-whitney.com/","Kazakhstan","Optional local website","1990","Plastics","4991"
"7023","bb4D3DAddfBeecd","Vang, Mckee and Martinez","http://oconnell-barber.org/","United States Minor Outlying Islands","Open-architected uniform migration","1970","Education Management","3857"
"4894","D4fACBe6B2cF426","Farmer-Huff","http://www.heath.info/","Bahrain","Universal 4thgeneration structure","2008","Political Organization","1878"
"226","DEedEaCf56D0B35","Trevino and Sons","http://www.khan.com/","Estonia","Decentralized impactful secured line","1982","Fishery","5628"
"3355","bC19Ee6A713BbDc","Guerrero LLC","http://www.beard-monroe.com/","Spain","Seamless directional artificial intelligence","1990","Consumer Goods","740"
"5896","e905d16aF3b5b58","Guerra-Bradshaw","http://www.ward.com/","Canada","Inverse eco-centric leverage","2003","Hospital / Health Care","9985"
"8755","e9c9eb99cf3BBFE","Cooke PLC","https://www.lewis.com/","Kazakhstan","Expanded dynamic challenge","1986","Retail Industry","2181"
"3437","ccE4Bb92de2F33E","Frazier, Stanton and Cochran","https://www.irwin.com/","Uruguay","Function-based upward-trending extranet","1970","Philanthropy","6845"
"1694","9D3eA1CD30EcbfD","Donovan, Mathews and Luna","https://www.krause-clark.com/","Pitcairn Islands","Monitored systemic support","1993","Think Tanks","8939"
"6894","A958521B4c30334","Gillespie, Ingram and Coffey","https://cole.info/","Micronesia","Pre-emptive client-driven paradigm","2004","Airlines / Aviation","3527"
"1046","1Cd7FBbDce0c2Db","Hood Ltd","http://www.hanson-hughes.org/","Ghana","Polarized local matrix","1994","Executive Office","1969"
"3447","c2Bc3dD30Ac8b7E","Garza-Mayo","https://foster.com/","Tajikistan","Programmable bottom-line instruction set","1997","Staffing / Recruiting","5267"
"8051","3Bc3d97AA8A5BbC","Saunders PLC","https://bradshaw.com/","Sao Tome and Principe","Ameliorated executive definition","2013","Maritime","7593"
"9147","EAdAe5AbC119af1","Meadows-Waters","https://solomon-garner.com/","Holy See (Vatican City State)","Multi-tiered intermediate workforce","2009","Political Organization","8970"
"9982","64C897c31C0c7fc","Mathis, Park and Holloway","https://mcbride.com/","Falkland Islands (Malvinas)","Multi-tiered multimedia intranet","1999","Investment Banking / Venture","8013"
"4736","08CE6FEbbEeaC7f","Cantrell Group","http://calhoun.info/","Poland","Function-based fault-tolerant solution","1995","Maritime","8067"
"4497","f0b020Cb36a1fFb","Carr Ltd","https://ware.com/","Malawi","Customizable tangible superstructure","2012","Wine / Spirits","790"
"1219","0B1f574e3b8d32a","Watkins, Wiggins and Romero","https://sanford.com/","Uzbekistan","De-engineered 6thgeneration array","2010","Utilities","9527"
"6016","A64d679fb3aeD99","Robertson and Sons","http://lee.com/","Ethiopia","Configurable system-worthy synergy","2007","Newspapers / Journalism","5363"
"9720","e9dAc83CB647B9f","Knight Group","http://austin.com/","Trinidad and Tobago","Virtual object-oriented Graphical User Interface","1971","Financial Services","714"
"3988","Ca5ba3d5f3EBa2C","Dawson, Huff and Dalton","http://cross-greer.com/","Gambia","Seamless needs-based installation","2001","Motion Pictures / Film","6157"
"4912","7ebD3bCffc7Ba60","Griffin, Petersen and Dalton","http://mclaughlin.org/","Canada","Customer-focused real-time capacity","1977","Fishery","1671"
"9493","E70f9dcEEde22Af","Ford-Shepard","http://www.mitchell.com/","Holy See (Vatican City State)","Operative secondary alliance","1993","Public Safety","1060"
"4494","ee97C71D533cF53","Hood, Flores and Huerta","http://www.duncan-gross.com/","Kazakhstan","Public-key logistical help-desk","1977","Maritime","8398"
"6945","d1FCDDC90eA729E","Miranda Ltd","http://www.lane.info/","Egypt","Optional value-added Internet solution","1982","Biotechnology / Greentech","5487"
"5700","10B5572b44d716a","Mcknight-Cameron","http://www.bailey.com/","Eritrea","Reverse-engineered bottom-line website","1991","Mechanical or Industrial Engineering","7600"
"8353","0A635BFfcd121CE","Sheppard LLC","http://www.campos.com/","Canada","Customizable modular methodology","2016","Outsourcing / Offshoring","8499"
"957","6e3FAF96EB18CF1","Blankenship Group","https://york-sosa.info/","Lao People's Democratic Republic","Distributed bifurcated concept","1976","Music","4315"
"2870","DfBaE7770bD6fF3","Huang, Dennis and Swanson","https://clements.com/","Falkland Islands (Malvinas)","Team-oriented fresh-thinking architecture","2012","Computer Hardware","7040"
"4434","AA9ff3FdC1c9765","Pratt and Sons","http://www.barr.com/","Antarctica (the territory South of 60 deg S)","Enterprise-wide intangible capacity","1991","Telecommunications","9909"
"4974","a7Da07dbea33fcC","Padilla, Nunez and Beasley","http://www.spears.com/","Haiti","User-centric web-enabled database","1981","Wholesale","9909"
"2962","a2d4fB76f4B7442","Moore-Bennett","https://gilmore-benton.com/","Palestinian Territory","Focused reciprocal interface","2004","Gambling / Casinos","1621"
"2201","80bb83993FF5bD3","Mccormick, Frye and Chen","https://farmer.org/","Senegal","Right-sized grid-enabled encryption","2016","Pharmaceuticals","9578"
"99","cFF62CF32feEd66","Mitchell, Barnes and Terrell","https://www.spencer.net/","Ecuador","Synergistic reciprocal capability","2016","Legal Services","6054"
"9850","e9C2BFbF6F8bCd6","Mullins, Paul and Hammond","https://acosta.org/","Montserrat","Managed content-based database","1972","Events Services","5186"
"2558","A5F59029DaDBfEb","Conway-Mckee","https://hart-jenkins.biz/","Micronesia","Expanded systematic website","2019","Sports","9256"
"8446","06d6bc02edbceF9","Morgan-Schmitt","http://www.fischer-thomas.net/","American Samoa","Open-architected hybrid implementation","1988","Commercial Real Estate","7251"
"4200","fDe6ca29FFE381b","Leach, Duffy and Morris","https://www.munoz.com/","Solomon Islands","Front-line 24/7 process improvement","1995","Computer Hardware","122"
"9638","e7eD7DAa2bC2c1d","Berry and Sons","http://www.lee.info/","South Africa","Exclusive contextually-based moderator","1978","Paper / Forest Products","771"
"5540","bDb1C54d0Cd0Cb5","Mcconnell-Melton","http://yoder.biz/","Niger","Visionary multimedia portal","1996","Sports","3547"
"1649","5e76ccEDf44705f","Mccarty and Sons","http://lam.org/","Sudan","Cross-platform 24hour Local Area Network","1999","Education Management","5807"
"6198","0876b15f529c8e8","Patterson-Montoya","http://www.prince.net/","Romania","Extended eco-centric strategy","1980","Medical Equipment","6622"
"6296","1df16EAA412bfCC","Carson and Sons","http://dixon.biz/","Austria","Ameliorated global encryption","2013","Information Services","9600"
"4500","A98D576d2Fe89bC","Benson, Rivas and Cruz","http://www.fuentes.biz/","Haiti","Multi-lateral executive framework","1982","Retail Industry","4490"
"1155","2D9C9e4b191EAa9","Chung, Juarez and Griffith","https://www.tate.com/","Guinea-Bissau","Self-enabling attitude-oriented synergy","1980","E - Learning","3498"
"2256","De87B227ea6Aa7D","Mayer LLC","https://www.love.com/","Slovakia (Slovak Republic)","Profit-focused next generation secured line","1999","Arts / Crafts","90"
"3171","5b78E98bdDf4466","Espinoza, Jefferson and Allison","https://www.nunez.biz/","Venezuela","Pre-emptive multi-tasking policy","1998","Food Production","5160"
"7401","4edDdFa6712117F","Guzman-Spencer","https://bush-pitts.com/","Benin","Fundamental user-facing project","1983","Pharmaceuticals","3415"
"7159","cFCE3FaD851B2cb","Guerra Inc","https://stout.biz/","Guinea-Bissau","Decentralized zero tolerance data-warehouse","2010","Package / Freight Delivery","2471"
"3109","cB4dc1ec250dE6F","Hoover-Perry","https://romero.com/","Guinea","Function-based systematic software","2005","Defense / Space","8018"
"4549","4b45Ca3FCb1302E","Dudley, Schmidt and Martin","http://www.lamb.org/","Denmark","Robust intermediate open system","2012","Chemicals","8849"
"5424","F5bFe32DF793b15","Padilla Group","http://www.johnson.biz/","Malaysia","Fundamental heuristic knowledgebase","2016","Philanthropy","8624"
"2050","D141c34d3BEaA5e","Macias, Hoffman and Montoya","http://moss.info/","France","Re-engineered impactful product","1978","Internet","8629"
"9209","80EAe99BfAab02B","Vaughan-Berger","http://reeves.info/","Western Sahara","Intuitive high-level complexity","2009","Government Relations","2969"
"8816","afA4efeDb91FDb7","Rodriguez-Sheppard","https://valentine.org/","Isle of Man","Synchronized disintermediate application","2019","Veterinary","5083"
"9798","476018A4DA8dD0c","Pineda LLC","http://schmitt.net/","Timor-Leste","Advanced explicit methodology","2008","Higher Education / Acadamia","6989"
"263","071bd64bE0d4e8D","Trujillo, Stephens and Garrett","https://www.king.biz/","Comoros","Front-line holistic application","1975","Law Practice / Law Firms","4439"
"4062","5Fc2660AfdB016f","Sparks-Nixon","https://www.hull-lloyd.com/","Austria","Re-contextualized value-added moratorium","1991","Printing","6238"
"5535","0061eCddf8D4feB","Duarte, Beasley and Casey","https://huber.org/","Liberia","Multi-lateral logistical architecture","1980","Furniture","5059"
"6617","092Bd1633b6B3fD","Gonzalez, Taylor and Stevenson","https://www.williams.info/","Palestinian Territory","Digitized scalable matrices","2007","Computer Networking","9540"
"8121","9cff5eFDD0FB4eA","Hanson-Weber","https://www.carr-hawkins.com/","Mauritius","Self-enabling uniform complexity","2016","Judiciary","6662"
"8156","D23bFDFbD8a4b71","Benson, Ponce and Conner","http://aguilar.org/","Czech Republic","Upgradable intermediate challenge","2021","Entertainment / Movie Production","3185"
"1803","0A9D7ca4cFa7F38","Dickson-Cuevas","http://dominguez-bean.biz/","Montenegro","Open-source motivating instruction set","1972","Pharmaceuticals","5653"
"4737","BD8E3F27CBea7A5","Bryant Inc","https://richmond-patrick.com/","Netherlands","Visionary maximized portal","2013","Machinery","1533"
"2386","662140cE8Bce968","Rush Group","http://www.fitzgerald-barber.com/","Zimbabwe","Right-sized local frame","2020","Graphic Design / Web Design","306"
"6695","F21D05ba2B29323","Park LLC","https://ramsey-blake.com/","Holy See (Vatican City State)","Upgradable impactful frame","1972","Environmental Services","7136"
"5760","Fa5CD809EAaBeaD","Bryan Inc","https://berg-frank.com/","Macedonia","Optional client-driven initiative","1972","Hospital / Health Care","7217"
"1960","5d7D3726DD8a062","Burnett Ltd","http://bass.net/","Guyana","Up-sized transitional encryption","2019","Education Management","7622"
"2977","0a2abdaEf5F0bbD","Mathews Group","http://gardner.com/","Canada","Sharable bottom-line intranet","1982","Architecture / Planning","9547"
"8681","bd38cf62f8e36Ed","Tapia PLC","https://www.glover.com/","Venezuela","Multi-channeled holistic middleware","1971","Facilities Services","5524"
"1844","b5fdc6Bc10eAC02","Atkinson PLC","https://quinn.info/","Ukraine","Synchronized zero administration extranet","1997","Military Industry","3692"
"1735","A8eCcAf8c18efbE","Gonzales, Dorsey and Neal","https://www.sawyer-castro.info/","Afghanistan","Profit-focused responsive focus group","1988","Public Safety","7286"
"2912","E0Ba2775F9E1AfB","Carson-Mckay","http://www.harper.com/","Cyprus","Upgradable real-time ability","1999","Plastics","2906"
"8339","aea6AC783D96Fe2","Todd LLC","http://www.fry.com/","Mongolia","Persistent disintermediate projection","2020","Publishing Industry","751"
"1987","fa1eebb3664b7f2","Gibson-Fry","https://www.ochoa.com/","Belarus","Advanced system-worthy challenge","1999","Individual / Family Services","7481"
"9562","1dA11fe78e9e81c","Middleton Ltd","https://www.carrillo.org/","Kyrgyz Republic","Cloned contextually-based strategy","1987","Veterinary","5265"
"6547","7A8EbCedd4b46Bc","Morse-Mathis","http://www.sosa.biz/","Switzerland","Optimized empowering solution","1986","Telecommunications","3902"
"7099","343F8C3Ed0bE1AD","Barton-Cantu","http://walters.com/","Marshall Islands","Fundamental stable capability","2016","Research Industry","5877"
"2812","29Dc964de862a2C","Page, Shepard and May","http://simmons.biz/","Belgium","Object-based bifurcated Graphic Interface","2009","Insurance","8703"
"660","DC4C233680aaCac","Oneal and Sons","http://www.mayo-green.org/","Qatar","Universal dynamic secured line","2000","Entertainment / Movie Production","7855"
"2512","0fAcFa16A6ED11e","Good LLC","http://www.morales.net/","China","Secured leadingedge service-desk","2000","Farming","8007"
"4283","f36458d57e2BDBd","Owen Inc","http://huber.com/","Montserrat","Assimilated grid-enabled productivity","2004","Performing Arts","6343"
"9340","Be71de763Ec5ae5","Hobbs, Herrera and Molina","http://leblanc.biz/","Chile","Centralized incremental paradigm","1980","Media Production","9843"
"8801","791CdfCc2ca9f5f","Livingston, Mendez and Nelson","http://franco.com/","Tajikistan","Mandatory background throughput","1992","Maritime","9319"
"6288","69d0c50bD8fd5D9","Bowers-Castillo","https://sutton.net/","Bulgaria","Optimized empowering website","1999","Ranching","1153"
"1931","0205Aeff88a696a","Parrish-Chang","http://woodward.biz/","Eritrea","Front-line mobile neural-net","1974","Environmental Services","1085"
"7126","BBfdDc28b2ADCf9","Guzman Ltd","http://www.vang.org/","Rwanda","Phased intermediate complexity","2017","Oil / Energy / Solar / Greentech","521"
"198","A1d88Fe6eb3eeeC","Howe, Mejia and Harper","https://thompson-king.org/","Cambodia","Mandatory national installation","1995","Recreational Facilities / Services","3262"
"7778","f58A44f19dA6D08","Salas-Vasquez","http://sutton.net/","Burkina Faso","Down-sized high-level framework","1979","Commercial Real Estate","2153"
"2932","6da91E6ca7CcB4f","Day-Andersen","http://ballard.com/","Sierra Leone","Multi-channeled 3rdgeneration system engine","1984","Philanthropy","853"
"8005","ea238759E1A3aE0","Berger-Keith","http://www.johns.net/","Guinea","Horizontal value-added service-desk","2013","Paper / Forest Products","3725"
"2328","ACC30cfb0daE63F","Yoder-Morgan","https://melendez.com/","Estonia","Open-source homogeneous model","1984","Information Services","5913"
"4390","27fD8D5E573cB23","Washington and Sons","https://www.chambers-jimenez.com/","United Kingdom","Optimized local installation","2007","Research Industry","664"
"8959","Be4bc8A6aA1D45D","Crosby-Sweeney","http://www.anthony.com/","Canada","Networked 3rdgeneration definition","1985","Computer Hardware","7855"
"4219","C8d70fE3c0c81b7","Frey-Mccall","https://www.booth.com/","Sao Tome and Principe","Sharable intangible open architecture","2008","Staffing / Recruiting","9180"
"203","4eE3f04C76fCB2e","Parker PLC","https://www.jacobs.info/","Norway","Integrated upward-trending task-force","1973","Military Industry","9833"
"3511","EBc983AfC26da1A","Wright LLC","http://www.brewer.info/","Romania","Reactive object-oriented focus group","1980","International Trade / Development","3522"
"4932","1A1AD6aEE8D3c5D","Carroll, Holloway and Whitehead","http://pacheco.biz/","Turkey","Intuitive optimal portal","2008","Executive Office","1231"
"5536","97cB82f95AD29B8","Flores Group","http://hicks.com/","Gambia","Down-sized multimedia Internet solution","1971","Investment Banking / Venture","8442"
"5792","CBBD187cEDEFEEd","Welch Inc","https://www.reeves.com/","American Samoa","Sharable next generation pricing structure","2005","Animation","8518"
"1708","2c8E1FeC8A0b381","Smith, Flowers and Golden","https://www.carney-singleton.org/","Azerbaijan","Visionary web-enabled analyzer","1989","Accounting","8367"
"5173","DBA92BBD4297BED","Carter, Rangel and Scott","https://wyatt.com/","Colombia","Automated content-based contingency","1973","Investment Banking / Venture","8560"
"5250","e2c2a17abD5A2aA","Cameron PLC","https://wade.com/","Equatorial Guinea","Exclusive actuating budgetary management","2012","Fundraising","5774"
"6529","690fcbdcB34bf59","Holt, Ayers and Myers","http://madden.net/","Kuwait","Multi-layered background hierarchy","1984","Think Tanks","3838"
"9849","d0F0Cc9D8E7cF7a","Graves-Mayer","https://zavala-mathis.com/","Sudan","Managed secondary strategy","2017","Consumer Services","706"
"5856","d20DBabdbF3f6eF","Baxter-Gallagher","http://ward.com/","Eritrea","Proactive disintermediate archive","1983","International Trade / Development","2851"
"8165","c40AEdb378eC029","Stephens-Shannon","http://lucero.info/","Seychelles","Assimilated local software","2007","Banking / Mortgage","5972"
"855","CCc6CBB1D7a9D2f","Shepherd-Dunlap","http://werner.com/","Tunisia","Extended clear-thinking secured line","2003","Plastics","7802"
"4738","2eF186dDd7DD657","Trevino-Ochoa","https://www.hatfield-allen.info/","Indonesia","Upgradable transitional approach","2013","Computer Software / Engineering","3268"
"699","bFcfDEAfDeC8Eb4","Burns and Sons","http://calderon.info/","Bermuda","Customizable disintermediate groupware","2013","Investment Management / Hedge Fund / Private Equity","6647"
"3697","f211C1EbE531E42","Wise, Roach and Lamb","https://wong.net/","New Zealand","Organic national neural-net","1972","Fine Art","8892"
"1637","bfAD882c4C260A7","Johns Ltd","http://www.carlson-braun.info/","Thailand","Operative demand-driven budgetary management","2014","Philanthropy","3928"
"7281","1Ec3074042d52C9","Mcguire Ltd","https://www.roberts.info/","Bahamas","Monitored mission-critical productivity","2003","Financial Services","8050"
"7555","eE0E9bbFbbEDBf6","Hendrix, Clayton and Beasley","http://mueller-castro.com/","Niger","Exclusive intermediate collaboration","1972","Internet","8739"
"3582","25AF8bA9ce03ee3","French, Shaffer and Zavala","http://johnston-hendrix.net/","Myanmar","Persistent responsive flexibility","2010","Fine Art","1026"
"1292","Bcabf6efa301EEd","Nichols-Murray","http://www.bradley.net/","French Southern Territories","Intuitive context-sensitive flexibility","1980","Biotechnology / Greentech","287"
"6586","6AeffD1C336Bf5e","Stafford, Mckay and Zhang","http://mcknight-roberts.net/","Croatia","Innovative system-worthy strategy","2020","Electrical / Electronic Manufacturing","9716"
"1854","e1eb581b611E0Ad","Nunez LLC","http://www.mccarthy-miller.com/","Guatemala","Synergized exuding hierarchy","1981","Airlines / Aviation","5189"
"5233","fbB5F0AFe6c2A73","Li, Callahan and Stokes","http://www.greer.com/","Saint Vincent and the Grenadines","Organic transitional structure","1975","Fundraising","9695"
"3764","F326A3DA7de05bf","Montgomery Group","https://www.mcgee.com/","Wallis and Futuna","Profit-focused bifurcated parallelism","2019","Management Consulting","7173"
"3305","adf5f5f7403eBa3","Mcmillan Ltd","https://guerra.net/","British Virgin Islands","Inverse demand-driven attitude","1986","Publishing Industry","3071"
"1496","bF766DF8F0Ff89E","Forbes Group","http://www.zuniga.com/","French Polynesia","Streamlined scalable complexity","1993","Hospitality","5910"
"7995","ecF8DbB3FF6E8c4","Sanders, Banks and Bauer","https://www.best-mullins.com/","Cote d'Ivoire","Digitized leadingedge emulation","1996","Civic / Social Organization","586"
"1999","43aDfE86C6FB253","Hopkins LLC","http://armstrong.com/","United Kingdom","Multi-tiered intermediate algorithm","1975","Hospital / Health Care","6314"
"664","e6E49C6d59CA77F","Joyce, Flowers and Bauer","https://gay-key.com/","Eritrea","Adaptive directional customer loyalty","2011","Maritime","2347"
"3749","207B9B044F95F3B","Pollard-Pacheco","https://trevino-phelps.org/","Belize","Enterprise-wide asymmetric benchmark","2014","Gambling / Casinos","5156"
"4414","f1F069Ad38eE3ED","Zavala LLC","https://bright-landry.com/","Oman","Open-architected holistic capacity","2015","Museums / Institutions","9431"
"5531","AE430F203bCF7F9","Brooks-Boyle","https://fowler-pham.org/","Austria","Balanced hybrid knowledge user","2021","Computer Hardware","8605"
"5576","A10a9dbc87e02Eb","Petty, Mcgrath and Gordon","http://huber-andrade.info/","Slovenia","Robust logistical project","1999","Gambling / Casinos","513"
"8902","37AcCD71EAecCEC","Chaney LLC","http://simmons-hernandez.com/","Belize","Cross-group transitional neural-net","2007","Fishery","313"
"7527","DfF190588BbBbEc","Booth-Maynard","http://duncan.net/","Nepal","Monitored attitude-oriented access","1982","Airlines / Aviation","7246"
"9475","c1e35FF0549D7A4","Bernard-Finley","http://www.randolph.com/","Japan","Universal composite artificial intelligence","1975","Animation","6073"
"5865","E21aF4Edb0Babc6","Myers LLC","http://www.ho-lucas.com/","Argentina","Exclusive homogeneous utilization","2012","Capital Markets / Hedge Fund / Private Equity","2679"
"6777","97A6AB41fD325CD","Rose-Buckley","https://www.harding.org/","Denmark","Intuitive optimal archive","2019","Warehousing","7855"
"1307","05607Ba9Dd1dB0E","Montes Group","https://hanson.com/","Fiji","User-friendly tertiary help-desk","2000","Mining / Metals","726"
"7393","8807043b5ABFD0C","Lawrence-Owen","https://hensley-franco.info/","Cape Verde","Networked leadingedge implementation","1971","Tobacco","20"
"5593","844c40D32eB70DF","Hanson, Hartman and Blackwell","http://www.marks.info/","Tuvalu","Ameliorated incremental archive","2011","Research Industry","5151"
"9722","24876C78a13aD80","Nelson and Sons","http://www.howe-henson.com/","Costa Rica","Extended 6thgeneration knowledge user","1984","Veterinary","7365"
"1664","1BbDAF8FF05F698","Stanton PLC","https://watkins.com/","United States Minor Outlying Islands","Cross-group client-server budgetary management","1989","Apparel / Fashion","7738"
"5451","7dFA0E146D6aea7","Olsen-Stephens","http://www.benjamin.org/","Iceland","Optimized web-enabled database","1971","Wireless","2409"
"9955","063FBE51841E51d","Lynn PLC","http://www.lin-barker.biz/","United States Minor Outlying Islands","Object-based web-enabled methodology","1984","Library","9952"
"3628","D7169B31f94B67A","Yoder-Giles","https://cain.com/","British Virgin Islands","Exclusive systematic attitude","1977","Warehousing","6455"
"2694","A68C5d06A6be6bf","Fitzgerald-Ramsey","https://stevens.info/","Lithuania","Monitored contextually-based support","1973","Newspapers / Journalism","291"
"9790","D17EeDD4D9A4362","Lynn, Stark and Page","https://khan-warner.com/","Saint Barthelemy","Stand-alone coherent Graphic Interface","2015","Retail Industry","3740"
"5916","a1890c9b7fACA2b","Garcia-Hardy","http://www.larsen.com/","Slovenia","Profound uniform forecast","1986","Veterinary","8193"
"3158","8caBf4cDEEAc3Ea","Wilkins-Golden","https://reyes.com/","Yemen","Face-to-face 3rdgeneration utilization","1996","Museums / Institutions","1742"
"6669","a546C45BAb762C6","Mcmillan-Mcbride","https://dougherty.com/","Heard Island and McDonald Islands","Diverse heuristic infrastructure","2022","Nanotechnology","1788"
"1060","F28dcf24D2bF9b6","Marks, Snyder and Vasquez","http://www.marks.com/","Trinidad and Tobago","Diverse context-sensitive framework","2007","Semiconductors","6792"
"4637","a62d6A2Ed3d6CB0","Roberson-Hart","https://www.herman.com/","Oman","Digitized intangible support","2007","Capital Markets / Hedge Fund / Private Equity","940"
"3243","bEFaBD4908dbCA0","Austin-Hayes","https://bailey.info/","Benin","Streamlined holistic knowledge user","2003","Newspapers / Journalism","9788"
"1679","9350a0AF996ddFB","Serrano-Berger","http://www.ferguson-houston.info/","Sudan","Multi-layered explicit attitude","1991","Sporting Goods","5801"
"6893","6b3a877fDCe1fE7","Travis Inc","https://mercado.info/","Colombia","User-centric multi-tasking ability","2008","Translation / Localization","5472"
"6375","592eaD7a177daa4","Joseph, York and Sawyer","https://www.ferguson-boyd.com/","Falkland Islands (Malvinas)","Total fault-tolerant Graphic Interface","2016","Mental Health Care","4390"
"7575","87CbF1bd5Cdac97","Gallagher-Williamson","https://gates.info/","Micronesia","Profound grid-enabled encoding","1981","Writing / Editing","4345"
"1758","0f5886f61Ea9c5C","Maynard-Patel","http://cohen.com/","Ukraine","User-centric radical middleware","2002","Information Technology / IT","2901"
"6020","Fd1c4a5Fe6eE6cd","Bauer-Perkins","https://christian.com/","Croatia","Secured asymmetric strategy","2005","Legal Services","3811"
"5117","dD4BDaFE2b8BEDA","Peck-Schmitt","https://www.ortiz.org/","Guinea-Bissau","Pre-emptive fresh-thinking analyzer","1997","Semiconductors","1350"
"8756","EF4d1bee83Ac65B","Buckley, Robles and Mccormick","http://greer.net/","Armenia","Digitized 6thgeneration portal","2002","Gambling / Casinos","6803"
"7409","e34966eD8f7aadA","Cox, Pruitt and Moon","http://www.webster.net/","Norfolk Island","Sharable object-oriented architecture","1975","Design","932"
"2791","500F3Ef7cc8AD0f","Stokes-Stafford","http://rios.com/","Mozambique","Right-sized grid-enabled access","2006","Program Development","6653"
"864","dCc400Ae2AA9Ea0","Reynolds Ltd","https://www.cherry.com/","Nicaragua","Robust 4thgeneration encoding","2003","Staffing / Recruiting","3364"
"7859","80fBeFA84CdC45C","Cordova Ltd","https://www.becker.org/","Estonia","Exclusive human-resource matrices","2004","Facilities Services","7435"
"1485","02E1d3Bfa03f0D5","Smith, Bradshaw and Espinoza","https://wise.org/","Ghana","Configurable explicit encryption","2020","Investment Management / Hedge Fund / Private Equity","9963"
"7036","03033Dc5c84D6D8","Raymond, Sosa and Pugh","https://www.boone-nunez.com/","Singapore","Managed encompassing encryption","1983","Banking / Mortgage","6048"
"7722","2AFB9b7cBB00f72","Potter, Wilkinson and Bishop","http://hatfield-barajas.com/","Tuvalu","Function-based fresh-thinking orchestration","1997","Law Enforcement","2258"
"5978","399a711361Acca0","Simon-Huffman","https://www.key.org/","Antarctica (the territory South of 60 deg S)","Streamlined transitional paradigm","1999","Outsourcing / Offshoring","2615"
"5135","dD5FdEF28606E43","Hughes-Meyers","http://www.mills.com/","Thailand","Enterprise-wide web-enabled emulation","2019","Public Safety","6947"
"207","c71BfDcB2D15359","Patrick-Mcmillan","https://callahan.biz/","American Samoa","Streamlined logistical projection","2016","Government Administration","2357"
"4489","EDDD1bBa33Fe668","Schaefer Ltd","https://lowery-wolf.com/","Niue","Face-to-face value-added functionalities","1974","Real Estate / Mortgage","7785"
"6939","dAf00c5DF578fFc","Love, Doyle and Sparks","http://www.baird.org/","Zimbabwe","Robust responsive productivity","2004","Commercial Real Estate","2117"
"9063","d8bfe3a874872DC","Daniel, Cobb and Avila","http://www.leon-cherry.com/","Reunion","Polarized bottom-line forecast","1986","Building Materials","9974"
"6911","7bAdedB99e5AfBb","Gordon-Mcbride","https://chang.com/","China","Exclusive client-driven installation","1973","Civic / Social Organization","3753"
"503","bABf8dC3d9f8bF1","Jenkins, Ibarra and Valenzuela","http://dodson.biz/","Ireland","Triple-buffered foreground array","1984","Military Industry","6193"
"7386","cBC22df7956deAE","Bonilla-Dominguez","http://www.good.com/","Panama","Face-to-face zero tolerance knowledge user","2014","Restaurants","2934"
"1029","0BC53912b2ECadd","Yates, Berry and Flores","https://www.donovan-massey.org/","Niger","Inverse methodical synergy","1987","Staffing / Recruiting","5223"
"3841","e33CcA8c5Ee7d3d","Cline, Owens and Levy","http://www.bishop-morgan.com/","Philippines","Business-focused fault-tolerant archive","1996","Online Publishing","7721"
"8111","C199E9bA6ce8Bd8","Benson-Lane","http://www.yu-pham.biz/","Liberia","Profit-focused zero-defect frame","1972","Writing / Editing","1881"
"5057","D50AE95614434FE","Floyd Inc","https://morrow.net/","Israel","Grass-roots multimedia Graphical User Interface","1980","Non - Profit / Volunteering","2432"
"9763","1FFa61C517634A4","Morrison-Everett","http://marks-oneill.com/","Estonia","Enterprise-wide interactive parallelism","2016","Higher Education / Acadamia","9632"
"8155","B3aD87B36CADAd0","Fritz Inc","https://www.mendoza.net/","Liberia","Integrated 24hour ability","1976","Government Administration","1884"
"2732","d9008fcC9f5cA06","Duncan, Poole and Mann","http://ruiz.org/","Iceland","Secured bandwidth-monitored function","2003","Chemicals","3890"
"8997","731A15eEf3F5Daa","Christian-Berry","https://trevino-jefferson.info/","Bolivia","Cloned optimal Graphic Interface","2015","Defense / Space","2721"
"2455","883607fF6BcFA9a","Zavala, Mcknight and Livingston","https://clements.net/","Pakistan","Assimilated national access","1977","Sports","6016"
"7216","7Cd5bC31faE9EDC","Fischer-Gibbs","https://www.ferrell-harvey.com/","Armenia","Optional real-time software","2005","Program Development","7092"
"3105","89fFCcbaB878fb7","Walter-Duarte","http://www.phillips.info/","Czech Republic","Synchronized bifurcated encoding","1983","Investment Management / Hedge Fund / Private Equity","1166"
"8393","4A35CeE3Bf9af3C","Pruitt, Mcclain and Patrick","https://schaefer.biz/","Palestinian Territory","Ameliorated solution-oriented benchmark","1989","Packaging / Containers","6725"
"6279","1E65b70AbCccB64","Gilmore, Zhang and Crawford","http://www.sheppard-norman.com/","Aruba","Total empowering conglomeration","1995","Other Industry","1862"
"3100","b0db1EDBfC7EbEa","Blair, Chapman and Jacobs","http://www.frey.biz/","Dominican Republic","Programmable dynamic functionalities","1991","Consumer Services","8832"
"6185","f5cF04ADe4eD0a1","Whitaker, Berger and Zavala","http://david.org/","Italy","Enhanced full-range support","1993","Airlines / Aviation","3571"
"3562","1b7483CC18ce4aE","Tucker LLC","https://www.bell.com/","Congo","Managed neutral structure","1979","Human Resources / HR","2987"
"5893","93033A341fbBBec","Arellano and Sons","http://www.bowman.info/","Burundi","Expanded zero tolerance help-desk","1991","Outsourcing / Offshoring","4026"
"392","e5BDAd9DeCefaff","Bender-Acosta","http://www.higgins.org/","Reunion","Profit-focused motivating focus group","1976","Gambling / Casinos","9171"
"6737","AacaFAa248f3d13","Park-Franco","http://ward.com/","Sierra Leone","Function-based intangible open system","2021","Online Publishing","9542"
"5619","7501CedA8BBaa33","Hughes Group","https://www.barker.com/","Peru","Realigned leadingedge projection","1980","Semiconductors","8910"
"5259","3E2708928AcFb3f","Christian Ltd","http://nicholson.net/","Qatar","Ameliorated context-sensitive architecture","2003","Maritime","7130"
"9688","C7D7A96feC0Ce49","Mclaughlin, Newman and Mcneil","https://powers.net/","Iraq","Optional high-level approach","1972","Museums / Institutions","524"
"2696","acca3ACe2D5ECdA","Cisneros Group","https://www.good.com/","Honduras","Inverse intangible database","1986","Photography","395"
"2028","4bd95eDE00f7392","Robles, Roy and Robbins","https://howe.com/","Romania","De-engineered didactic emulation","1977","Farming","2597"
"5464","338Fe6AeAb4F9f9","Boyle Ltd","https://wallace.com/","Suriname","Customizable tangible pricing structure","1979","Mining / Metals","1446"
"2569","Fbf6f31B4D060CD","Schneider Group","https://payne.com/","Heard Island and McDonald Islands","Configurable foreground open system","2011","Investment Management / Hedge Fund / Private Equity","8659"
"8007","FdfFEDDd509DA2e","Gentry-Walker","http://www.daugherty.info/","Holy See (Vatican City State)","Upgradable impactful Internet solution","1998","Photography","5306"
"65","3E85EdAA117EEf1","Frank, Haley and Mcdaniel","http://fitzgerald.info/","Hungary","User-friendly stable frame","1985","Recreational Facilities / Services","4353"
"2063","02BE991dEB9DbE8","Mays, Ramsey and Barry","https://hartman.info/","Italy","Self-enabling coherent collaboration","1981","Sports","1691"
"5277","fECcC4A7FD449AB","Vasquez LLC","http://www.baldwin.com/","Madagascar","Multi-tiered multi-tasking functionalities","2013","Railroad Manufacture","8109"
"7209","bDcc6a9dbC5Cf2C","Stanton Inc","http://dorsey.org/","India","Configurable fault-tolerant standardization","1976","Writing / Editing","3861"
"8685","dc95CdBb7DFCaED","Mann, Montoya and Pruitt","https://vasquez.net/","Hong Kong","Profit-focused real-time moratorium","1985","Nanotechnology","3352"
"8572","1f55Ea250b3Ffb6","Beasley LLC","http://www.house.com/","Barbados","Optimized methodical middleware","1971","Medical Practice","4649"
"6332","ce0E47D71B33c4a","Flores, Craig and Browning","https://keith.com/","Samoa","Re-contextualized didactic groupware","2022","Writing / Editing","9851"
"4860","7baCE149F7ac997","Carroll, Andersen and Callahan","https://schroeder-peterson.com/","Puerto Rico","User-friendly bandwidth-monitored orchestration","1994","Ranching","4750"
"4888","Bc98eBF1CcF58a7","Lloyd-Ewing","http://www.webster.com/","Saint Pierre and Miquelon","Decentralized optimizing frame","2004","Telecommunications","6262"
"9269","CEdA8e2f5C5E60c","Bryan Inc","http://www.mcclure.biz/","Bahamas","Business-focused homogeneous collaboration","1970","Accounting","9548"
"879","b5dddfc3e34eeF0","Cannon, Daniel and Mccarthy","https://brandt-sullivan.biz/","Guyana","Switchable well-modulated conglomeration","2013","Alternative Dispute Resolution","3485"
"8530","a5CBEA7bEfB98db","Santana-Wood","http://miller.com/","Nauru","Integrated maximized encoding","2005","Design","1795"
"7917","d77F2c0E10Df7EF","Curtis Inc","http://www.bishop.com/","Switzerland","Profit-focused dedicated artificial intelligence","2006","Legislative Office","497"
"6864","556Db7aC3ec7E6A","Villegas and Sons","http://dawson.com/","India","Up-sized 24/7 time-frame","1979","Primary / Secondary Education","4630"
"7893","DFd1F431517eEbe","Hardin Ltd","http://www.hubbard-moon.biz/","Saint Kitts and Nevis","Multi-tiered demand-driven encoding","2010","Package / Freight Delivery","5040"
"6440","3FF14E13e0A2F4D","Howell-Zavala","http://www.mcclain.biz/","Slovakia (Slovak Republic)","Innovative methodical flexibility","1971","Nanotechnology","3833"
"7870","E078EE32f8cAdc3","Newman, Gregory and Shah","http://www.rowe.biz/","French Southern Territories","Enterprise-wide regional policy","2007","Human Resources / HR","9476"
"1017","bccE4bCa93Bb920","Werner Inc","https://www.morrow-griffith.net/","Guatemala","Phased multi-state Internet solution","1982","Translation / Localization","605"
"9468","11eBbdFDDAcB9C5","Bass, Hensley and Rubio","https://www.house.info/","Solomon Islands","Switchable incremental superstructure","1984","Wine / Spirits","4130"
"7630","6d64B8d1d0ED5ae","Mccarthy Group","https://bowers-orr.net/","Senegal","Business-focused needs-based function","1981","Library","2931"
"996","aBc98974dfBe7B6","Hale-Rogers","https://meza.info/","Isle of Man","Re-contextualized fresh-thinking structure","1984","Translation / Localization","883"
"4298","ABC1cB35A3eB240","Dillon-Lowe","http://www.montes.com/","Palestinian Territory","Front-line bi-directional secured line","2006","Environmental Services","2653"
"162","1aEE9cEddDDA7fE","Dorsey, Love and Lewis","http://bauer-estrada.com/","Singapore","Ameliorated analyzing framework","1977","Music","3479"
"5676","c3C67aEf8567Fe2","Waller, Francis and Christensen","https://www.barnett.info/","Christmas Island","Cross-group interactive definition","1995","Machinery","1920"
"6874","B9a18eCa13acD1A","Henson-Mccann","http://www.hansen.com/","Sao Tome and Principe","Automated reciprocal forecast","1971","Research Industry","520"
"9693","d1F0D03bF1CB884","Pineda, Daugherty and Chavez","http://www.pacheco-ponce.com/","Turkmenistan","Integrated methodical monitoring","1989","Shipbuilding","5064"
"7990","a77a4912EBbc80E","Hodges, Rodgers and Stewart","https://martinez-robles.com/","Sierra Leone","Quality-focused background service-desk","2005","Defense / Space","883"
"3844","Ea2d418FbafA2A3","Bridges, Holland and Schmitt","http://barrett.info/","Sao Tome and Principe","Digitized web-enabled workforce","2014","Environmental Services","1916"
"1022","dc5de85fC3Cd5bb","Sloan-Lynn","https://www.waters.com/","Libyan Arab Jamahiriya","Visionary tertiary capacity","1975","Defense / Space","9165"
"3074","bbADd3BdC9d24dC","Tate-Kirk","https://www.cunningham.com/","Guinea-Bissau","Multi-channeled scalable support","1972","Airlines / Aviation","8336"
"7556","68D44EA0adCB7fF","Carpenter-Ali","https://www.boyle-lloyd.com/","Hong Kong","Assimilated bandwidth-monitored solution","2015","Market Research","3634"
"3944","C59Efb36438BccC","Werner-Curtis","http://www.morse.com/","Christmas Island","Innovative leadingedge interface","2013","Investment Management / Hedge Fund / Private Equity","2402"
"1586","Ccf08bD4AcdaB56","Mata, Thomas and Mcgee","https://pope.biz/","Antarctica (the territory South of 60 deg S)","Total radical project","1974","Alternative Medicine","7568"
"3153","0E3C442Cdfe3Bfd","Macias-Craig","https://cannon.com/","French Polynesia","Streamlined radical Internet solution","2016","Leisure / Travel","9083"
"8227","9f7cAa452EcE2bA","Soto and Sons","https://www.price.com/","British Virgin Islands","Intuitive secondary pricing structure","2020","Civic / Social Organization","6548"
"776","7d41786bA5AAEa0","Stevens LLC","https://mclaughlin-cantu.info/","Armenia","Re-engineered bandwidth-monitored focus group","1982","Higher Education / Acadamia","6681"
"9671","EfC5EDF5Ab6dE1F","Hanson, Acevedo and Andrade","https://www.murphy-woods.com/","Zambia","Persevering asymmetric structure","1990","Leisure / Travel","9658"
"7100","CcfffABCE96d8D5","Edwards, Downs and Vance","http://www.keith.net/","Saint Martin","Synchronized upward-trending customer loyalty","2006","Arts / Crafts","1809"
"5487","3F1fcAED98AaE9a","Fields-Figueroa","https://conley-vazquez.com/","South Georgia and the South Sandwich Islands","Enhanced high-level protocol","1999","Luxury Goods / Jewelry","8989"
"6236","9aFBeAF024Db1EB","Osborne PLC","https://shelton-powers.biz/","Latvia","Re-contextualized even-keeled hardware","1974","Internet","4148"
"9556","F80C5FB60dC78B2","Cline-Buckley","http://www.blair.com/","French Southern Territories","Cloned analyzing conglomeration","2001","Alternative Dispute Resolution","8154"
"7042","f687a5FBDCEF8BF","Barnett, Mccall and Wong","http://www.walter.com/","Guyana","Persistent uniform service-desk","2007","Textiles","5598"
"2613","FB3a60D1Edd3BF8","Cabrera Group","https://jarvis.com/","Comoros","Horizontal demand-driven groupware","2021","Publishing Industry","5471"
"7514","B25261cFe4F5DE6","Soto, Giles and Lester","https://www.chapman.biz/","Sweden","Multi-channeled scalable success","1997","Fine Art","1166"
"8434","6aA5Df4AcEaCa5E","Kaufman-Carson","https://marshall.com/","Norway","Reduced discrete support","1995","Think Tanks","911"
"8793","E4f1aBaddfAEaa0","Frazier PLC","http://www.brooks.com/","Northern Mariana Islands","Persistent mission-critical groupware","1978","Military Industry","7258"
"5394","c6DfA0E0be8DBfC","Morrison-Edwards","https://www.wolfe.com/","Lao People's Democratic Republic","Re-contextualized tertiary application","2006","Writing / Editing","1840"
"8839","98A6AF1be2caAba","Torres, Collier and Juarez","https://becker.com/","Guinea","Switchable incremental utilization","1970","Computer Networking","8496"
"3891","c69a7d9bD4AA569","Mcpherson PLC","http://dalton-barnes.com/","United States of America","Team-oriented executive Graphic Interface","2006","Writing / Editing","9150"
"3557","53623Aeedea7d46","Klein and Sons","https://bradshaw.com/","Niue","Organized object-oriented capacity","1999","Military Industry","2160"
"1529","93fc8CFbC4CB1AE","Combs, Chung and Russo","http://www.barr.com/","Haiti","Networked clear-thinking infrastructure","2019","Printing","9861"
"1268","a03eB5F755f7B1e","Stein Group","http://cordova.info/","Guyana","Face-to-face directional knowledge user","2018","Food / Beverages","7718"
"7735","cbBCdFa9C5c99C8","Chen LLC","https://barton-lynn.com/","Ethiopia","Cloned directional secured line","1979","Railroad Manufacture","9053"
"1900","0cEFf06fCd05DEc","Phelps, Valdez and Proctor","http://rowland.biz/","Namibia","Multi-layered bandwidth-monitored task-force","1998","Law Enforcement","7912"
"4659","67c0b78AAB50F6f","Mcmahon-Dalton","https://www.calderon.com/","Myanmar","Organic high-level monitoring","1990","Religious Institutions","4155"
"3006","d5FdbF51bEfcb17","Cisneros and Sons","https://www.hickman.biz/","Afghanistan","Decentralized disintermediate focus group","1976","Defense / Space","9787"
"2735","6747c80Be7b9fFb","Powell, Carpenter and Moreno","https://obrien.com/","Cayman Islands","Vision-oriented mission-critical contingency","1991","Civil Engineering","8610"
"190","bB5F295cB334F95","Whitaker PLC","https://hurst-andersen.com/","French Polynesia","Enterprise-wide local concept","1979","Broadcast Media","7647"
"9168","3AcbbF7f5aF16F8","Dyer, Cervantes and Walters","http://www.higgins.info/","Denmark","Configurable uniform emulation","2003","Capital Markets / Hedge Fund / Private Equity","1110"
"2748","0b257D72722A2Ae","Rivera Group","http://delacruz-stevenson.info/","Azerbaijan","Switchable object-oriented productivity","1979","Broadcast Media","5456"
"2048","03C22fa7F3E8F61","Perez PLC","http://www.perkins.com/","Afghanistan","Inverse executive toolset","1972","Translation / Localization","5337"
"7850","63fDD1f6C413EC9","Mercado-Chavez","https://schmitt.info/","Mozambique","Switchable incremental moderator","1970","Shipbuilding","9345"
"2559","CCDe1eE2ce9fE6A","Fritz-Wilkinson","https://www.becker.com/","United States of America","Secured discrete conglomeration","1986","Publishing Industry","3973"
"9275","d4cA120ee5d1af6","Mcmahon PLC","https://carson-holden.com/","Myanmar","Realigned solution-oriented protocol","2007","Computer Networking","4151"
"8667","bf8cC8B0bff89cf","Kane Group","https://duran.org/","Bhutan","Decentralized intermediate portal","1979","Electrical / Electronic Manufacturing","3169"
"6397","CcCf3Ef7De531b7","Montes, Mejia and Hood","https://thomas-lopez.com/","Poland","Down-sized optimizing hardware","1993","Nanotechnology","6853"
"3386","cd5BD6556742F1f","Briggs, Singh and Harmon","http://mckee.com/","Ukraine","Multi-tiered coherent website","2003","Law Enforcement","6509"
"4556","7e1E57Ec8776C42","Garrett-Moran","http://boone.net/","French Polynesia","Secured system-worthy concept","1991","Construction","1635"
"1185","EfFFAcE776bB3f6","Martin and Sons","http://hatfield.com/","United States of America","Customizable 4thgeneration paradigm","1986","Cosmetics","8732"
"6421","ccaD444F677e14e","Summers Inc","https://patrick.com/","Papua New Guinea","User-centric explicit neural-net","1996","Civil Engineering","3344"
"5052","244Cc8d1702df76","Henderson, Aguirre and Warner","http://goodwin.biz/","Lebanon","Cloned scalable software","1976","Graphic Design / Web Design","7085"
"5312","2d3bDcDbd8bE66E","Yates-Hahn","https://odonnell.com/","Andorra","Mandatory optimal open architecture","1992","Oil / Energy / Solar / Greentech","3256"
"2434","cfDa55ED0F4c233","May, Tanner and Collier","https://horton-moon.com/","Palestinian Territory","Future-proofed secondary collaboration","1989","Defense / Space","2418"
"6950","160Ea02F5cf17CD","Wolfe-Mcdonald","http://www.austin.com/","Falkland Islands (Malvinas)","Extended explicit hierarchy","1975","Electrical / Electronic Manufacturing","4453"
"770","E36aF9BD6Cd3d19","Henry, Carson and Riley","https://www.odonnell.info/","Vanuatu","Up-sized zero administration algorithm","1990","Semiconductors","2085"
"1686","2DB2FCc5d58b9DC","Cherry PLC","http://reynolds.com/","Saint Barthelemy","Persistent client-driven monitoring","2015","Broadcast Media","6224"
"8323","c1ca14A1EFffeAf","Dawson, Garner and Lindsey","http://www.meyer.com/","Cuba","Visionary logistical protocol","1975","Arts / Crafts","6322"
"5579","CB2bdbEe946cDC7","Fletcher, Rhodes and Zimmerman","http://www.delgado-whitney.info/","Guam","Customizable foreground approach","1988","Utilities","3438"
"4427","7BbaC64dfcBf3A0","Meyers Ltd","https://www.harrington.biz/","Benin","Multi-lateral dedicated circuit","1973","Plastics","8537"
"467","ADCDa64Ca9CfF30","Mccormick, Harrison and Kramer","https://crosby.com/","Afghanistan","Object-based 6thgeneration productivity","2010","Electrical / Electronic Manufacturing","6506"
"6266","dE8E5c8745Ea399","Schroeder Ltd","http://harris.org/","Kuwait","Re-contextualized homogeneous installation","2008","E - Learning","8865"
"5735","20884F41ABb42D9","Cooke, Yoder and Brewer","http://noble.com/","United Arab Emirates","Re-contextualized zero administration benchmark","1994","Medical Equipment","6846"
"5192","ecaCc86E4A352BA","Mclaughlin-Bray","https://www.salas.com/","Bangladesh","Assimilated maximized product","2007","Electrical / Electronic Manufacturing","4001"
"5391","b65aAe55E1c73F2","Chaney LLC","https://sawyer.com/","Senegal","Sharable reciprocal challenge","1971","Fine Art","8936"
"861","19AC2180a4F0eaf","Owen LLC","http://www.rangel.com/","Wallis and Futuna","Polarized mission-critical intranet","2011","Wholesale","4282"
"7271","e5BEd0d89a6b1f6","Leonard-Keith","https://petty.com/","Gibraltar","Reactive attitude-oriented archive","1981","Publishing Industry","7217"
