"Column_1","Column_2","Column_3","Column_4","Column_5","Column_6","Column_7","Column_8","Column_9"
"6169","c728573eb5FbD42","Garza PLC","https://www.blackburn-archer.biz/","India","Reverse-engineered directional info-mediaries","2020","Logistics / Procurement","624"
"3597","501e1b4A0Fb3Df1","Cain, Cervantes and Velez","http://www.liu-gill.com/","Monaco","Persistent heuristic Graphic Interface","2000","Civic / Social Organization","2681"
"6289","EfFE664A893D54D","Brooks, Kane and Hall","https://www.johnston-vasquez.info/","Pitcairn Islands","Ergonomic fault-tolerant access","2003","Education Management","3668"
"4633","c2a0aCf1CB1ad1B","Colon and Sons","http://www.hull.net/","Holy See (Vatican City State)","Realigned dedicated support","2014","Import / Export","1339"
"126","dFe6bCAe214A0DD","Aguilar-Sloan","https://bowers.com/","Lithuania","Cross-group heuristic archive","1995","Alternative Dispute Resolution","1554"
"7642","10aD772C8FB5BC8","Roman and Sons","http://shelton-gilbert.org/","Gibraltar","Polarized interactive forecast","1970","Food Production","5511"
"6230","0d1FDB6C6Fc84Ee","Kramer-Conway","http://hoover.com/","United States of America","Triple-buffered homogeneous archive","2009","Program Development","4352"
"1297","B6abC1A178eCC10","Rasmussen-Mcclain","https://murray-bender.info/","Antigua and Barbuda","Enhanced full-range algorithm","2018","Executive Office","231"
"1977","87e690Fd5B76aFD","Tate, Sherman and Lozano","http://hinton.com/","Maldives","Distributed reciprocal paradigm","2000","Cosmetics","2325"
"9481","A4D39Bfb9660fbb","Rodgers and Sons","http://www.warren-day.com/","Ethiopia","Cross-platform upward-trending encryption","1977","Recreational Facilities / Services","2729"
"9582","C1Fb6cc0f74CE0c","Gutierrez LLC","https://cline.com/","Marshall Islands","Switchable bottom-line alliance","2006","Pharmaceuticals","5016"
"5751","E9abD8E2b4DCC1A","Crane, Mosley and Ballard","http://gould-bradshaw.com/","Angola","Team-oriented local encoding","1996","Semiconductors","2181"
"8153","fbBEB5A44E1feD8","Gilmore, Roy and Hutchinson","https://www.morris.net/","Solomon Islands","Business-focused 24hour workforce","1992","Oil / Energy / Solar / Greentech","5326"
"3087","E1929bFdc12DD57","Gross, Spencer and Sharp","http://shelton.biz/","Costa Rica","Diverse stable emulation","1995","Legislative Office","2717"
"9277","A24f3bDdEAB622F","Morton and Sons","http://www.pope-vazquez.com/","Spain","Balanced needs-based hierarchy","2005","Alternative Medicine","7634"
"6883","C8BF2E7f495d38F","Valentine, Sherman and Trujillo","https://simmons-haney.com/","Dominica","Customer-focused multi-state Graphic Interface","2003","Plastics","546"
"9306","77D57BFCf497CEE","Burnett, Hendricks and Hull","http://www.hardin-horton.org/","Germany","Versatile uniform model","1971","Commercial Real Estate","6750"
"7674","6eECB940E9CE3CF","Walls-Carter","https://marquez-ritter.biz/","Congo","Ameliorated impactful superstructure","2019","Performing Arts","3532"
"3346","73B43A8F6DCFA66","Summers, Jennings and Bryan","http://www.west-lucero.org/","Tanzania","User-centric system-worthy firmware","2008","Consumer Electronics","7083"
"8173","9d3bbFf3cf364A9","Johns and Sons","https://price.com/","Guadeloupe","Reverse-engineered non-volatile website","2006","Public Safety","1699"
"9422","5a1Fc99afbe8dd4","Rivers PLC","https://www.huynh.info/","Isle of Man","Mandatory eco-centric help-desk","1997","Investment Management / Hedge Fund / Private Equity","5240"
"5871","8cb6D09f1F1Bfec","Ponce-Short","http://www.choi-collins.org/","South Africa","Decentralized analyzing approach","1998","Pharmaceuticals","3387"
"6507","B7D36bEB27c3Fa6","Haynes-Tyler","http://www.jefferson.com/","Lao People's Democratic Republic","Assimilated 24/7 functionalities","2001","Performing Arts","3298"
"2798","c0eFaB178e7e405","Knight, Kelley and Vasquez","https://cortez.info/","Senegal","Public-key multimedia matrix","2010","Health / Fitness","4046"
"919","c85F7d9F99FFE16","Adams, Patrick and Summers","http://phillips.org/","Rwanda","Ameliorated intermediate success","2020","Non - Profit / Volunteering","4695"
"1647","aCBee5EFbBB67d7","Nunez-Camacho","https://kramer.com/","Bhutan","Realigned 4thgeneration open architecture","1996","Transportation","3569"
"5123","e4CaD456Ffc5F1f","Mcdowell, Jefferson and Collier","http://www.golden.net/","Bermuda","Business-focused national database","1983","Nanotechnology","3356"
"5127","c4dA195eE4b3F57","Richards-Love","http://farley-peck.com/","Romania","Vision-oriented transitional Local Area Network","2014","Mechanical or Industrial Engineering","6754"
"4622","db28E26abCc5fBB","Lozano PLC","https://www.aguilar.com/","South Africa","Ergonomic optimal flexibility","1992","Computer Networking","984"
"6810","c1DFD69c9D0AE0b","Paul, Schwartz and Pace","https://wade.com/","Sierra Leone","De-engineered value-added model","2007","Consumer Services","7113"
"365","bda07405F47bA3a","Vaughan-Love","http://villegas-hahn.com/","Kiribati","Open-source dynamic model","2008","Management Consulting","5391"
"2126","feA8374Dd84D0DE","Callahan Group","https://rollins.com/","Denmark","Multi-channeled content-based project","2019","International Affairs","895"
"8151","CCc834dFb5B9cbF","Abbott-Schroeder","http://cross.net/","Cook Islands","Polarized incremental knowledgebase","1999","Pharmaceuticals","4606"
"8718","2F7cF0dEB08371B","Mullins, Franklin and Conley","https://www.huerta.com/","Spain","Streamlined user-facing projection","2021","Human Resources / HR","2049"
"56","F87A7133EDf5006","Bartlett-Blankenship","http://www.flores.com/","Cote d'Ivoire","Configurable bandwidth-monitored Graphical User Interface","1997","International Trade / Development","7426"
"639","EB5Fcedf5A3AF84","Rojas, Wilkinson and Hatfield","http://schultz-powell.com/","Ukraine","Reactive actuating attitude","1993","Judiciary","5124"
"303","b6BD695d32CF7EF","Vazquez, Hines and Sullivan","http://weeks.com/","Gibraltar","Front-line neutral open system","1991","Farming","3191"
"5812","01c6ABbcfcA0fe6","Griffin, Cardenas and Guerra","http://www.mccoy.com/","Greece","Adaptive clear-thinking complexity","1988","Food / Beverages","6786"
"1277","FadDA062Fe9Da59","Cooley, Coffey and Sharp","http://hurst.com/","Libyan Arab Jamahiriya","Front-line bi-directional secured line","1992","Research Industry","7882"
"4433","9dE7e5356ECfAda","Daniel LLC","https://boone.com/","Antigua and Barbuda","Multi-tiered regional collaboration","1971","Computer Networking","8926"
"3645","67B6a2f367eBDae","Arellano LLC","https://huynh.com/","Seychelles","Reactive disintermediate encryption","2019","Management Consulting","9493"
"4144","b4bD571Ff2Ed303","Crawford-Burton","https://haas.biz/","Tonga","Implemented coherent collaboration","2017","Marketing / Advertising / Sales","9040"
"2879","422DdEEd7bDeBCC","Clements-Chan","https://mcpherson.org/","Cuba","Persistent asymmetric implementation","2021","Renewables / Environment","8328"
"6494","Ae33BA1A3af2c47","Huffman-Love","http://knight-robertson.com/","Macao","Cross-group multi-tasking extranet","1970","Oil / Energy / Solar / Greentech","5583"
"5241","FE33d36B188fDE8","Griffith, Browning and Ashley","https://www.caldwell.com/","Saint Vincent and the Grenadines","Synergized object-oriented infrastructure","2004","Pharmaceuticals","830"
"9409","FFBC3A4aAc990D1","Kaufman-Henson","https://crosby.com/","Nepal","Front-line stable adapter","1988","Leisure / Travel","7130"
"6938","aB9e63d15FBFF54","Cardenas and Sons","https://singh.com/","Sierra Leone","Optional foreground architecture","2010","Management Consulting","1256"
"7241","c2EB8DabDffDA01","Clarke-Haynes","http://cunningham-andersen.net/","Fiji","Programmable mobile interface","2011","Events Services","443"
"2594","77Dd4CCAeefC0ce","Hurst, Gay and Middleton","https://myers.com/","Mali","Quality-focused multimedia definition","1994","Media Production","6796"
"2394","c3CDAF5bBAc29ae","Villa, Richards and Marquez","https://raymond-garrison.biz/","Gabon","Face-to-face value-added workforce","1999","Individual / Family Services","409"
"524","b5f37fD9faD7Cb9","Huerta Ltd","https://www.henderson-johnson.biz/","Liechtenstein","Optional modular capability","1987","Medical Practice","749"
"6377","8EbE6FF417C98D4","Gallegos LLC","https://www.callahan.info/","Poland","Virtual systemic benchmark","2017","Industrial Automation","5893"
"6982","0CFcBdC802CF168","Lane-Kennedy","http://small.com/","Nicaragua","Face-to-face client-driven algorithm","2010","Education Management","8669"
"6678","9c2eba3a56adbCC","Chung, Banks and Rubio","https://wallace.com/","Netherlands Antilles","Polarized client-server alliance","2002","Computer Games","2766"
"3901","542f2CC9e0F88Ae","Burke Ltd","https://sloan.com/","Colombia","Optional homogeneous focus group","1987","Investment Banking / Venture","2485"
"9635","295b6BB9c72ab66","Vaughn, Mayer and Allen","https://barrett.com/","Gabon","Synergistic multi-state solution","1988","Business Supplies / Equipment","3315"
"5586","2dB4eA69336b85F","Holden Inc","http://www.beck.biz/","Kyrgyz Republic","Mandatory client-server function","1976","Railroad Manufacture","3755"
"9361","BAB7f3Fb1C9Ab8D","Hendrix LLC","https://www.hampton-hebert.com/","Saint Kitts and Nevis","Fully-configurable multimedia hub","1975","Photography","8410"
"7957","268C69ed9F1ecAe","Kirk LLC","http://herring-mcbride.com/","Yemen","Object-based methodical contingency","1973","Sporting Goods","6538"
"7571","767F3A9fd72Ca95","Arnold Inc","https://www.bradley.com/","Singapore","Customizable optimizing protocol","2014","Military Industry","9075"
"6778","08FB496ae5A6A0C","Hensley, Howe and French","http://madden-tran.com/","South Africa","Front-line bandwidth-monitored interface","1979","Airlines / Aviation","7878"
"672","B9C03dDbf4d9AAD","Archer-Quinn","https://www.lamb.com/","Togo","Open-source even-keeled paradigm","2021","Computer Software / Engineering","908"
"4189","015696caFA0FbE8","Pennington, Browning and Bray","https://www.burgess.biz/","Honduras","Triple-buffered object-oriented project","1991","Hospitality","4541"
"667","2BCd85520Cb6C80","Cummings-Hurley","http://www.valentine.com/","Burundi","Fundamental 24/7 encryption","2005","Writing / Editing","8064"
"3267","38b7DdeC2f7f8bD","Hampton-Byrd","http://www.crane.com/","Nigeria","Right-sized motivating utilization","1988","Religious Institutions","7724"
"1888","72CA87ea37fa8B7","Mcneil-Douglas","http://byrd.com/","Faroe Islands","Switchable local flexibility","1986","Animation","8265"
"8473","9ba73BcEdFaB7e9","Turner PLC","http://www.bolton.info/","Serbia","Compatible even-keeled algorithm","2010","Computer Networking","3552"
"9092","F31bfcCFbF54391","Hickman-Decker","https://www.nash.com/","Pakistan","Multi-lateral systematic archive","1985","Motion Pictures / Film","8016"
"7688","CbF1fc3bbFdCc20","Massey-Munoz","http://chase.com/","Anguilla","Advanced web-enabled function","1998","Industrial Automation","7649"
"6032","D0f1cBd0bcD824e","Carney-Robinson","http://fields.com/","Slovenia","Seamless mission-critical frame","1998","Media Production","4679"
"6091","16CEfdeabBa0CeF","Snow Ltd","http://burch.info/","Niue","Monitored value-added strategy","2000","Online Publishing","8123"
"6239","CbDc07509007a46","Hooper PLC","http://www.leonard.biz/","Tunisia","Future-proofed static ability","2021","Legislative Office","9865"
"7351","eC2e8E1bdbDAde0","Hurley Inc","https://robertson.org/","Saint Martin","Reactive uniform conglomeration","2003","Museums / Institutions","9808"
"7831","b4CDfdfe2d422e3","Nash, Colon and Ferrell","http://www.yoder.info/","Thailand","User-centric bandwidth-monitored data-warehouse","2013","Computer Software / Engineering","2314"
"761","128D1D3C470e42a","Wilkins-Cooke","https://ramos.com/","Netherlands","Horizontal cohesive Internet solution","2003","Business Supplies / Equipment","9127"
"6255","c9a0BDefABcbeff","Burton-Watts","http://estrada.com/","Australia","Multi-layered context-sensitive system engine","2015","Alternative Dispute Resolution","8354"
"1907","bcdCAf71AD46FCb","Reynolds and Sons","https://osborne-crawford.com/","Trinidad and Tobago","Re-engineered intermediate leverage","1993","Consumer Services","1122"
"3819","193aA4B00810108","Gill and Sons","https://www.hendrix.org/","Poland","Open-source well-modulated migration","1972","Program Development","7018"
"6270","9E2dC5CbcBcbeF2","Roy-French","http://www.dorsey.com/","American Samoa","Assimilated neutral firmware","2015","Furniture","6905"
"4301","f8DfeD1fced2d84","Barr Ltd","https://schmidt.com/","Kuwait","User-friendly non-volatile conglomeration","2017","Computer / Network Security","3874"
"5570","c97753a4D246Bdd","Sullivan-Hudson","https://www.odom.com/","New Zealand","Team-oriented well-modulated moderator","2015","Biotechnology / Greentech","6694"
"7942","d2F4CB1BbE236aE","Phelps Ltd","http://www.estes.com/","Northern Mariana Islands","Centralized radical frame","2000","Higher Education / Acadamia","4438"
"4165","Fb28CCe23E0bDAE","Knapp-Chase","http://www.shea.com/","Heard Island and McDonald Islands","Face-to-face coherent success","2021","Internet","3864"
"5972","CbA53dfD9Da3eFc","Ayers, Ball and Riley","http://mcconnell.com/","Thailand","Centralized needs-based matrix","1998","Utilities","2234"
"3580","D7EB8249e43DED1","Henderson, Buck and Pruitt","https://www.coffey-stout.net/","Italy","Open-architected bifurcated neural-net","2018","Public Safety","7004"
"2833","49A2dF03cC43D68","Gonzalez-Hatfield","http://hendrix-tate.com/","Ghana","Front-line fault-tolerant toolset","1976","Events Services","7444"
"5450","3EC432eD3cb7a53","Lang LLC","http://cooper.com/","Kenya","Customizable leadingedge artificial intelligence","2003","Events Services","1332"
"3473","b0bB32f1ff54f9c","Mccormick and Sons","http://www.harrington.biz/","United States Minor Outlying Islands","Public-key hybrid methodology","2015","Health / Fitness","2896"
"6328","bBF4D165618cBA5","Peters Inc","https://hooper.com/","Egypt","Open-architected web-enabled emulation","2022","Outsourcing / Offshoring","1424"
"138","E1E7c13e9D45F0d","Walter-Chan","https://haley.com/","Ethiopia","Up-sized homogeneous infrastructure","1975","Pharmaceuticals","308"
"7044","Ed0942778E6BEFb","Meza-Sanford","https://willis.org/","Ghana","Customer-focused client-driven ability","2018","Hospitality","5566"
"4893","CF9bC7e0F0E6B1f","Poole, Rogers and Mccarthy","https://www.stokes.biz/","Macedonia","Synergistic mobile Internet solution","2012","Security / Investigations","8960"
"2181","A0dbBbBDB77A6bf","Dodson, Pittman and Camacho","http://skinner.info/","Guyana","Robust zero tolerance product","2004","Human Resources / HR","5296"
"7731","50b885Ca26e5789","Dean-Munoz","http://www.martin.org/","Lao People's Democratic Republic","Total tertiary conglomeration","1981","Packaging / Containers","7865"
"3178","1d1dCA2b57b75bA","Singh, Zimmerman and Murphy","http://www.dunn.com/","Guinea","Right-sized non-volatile instruction set","1981","Non - Profit / Volunteering","3390"
"4855","eFF7addc92adbbf","Barton Inc","http://www.figueroa-franco.com/","Macao","Managed local capacity","1981","Semiconductors","4192"
"4638","dD2C267A2aAA3Cc","Larson LLC","https://www.galvan-stokes.com/","Jersey","Innovative 3rdgeneration open system","1994","Hospital / Health Care","5005"
"5116","12662Df04EEad28","Morrow PLC","http://brooks-warren.com/","Norway","User-friendly background hardware","1970","Oil / Energy / Solar / Greentech","934"
"7649","b2CEdAd9Fd9db00","Greer, Cervantes and Ramsey","http://www.ibarra.com/","Thailand","Upgradable interactive Graphic Interface","2011","Translation / Localization","1775"
"4262","B8Baed584BC50Ab","Murphy PLC","http://cooley.net/","Suriname","Stand-alone even-keeled migration","2021","Human Resources / HR","8484"
"1332","87BfEeAeD1215C0","Leblanc and Sons","https://owen.biz/","Central African Republic","Inverse 24hour info-mediaries","2017","Apparel / Fashion","9389"
"7003","Ec0cEc38E9fd842","Lopez PLC","https://www.moyer.com/","Switzerland","Public-key well-modulated secured line","2010","Government Administration","7284"
"6942","F0F5acC5F38fBcE","Patrick-Hutchinson","http://www.durham-osborne.com/","Montenegro","Right-sized systemic matrix","1990","Program Development","2920"
"8018","EF225dDbFE223Fc","Sexton, Blankenship and Henderson","http://www.lane-cisneros.info/","Bahamas","Customer-focused attitude-oriented access","1981","Investment Banking / Venture","6475"
"6242","c9A73Aa2B07AB6f","Stevens-Neal","http://www.rose.com/","Sweden","Synchronized context-sensitive installation","1973","Program Development","4159"
"9988","cC1AcdcdF48aFC0","Horn, Chaney and Hudson","https://atkins.org/","Croatia","Implemented neutral parallelism","1988","Non - Profit / Volunteering","9293"
"6882","df85dCD2117A046","Maynard, Davis and Garrett","http://www.brady-bennett.com/","Guinea-Bissau","Visionary bandwidth-monitored toolset","1972","Alternative Dispute Resolution","9804"
"4531","b3F3CDC0a8C6E44","Buchanan-Terrell","https://meadows.biz/","Bouvet Island (Bouvetoya)","Reverse-engineered exuding architecture","1984","Translation / Localization","2772"
"4674","b65Da337B1aaFfC","Walsh-Knox","https://ponce.com/","United Arab Emirates","Decentralized holistic budgetary management","1978","Hospitality","6267"
"6997","FF0EDF2f206F8aC","Mays and Sons","https://ellison.com/","Niue","Public-key 5thgeneration complexity","2010","Design","1427"
"1253","ae7acfbB8E4Fe5F","Holden, Daniel and Trujillo","http://www.gay-gordon.com/","Ghana","Quality-focused local attitude","2018","Alternative Dispute Resolution","3967"
"3375","e71e3DeeD7fc6F8","Estrada and Sons","https://baird.com/","Senegal","Adaptive local Graphical User Interface","2007","Wine / Spirits","3863"
"2815","706F50aD062afb9","Mays-Joseph","http://mathews.com/","Botswana","Optimized methodical neural-net","2020","Mining / Metals","7861"
"4720","Ea7adff65499ce3","Atkins PLC","https://www.keller.info/","French Southern Territories","Multi-channeled coherent function","2015","Events Services","3708"
"6545","A48EE99C4aADdaC","Hogan Inc","http://sweeney.com/","Thailand","Fundamental attitude-oriented challenge","2018","Recreational Facilities / Services","3178"
"4859","FefBD0a1c2692Bb","Parrish-Mathews","http://www.stein-gibson.info/","Kenya","Configurable radical service-desk","2012","Judiciary","4036"
"7902","Df7C77A0a10Be1d","Morales Group","http://www.garza.info/","Bolivia","Multi-layered 5thgeneration analyzer","1970","Luxury Goods / Jewelry","7259"
"8581","0A35dB57BDABB7C","Fuentes-Watson","http://king.net/","Ukraine","Synergistic 5thgeneration attitude","1970","Textiles","2666"
"8428","8Ac78c80AF9aca5","Mccormick, Clarke and Morales","https://www.velazquez.com/","Congo","Versatile contextually-based synergy","1974","Security / Investigations","1526"
"1078","eefa4E8bc4db0e4","Moran, Herrera and Sanford","http://peters.com/","Grenada","Automated regional application","2011","Computer / Network Security","217"
"4364","Cb498699C3DEC7F","Parker LLC","http://blankenship-krueger.com/","Grenada","Enterprise-wide executive open architecture","1989","Management Consulting","2988"
"771","B9dBEBEeC18A3E3","Cline-Mullen","http://myers.biz/","Czech Republic","Sharable homogeneous artificial intelligence","1982","Luxury Goods / Jewelry","9982"
"8866","72EDA93eA23e9bA","Parsons Ltd","http://moore.com/","Saint Lucia","Phased demand-driven encoding","1992","Fundraising","3923"
"250","eFD43ddED47e75f","Moses Ltd","https://haynes-boone.com/","Egypt","Total client-server functionalities","2009","Apparel / Fashion","3930"
"7240","6dbA4CBe0B7fe05","Hunter-Sharp","http://www.francis.biz/","Myanmar","Balanced modular ability","1984","Mining / Metals","9841"
"3420","FBa77Ca790ABdF8","Curry, Watkins and Galloway","https://byrd.com/","Burkina Faso","Fully-configurable tertiary productivity","1976","Capital Markets / Hedge Fund / Private Equity","3064"
"4977","85aEF9e7cd4Afa7","Krause Group","http://www.ford-norris.com/","Algeria","Advanced methodical migration","2004","Farming","9933"
"4545","F6D38c77faDc8aB","Cantu Ltd","http://hurst-bowers.com/","Tonga","Implemented systemic extranet","1982","Medical Equipment","9089"
"5566","fBaD0F1deA72692","French, Golden and Donovan","https://sosa.com/","Puerto Rico","Open-architected asynchronous capacity","1987","Research Industry","7229"
"7940","40FA7BDb6E9B7E9","Andrade Group","https://www.banks-lindsey.biz/","Spain","Reduced disintermediate collaboration","2014","Construction","8539"
"717","14A5F1101EfDe6e","Castro, Travis and Snyder","http://www.castaneda.com/","Jordan","Balanced attitude-oriented info-mediaries","2017","Wine / Spirits","3051"
"9653","EBba0EEc497Acaf","Donaldson-Ayala","https://www.durham.net/","Sao Tome and Principe","Organized multi-state frame","2021","Education Management","1662"
"2049","46d2E5D5dC8F5dC","Hobbs Inc","https://www.alvarez-mueller.com/","Micronesia","Persevering 24hour implementation","2013","Plastics","501"
"5998","2CBB28589aC6dc9","Bentley, Phillips and Graves","https://www.fleming-mata.org/","Turks and Caicos Islands","Decentralized 24/7 support","1973","Logistics / Procurement","1874"
"6601","3Cde9bd139D9BAA","Cantrell-Matthews","http://parker.com/","Bahamas","Decentralized context-sensitive knowledge user","1992","Wine / Spirits","2061"
"7246","BD0782aB62C5ABd","Gross Group","https://www.stuart-conrad.biz/","French Polynesia","Cloned human-resource open system","1997","Supermarkets","164"
"4179","dFEc6cDAEcaA09d","Booth-Proctor","http://mckee.com/","Saint Martin","Right-sized upward-trending info-mediaries","2004","Public Relations / PR","7095"
"4810","9B30B32bB483ac0","Galvan, Williamson and Miranda","http://rowland-duarte.info/","Saint Helena","User-friendly discrete middleware","1987","Museums / Institutions","9263"
"9483","b4A1ae4A9Eed7aF","Delgado-Lowery","http://www.rogers.com/","Nigeria","Function-based directional functionalities","1983","Photography","93"
"7141","16a2BfAC13dFAFB","Martin-Valentine","https://hancock.com/","Antigua and Barbuda","Streamlined logistical secured line","2008","Facilities Services","5649"
"7191","feFff835cA7B8DE","Freeman LLC","http://preston-lucero.com/","Vietnam","Configurable holistic solution","2006","Market Research","2769"
"1461","B8fdfca45Ae33e7","Clayton LLC","http://www.mcneil.com/","United Arab Emirates","Virtual exuding complexity","2011","Judiciary","5898"
"5990","5FFdFcAF4bb4b30","Woodward Group","http://www.arias.com/","Guam","Innovative explicit customer loyalty","2005","Plastics","3443"
"2001","2ca507CeE69E17D","Anthony Ltd","https://guzman.org/","Armenia","Configurable tertiary access","2005","Package / Freight Delivery","5949"
"8176","EBe50aaA41eCBFc","Rowe, Page and Nash","https://perez.com/","Korea","Configurable zero tolerance process improvement","2010","Other Industry","2632"
"405","Cf3AfeE8334CBbD","Warner, Anderson and Cowan","https://newton-blair.com/","Guinea-Bissau","Grass-roots human-resource data-warehouse","1986","Gambling / Casinos","6592"
"385","6FeaAebCBbeb7c4","Murillo-Guzman","https://griffith-cross.com/","Cameroon","Expanded static productivity","1970","Security / Investigations","9826"
"9449","2Db911cB1C7ffde","Warner, Hunt and Lopez","https://olsen.com/","Korea","Down-sized value-added contingency","2003","Tobacco","189"
"9488","354F6EB23Bb09fE","Castillo Group","https://www.durham-lane.biz/","Christmas Island","Business-focused 24/7 paradigm","1975","Semiconductors","4307"
"1634","c115a94fDfCF4c5","Andersen, Molina and Calhoun","https://wright.com/","Barbados","Fully-configurable 24hour circuit","1971","Arts / Crafts","1830"
"9854","aBea1dAe76Bb2Ab","Benton PLC","https://www.snow.com/","Rwanda","Enterprise-wide static conglomeration","1972","Chemicals","6309"
"4785","Ddd2A7Ea4AEfcBD","Wagner-Proctor","https://barker.com/","Lao People's Democratic Republic","User-centric mission-critical array","1997","Facilities Services","4240"
"9457","ca1C9B6F66b5738","Solis, Becker and Simpson","http://www.hicks.info/","Palau","Stand-alone eco-centric groupware","1973","Law Practice / Law Firms","8977"
"6971","11eBB0bf0e47C9F","Cohen-Nichols","https://wood.org/","French Southern Territories","Right-sized systemic challenge","2004","Semiconductors","2073"
"3926","7Cf77a27b6bFbd4","Calderon PLC","http://www.payne.com/","Panama","Quality-focused exuding synergy","2016","Financial Services","3386"
"4159","9793B8141AfdC1a","Blankenship-Barton","http://www.calhoun-williams.com/","Italy","Progressive 24/7 challenge","2010","Real Estate / Mortgage","6197"
"7450","F74B2d387B59c32","Lucas-Paul","https://james.biz/","Lebanon","Inverse 3rdgeneration instruction set","2008","Public Relations / PR","2575"
"8416","b3fF10dfcB52cFc","Snow Group","http://winters-cortez.com/","Brunei Darussalam","Universal actuating hardware","1996","Pharmaceuticals","8498"
"2194","FDE0A0AfAbc5EbB","Ford-Dunlap","http://khan-trevino.com/","Zimbabwe","Reactive bifurcated budgetary management","2012","Farming","2500"
"1016","f8c5dfccfD59a0a","Dougherty Ltd","http://www.ross-calderon.com/","Anguilla","Reactive user-facing functionalities","2004","Judiciary","3500"
"5125","Bb01fCE8Fd97Ed5","Frank-Baird","https://www.brady.org/","Guam","Realigned hybrid algorithm","1981","Furniture","5856"
"7419","3bb22EF9bCA15A6","Phillips and Sons","https://www.jacobs.biz/","Zambia","Integrated analyzing initiative","2019","Internet","5166"
"7410","73e971edF04cf11","Livingston-Harrell","https://www.davidson.com/","Gambia","Fully-configurable scalable strategy","2015","Fine Art","7615"
"8990","dd5C4DbC1F309AF","Doyle-Potter","https://morales.com/","Kuwait","Distributed needs-based instruction set","1975","Chemicals","7739"
"2872","855e9B4dbd8B341","Wang and Sons","http://gonzales.com/","Mayotte","Cross-platform motivating matrices","1986","International Trade / Development","4650"
"10","A7DdBb239A86689","Valdez-Estes","http://melendez-malone.com/","Timor-Leste","Diverse next generation open architecture","1985","Plastics","1785"
"1839","efBcfcCCc3Bc889","Bass, Wallace and Lambert","https://owens.com/","Samoa","Team-oriented global moderator","2020","Program Development","4247"
"4805","7B27c60EA0F240d","Woodard LLC","https://mack.org/","Algeria","Exclusive coherent hub","1994","Computer Hardware","9332"
"256","1F3361f6C3d5aFd","Nichols-Case","http://www.reynolds.com/","Samoa","User-friendly global knowledge user","2006","Civic / Social Organization","3608"
"7027","574B6Cdd7dcc5ae","Cherry Ltd","http://underwood-duke.com/","Canada","Grass-roots client-driven toolset","1977","Mechanical or Industrial Engineering","7661"
"5714","AFB3582bB7eC0F1","Cameron, Hickman and Gilmore","http://mclean-khan.com/","Malawi","User-centric uniform portal","2019","Plastics","6670"
"3325","992f8aDdE980DFc","Bailey, Friedman and Vang","https://www.houston.org/","Finland","Total didactic function","1980","Government Administration","5395"
"7715","3F9222bbEDeCeff","Jennings LLC","http://hatfield.info/","Afghanistan","Adaptive static alliance","1973","Veterinary","2615"
"1582","eCb1CFC0eB0E2e0","Hanna, Dickerson and Patel","https://carney-frye.com/","Sierra Leone","Inverse disintermediate ability","2007","Consumer Services","1797"
"925","2f43A122F73C0d0","Carr-Wright","https://haas.com/","Albania","Phased 5thgeneration collaboration","1994","Recreational Facilities / Services","3097"
"2780","Fd5AFcf0Ab0e6DD","Lynch-Cooke","https://www.rivera.info/","Monaco","Versatile zero administration circuit","2021","Alternative Dispute Resolution","4482"
"7892","31F21037B66bcD5","Jenkins, Graves and Patrick","http://cervantes.com/","Swaziland","Stand-alone holistic installation","2012","Consumer Goods","3908"
"6133","C6BfCFBB4BC0ddC","Graham Group","https://www.richard.com/","Belize","Profit-focused didactic orchestration","1998","Chemicals","1349"
"5321","ce4EEbf3788fB29","Clarke and Sons","https://www.taylor.com/","Honduras","Multi-lateral encompassing knowledge user","1975","Executive Office","3866"
"7313","f0fd45dd62e9ffA","Swanson Inc","https://www.travis.com/","Uzbekistan","Multi-tiered dynamic artificial intelligence","2008","Education Management","4429"
"7103","e9fb6CcC1b6278D","Estrada, Shannon and Mcclure","http://www.bender-dougherty.org/","Hong Kong","User-friendly intermediate middleware","1998","Apparel / Fashion","4014"
"6043","9cf8398903Ab7f1","Stuart-Preston","http://www.bowers.com/","United States of America","Proactive asynchronous forecast","2009","Financial Services","3521"
"3776","C9a4eCEDBB1cDBA","Finley, Lawrence and Williams","http://hurst.org/","Liechtenstein","Customizable interactive product","2003","Warehousing","7423"
"4836","A91cD2c4FC0Aecd","Cisneros-James","https://montgomery-ray.org/","Djibouti","Up-sized fresh-thinking monitoring","1983","Sports","3847"
"4965","C363b0F958f2ee7","Roach Group","http://pena-madden.com/","Cape Verde","Self-enabling regional application","1979","Chemicals","7439"
"540","3fcdad275Afb614","Lee, Case and Mooney","http://www.lambert-foster.net/","Sao Tome and Principe","Triple-buffered actuating conglomeration","2000","Program Development","9338"
"7484","99Fbf435d7f4b3d","Good Inc","http://www.mcclure.com/","Lesotho","Ergonomic 24/7 superstructure","2022","Oil / Energy / Solar / Greentech","6986"
"2746","676BEbEdDD2CFF2","Long and Sons","https://griffin-powell.info/","Australia","Enterprise-wide hybrid knowledgebase","1984","Consumer Goods","6614"
"3720","cdA6aCFA6405F1c","Martin and Sons","http://chan-choi.com/","Rwanda","Synergistic local access","2014","Computer Software / Engineering","3420"
"6820","A2CBDf7FcF91439","Moreno, Cain and Lowe","http://rush.net/","Guernsey","Reverse-engineered content-based matrices","1997","Program Development","5201"
"9338","A2c7fF640DD3470","Choi-Burch","http://buck-bishop.com/","Wallis and Futuna","Polarized disintermediate product","1980","Computer Hardware","3069"
"4469","aB3dFdFCdAE2789","Blanchard-Mason","http://key.info/","Djibouti","Open-source empowering archive","1984","Entertainment / Movie Production","6699"
"668","31efB49B7c7e59E","Acosta-Myers","https://aguilar.com/","Norfolk Island","Expanded web-enabled system engine","1990","Apparel / Fashion","8714"
"7576","d2004C50A3b5663","Hatfield-Chandler","http://burton-matthews.com/","Macedonia","Horizontal dedicated Graphical User Interface","2012","Performing Arts","5062"
"8550","e4cfC66aFBCfBce","Faulkner, Gilbert and Long","https://small-gregory.com/","Colombia","Object-based national algorithm","2007","Luxury Goods / Jewelry","5633"
"5064","b258e7BC3Ed9d2A","Vang, Holland and Brewer","https://escobar.com/","Chile","Pre-emptive 6thgeneration paradigm","1995","Judiciary","7077"
"1354","045029EF7a1Ef14","Duffy LLC","http://murphy.com/","Israel","Universal heuristic structure","2018","Chemicals","2774"
"7115","02DEE4dBcb4BF5E","Daniel Inc","https://www.barrett.com/","Sri Lanka","Cloned high-level definition","1992","Computer Software / Engineering","1537"
"9774","b27D9EFb9EC13ff","Ibarra, Mcgee and Parrish","http://www.campbell.com/","Panama","Seamless homogeneous help-desk","2000","Renewables / Environment","531"
"8663","3B65b98e3A3ABAd","Thornton, Kaiser and Bautista","https://www.nixon.com/","Christmas Island","Innovative heuristic interface","2008","Other Industry","4980"
"2704","fCb69C3AD420CA7","Juarez Inc","http://bailey.net/","Uruguay","Organized static emulation","1997","International Trade / Development","6783"
"3331","0f40930EEFfFE5A","Holder, Butler and Munoz","https://www.holt.net/","Niger","User-centric client-server system engine","1998","Primary / Secondary Education","9656"
"8054","D3c4633be1B9FF5","Yoder PLC","https://shaw.com/","Reunion","Compatible didactic toolset","2012","Higher Education / Acadamia","1896"
"3585","8bb5b0DcEFf4BdA","Schultz, Haas and Berger","http://bush.net/","Montserrat","Extended scalable database","1981","Accounting","386"
"9442","fE0aB1CeB6cFDAB","Lester, Combs and Hart","https://solis.com/","Faroe Islands","Organic human-resource contingency","1988","Hospital / Health Care","6585"
"5646","bE8c71a52092aa6","Woodward PLC","http://mathis.com/","Finland","Up-sized transitional benchmark","1989","Chemicals","6200"
"3377","f53Cbb6a3fe982F","Nichols, Davies and Schmitt","https://chang-rivera.com/","Morocco","Down-sized coherent knowledgebase","2011","Financial Services","1172"
"1257","Ad18E1Fc19Ad545","Holder, Salinas and Cortez","https://gamble-lee.biz/","Afghanistan","Profit-focused directional encryption","1981","Electrical / Electronic Manufacturing","8586"
"6191","6de43fbA3aE49af","Dawson, Jackson and Aguilar","https://sharp-gomez.net/","Panama","Innovative content-based architecture","2017","Law Practice / Law Firms","9930"
"5349","00C66E78af6ADaB","Mcguire, Payne and Turner","http://www.knapp-preston.com/","India","Multi-tiered 24hour forecast","2020","Leisure / Travel","2572"
"4176","Ec2D486DBB003cA","Valencia, Yoder and Wolf","http://www.townsend-bullock.info/","Panama","Public-key directional hierarchy","1995","Fundraising","8209"
"4911","Def10F0CDc703E3","Ortega, Mendoza and Huerta","http://cameron.biz/","Armenia","Cross-group cohesive contingency","1975","Mental Health Care","544"
"1853","d8a3652A2c1F9c0","Everett-Shaffer","https://www.kim.info/","Chad","Future-proofed actuating initiative","2002","International Trade / Development","4485"
"6317","68dFeF2f80Ecfb4","Gould, Moss and Huerta","http://mitchell.info/","Ecuador","Right-sized logistical artificial intelligence","1973","Mechanical or Industrial Engineering","8238"
"9855","eC06DA08BE5792f","Marquez, Kaiser and Cantrell","http://aguilar-calderon.com/","Vietnam","Future-proofed solution-oriented firmware","2011","Nanotechnology","1086"
"2106","7aFcfcdCadaD3EA","Glass LLC","https://www.hammond-huff.info/","Lesotho","Function-based motivating challenge","1997","Plastics","7612"
"134","ad7abD76b627EA9","Beasley-Friedman","http://www.mccann-rubio.com/","Lebanon","Multi-tiered demand-driven time-frame","2007","Performing Arts","8691"
"5030","eFEE8C72Ab0DC5E","Horton Ltd","https://logan.com/","Palau","Integrated interactive encryption","2010","Packaging / Containers","7452"
"929","395E65aba1cE4C4","Morton-Lambert","http://www.hopkins-christensen.com/","Rwanda","Reverse-engineered 6thgeneration archive","1987","E - Learning","7624"
"824","ebb33AFE9CAD971","Meyers, Levine and Vargas","http://www.olsen.com/","Vietnam","Extended asymmetric pricing structure","1995","Hospital / Health Care","9909"
"7577","1CaaB99BD614cDc","Randolph, Stout and Gibson","https://johns.net/","Australia","Persevering web-enabled superstructure","1996","Health / Fitness","8354"
"1532","ECCf4f8Df1DDAB6","Cuevas Group","http://stephens.com/","Peru","Cross-platform discrete structure","1997","Think Tanks","2057"
"1215","0db72e94c6E437f","Alvarado Ltd","https://cuevas.com/","Zambia","Face-to-face analyzing encoding","2007","Sporting Goods","8198"
"505","1F3698ddfaBdD4F","Case-Obrien","https://berg-townsend.com/","Mayotte","Versatile 3rdgeneration standardization","1991","Paper / Forest Products","7458"
"6531","b565BcD67B88E53","Simpson, Gross and Pierce","http://hampton.com/","Ethiopia","Triple-buffered explicit adapter","2005","Shipbuilding","6860"
"3073","8dc5C16d594Ca47","Fischer Inc","https://brown.net/","Saudi Arabia","Advanced real-time projection","1971","Transportation","590"
"9087","7Ac85E28dbaeB7A","Villa Inc","https://farley.net/","Norway","Adaptive fresh-thinking contingency","2000","Industrial Automation","5587"
"8648","81DA7DDBda363FE","Krause-Humphrey","http://harding.com/","Isle of Man","Synergistic impactful policy","1992","Medical Practice","8668"
"6620","884Ab06a3E49F1e","Dougherty-Melendez","http://www.pearson.com/","Cote d'Ivoire","Focused well-modulated product","2010","Law Enforcement","9456"
"9274","01Ac6bEF87902F9","Lang Group","http://brennan.biz/","Greece","Versatile encompassing encryption","1978","Law Practice / Law Firms","668"
"3710","d0D1cD7FC56FbAA","Saunders Group","http://mejia-durham.com/","Morocco","Customizable bifurcated core","1991","Retail Industry","2200"
"4850","e23c8eF6ccC40cd","Meza, Phillips and Carney","http://www.morrison.com/","Montenegro","Self-enabling real-time capacity","2013","Education Management","8729"
"4749","0afC0c05C3e73da","Duffy, Mcgrath and Holloway","https://cuevas.org/","Antarctica (the territory South of 60 deg S)","Reverse-engineered stable concept","2010","Wine / Spirits","6183"
"4269","0FcFDC98E6cafC1","Boyd, Peck and Mann","http://carson.com/","Taiwan","Object-based next generation challenge","2005","Mechanical or Industrial Engineering","8102"
"9879","06eBFD9e6E31a4f","Moreno-Barton","http://mcgee.biz/","Nigeria","Integrated fault-tolerant analyzer","1990","Logistics / Procurement","2023"
"8906","caa00C4a1F3DaD5","Ellison-Pineda","http://duke-bowen.biz/","Netherlands Antilles","Adaptive even-keeled circuit","1986","Package / Freight Delivery","6632"
"4187","F0bb88bAf2CBfeC","Wilson Inc","https://rich-lloyd.com/","Bolivia","Programmable system-worthy access","1973","Wireless","8174"
"5302","A17F2def6B1549b","Foley-Ewing","https://ferrell.com/","British Indian Ocean Territory (Chagos Archipelago)","De-engineered full-range leverage","2013","Religious Institutions","7794"
"2924","DD1D8C4F213aa64","Estrada, Riley and Proctor","http://www.mccall-hudson.biz/","Somalia","Sharable executive portal","2015","Biotechnology / Greentech","9825"
"6589","5e1fEA7B3E0fE4b","Pollard, Cohen and Ross","http://www.thompson.info/","Dominican Republic","Function-based radical complexity","1983","Computer Networking","5437"
"1811","73D46CBA6cDAB05","Woodward, Bowen and Hampton","http://warren-brewer.com/","Madagascar","Re-contextualized user-facing challenge","2018","Religious Institutions","9957"
"3487","e008C8C0c74a021","Ramsey and Sons","https://estes.com/","Vanuatu","Switchable executive synergy","1995","Hospital / Health Care","253"
"7420","b2Ccd298b8F4fE8","Hutchinson-Newman","http://strickland.org/","Liberia","Multi-channeled cohesive paradigm","1990","Cosmetics","765"
"3142","dDED69dEAcCFEcc","Diaz PLC","http://murphy-roberts.com/","Kenya","Implemented solution-oriented open system","1995","Writing / Editing","7976"
"9348","D4eD3Ae0Fc8CB7f","Ball, Hutchinson and Washington","https://schwartz.biz/","Maldives","Focused non-volatile knowledgebase","2010","Recreational Facilities / Services","8549"
"1325","064d9d2D3fC3b98","Lynch, Monroe and Lynch","https://www.hodge.biz/","Tokelau","Robust systematic matrices","2006","Veterinary","8461"
"4313","6a45C5Ab1FC3BB9","Ochoa-Horton","https://ward.com/","Guernsey","Operative 24/7 circuit","2007","Facilities Services","8923"
"7495","23F436Ec20B8628","Graves, Solomon and Stokes","http://andrews.com/","Albania","Enterprise-wide stable project","1980","Philanthropy","5427"
"8703","d7e592F6642e9E0","Jimenez, Richards and Mcclure","https://www.orozco.com/","Mozambique","Quality-focused intangible migration","1992","Public Relations / PR","7038"
"8692","CCa6EfcEcd7bA60","Holland, Bowen and Cannon","https://www.hudson.biz/","Afghanistan","Intuitive bandwidth-monitored superstructure","1990","Graphic Design / Web Design","6766"
"9504","0a1eD967BCF7BAe","Mccormick, Doyle and Gould","http://boyer.org/","Libyan Arab Jamahiriya","Horizontal reciprocal utilization","2012","Alternative Medicine","7756"
"5542","5FED6585fE3E4Ad","Hull-Pitts","http://www.forbes.org/","Cocos (Keeling) Islands","Monitored needs-based orchestration","2018","Pharmaceuticals","5914"
"6173","6FC7f8BbE3fE9E1","Velasquez-Benitez","https://www.patton-mcmillan.com/","Bermuda","Function-based attitude-oriented time-frame","1986","Primary / Secondary Education","3032"
"1541","17E57C94cB8D763","Rogers, Vang and Malone","https://www.baker-bullock.net/","Ireland","Advanced directional emulation","1997","Computer Games","7387"
"9410","ACB4d38de7f3fa9","Bowen-Fry","https://wolf.com/","Bolivia","Streamlined bottom-line paradigm","1980","Business Supplies / Equipment","6414"
"2682","245A1CD52BbC7Da","Dyer-Roberson","https://www.lucas-armstrong.com/","Tuvalu","Distributed eco-centric protocol","1984","Religious Institutions","9644"
"9883","F499D4243D6A04C","Hardy-Li","https://www.mcmahon.com/","Latvia","Managed solution-oriented strategy","1983","Entertainment / Movie Production","9962"
"6314","df57dC626DDDfd6","Thomas, Shepard and Howell","http://rhodes-kent.com/","Antigua and Barbuda","Organic reciprocal website","2019","Information Technology / IT","2772"
"1192","1c6FaCd6DD16FA6","Cruz and Sons","http://delgado.net/","Niue","Face-to-face user-facing hardware","1982","Logistics / Procurement","6487"
"5294","708F6A10CC40891","Goodman and Sons","https://kennedy-hanna.org/","Norway","Open-architected zero tolerance interface","2015","Public Relations / PR","2607"
"1543","9Ab35b5058A40dA","Pearson, Lowe and George","https://whitehead.com/","Bhutan","Versatile national infrastructure","2000","Oil / Energy / Solar / Greentech","8869"
"7057","211fD4C510D6Ba1","Castro, Zimmerman and Lowery","https://norton.com/","Martinique","Cloned hybrid pricing structure","1990","Staffing / Recruiting","696"
"2540","1fF4943bfEdbED7","Gross, Dixon and Mcgrath","https://holland.com/","Saint Pierre and Miquelon","Automated fresh-thinking matrices","1976","Medical Equipment","3915"
"954","6cf7681C78fBAE6","Rivers and Sons","http://donaldson.net/","Christmas Island","Grass-roots upward-trending knowledge user","1983","Dairy","4519"
"7242","2308088fc7eD146","Pham and Sons","https://chavez-smith.com/","Micronesia","Compatible optimal benchmark","1971","Entertainment / Movie Production","5842"
"6732","868F197d14ED9bD","Duffy LLC","http://www.duarte-wallace.org/","Central African Republic","Versatile holistic archive","1971","Mechanical or Industrial Engineering","3932"
"4847","DDdFA80A0EE9aA2","Barry-Bowen","http://cunningham.com/","Wallis and Futuna","Organized hybrid Graphic Interface","1999","Music","79"
"6802","E3363752A4F1bcD","Schroeder-Valentine","https://hanson.com/","Finland","Versatile asymmetric collaboration","1981","Renewables / Environment","5801"
"8011","47cdd1Fc3D3103b","Michael, Duran and Banks","https://www.robles.com/","Nepal","Switchable 6thgeneration approach","2012","Alternative Medicine","4782"
"4331","9b0CcDC9455FD5E","Tapia-Mcintosh","https://www.poole-cisneros.com/","Azerbaijan","Progressive mission-critical success","1983","Oil / Energy / Solar / Greentech","4434"
"8925","fAde63F512E10c1","Dalton, Wise and Maxwell","https://kent.com/","Saint Vincent and the Grenadines","User-centric neutral initiative","1976","Staffing / Recruiting","2025"
"5335","4AAA77cd4cC87D5","Cuevas-Mills","http://jackson.info/","Liechtenstein","Sharable bandwidth-monitored capability","1994","Design","2804"
"7331","91f14a8b1cde37E","Watkins-Munoz","https://www.norton-griffin.com/","Rwanda","Polarized contextually-based middleware","1979","Legal Services","6517"
"9349","31fEeCb1cb9E16C","White, Hodge and Ryan","http://www.white-graham.com/","Saint Lucia","Organized clear-thinking website","1988","Insurance","1728"
"4730","881652e022DdBDA","Charles, Love and Lopez","https://www.gutierrez.info/","Belgium","Total bottom-line task-force","1984","Primary / Secondary Education","9879"
"6542","8cc1CeAf3fCefB1","Ellison-Green","http://scott.net/","Armenia","Exclusive value-added process improvement","2016","Marketing / Advertising / Sales","9119"
"5306","EbbE0c17EE4abEe","Greer, Hill and Jefferson","https://www.boone-levine.com/","Samoa","Exclusive tangible knowledge user","1993","Cosmetics","5686"
"5162","0cFD3cA37deB96d","Walter LLC","https://brandt.com/","Nepal","Object-based 3rdgeneration collaboration","1990","Luxury Goods / Jewelry","3946"
"7861","FA5cEaE277a34F7","Wilcox Group","http://mcclure-hanna.com/","Ecuador","Ameliorated web-enabled knowledge user","2007","Government Relations","8934"
"2157","3CaEEefD9a4C47c","Rojas, Liu and Day","https://www.alvarado.com/","Brunei Darussalam","Self-enabling 3rdgeneration model","2013","Other Industry","1290"
"1063","Aba29AC8c51d07f","Beasley LLC","http://www.conner-mcpherson.com/","British Virgin Islands","User-centric multi-tasking project","1979","Dairy","9915"
"1168","10bfDF2DA3aAd7D","Peck-Arias","http://www.foster.com/","Rwanda","Open-architected analyzing portal","1986","Glass / Ceramics / Concrete","7438"
"3637","E9C4aAd26aD3466","Bass-Roth","http://keith-huynh.com/","Falkland Islands (Malvinas)","User-centric foreground frame","1991","Printing","9095"
"7652","8c7ee1C3FbFc0A2","Orozco-Duarte","http://www.wagner.com/","British Virgin Islands","User-friendly zero administration secured line","1989","Restaurants","1344"
"5589","7aCECD9d54d0415","Hanson Ltd","https://warner.com/","Aruba","Re-engineered motivating methodology","2009","Alternative Dispute Resolution","5818"
"7193","1aA47F13f6C02e6","Bryant-Hurley","https://barajas.com/","Niue","Universal methodical toolset","1999","Cosmetics","2323"
"4492","55cD53b5Be017F0","Zuniga Group","http://www.fischer.com/","Suriname","Integrated interactive intranet","1977","Facilities Services","8104"
"7267","2479a0be2eD546c","Becker, Barnes and Sanford","http://nixon-marks.com/","Gambia","Down-sized grid-enabled open architecture","1978","Broadcast Media","2127"
"4981","f0Bda27C6CFe570","Hendrix-Berry","https://stein.com/","British Virgin Islands","Open-architected dynamic archive","1985","Human Resources / HR","5804"
"8336","E232ee2C587C0D2","Stokes-Jacobs","https://www.herrera.net/","Saint Vincent and the Grenadines","Ergonomic uniform challenge","2019","Shipbuilding","1245"
"9953","498DD4F5eCeF6DD","Hamilton PLC","https://hood.com/","Antigua and Barbuda","User-centric user-facing support","1974","Food / Beverages","8172"
"4947","AEE63d1b6e14959","Prince, Garrison and Bender","http://www.soto.info/","Israel","Progressive demand-driven productivity","1984","Insurance","5811"
"2783","EbD259Ce26A0D32","Cohen Ltd","https://www.vincent-anthony.com/","Austria","Down-sized bi-directional info-mediaries","1977","Legislative Office","4287"
"718","b7b4468Cc00bFE9","West and Sons","https://www.lowe.org/","Palau","Programmable national service-desk","2008","Shipbuilding","3456"
"2503","6Fa9Ae256Cfa370","Washington-Ferguson","https://www.bowman-barrera.com/","Suriname","Exclusive analyzing archive","1988","Oil / Energy / Solar / Greentech","8151"
"4361","1A0bEFACBCe5b52","Silva and Sons","http://garner-michael.net/","Tokelau","Proactive encompassing leverage","1995","Wine / Spirits","8769"
"4172","BfCD6f0D87fa8B4","Oliver, Valentine and Cunningham","https://www.davies-carney.com/","Haiti","Cross-platform 6thgeneration superstructure","2009","Food Production","8356"
"8083","83CDDF8FcDf22A3","Sharp-Gonzales","https://forbes-osborn.com/","Cuba","Networked analyzing customer loyalty","2016","Hospitality","6930"
"9761","bfdA3d060a3bDBA","Hardin LLC","https://www.garrison.org/","Saint Kitts and Nevis","Front-line non-volatile support","1995","Sporting Goods","5110"
"396","DDfd4ff0c07E171","Palmer Ltd","https://phelps.com/","Nicaragua","Front-line hybrid benchmark","1975","Environmental Services","1812"
"7187","7EAcFE93BEEaf94","Love LLC","http://www.leon.com/","Finland","Multi-layered system-worthy function","2014","Law Enforcement","3208"
"9823","eA07BEa4b90cd8E","Cervantes PLC","https://www.sexton.net/","Algeria","Cross-platform regional middleware","1977","Farming","9061"
"4493","AcB4C1bce4BCfD2","Walter, Rogers and Stout","https://www.obrien-fox.net/","Lebanon","Programmable uniform paradigm","2001","Arts / Crafts","8074"
"1366","2553a8aA9df4E2c","Robertson, Faulkner and Martinez","http://esparza-carter.com/","Bulgaria","Public-key content-based open system","2014","Airlines / Aviation","6823"
"9527","EBa59F12E67B1a8","West-Sherman","http://www.cooper.info/","Australia","Universal national task-force","2017","Paper / Forest Products","4132"
"8788","34ab8Abb5c35EB2","Woodard PLC","http://www.hubbard.com/","Russian Federation","Networked holistic data-warehouse","2012","Aviation / Aerospace","3068"
"5918","Bf9C3429d2Da6c6","Bailey, Bailey and Winters","http://walls.net/","Taiwan","Reverse-engineered fault-tolerant portal","1978","Printing","296"
"4969","F449882eAb15a24","Meza-Yoder","http://osborne-hicks.biz/","Solomon Islands","Quality-focused holistic interface","1979","Electrical / Electronic Manufacturing","7079"
"2915","AABA425Bcf3EDB1","Odonnell PLC","https://www.marquez.org/","Pakistan","Future-proofed global time-frame","1976","Consumer Services","6954"
"5645","C5EdC7c1Ac3ee67","Silva, Yoder and Tapia","http://www.greer-stafford.com/","Aruba","Managed zero tolerance orchestration","1972","Health / Fitness","9962"
"3767","a8C4E7eBCdb3fbc","Barton-Hanna","https://www.montoya.com/","Oman","Profit-focused fault-tolerant infrastructure","1984","Railroad Manufacture","1484"
"3441","1D42b55B5F5d811","Welch Group","http://fischer.com/","Nicaragua","Down-sized client-server instruction set","1984","International Trade / Development","9061"
"7358","D0613d2cF7FF179","Garcia PLC","http://macias-forbes.com/","Myanmar","Synchronized secondary system engine","1979","Professional Training","4192"
"6807","6ce7d4C46dc3c7D","Alvarez LLC","https://mullen.com/","Turkey","Synchronized eco-centric matrix","1989","Food / Beverages","6586"
"2144","0FaF6dF4d4aE791","Arroyo, Robbins and Wilcox","https://mccoy.org/","Benin","Assimilated scalable moderator","2010","Dairy","7192"
"5105","bfBe4445EFDCbEA","Kennedy-Boone","http://www.gutierrez.com/","Angola","Expanded content-based paradigm","1989","Recreational Facilities / Services","5524"
"5074","b5Ead9E7a6A25b9","Hunter, Harrell and Hobbs","http://www.drake.com/","San Marino","Upgradable mission-critical secured line","2011","Packaging / Containers","3781"
"1572","327AF3b84ea73eD","Donovan, Hudson and Elliott","http://key-willis.com/","Angola","Diverse radical knowledgebase","1994","Retail Industry","4397"
"4080","E2fE58AEB8cDD74","Osborn-Hunt","http://hickman-mclean.com/","Turkey","Progressive optimizing contingency","1994","Pharmaceuticals","9854"
"1123","3320A760E4ff8Bc","Martin-Garrison","https://luna.com/","French Polynesia","Multi-layered systemic solution","1986","Professional Training","4298"
"2787","4620CA9dEe8598b","Flynn-Merritt","http://www.french-bird.com/","India","Streamlined maximized encryption","1972","Legal Services","9070"
"2968","c843fc32ba3d4FA","Lutz-Kramer","https://reid.com/","Djibouti","Organized user-facing adapter","2016","Computer Networking","7634"
"2505","08a9Af0E2ddBcf9","Austin Group","https://massey-perkins.com/","Djibouti","Devolved bi-directional capability","2011","Financial Services","6628"
"5989","E7506ecf9f0c86b","Horne Ltd","http://hall.com/","Mozambique","Mandatory cohesive complexity","2009","Fishery","5500"
"8868","d8dB6CFdfbfa5C6","Riggs, Nixon and Mckenzie","https://reynolds.biz/","Malawi","Secured motivating Graphic Interface","1991","Mental Health Care","575"
"7165","67e1CFD8E2DF678","Hester, Stephenson and Vazquez","https://www.lambert.org/","Italy","User-centric responsive complexity","1971","Textiles","3655"
"729","977941816f6bbec","Rosales, Lane and Vargas","http://www.costa.org/","Pakistan","Progressive system-worthy capability","1992","Fundraising","6077"
"7588","4aB3dCFAA02cae5","Stout-Chung","https://holden.com/","Armenia","Managed impactful emulation","1981","Human Resources / HR","2443"
"7544","07840816fA82bcd","Archer, Barajas and Woodard","http://burnett.com/","Malawi","Reactive tangible standardization","2002","Events Services","2301"
"413","c06770fEdC2fdAE","Vargas-Gould","https://www.ballard.com/","Andorra","Mandatory neutral workforce","1972","Design","5701"
"5746","C1BCdba3Ac403EE","Braun-Wolf","https://little.com/","Bahrain","Robust directional encryption","1981","Outsourcing / Offshoring","363"
"7669","DE03F1d3c20FD69","Benton-Stafford","https://www.riggs.org/","Seychelles","Reduced upward-trending hub","1985","Renewables / Environment","9943"
"826","75eeCD91Db46ABE","Mayo-Rollins","https://jennings.com/","Ireland","Customizable interactive alliance","1981","Recreational Facilities / Services","732"
"3268","E2e66eCfcE53A0C","Alvarado Ltd","http://www.gay.com/","Cambodia","Compatible didactic array","1984","Logistics / Procurement","509"
"3975","ABa9193bFC2AbeA","Nunez Group","https://dean-anderson.com/","Fiji","Down-sized well-modulated data-warehouse","1994","Writing / Editing","9951"
"8809","BbcCFC5600d8eAE","David, Ballard and Cooper","https://www.mata.com/","Chile","Triple-buffered local open system","1984","Consumer Electronics","1789"
"8307","302F477cA835DB9","Rivas PLC","https://www.chung.com/","Slovakia (Slovak Republic)","Robust radical process improvement","1991","Performing Arts","6289"
"418","9bE57f3E4d33e64","Sparks and Sons","https://bridges-white.com/","United States of America","Persevering static implementation","2008","Fundraising","7873"
"6749","AEcE9B7DbebF123","Mclaughlin, Crane and Santana","http://www.gallagher.com/","Slovenia","Synergized intermediate Graphic Interface","1977","Non - Profit / Volunteering","2784"
"8968","dAcb91DB14B60aA","Bradford-Knapp","https://www.navarro-barrett.com/","British Indian Ocean Territory (Chagos Archipelago)","Optimized grid-enabled info-mediaries","2012","Electrical / Electronic Manufacturing","8908"
"2083","F5e2cEaEFd518f4","Sherman Ltd","http://orr-donaldson.com/","Japan","Digitized dedicated portal","1992","Apparel / Fashion","1781"
"8946","bFAaE0dE9cB9cF2","Hancock-Beard","http://www.ward-patel.com/","Solomon Islands","Robust asymmetric function","2003","Furniture","1364"
"3374","A70Edcb894Fd5Bc","Santiago LLC","https://pineda-clements.com/","Holy See (Vatican City State)","De-engineered object-oriented website","1995","Venture Capital / VC","488"
"5727","bDD16CeCc724cfB","Barr, Jefferson and Valencia","http://woodward-mckinney.biz/","Latvia","Open-architected encompassing Local Area Network","1984","Photography","7818"
"4108","6Bee7B041d9C45E","Cowan-Reyes","https://www.allen.com/","Ireland","Cross-group zero-defect system engine","1987","Furniture","670"
"4381","F21FEcBBecFfaDC","Coffey-Collins","http://walls-hanna.info/","Peru","Reactive leadingedge protocol","1983","Venture Capital / VC","7456"
"7724","Bf6ffA791c001cD","Gardner-Camacho","http://www.ali.com/","Greece","Pre-emptive coherent access","2010","Human Resources / HR","3670"
"1067","92bFddf402fBf9B","Ferguson, Tran and Mann","https://www.fuller.com/","Seychelles","Multi-tiered system-worthy functionalities","2015","Consumer Services","2884"
"3914","AAD933dAfF803E5","Howell Inc","https://larson.com/","Trinidad and Tobago","Pre-emptive multi-tasking framework","2006","Supermarkets","2477"
"5537","d3c0da16B1C8BD0","Wong, Shannon and Jennings","https://www.stokes.info/","Switzerland","Intuitive context-sensitive budgetary management","1981","Information Services","4837"
"8003","e4cdA6f398853F2","Gutierrez, Kerr and Fritz","http://crane-mann.com/","Mauritania","Optimized 24hour orchestration","1980","Biotechnology / Greentech","7133"
"5388","0a3DDEBc75CF10A","Richards Inc","https://www.richmond.com/","French Guiana","Pre-emptive system-worthy open architecture","1987","Computer Games","6720"
"5733","39A5ABE57545AC2","Golden-Terry","http://haney.biz/","Saint Lucia","Persistent web-enabled budgetary management","1973","Information Services","6701"
"2739","f5D751eF632013e","Richmond-Lara","http://www.odonnell.com/","Cote d'Ivoire","Open-source executive adapter","1970","Construction","5098"
"5053","5ac76070dEcAbCF","Reilly-Callahan","http://www.house.net/","Chad","Ergonomic real-time info-mediaries","1999","Plastics","1449"
"4001","53e7fD96442d39D","Lang, Charles and Cisneros","http://brooks.com/","Vanuatu","Fully-configurable attitude-oriented time-frame","1980","Marketing / Advertising / Sales","5959"
"2428","7CCF767FD1C7b13","Duran Inc","https://www.hale.com/","Canada","Quality-focused systematic functionalities","1987","Computer Hardware","4145"
"6834","AFA7aD8AABD50d2","Ford Group","http://www.waller-weeks.com/","Tonga","Business-focused stable definition","1982","Events Services","2654"
"1688","5eA8B4ff33dd6D0","Lynch Inc","http://www.greene-thomas.info/","Nepal","Stand-alone global software","1992","Government Relations","1666"
"852","eC11bE3FFf52bbf","Sanford PLC","http://stout.com/","Sri Lanka","Cross-group executive moratorium","1993","Political Organization","9482"
"6304","bA2ea7165c0d83e","Baker LLC","http://www.mueller.com/","Ethiopia","Triple-buffered intangible challenge","1995","Aviation / Aerospace","4145"
"9088","DEecC02c3d65eF4","Sandoval-Gill","https://www.reed-christian.com/","Bangladesh","Virtual methodical intranet","1970","Computer Hardware","9479"
"5879","4C76D8B6bF8849B","Whitehead-Schmitt","http://www.khan-sampson.com/","Korea","Focused radical concept","2021","Automotive","6314"
"8528","B4E572cC57Df576","Mosley, Craig and Jordan","http://www.burch.com/","Gambia","Team-oriented solution-oriented Local Area Network","1988","Transportation","1976"
"2840","dDa385295994bb4","Gordon-Henderson","https://ali.biz/","Korea","Synchronized holistic parallelism","2019","Machinery","1664"
"4612","3f83EDD5a426CdA","Nunez, Herman and Young","http://benson.biz/","Northern Mariana Islands","Progressive real-time time-frame","1977","Electrical / Electronic Manufacturing","2203"
"9541","Be8DbEeEEab8425","Bonilla-Acosta","http://finley.com/","Djibouti","Customizable client-driven groupware","1990","Staffing / Recruiting","4968"
"9208","B666Ef0d1E4A3fE","Sparks-Reid","https://www.dougherty.com/","Benin","De-engineered tertiary process improvement","2014","Restaurants","4019"
"2490","9Ad1149F4569Cc8","Faulkner, Nash and Christensen","http://www.greer.com/","Mauritius","Universal system-worthy function","1997","Research Industry","8540"
"6906","745AE657c3F6666","Holmes-Levine","https://www.french-mcdaniel.com/","Finland","Profound incremental circuit","2006","Sporting Goods","6634"
"7391","7C74EddceAD1a07","Dean, Rivera and Gardner","http://thomas.com/","Cocos (Keeling) Islands","Sharable executive open architecture","1986","Higher Education / Acadamia","2730"
"2850","aD5A2CDf16cb4e5","Mccoy, Gregory and Zuniga","http://kane.org/","Qatar","Secured needs-based matrices","1975","Management Consulting","785"
"6666","3aB5EfEE3febBBC","Padilla-Singleton","https://www.paul-pennington.com/","Azerbaijan","Distributed demand-driven challenge","1992","Legal Services","8485"
"5882","fCE0bD6dBEc7F64","Leblanc-Mccann","http://hutchinson.com/","Montenegro","Multi-lateral context-sensitive Internet solution","2016","Fine Art","2217"
"4453","d8AaE54f76A6AdF","Johnson, Friedman and Peters","http://www.graves.com/","Nigeria","Devolved actuating access","2008","Alternative Medicine","6603"
"7422","d82Be34Dd564232","Wolfe and Sons","http://www.frye-chapman.com/","Mozambique","Optional leadingedge encryption","1981","Furniture","1813"
"6485","D8e35eEE655D486","Fischer PLC","http://www.callahan.biz/","Burkina Faso","Future-proofed optimizing protocol","2019","Automotive","9201"
"2480","07AAD636945eDEd","Barnes-Blackwell","https://cortez.com/","Saint Kitts and Nevis","Upgradable 6thgeneration attitude","1985","Investment Banking / Venture","5109"
"6618","064BDFbAb5DF817","Anderson PLC","https://jensen.com/","New Caledonia","Total bifurcated solution","2019","Staffing / Recruiting","6833"
"2142","99e1dbfDdd9Ed98","Kane PLC","https://www.walker.com/","Guatemala","Virtual tangible toolset","2001","Individual / Family Services","9070"
"5189","eDaE7B1ae976Aa3","Barker-Peck","https://www.christensen.com/","Saint Lucia","Stand-alone neutral firmware","2014","Furniture","3349"
"9705","7cC1AF6EEeef2D0","Coleman and Sons","https://www.maddox-dougherty.com/","Benin","Multi-layered modular frame","1981","Architecture / Planning","3870"
"2745","a69dCC5645DdeCb","Palmer, Davenport and Ramos","https://haynes.com/","Micronesia","Organized web-enabled portal","2020","Cosmetics","3805"
"7254","febB8C1A73d3905","Andrade-Vega","https://www.stevens.info/","Vanuatu","Quality-focused bandwidth-monitored customer loyalty","2015","Primary / Secondary Education","3130"
"3507","2dEfC37388EcefE","Lang, Holmes and Levine","https://www.ross.com/","Egypt","Enhanced object-oriented open system","1996","Wireless","4013"
"1680","9Da82dF2DD8F9e6","Peterson, Hanson and Estes","https://www.harris.com/","Chile","Robust transitional hierarchy","2017","Wireless","6365"
"4250","9Eb1Dac3EADfBCd","Reilly and Sons","https://friedman.com/","Brazil","Sharable value-added infrastructure","1995","Machinery","3618"
"3148","9C0ecAAB86cbE55","Glover, Figueroa and Cruz","http://mcbride-tapia.org/","Central African Republic","Optimized explicit encryption","1996","Semiconductors","7514"
"8131","c3aB04ab20AAfDd","Ferguson LLC","https://lowery-ramirez.com/","Suriname","Synergized web-enabled alliance","1991","Venture Capital / VC","5004"
"7005","1Cf2dBD12A06AB5","Jefferson-Golden","http://page-bell.com/","Thailand","Self-enabling next generation groupware","1992","Defense / Space","1942"
"581","6ba74A7fa123e6f","Tanner, Lowe and Mcmahon","https://www.black-cruz.org/","Greece","Proactive tertiary standardization","2007","Computer Networking","4818"
"4071","D34B4c75E8b8544","Tate-Norton","http://salazar-conner.net/","Iran","Stand-alone maximized task-force","2016","Supermarkets","3766"
"3344","2BBA2fC2ABD9A57","Montes and Sons","http://www.robbins-carrillo.com/","Austria","Stand-alone uniform attitude","1988","Paper / Forest Products","4322"
"7405","3AEfCd17A22Cc8F","Blackwell Ltd","https://velez-burton.com/","Costa Rica","Customer-focused coherent contingency","1972","Food / Beverages","7047"
"3673","df672A75cAdBB42","Giles, Arias and Valenzuela","https://hudson.com/","Congo","Virtual motivating architecture","1997","Newspapers / Journalism","7714"
"560","09Ea6CEceEcbEBA","Daugherty, Sparks and Good","http://www.neal-beard.org/","South Georgia and the South Sandwich Islands","Reduced cohesive migration","1998","Defense / Space","2288"
"5238","0A3328D372F963b","Munoz, Russo and Paul","http://love.com/","Western Sahara","Team-oriented modular model","2018","Industrial Automation","9200"
"7806","e00FD4F4c4cC9E4","Jones, Marks and Osborne","https://www.logan.net/","Cuba","Object-based mission-critical database","2005","Civic / Social Organization","8058"
"513","eD60f9bd611fB4f","Graves, Campbell and Howard","https://www.blanchard.com/","Panama","Organized upward-trending flexibility","1970","Recreational Facilities / Services","7636"
"1082","4c9ABafC7d948db","Rivas, Blanchard and Burton","https://fuentes.info/","Burundi","Public-key even-keeled architecture","2007","Religious Institutions","9206"
