"Column_1","Column_2","Column_3","Column_4","Column_5","Column_6","Column_7","Column_8","Column_9"
"177","13A361f9CE867Bd","Hartman LLC","https://martin-zimmerman.com/","Aruba","Organized fault-tolerant policy","1979","Insurance","3697"
"6432","3fC8dB21bd23d96","Frazier-Rodriguez","http://www.martin.biz/","Armenia","Secured clear-thinking groupware","2002","Cosmetics","6538"
"9911","9BEffef97dF65d0","Blackburn, Woodward and Trevino","https://www.morris.org/","Guadeloupe","Optimized multimedia process improvement","1982","Public Relations / PR","6482"
"3439","1db81DAa031a9C8","Rivera-Skinner","http://oneill-ortega.com/","Lithuania","Proactive 24/7 intranet","1983","Biotechnology / Greentech","6543"
"787","aFcafB5B53Ad991","Ellison-Russo","https://travis.biz/","Northern Mariana Islands","Persistent real-time alliance","1993","Media Production","2970"
"6392","Fda1f45b4Bc0a23","Orozco Group","http://reid-mckinney.org/","Iran","Focused grid-enabled database","1994","Electrical / Electronic Manufacturing","5522"
"9066","cb5326BDEDdc217","Odom-Daugherty","https://www.carlson-lang.com/","Egypt","Synergized client-server middleware","1979","Food / Beverages","5861"
"9928","BBcA1c7A3AD043c","Sanchez-Lee","https://buck.biz/","Thailand","Face-to-face national function","1994","Restaurants","2969"
"3203","AEf4Cb1bE605C6A","Hoover-Banks","https://cummings-reyes.com/","Brazil","Optional human-resource function","2010","Think Tanks","3553"
"4804","aCdC3Cf2Bbbac7e","Escobar-Kline","http://weaver.com/","Somalia","Phased bifurcated neural-net","2022","Consumer Electronics","4064"
"7836","Ec2ADf2FCC3CD5B","Roach, Spence and Krause","https://www.shaffer.com/","Armenia","Profit-focused empowering implementation","1990","Individual / Family Services","2775"
"7941","1DD1Fa1d0a21f7F","Benton, Richmond and Gentry","http://www.steele-frazier.com/","Afghanistan","Organized systematic ability","1974","Tobacco","6059"
"92","66df89DcEeE8eE3","Soto, Armstrong and Mcguire","http://medina.biz/","Romania","Grass-roots 5thgeneration ability","2005","Utilities","3761"
"5763","cFd3A6a9f706763","Shaffer Group","https://rivers-golden.com/","Cuba","Extended dynamic support","1980","Museums / Institutions","3119"
"9028","915e412fBF1bCeE","Figueroa and Sons","http://www.stokes-irwin.info/","Saint Martin","Upgradable neutral success","1975","Leisure / Travel","3423"
"9505","3Bcf80e4FAEc0ba","Deleon, Carney and Gilmore","http://www.dominguez-frye.org/","Slovenia","Upgradable needs-based paradigm","1998","Defense / Space","865"
"8238","6EbaEB9Cd39Fcd1","Chan LLC","https://christensen.com/","Croatia","Enterprise-wide needs-based firmware","1975","Mining / Metals","5703"
"1972","Fb07E67074C4ACA","Ayala-Fry","https://www.ryan.com/","Philippines","Assimilated bi-directional parallelism","2021","Newspapers / Journalism","23"
"2906","52f0aa7E5c50EDA","Harmon-Frost","http://www.kim-swanson.com/","Tokelau","Extended intermediate customer loyalty","1974","Glass / Ceramics / Concrete","9862"
"531","AD484BABFDaFeaf","Anderson, Benitez and Jennings","http://burns.biz/","Tunisia","Cross-platform interactive toolset","1989","Business Supplies / Equipment","8267"
"3636","d0931A29439C5c7","Park Ltd","http://www.boone.org/","France","Secured disintermediate success","1971","Medical Practice","7138"
"997","ae9AAC7F3E66aa7","Hobbs LLC","http://www.ward.net/","Netherlands","Multi-channeled next generation moderator","2018","Outsourcing / Offshoring","1318"
"5853","896b7dC6EAC8cd7","Carson-Allison","http://www.conrad-rogers.com/","Solomon Islands","Cloned zero tolerance interface","1986","Machinery","9891"
"4227","5EADc81Db6E6D98","Sanders, Clayton and Evans","http://www.bradford.org/","Bahrain","Inverse web-enabled circuit","2004","Dairy","7192"
"5617","2c3f1Cd502d0aa2","Underwood-Wilkinson","http://www.francis.com/","Chad","Sharable needs-based portal","2017","Supermarkets","4551"
"2313","ef35a7bFd3b24d4","Bird Inc","http://www.yoder-kelley.com/","Monaco","Networked mobile framework","2018","Environmental Services","9088"
"2155","9AbEeCC9Ac3d372","Goodman-Moyer","https://www.hernandez.com/","Bolivia","Intuitive contextually-based array","2011","Ranching","1925"
"5318","2C2A8cec8a9120B","Hebert, Oconnor and Lambert","https://rivera.com/","Haiti","Pre-emptive empowering flexibility","2022","Veterinary","8980"
"1428","5E6d9a4EB014bAB","Ramsey, Holloway and Alexander","https://www.edwards-spence.com/","Zambia","Enterprise-wide coherent capability","1991","Utilities","6654"
"8631","9169FAefB6cc12a","Weiss LLC","https://www.larson.com/","Lebanon","Upgradable motivating workforce","1993","Financial Services","5347"
"6033","c74cC0EB5F9EbB3","Murillo, Stevenson and Willis","https://www.graves.info/","San Marino","Face-to-face tertiary secured line","1972","Cosmetics","8398"
"4416","0b3A300aaFC0e5c","Roberson Ltd","http://www.morrison-reeves.com/","Australia","Multi-tiered exuding access","2002","Cosmetics","3786"
"8819","DAc04fbf536dC3B","Barker, Singleton and Ingram","https://jensen-ritter.biz/","Qatar","Multi-layered global instruction set","1987","Media Production","3671"
"3086","3bfBFbDba7FB8dB","Payne and Sons","https://www.love.net/","Bhutan","Synergized 24hour conglomeration","2016","Wholesale","9491"
"7799","74F6dD97F7e2Ba0","Floyd, Ware and Spence","https://www.cordova.com/","Moldova","Seamless multi-state solution","2003","Arts / Crafts","3467"
"9154","8c0FbaE42FBA9b0","Hull LLC","https://www.acosta.com/","Saint Pierre and Miquelon","Fully-configurable full-range middleware","1984","Warehousing","30"
"8210","F4FB104cBb61F8A","Velasquez-Mccann","http://riddle.net/","Monaco","Exclusive tertiary orchestration","1985","Dairy","3876"
"9574","D20efEd4815c451","Wyatt, Costa and Freeman","https://www.meadows-cortez.net/","Albania","Synergistic impactful encryption","2013","Telecommunications","4667"
"9535","6CA237838cC997D","Holder and Sons","http://rojas.net/","Mali","Proactive grid-enabled frame","2004","Recreational Facilities / Services","4958"
"496","01c787e957A3e8C","Berry-Norton","https://www.hooper-cantrell.com/","Cameroon","Open-source real-time benchmark","2010","Construction","4219"
"3750","EEBD7FA0B5D0b51","Barnes LLC","http://www.bradley.com/","Dominican Republic","Integrated leadingedge firmware","2013","Museums / Institutions","2980"
"2322","FAa2566F8dBa760","Dickerson, Mack and Charles","http://www.sims.com/","Czech Republic","Re-engineered fault-tolerant algorithm","1972","Ranching","8247"
"4268","eecFc3b1fb0275A","Hawkins PLC","http://www.daniel.info/","Mexico","Proactive attitude-oriented standardization","1985","Renewables / Environment","8016"
"3406","612A0BcA96AAaE5","Singh-Hartman","http://romero.com/","Mozambique","Focused fresh-thinking Graphical User Interface","2001","Restaurants","6134"
"152","d2845ccf8c4c3D7","Riley Ltd","http://knight.com/","Gabon","Grass-roots bandwidth-monitored open system","1974","Publishing Industry","920"
"7370","9C9E58CbEbB049C","Hodge-Alexander","http://www.henderson-carson.org/","Brazil","Total reciprocal frame","1983","Civil Engineering","29"
"695","7c401D85A35ae4A","Lin, Hernandez and Gibbs","http://www.waters.com/","Zambia","Down-sized explicit array","1971","Import / Export","6632"
"4418","52C797Ae5B7EdCf","Schwartz, Rios and Jennings","https://www.harper.com/","San Marino","Inverse client-server encryption","1998","Banking / Mortgage","2170"
"5698","C07963DE1DAdfFA","Vazquez-Chang","http://huerta-reid.biz/","Macao","Right-sized secondary migration","2000","Broadcast Media","2446"
"1739","A9DFb76036e9BB6","Griffith, Salas and Stevens","http://johnson-montoya.info/","Nauru","Streamlined background complexity","1983","Professional Training","2004"
"3002","bF6f48a485B7DC1","Daniels-Petersen","http://mays.com/","Azerbaijan","Down-sized secondary service-desk","1978","Industrial Automation","3951"
"168","4165AC8319AAbdC","Guzman, Foley and Fuller","https://www.moon-mata.com/","Norway","Optimized radical Graphic Interface","1978","Investment Management / Hedge Fund / Private Equity","8781"
"6112","6Be4Aa3FEDf0ccC","Small, Douglas and Crawford","https://payne.com/","Dominican Republic","Compatible background leverage","1974","Market Research","1247"
"4623","DCff766E91e7882","Stafford-Paul","https://www.phelps-riddle.com/","Egypt","Customer-focused systematic process improvement","1989","Wireless","868"
"2866","3e68Cd6DFFD5FB7","Simpson-Swanson","https://schultz.net/","Seychelles","Centralized actuating firmware","1974","Computer Networking","2799"
"8545","CD0a625ed842d02","Odonnell-Powell","https://www.mcclain.com/","Uganda","Realigned holistic flexibility","1994","Performing Arts","8469"
"4703","21842fa9cc62F48","Estes, Garrett and Hodges","http://www.myers.biz/","Portugal","Front-line composite hierarchy","1993","Import / Export","2969"
"2884","fB3bc50f4542aaC","Bennett-Cervantes","http://manning-macdonald.com/","Bosnia and Herzegovina","Front-line exuding moderator","1999","International Trade / Development","2525"
"3032","C3c8FFa2BE5690A","Andrade Group","http://rose.net/","French Southern Territories","Digitized uniform hub","1992","Accounting","5496"
"8184","Ebb6b6683D7Bbc4","Sullivan, Pacheco and Jones","https://page.com/","Sierra Leone","Streamlined incremental customer loyalty","2009","Wholesale","8128"
"8981","ec8f022F7fD3C11","Ochoa Inc","https://www.kane-burns.com/","Hong Kong","Cross-platform leadingedge synergy","2009","Railroad Manufacture","8115"
"8529","6512fD11c3ca7A2","Farley-Glover","http://www.fowler.org/","Mayotte","Secured tangible conglomeration","2013","Accounting","1878"
"5682","35b76C6FABeD47A","Russo Inc","https://www.fernandez.com/","Ireland","Persevering local collaboration","1987","Venture Capital / VC","5814"
"7210","6ad7a14fbfbD19F","Howe, Castillo and Richards","http://www.durham.biz/","Nepal","Front-line discrete adapter","1975","Medical Equipment","3735"
"5992","a6Fb1acCEd3e944","Randolph-Padilla","http://www.romero.com/","Haiti","Quality-focused mobile forecast","2019","Internet","1287"
"2277","E32b1B7b72FA78c","Leon Inc","https://www.carroll-reese.info/","United States of America","Profound modular strategy","2011","Oil / Energy / Solar / Greentech","4681"
"7133","Ab66D9315ea0a19","Hahn, Elliott and Mcmahon","https://winters-alexander.com/","Cook Islands","Multi-tiered foreground hub","1985","Executive Office","2853"
"5706","aadaDDe9eefE19D","Bowman, Bray and Mcgrath","http://duncan.com/","Cocos (Keeling) Islands","Adaptive didactic firmware","1992","Leisure / Travel","6393"
"7999","C9EFDFc44FD31dB","Cunningham-Moon","https://www.rollins.biz/","Serbia","Reactive static methodology","1972","Shipbuilding","3629"
"5293","091673dCEaA4BBF","Sandoval, Cox and Mullen","http://www.oconnor.com/","Montserrat","De-engineered asymmetric implementation","1996","Alternative Dispute Resolution","1778"
"4305","Eca9f9cbD4C8109","Lynn-Ferrell","https://strickland.net/","Barbados","Vision-oriented 24hour strategy","2000","Construction","2706"
"7446","4D633CA7DeD94Dd","Hall, Zamora and Meza","http://mclean.biz/","Sierra Leone","Customer-focused cohesive task-force","2020","Public Safety","4870"
"429","a7eCBF8E35B8B16","Mccann Inc","https://rice.info/","Portugal","Quality-focused grid-enabled knowledgebase","2000","Architecture / Planning","9877"
"7069","E6bF4939e2DB55F","Nash, Benitez and Hall","https://www.lutz-delacruz.com/","Taiwan","Horizontal grid-enabled matrix","2014","Facilities Services","4111"
"6365","6B8aC0e735fFd19","Krause-Conrad","https://www.bean.com/","Afghanistan","Enhanced zero-defect conglomeration","1995","Computer Software / Engineering","7603"
"4216","AB6c41CCbFADa4C","Joseph, Randolph and Monroe","https://www.jefferson.info/","Syrian Arab Republic","Open-source client-server infrastructure","1974","Security / Investigations","296"
"427","9D9dd66fb2609b2","Miller, Ramsey and Hatfield","http://terrell-franco.com/","Cape Verde","Right-sized intangible hub","1975","Research Industry","2008"
"2224","DCe4e85EdBEb29c","Conley, Frey and Howard","http://daniels-meyers.com/","Pakistan","Quality-focused transitional help-desk","2004","Legal Services","5662"
"101","86ea58625dCe645","Douglas-Arnold","http://flynn.com/","Tajikistan","Expanded stable hub","1989","Consumer Services","1449"
"9245","Bf09fc58dCA9BC0","Stark, Morgan and Lucero","https://www.jarvis.com/","Holy See (Vatican City State)","Extended local analyzer","1970","Translation / Localization","8279"
"3308","C8d55faA7ea584B","Beltran, Crane and Tate","http://www.osborn.info/","Japan","Progressive dynamic intranet","2010","Security / Investigations","6991"
"2763","b48AD1be66FB733","Christian Group","https://myers.com/","Saint Kitts and Nevis","Expanded global methodology","2015","Marketing / Advertising / Sales","3213"
"5858","1A3faa218C8f33b","Bautista-Curry","http://schaefer.com/","Brazil","Implemented asynchronous access","1991","Construction","2085"
"4739","e4Bb3C4f0FfdaFf","Ortega Inc","https://powers.com/","Chile","Visionary encompassing help-desk","2000","Package / Freight Delivery","9330"
"7093","057C7ea5DFEAB7f","Glass, Love and Powers","https://www.wall.com/","Netherlands Antilles","Realigned motivating toolset","2006","Plastics","2018"
"9633","Ca5A020B446C4D0","Duarte, Weber and Moran","http://www.mora.com/","Holy See (Vatican City State)","Monitored reciprocal encryption","2003","Hospital / Health Care","1545"
"3287","9BcF3cAFE65BA50","Wiggins Group","http://www.mullins.info/","Slovenia","Customer-focused zero-defect task-force","2001","Investment Management / Hedge Fund / Private Equity","1024"
"7713","2FabD6Fe6E23cbC","Mcfarland-Velasquez","https://www.dalton-hanson.net/","Saint Helena","Exclusive radical conglomeration","2007","Music","5075"
"7869","E43F3C354E7C1Ca","Ryan Inc","http://www.andrade.com/","Saudi Arabia","Realigned homogeneous hierarchy","1992","Building Materials","9960"
"6068","7E6C5aFf3df1c1a","Atkins-Shelton","http://hopkins.com/","Liberia","Public-key radical artificial intelligence","1985","Construction","9022"
"9236","afbFf8dbfEcCa24","Benton, Donaldson and Mayo","https://www.spears.com/","Uruguay","Face-to-face bandwidth-monitored hierarchy","2003","Mechanical or Industrial Engineering","324"
"3578","BCCCd28AFacCCDB","Brown-Anderson","http://www.sutton.com/","Tonga","Multi-tiered systematic middleware","2006","Higher Education / Acadamia","3013"
"1466","6E2f20dCEae2DE4","Cohen-Andrade","http://rowland.com/","United Kingdom","Triple-buffered zero administration throughput","1984","Recreational Facilities / Services","5929"
"7676","DAa2A5ADe212b7E","Figueroa, Gilbert and Mullen","http://www.jenkins.com/","Belgium","Re-engineered eco-centric concept","2000","Media Production","1687"
"2235","33eD4102f5e20Bf","Chandler LLC","http://www.morales.biz/","Sweden","Function-based clear-thinking conglomeration","2008","Furniture","6475"
"1745","0B9f6AfBa76f21F","Alvarez LLC","https://dixon.com/","Brunei Darussalam","Realigned object-oriented hierarchy","2020","Logistics / Procurement","9659"
"9755","BB3CaA67Ed20BaF","Horton LLC","https://www.pennington.com/","Faroe Islands","Optional directional function","2008","Legislative Office","6517"
"6095","F52bFe1AcDD9eD4","Sweeney-Douglas","http://www.malone-boyd.com/","Iraq","Vision-oriented tertiary matrix","1977","Performing Arts","845"
"8782","a9e51821E909ebB","Schultz PLC","https://www.becker.com/","Bhutan","Secured uniform ability","1976","Museums / Institutions","1255"
"9402","a8A976a86E9cc36","Gentry PLC","http://www.thornton.com/","Costa Rica","Public-key hybrid database","1970","Photography","766"
"8372","018dCfD85E91a4b","Giles-Mcgee","http://reynolds.net/","Croatia","Enhanced heuristic protocol","1982","Mental Health Care","3536"
"5028","B2EFF6fF42cbAB1","Howard and Sons","https://www.klein.com/","Peru","Sharable solution-oriented methodology","2008","Venture Capital / VC","9573"
"9235","972b6beabcc00cd","Shields, Cannon and Howe","http://www.barker.biz/","Saint Helena","Reverse-engineered mission-critical solution","1982","Transportation","1695"
"3945","4fdf1cbBba85A6a","Prince LLC","http://www.morton.com/","Bangladesh","Self-enabling mobile algorithm","2002","Architecture / Planning","5489"
"6863","deE6ca365c206d2","Hobbs-Turner","http://moore.net/","Liberia","Assimilated bottom-line service-desk","2022","Religious Institutions","9631"
"5351","3CFCCA4E8EFb082","Stanton, Garrison and Hines","https://www.chang-clements.com/","Grenada","Object-based 24/7 emulation","1990","Biotechnology / Greentech","9217"
"9423","7c221FcfFC6b1Ee","Camacho and Sons","http://www.tapia-hodge.com/","Honduras","Total object-oriented knowledge user","2005","Plastics","3546"
"2122","dCBCa1A4e369A2a","Escobar-Burton","http://www.gould.com/","Falkland Islands (Malvinas)","Vision-oriented tangible support","1978","Political Organization","5586"
"4973","bf57A847FefF4Db","Landry-Ramirez","http://www.cunningham.com/","Paraguay","Managed multi-state task-force","2017","Photography","5304"
"8577","60ACCfB7A8A6ecC","Olsen and Sons","http://strong-mack.com/","Kyrgyz Republic","Profound incremental middleware","1996","Industrial Automation","8109"
"3785","c30EaF4E3B9Ff4f","Morrow-Lutz","https://www.shepard.info/","Netherlands","Streamlined impactful hierarchy","1987","Tobacco","2582"
"6873","fB7D4EEbC4DF30C","Taylor Inc","http://www.alvarez-livingston.info/","Lithuania","Profound clear-thinking product","2020","Food Production","5330"
"917","1Cc716D7e72eD19","King-Morales","http://www.moon.com/","Liechtenstein","Future-proofed discrete utilization","1973","Sports","3989"
"9395","7DCFdaC95EEe554","Osborne, Dickerson and Dennis","http://www.goodman.info/","New Caledonia","Function-based asymmetric core","1998","Warehousing","7765"
"7253","ba4BAFdecAFEFfC","Conley Inc","http://www.padilla.biz/","French Southern Territories","Total well-modulated Graphic Interface","2003","Design","2394"
"8013","15AeDfD8bdBce9b","Hebert and Sons","http://www.jensen.com/","Christmas Island","Reactive exuding monitoring","1999","Chemicals","6915"
"5822","a0CcceC2cA8A04d","Dickerson-West","http://www.hardin.com/","Kazakhstan","Self-enabling actuating alliance","1988","Insurance","7542"
"4404","56Da6931979EE1d","Lester-Chen","http://osborn.com/","Zimbabwe","Proactive systematic encryption","1990","Computer Networking","8917"
"4864","E714bF3c5CA4957","Nielsen-Stone","https://www.baxter-mathis.com/","Congo","Reduced bi-directional attitude","2001","Mechanical or Industrial Engineering","304"
"8516","D61902d3c8Fe4e5","Baldwin-Melton","http://www.cordova.info/","Bahrain","Intuitive client-driven solution","1975","Aviation / Aerospace","1650"
"5423","7FE42308c8aCD6E","Brown Ltd","https://wiley-rice.com/","Guinea-Bissau","Innovative background neural-net","1991","Legislative Office","4149"
"7734","f1AEfFeA70630F5","Sanders-Lang","http://lam.com/","French Guiana","Compatible exuding capacity","1981","Wholesale","954"
"1204","27f227A7e5Fb8cd","Cooley-Bishop","https://lane-gross.org/","Aruba","Vision-oriented fresh-thinking customer loyalty","2017","Wholesale","7963"
"3769","e0FBAB70aa2B0C4","Velez, Huang and Pacheco","https://www.campos.com/","Andorra","Distributed background collaboration","1987","Market Research","1376"
"5358","20FeEDceda019D8","Perez, Hickman and Schaefer","http://www.warner.net/","Central African Republic","Optimized optimizing framework","1986","Government Administration","7296"
"3853","455B3d6171E1bAF","Mcconnell Ltd","https://morse-montoya.com/","Palestinian Territory","Upgradable non-volatile Internet solution","2017","Broadcast Media","9155"
"1927","e2841f5b2e6EDDa","Rasmussen, Davidson and Cortez","https://erickson.com/","Bahrain","Programmable full-range extranet","1985","Security / Investigations","8189"
"3115","A32Ecb8b5AB96Dd","Potter-Patton","https://www.faulkner-poole.net/","Namibia","Visionary solution-oriented model","1982","Hospital / Health Care","1085"
"2642","f8f437E56dDd3af","Reynolds Group","https://holt.org/","Chad","Exclusive coherent firmware","1996","Shipbuilding","6902"
"7640","5BF8bed2Ae16898","Daugherty-Brooks","http://www.erickson-wright.com/","Andorra","Open-source upward-trending help-desk","1977","Cosmetics","8758"
"7361","45B7Cf521ddEdB8","Howard Ltd","http://alvarado-mccullough.com/","Malawi","Pre-emptive asynchronous software","2017","Luxury Goods / Jewelry","7079"
"8183","e9fe2EA26b22d6d","Winters, Mccormick and Foley","http://higgins.org/","Vanuatu","Face-to-face tertiary Graphical User Interface","2017","E - Learning","8684"
"7611","4890BD7Dc1b58De","Ali PLC","https://blackburn.org/","Estonia","Face-to-face impactful database","1987","Media Production","5636"
"2729","f1beDaaf085FaAc","Johns-Palmer","http://coleman.com/","American Samoa","Versatile zero tolerance implementation","1970","Apparel / Fashion","8799"
"9598","8e656e32A0AfB9d","Mcguire-Sosa","https://www.le.com/","Turkmenistan","Customizable motivating website","1970","Food / Beverages","3310"
"4986","f8a86fC2518E94A","Warren, Case and Zimmerman","https://townsend-padilla.org/","Mozambique","Reactive zero administration encryption","1978","Food / Beverages","4468"
"6847","b8bD6B39BB8bE0F","Mcdonald-Maynard","http://cisneros.net/","Reunion","Sharable neutral artificial intelligence","1974","Music","9457"
"7699","1FD8DcD49Dce2Fb","Abbott-Salinas","https://bird.com/","Argentina","Inverse 4thgeneration infrastructure","2006","Automotive","2877"
"4013","68A6D917CF29dBd","Bird Group","https://www.burgess.com/","Heard Island and McDonald Islands","Multi-lateral hybrid implementation","1984","Religious Institutions","3843"
"2627","dacFEa35d7f01aA","Gonzalez, Winters and Turner","http://www.rice.com/","Liberia","Stand-alone composite paradigm","2001","Religious Institutions","7793"
"7239","1f16B2cDcc3e891","Becker, Macias and Wells","http://hernandez.com/","Haiti","Profound stable budgetary management","1993","Individual / Family Services","3740"
"8256","a889392D659bB1D","Munoz PLC","http://www.mccall.info/","Saint Martin","Streamlined uniform paradigm","1995","Mechanical or Industrial Engineering","1209"
"9566","E3CcbC14d59f525","Kidd, Murphy and Dougherty","https://nolan.com/","Uganda","Upgradable dedicated circuit","2020","Financial Services","3613"
"806","4BCdDADcbDeCBb0","Davila-Jacobson","https://scott.com/","Christmas Island","Face-to-face impactful website","2011","Government Relations","7369"
"4635","de0d227B90eEbF2","Walters Inc","https://norris-bailey.com/","Christmas Island","Distributed bottom-line solution","1978","Civic / Social Organization","1884"
"5248","1F27ca9aBeb0CD5","Vasquez-Watson","http://hensley.biz/","Croatia","Multi-tiered zero administration frame","1991","Military Industry","6024"
"5567","f98EdaADc9Ee1a5","Zhang-Lang","https://www.donaldson.com/","Papua New Guinea","Profound object-oriented artificial intelligence","2004","Renewables / Environment","9505"
"5740","3B6761bb4dd3C37","Curry, Navarro and Colon","http://www.daniel.com/","Tokelau","Ameliorated leadingedge algorithm","2003","Business Supplies / Equipment","2374"
"5144","E90DC6dd3BDF097","Johnson, Diaz and York","https://www.salinas.net/","Saint Lucia","Ergonomic mobile Internet solution","1980","Fine Art","1211"
"8266","03CcDdfaeDCf38B","Eaton, Harmon and Olson","http://www.merritt.com/","Saint Vincent and the Grenadines","Innovative multi-state migration","1997","Graphic Design / Web Design","3056"
"4460","685b4691b93956d","Neal, Villarreal and Hanna","https://davies-reed.com/","British Indian Ocean Territory (Chagos Archipelago)","Universal 24hour hardware","2010","Research Industry","864"
"1243","00Dc17F0688f258","Orr Group","http://palmer.com/","Niue","Fundamental multimedia parallelism","2001","Logistics / Procurement","8561"
"6946","371ceDeB98ad9a4","Carrillo, Blankenship and Moreno","http://www.bush-howard.com/","Jordan","Synergistic needs-based productivity","2018","Information Technology / IT","3524"
"5741","78d5AB3BE64D2B9","Barrett-Krause","https://www.johnston.com/","Hong Kong","Managed zero-defect success","1975","Textiles","2109"
"5326","DEca65c5AC38a7E","Valenzuela, Davila and Benjamin","https://pace.com/","Slovakia (Slovak Republic)","Balanced bottom-line projection","1988","Think Tanks","5405"
"548","9F65C5fA0F21988","Hunt, Sparks and Schwartz","http://raymond-clements.com/","Lao People's Democratic Republic","Multi-lateral zero tolerance superstructure","1995","Printing","5307"
"3023","cC9fFEA39C4710c","Douglas, Jennings and Hall","https://www.hancock.biz/","United Kingdom","Polarized bifurcated product","1984","Media Production","403"
"5762","5606C95fBAbbc1b","Gentry-Allison","http://macdonald.com/","Hungary","Mandatory maximized productivity","2018","Consumer Services","4444"
"4032","9DFDfcAf3EB7eBA","Franklin-Aguirre","http://trujillo.net/","Eritrea","Centralized empowering contingency","1972","Philanthropy","9842"
"27","92cAd11Ec4B67D5","Nichols, Rodgers and Hall","https://olsen.com/","Bangladesh","Ameliorated systematic hardware","2014","Commercial Real Estate","1996"
"4953","Aa913eCF85e4b9F","Donovan-Shepherd","http://higgins-case.org/","Zambia","Compatible coherent focus group","1973","Program Development","1361"
"5153","6adA08da8Ff50ee","Brandt-Tate","http://www.daugherty.net/","Angola","Re-contextualized upward-trending interface","1994","Wholesale","671"
"2509","3BcfFDBbccb1615","Peck, Hayden and Ball","http://www.rowland.net/","Guam","Integrated optimal functionalities","1982","Restaurants","8156"
"1434","fD9FCDFAC34DbC4","Palmer, Li and Moore","http://www.moore.com/","Trinidad and Tobago","Distributed directional pricing structure","1988","Food / Beverages","8097"
"2583","cf8F09f676589DC","Mclean, Collins and Riddle","https://baxter.com/","Trinidad and Tobago","Profound local installation","1990","Security / Investigations","1047"
"1303","7F356a7BEA52Bbb","Frederick-Schwartz","https://cannon.net/","Saint Helena","Assimilated regional toolset","1981","Computer Hardware","2989"
"5813","bf80f8f5ff4bA36","Levy-Garrison","https://dyer-caldwell.net/","Micronesia","Extended system-worthy knowledgebase","1996","Insurance","5174"
"7350","ca5afbd6eC79AcC","Caldwell-Russell","http://www.delgado.com/","Bulgaria","Public-key context-sensitive toolset","1985","Library","6190"
"5282","C89e7BEB87AE062","Andrews, Glenn and Melendez","http://www.davenport.net/","Albania","Assimilated local instruction set","2021","Railroad Manufacture","6439"
"6115","4671B756ccAee70","Gilmore, Grimes and Cordova","https://duke.info/","United States Minor Outlying Islands","Diverse global instruction set","2010","Mechanical or Industrial Engineering","8540"
"1222","e4BFAe4cC8bBEB0","Buck-Rosario","http://dickson.org/","Israel","Devolved didactic task-force","2004","Apparel / Fashion","3705"
"7436","B54B4f1763c00f9","Kirk Ltd","https://www.barnes-huerta.com/","Sri Lanka","Proactive cohesive capability","2005","Alternative Dispute Resolution","9734"
"2549","0aFBAc8292DFa9a","Mcguire Ltd","http://church.com/","United Kingdom","Synergized asynchronous hierarchy","1979","Veterinary","4489"
"751","5FBeB2AE446cfFB","Ford Group","http://www.chung-cooper.com/","Burkina Faso","Streamlined human-resource infrastructure","1997","Retail Industry","9208"
"438","AEB4A2fE4EDea5b","Parker, Rivers and Mcdonald","https://petersen.com/","India","Switchable eco-centric project","2022","Civil Engineering","5518"
"4372","7BAd7A4ee8Ee8FA","Bradford LLC","http://www.riley.com/","Kazakhstan","Ameliorated systemic protocol","1992","Writing / Editing","1038"
"4449","e4A1F55CCc883CD","Anthony, Rowe and Mcdaniel","http://burch.org/","Greenland","Configurable object-oriented adapter","2016","Civic / Social Organization","4674"
"2848","93adeCEBbB1ffE6","Porter, Simpson and Ramsey","https://www.robinson.org/","Central African Republic","Business-focused incremental help-desk","1985","Program Development","457"
"1174","5cCe4dBAceffc40","Cabrera, Yoder and Mcknight","https://stanley.com/","Dominican Republic","Right-sized dedicated application","2021","Capital Markets / Hedge Fund / Private Equity","943"
"7496","9A1e4007DEabcCd","Phillips and Sons","https://fleming.net/","Sri Lanka","Digitized background superstructure","2012","Logistics / Procurement","8749"
"2700","BCED1114271Ae1A","Mcgrath Ltd","http://www.lucas.org/","Haiti","Streamlined systematic process improvement","1979","Hospital / Health Care","9984"
"9889","359ADFECD81e795","Obrien-Branch","http://howard.biz/","Syrian Arab Republic","Operative fresh-thinking infrastructure","2011","Public Relations / PR","8917"
"9507","Df9aF814eaBd7F3","Koch, Ramsey and Wilcox","http://clayton-malone.com/","Tunisia","User-friendly methodical capability","2008","Insurance","783"
"6396","023D8b3E0FEF7Df","Beard-Rasmussen","https://mcfarland-mckenzie.com/","Palestinian Territory","Reduced 6thgeneration leverage","1995","Commercial Real Estate","3322"
"2482","eF0015F8caAA9F7","Collins Group","http://www.oconnor.com/","Fiji","Cloned secondary moratorium","2004","Health / Fitness","8885"
"5457","c7085e0451fA249","Marquez, Durham and Spence","https://www.lynch.com/","Benin","Pre-emptive executive contingency","2019","Professional Training","8648"
"8445","F50421D359bc9EA","Small-Frey","http://www.baxter-lee.biz/","Guam","Persistent optimizing groupware","2017","Wine / Spirits","1565"
"2707","400FB8CFe9A888F","Maldonado-Trujillo","https://www.miller.com/","Uganda","Secured interactive customer loyalty","1985","Writing / Editing","5690"
"4662","ba2a20F71dC526d","Odonnell-Grimes","https://lewis.info/","Sudan","Grass-roots tertiary groupware","1997","Business Supplies / Equipment","4377"
"327","D5e98db12A03ce1","Waters and Sons","https://tate.com/","Sierra Leone","Multi-channeled maximized capacity","1985","Think Tanks","4400"
"1040","5d517B5e06a075b","Davidson LLC","https://lester.com/","Maldives","Networked 3rdgeneration model","2018","Fishery","4199"
"2638","cEaF9c775453D00","Lara LLC","http://wells-summers.info/","Indonesia","Reactive leadingedge function","1973","Package / Freight Delivery","7033"
"5023","26a7CA0fe08bcfb","Butler PLC","https://www.pitts.com/","Luxembourg","Progressive systematic time-frame","1984","Automotive","7923"
"2500","EFb75CCaba83C81","Harvey-Freeman","http://www.pitts.biz/","Nigeria","Extended impactful protocol","1970","Computer Games","6276"
"1005","1aD89cBC5FEBfE5","Arroyo-Robbins","http://harper-snyder.com/","Bhutan","Cross-group value-added capability","2014","Shipbuilding","7792"
"2862","f9b43CC40adDd55","Mcdowell-Stephens","https://www.becker.com/","British Virgin Islands","Up-sized foreground alliance","1973","Environmental Services","5814"
"3234","FBE10bCdc37faBb","Walker, Ramirez and Sheppard","https://www.kemp.com/","Venezuela","Phased clear-thinking software","2017","Aviation / Aerospace","1213"
"1871","E5b21A7Ed7c3BD5","Adkins-Cruz","http://www.costa.org/","Heard Island and McDonald Islands","Implemented intermediate open system","2018","Mental Health Care","3865"
"4246","edcBcA6abFc7ADE","Vang and Sons","http://malone.com/","Slovenia","Proactive demand-driven artificial intelligence","1986","Alternative Dispute Resolution","4083"
"6928","74a92792369CaAf","Brady-Hicks","https://www.moyer-watkins.com/","Turkmenistan","Face-to-face logistical collaboration","2016","Cosmetics","1615"
"8386","b79b8B7391DBbeD","Tyler Group","http://strong.com/","Belarus","Vision-oriented uniform complexity","2008","Leisure / Travel","7717"
"535","5C2f6AFB91BdFD3","Vance PLC","https://www.ali-maynard.com/","Botswana","Expanded empowering success","2002","Consumer Electronics","3520"
"9828","FBDfeA1Db5fAecd","Stewart Group","https://www.charles.com/","Netherlands Antilles","Visionary system-worthy product","2021","Hospital / Health Care","8482"
"7149","Db31D7FdD6Aa6E9","Page and Sons","http://www.suarez.com/","United States of America","Optional optimal model","1984","Executive Office","4468"
"7366","F1FE0FFDF5Ff8d1","Brady and Sons","http://palmer.biz/","Ireland","Progressive holistic attitude","1991","Apparel / Fashion","253"
"586","BCC1c9C0b30C9b2","Avila PLC","https://duncan.net/","Honduras","Devolved high-level data-warehouse","1985","Airlines / Aviation","5930"
"9915","43D13beF87C8b51","Robbins-Reyes","https://www.morrison.com/","Central African Republic","Enterprise-wide solution-oriented framework","1972","Staffing / Recruiting","1527"
"3036","cfF5b9622F030a0","Valentine LLC","https://curry.com/","San Marino","Future-proofed tertiary moderator","1975","Consumer Services","6327"
"4429","295E8D6B77aeC63","Barron-Flynn","http://www.zimmerman.com/","Sri Lanka","Vision-oriented multi-tasking toolset","1971","Railroad Manufacture","7677"
"4090","dD12f2baFbc5DE7","May Inc","http://www.hartman.com/","Ireland","Extended methodical installation","2021","Retail Industry","9103"
"1704","E9A2398bb7D31a4","Thompson LLC","http://heath.biz/","Greece","Secured asymmetric hardware","1977","Commercial Real Estate","7426"
"4296","a2bCFB08defDD2b","Reyes-Pearson","https://burnett.com/","Libyan Arab Jamahiriya","Persevering impactful open architecture","2014","Religious Institutions","8461"
"5720","EEFeF74eBA2ae1E","Mckee-Mack","https://www.maldonado.com/","Cameroon","Open-source content-based groupware","1999","Chemicals","1575"
"492","Fecfbcb5CCF248A","Conway, Bryan and Duarte","https://howe.com/","Marshall Islands","Expanded optimal frame","1999","Electrical / Electronic Manufacturing","5680"
"6900","B9bd61a61e5A3Ee","Berg-Gonzalez","http://www.powell-whitney.com/","Cook Islands","Grass-roots well-modulated installation","2018","Events Services","6669"
"4354","2A5E2bDEBFeE745","Sims-Summers","http://kaufman-hale.info/","Lao People's Democratic Republic","Vision-oriented national interface","1987","Religious Institutions","3524"
"2837","B42aD988B507DaB","Patel Ltd","http://www.branch.org/","Germany","Stand-alone real-time open architecture","1985","Government Relations","999"
"2267","e6fBA564Bdac144","Foley-Rich","http://mueller.com/","Hong Kong","Function-based 24/7 benchmark","1991","Alternative Dispute Resolution","515"
"7719","726BB5e2ACE91BF","Lucero-Cuevas","https://hansen.org/","Uruguay","Multi-lateral modular project","2003","Airlines / Aviation","4834"
"9524","7EFB0BD8fDF3ADE","Spence, Pittman and Mccarthy","https://paul-mullen.com/","Germany","Decentralized optimizing conglomeration","1994","Furniture","2990"
"8023","7a578b06C0a5a48","Hart-Sosa","https://marquez.com/","Denmark","Future-proofed asymmetric website","2013","Biotechnology / Greentech","7794"
"4708","BA976D9aFe3d59b","Ramsey LLC","http://www.keller.com/","Malaysia","Extended 3rdgeneration moratorium","1993","Publishing Industry","6574"
"9844","7Bb217F7Fe3Ae63","Hudson, Ferrell and Vega","https://www.krause-ellis.com/","Saint Helena","Multi-layered non-volatile function","1998","Gambling / Casinos","5668"
"2901","Df0aDeee10faf32","Savage-Harrison","http://www.gallegos.com/","Uganda","Expanded grid-enabled circuit","1997","Think Tanks","762"
"9619","28DcdfEB63D1Ea1","Rodgers-Heath","http://www.delgado.biz/","Kazakhstan","Centralized intangible adapter","1997","Mining / Metals","753"
"2945","eFB5eeE4DeabC9e","Reilly-Cross","http://www.wiggins-vargas.net/","Nicaragua","Adaptive zero tolerance encoding","2012","Legislative Office","2748"
"1917","75C9c804c04fA97","Orr-Watkins","http://lyons.com/","Turkmenistan","Advanced clear-thinking toolset","2009","Philanthropy","4334"
"3186","fE2e4dFb29Fe32a","Francis, Tanner and Byrd","https://www.adams-mejia.com/","Egypt","Profound heuristic array","2010","Law Enforcement","2869"
"8627","Baaad1a261aCf2C","Davis-Hanna","http://reynolds.net/","Egypt","Expanded disintermediate Local Area Network","2013","Utilities","1342"
"9435","3DFD3a1dAA5EDDF","Yang Group","https://black.net/","Cameroon","Future-proofed 5thgeneration function","1994","Furniture","1620"
"7256","52FF0D53CE598C2","Jefferson Inc","http://alvarado-weeks.org/","British Virgin Islands","Switchable interactive moratorium","1984","Consumer Electronics","5436"
"4247","FB7008B5abbFfdb","Watts-Zhang","https://www.franklin.com/","Bahrain","Re-engineered executive functionalities","1972","Public Relations / PR","7180"
"8616","EE2e507cC00C6e4","Contreras Group","http://glass-dyer.net/","Western Sahara","Re-engineered scalable protocol","2005","Commercial Real Estate","5212"
"5147","b2AAa2Cdbffa629","Leblanc, Soto and Ortega","https://sweeney.biz/","Andorra","User-friendly 4thgeneration website","1997","Museums / Institutions","4540"
"8566","A539a3c8780d7Ed","Dillon Inc","https://christensen.com/","Indonesia","Switchable maximized portal","1987","Photography","1893"
"2519","0eeFfECfd209af0","Torres, Arnold and Frederick","https://www.mcknight.com/","Bahrain","Versatile actuating service-desk","1987","Fine Art","7500"
"398","ddf86CaB8EA7e6b","Hill PLC","http://pruitt.com/","Somalia","Inverse discrete challenge","1985","Information Technology / IT","4535"
"1318","aa12d4DDdd33cf0","Costa-Lowe","http://www.pearson.biz/","Nigeria","Versatile secondary middleware","2003","Consumer Services","6323"
"4561","28bdCd47Ca6BDec","Griffin, Townsend and Pruitt","https://www.lara.com/","Andorra","Quality-focused multimedia product","1992","Civic / Social Organization","5478"
"122","0103060f81d444D","Patton-Randall","http://macdonald.org/","Bangladesh","Virtual systematic policy","1977","Security / Investigations","2371"
"2450","a10Fb17A5E4DaE8","Webster and Sons","http://www.ryan.com/","Gibraltar","Synergistic neutral solution","2013","Law Enforcement","7895"
"8856","B7DDA579Ba0DbAD","Roach Group","http://durham.com/","Tanzania","Profound fault-tolerant throughput","2004","Telecommunications","7550"
"8109","8742eB2Fa1baCfE","Copeland Ltd","http://www.vaughan.com/","Nigeria","Realigned high-level methodology","1988","Venture Capital / VC","8660"
"1567","EaB3Ed9aAeB713F","Henderson-Lowe","http://benson-stephens.com/","Russian Federation","Streamlined full-range support","2018","Restaurants","6967"
"1985","24Af291c90493ae","Shea, Curtis and Brennan","http://www.bolton.com/","Gabon","Up-sized solution-oriented definition","1989","Warehousing","2572"
"4334","bC2BdAAf91E76d7","Huang-Jimenez","http://www.sosa-hall.com/","Ireland","Compatible global productivity","1975","Management Consulting","1007"
"7911","D8bC2A139Ca75BA","Deleon-Cardenas","http://www.dunlap.com/","Malaysia","Multi-lateral scalable customer loyalty","1990","Architecture / Planning","4209"
"9287","3840eD5abcFe43f","Levy, Campos and Aguilar","https://cross.com/","Senegal","Up-sized hybrid orchestration","1988","Package / Freight Delivery","3266"
"3919","1ACEBf73A115512","Marshall LLC","http://barajas.net/","Belgium","Expanded discrete ability","1978","Philanthropy","5146"
"2174","aCED9BcA9e1c448","Drake, Barton and Burgess","http://hickman.net/","Jamaica","De-engineered directional neural-net","2010","Professional Training","8180"
"3284","e714142a6beeEeB","Donaldson-Vaughn","http://medina-hebert.com/","Anguilla","Object-based attitude-oriented paradigm","1974","Military Industry","9704"
"8496","1C026cceBE6727f","Garner-Norris","https://www.hill-mora.com/","Reunion","Realigned zero tolerance project","1978","Military Industry","4108"
"8585","8d8Aaf69D009a81","Black, Bell and Small","http://www.suarez-mcpherson.com/","Cayman Islands","Realigned composite website","2010","International Affairs","536"
"2334","C6f720D8962DB61","Burton, Ortiz and Khan","http://abbott.org/","Afghanistan","De-engineered static interface","2017","Wine / Spirits","4180"
"574","DdDae9aDCEc148b","Hinton, Baldwin and Marshall","https://mcpherson.com/","Romania","Exclusive didactic secured line","2014","Public Relations / PR","320"
"3661","1CdFC62DA94BEE5","Grimes-Garrett","https://faulkner.biz/","Guadeloupe","Ergonomic executive ability","1992","E - Learning","3005"
"9076","cA0EBFF2fbB9D1A","Roth, Cordova and Robertson","https://www.ortiz.com/","Kiribati","Adaptive user-facing orchestration","1983","Market Research","4880"
"982","15fCB993C3cE55C","Chung-Gilmore","https://www.villanueva.com/","Bahrain","Public-key didactic toolset","1980","International Affairs","5569"
"9371","3CCCA8cc4fdcfa2","Frost and Sons","http://ponce.com/","Malaysia","Cross-platform methodical complexity","2017","Think Tanks","9508"
"1408","b7fC4C329fcd6f6","Trevino and Sons","http://hansen.com/","Ethiopia","User-centric client-driven benchmark","1976","Marketing / Advertising / Sales","4235"
"536","8b4135dD300e800","Hull-Cuevas","https://hunt-vang.com/","French Guiana","Ameliorated exuding software","1991","Medical Equipment","8594"
"4316","CB2CeC36acCAC44","Vaughn-Calderon","https://www.joyce.com/","Colombia","Self-enabling exuding access","2010","Alternative Dispute Resolution","9548"
"4599","579cCEd933EF243","Beasley, Callahan and Yang","https://rangel.com/","Guinea","Expanded leadingedge monitoring","1986","Computer Hardware","4495"
"8623","aEd9CdeCDe6De2C","Webster Ltd","http://randall.com/","Colombia","Cross-group system-worthy benchmark","1975","Program Development","7541"
"8759","be9af03Ec9A5CCA","Hull Group","http://www.montes.biz/","Puerto Rico","Fully-configurable radical emulation","1996","Law Practice / Law Firms","1998"
"1435","5eBBEA23EEd56aA","Pena, Hammond and Morrow","https://www.bullock.com/","Sao Tome and Principe","Customer-focused client-server knowledge user","2012","International Affairs","8360"
"6995","3AfAb7aFd3Ffa84","Holder, Fuentes and Cannon","https://hale.org/","Greenland","Streamlined analyzing matrix","1984","Computer Hardware","7262"
"2580","db4118390FdddEa","Potts, Horton and Cabrera","https://www.cobb.biz/","Kiribati","User-friendly executive framework","1996","Security / Investigations","4978"
"9404","cBb1B06CE7045d8","Lambert-Beck","https://greene.net/","Panama","Assimilated secondary service-desk","2010","Building Materials","3695"
"3270","1Eec933EaA1F11f","Herring-Hopkins","https://prince-cochran.com/","South Georgia and the South Sandwich Islands","Operative asymmetric toolset","2002","Shipbuilding","9374"
"9554","1FCF1c305197c7b","Jensen, Davis and Moody","https://rivera.biz/","Dominican Republic","Function-based empowering hub","2018","Sporting Goods","2908"
"3839","4Cadbc4444edad9","Lynn LLC","https://spears-waller.com/","Singapore","Fully-configurable foreground hierarchy","2020","Textiles","6315"
"1868","38DA6d0EAeC9Fb5","Keith-Lopez","http://www.rios.info/","South Georgia and the South Sandwich Islands","De-engineered interactive pricing structure","2020","Legal Services","3934"
"1455","fb0da15091EAc2e","Rubio, Morrow and Skinner","https://www.campos-johns.biz/","Serbia","Up-sized dynamic adapter","1990","Financial Services","2832"
"1787","ce9f7650f94dd5C","Sampson, Maldonado and Kelly","http://esparza.com/","Tuvalu","Ergonomic non-volatile moderator","2005","Package / Freight Delivery","7004"
"9913","9A4572DF5dd6de2","English, Roth and Moon","https://www.cummings.com/","Australia","Monitored national attitude","1984","Computer Hardware","6547"
"7096","51cf093f3B69C09","Mckay, Newman and Kaiser","https://www.gilmore-townsend.com/","Algeria","Phased leadingedge archive","1975","Music","4379"
"2522","8dEF834C802ee42","Tanner, Campbell and Ochoa","http://burns-guerra.org/","Guinea-Bissau","Universal responsive ability","2010","E - Learning","1149"
"4440","56fcD31FFaDdd5c","Graham PLC","https://lindsey.info/","Guinea-Bissau","Future-proofed grid-enabled Graphic Interface","1983","Veterinary","587"
"1821","c1cDAB3090EAbAF","Reyes, Valenzuela and Rosales","https://www.reeves.net/","Syrian Arab Republic","Phased radical collaboration","1971","Financial Services","1080"
"5616","4FD7DE13b1DaeB0","Caldwell-Leblanc","https://watson.org/","Namibia","Synergistic 24hour orchestration","2011","Computer Games","4150"
"2930","D4cef1b3eAD3a5f","Mcmillan and Sons","http://coleman.com/","Swaziland","Fully-configurable logistical pricing structure","1972","Philanthropy","1586"
"52","cA2CcBbCf1D2239","Watson-Ho","http://wolfe.com/","Macao","Expanded systemic array","2001","Museums / Institutions","2284"
"4727","4B7cbEcf25b9EbB","Evans, Lara and Alvarez","https://rose.com/","Guinea","Cloned impactful interface","2020","Medical Practice","7408"
"5717","0b15d885Ca29643","Jenkins-Mcclure","http://www.long.info/","South Georgia and the South Sandwich Islands","Optimized intermediate hierarchy","2018","International Affairs","538"
"5466","FE0acd4264AfEC3","Kramer-Whitehead","http://www.munoz.com/","Iceland","Reverse-engineered bi-directional array","2019","Arts / Crafts","9731"
"470","502a24CDF49E1e7","Greer PLC","https://www.charles-ferguson.net/","Faroe Islands","Seamless well-modulated parallelism","2022","Supermarkets","2145"
"2630","dEf60031bdbcc63","Proctor, Sampson and Booker","http://morris.net/","Korea","Sharable maximized analyzer","1997","Information Technology / IT","9277"
"6514","1AB16D5Ec628AB3","Hansen, Tran and Abbott","http://www.atkinson.com/","India","Re-contextualized clear-thinking customer loyalty","1971","Railroad Manufacture","1416"
"7468","050dE222DeA1e85","Anthony Ltd","https://www.wagner-bautista.com/","Western Sahara","Visionary disintermediate utilization","1999","Publishing Industry","6267"
"3946","29fbe0a40E867Ea","Cohen and Sons","https://mcknight.com/","Micronesia","Re-engineered full-range protocol","1992","Facilities Services","4813"
"6205","D662EdB7EDE68A7","Haas-Gentry","http://richardson.com/","Libyan Arab Jamahiriya","Assimilated composite archive","2005","International Affairs","3168"
"4263","efE7DaC2d188Bb7","Wiley, Stevenson and Glenn","http://www.wood.org/","Germany","Self-enabling upward-trending capability","2019","Oil / Energy / Solar / Greentech","7449"
"1859","dE750df580DC2fb","Meadows, Coleman and Donovan","http://yates-meyers.com/","Tokelau","Stand-alone responsive circuit","1970","E - Learning","5045"
"9533","b9284FFedFc1B68","Duke Ltd","https://pearson.com/","Congo","Fundamental directional middleware","2009","Wholesale","9127"
"866","de4cec04d97CAD3","Wilkins-Nelson","http://www.palmer.com/","Bahrain","Implemented user-facing hub","1977","Hospitality","8141"
"6391","Fd7D1Db1a1CC912","Mason, Watson and Mccarthy","http://www.pope.com/","Congo","Decentralized regional archive","1982","Human Resources / HR","1896"
"7213","81CCB19FfaC3aB9","Woods, Franklin and Nelson","https://houston.com/","Kuwait","Operative next generation framework","1989","Computer Networking","7696"
"4922","64e0C1CCa9f8c8b","Frederick-Williams","https://www.rose.com/","Gabon","Realigned mobile paradigm","1992","Recreational Facilities / Services","1205"
"8102","6FCDfb411D94cd3","Massey, Gallagher and Cantrell","http://miller.com/","Montenegro","Future-proofed well-modulated hub","2009","Machinery","1099"
"4793","F28D7a499aCcACB","Griffin-Torres","http://costa-hodges.biz/","Netherlands","Switchable 6thgeneration hardware","1972","Law Practice / Law Firms","9313"
"8855","b9E8f2B2F5fc4D5","Sutton, Lambert and Medina","https://bowen.biz/","Liechtenstein","Fundamental foreground strategy","2011","Logistics / Procurement","8190"
"6251","4b00Bbc4Ff58AbF","Hart, Henson and Williamson","https://www.beasley.info/","Heard Island and McDonald Islands","Advanced cohesive utilization","1972","Semiconductors","1362"
"5937","EC6CAFbd0f0eb30","Elliott Group","http://www.yoder-rojas.com/","New Caledonia","Upgradable coherent hardware","1974","Public Safety","2234"
"426","41ae16Fab19E041","Adams-Pierce","https://greene.net/","Tajikistan","Secured content-based support","1998","Semiconductors","1535"
"189","03AbCC19B9102BE","Thomas, Delacruz and Horne","https://www.bender.com/","Iraq","Multi-lateral hybrid database","2003","Fine Art","2353"
"5630","Ae8cD33B7dcC83A","Stanton and Sons","http://horne.info/","Monaco","Decentralized next generation support","2021","Investment Management / Hedge Fund / Private Equity","5440"
"4360","3B13964B4De07C3","Lamb LLC","https://www.blanchard.com/","Iceland","Devolved attitude-oriented software","1990","Government Administration","9585"
"229","9a804CC2eBeCbB8","Richmond, Whitaker and Preston","http://freeman.net/","Thailand","Polarized fault-tolerant extranet","1999","Human Resources / HR","162"
"7758","ceeD9ce47Ec9Cd7","Brady Ltd","http://garrison.com/","Switzerland","Decentralized optimal hardware","2000","Alternative Medicine","5978"
"7678","5EF5ffbdA6ad78D","Sanford-Saunders","https://leonard.net/","Liberia","Re-engineered 4thgeneration Local Area Network","1973","Cosmetics","4554"
"2742","D4E56809dD0DE6F","Mullen PLC","https://mayo.com/","United States Virgin Islands","Fundamental attitude-oriented model","1970","Capital Markets / Hedge Fund / Private Equity","6685"
"1042","B5dCB63fD8382AA","Scott-Johnston","http://kramer.biz/","Austria","Seamless directional standardization","2000","Chemicals","9495"
"4076","8Ad7Fca7C725FCF","Harding-Brennan","http://www.bradford-russo.com/","Bouvet Island (Bouvetoya)","Assimilated demand-driven data-warehouse","2006","Civil Engineering","7851"
"9141","Ab76adb0DAB2Cc2","Ellison, Velazquez and White","https://www.vasquez.com/","Bosnia and Herzegovina","Intuitive explicit complexity","1975","Renewables / Environment","3947"
"6119","238fA0F61cAAfBD","Velasquez PLC","https://www.roberts.biz/","Azerbaijan","Reduced context-sensitive policy","1987","Computer Hardware","4183"
"6903","5CB4b2929Ba0C26","Spence, Santiago and Jordan","https://burch.net/","Puerto Rico","Reduced leadingedge collaboration","2009","Philanthropy","4281"
"472","c4112055D6FfFEC","Ray-Dougherty","http://www.robinson.com/","Spain","Distributed mobile extranet","1988","Fundraising","3263"
"2922","4BBDe8cc019dFed","Costa-Middleton","http://cordova.org/","Norway","Cloned national middleware","2012","Religious Institutions","7892"
"1906","97D7E2cF4584cf0","Carson PLC","https://reese-black.info/","Venezuela","Fundamental non-volatile strategy","1971","Computer Software / Engineering","3684"
"8877","d7F5924cc0aC24e","Holt-Rios","https://www.newman.com/","Luxembourg","Open-source full-range model","1979","Gambling / Casinos","3623"
"802","D21DF819588881C","Landry-Knight","https://www.woodard.com/","Liechtenstein","Configurable hybrid frame","1977","Financial Services","7844"
"1488","7b1dA0b04A69cd5","Stone-Norris","http://burgess-cooke.com/","French Southern Territories","Front-line non-volatile support","1970","Paper / Forest Products","8210"
"8442","95ecED74C9F540f","Ball, Clarke and Spears","https://townsend.biz/","Burundi","Quality-focused 24/7 Graphical User Interface","2015","International Affairs","7379"
"228","CDEeDCaf12Ba9dF","Moore, Mullen and Reid","https://koch.info/","Taiwan","Customer-focused empowering task-force","1978","Legal Services","5133"
"7891","1b7d1bBc4Dd2636","Nielsen, Gilbert and Hull","https://mcclain.com/","Cayman Islands","Horizontal interactive concept","1978","Insurance","1878"
"1129","21DA3571B8C02cb","Walter-Cervantes","https://bauer.com/","Botswana","Networked mobile instruction set","1990","Fundraising","5791"
"5071","d6aEE7de1Ff7FeC","Tran, Richardson and Weeks","https://martinez-clayton.com/","Guadeloupe","Implemented dedicated process improvement","2020","Maritime","1049"
"9167","CeC33Cc13820d49","Montgomery-Hall","http://mcdaniel.net/","Papua New Guinea","Implemented needs-based frame","2004","Construction","2137"
"2209","4b6bDff0E133814","Wilkerson and Sons","http://www.vargas.com/","Uzbekistan","Monitored responsive pricing structure","2000","Legal Services","5405"
"7994","C611b1Dbc1Bb9af","Frederick Ltd","https://hunt.biz/","Cook Islands","Fully-configurable motivating Internet solution","2010","Wholesale","2657"
"9843","CA3ED27DDeE30A6","Terry, Webster and Parsons","http://www.bray-mcdaniel.com/","Nepal","Phased cohesive hierarchy","2019","Law Practice / Law Firms","1447"
"6560","1df3cda48EfFaa0","Mckinney Ltd","http://www.ware.com/","Antigua and Barbuda","Synchronized encompassing secured line","1987","Investment Banking / Venture","4190"
"9922","359A832952579af","Pineda, Manning and Holden","https://valenzuela.com/","Paraguay","Robust logistical customer loyalty","2007","Alternative Medicine","9878"
"3154","22DD659A9bccC21","Wood-Lynch","http://www.armstrong-boyd.com/","Tunisia","Open-source grid-enabled leverage","2011","Publishing Industry","3586"
"4442","a473D137Aff1fC1","Martin, Gross and Benitez","https://www.morris.org/","Saudi Arabia","Operative transitional protocol","1981","Staffing / Recruiting","3897"
"7506","B3aAeA7BbCEfFdc","Cobb-Randolph","https://giles.com/","Guam","Organized analyzing focus group","2004","Semiconductors","7236"
"8958","4e21507dBD7cd78","Holder, Esparza and Stanton","https://www.garner.net/","Gibraltar","Reduced multimedia groupware","2000","Furniture","8437"
"6216","d490398E1cc48fB","Olson, Joseph and Willis","https://lowe.com/","Egypt","Implemented upward-trending migration","1973","Food Production","2465"
"9599","7ad0d6EfAaCdFc5","Willis-Craig","https://www.dalton-velasquez.com/","Qatar","Triple-buffered next generation artificial intelligence","2006","Semiconductors","6724"
"2145","8Ee488Ce40Cbe9A","Crane-Holmes","http://www.gardner.com/","Norfolk Island","Cloned empowering access","1978","Pharmaceuticals","6770"
"7412","dFfaaBB94bFD60F","Caldwell LLC","http://www.downs.com/","Bangladesh","Synchronized composite contingency","1986","Pharmaceuticals","682"
"8930","A02033654a7DDB9","Levy, Reynolds and Bowers","https://www.greer-drake.com/","Benin","Profit-focused modular standardization","1972","Package / Freight Delivery","2081"
"2375","E9fCae5Af0D5BA1","Jackson, Short and Swanson","https://mcknight-mccormick.com/","Nicaragua","Cloned content-based synergy","1994","Wholesale","6452"
"2578","d2Dbac9Cea3bD60","Case Ltd","http://www.lyons.com/","Montenegro","Multi-tiered needs-based synergy","2013","Marketing / Advertising / Sales","4942"
"1633","6ceFA49aB65A8DA","Decker, Wyatt and Williams","https://www.long.net/","Fiji","Networked real-time leverage","1993","Restaurants","8822"
"4833","a9D5dbA9adbD68D","Donaldson-Sanchez","http://www.snow.biz/","Honduras","Sharable fresh-thinking approach","1975","Capital Markets / Hedge Fund / Private Equity","4299"
"2299","FD6bDF2aD1b043D","Rojas, Aguilar and Bartlett","https://www.jacobson.com/","Finland","Cross-platform impactful capability","1978","Philanthropy","5443"
"5034","EE20BC8B87c68cF","Giles Group","http://middleton-rasmussen.com/","Guatemala","Seamless eco-centric matrix","1977","Newspapers / Journalism","344"
"157","D22Ab26a20Fe60d","Nelson-Carney","http://trevino.com/","Cote d'Ivoire","Face-to-face fresh-thinking knowledgebase","1999","Hospitality","3211"
"8047","Aaf7eC587E57aD6","Bass-Rich","https://orr.com/","Uganda","Fully-configurable optimizing strategy","2006","Library","5505"
"6707","Ef53EdE7c64d771","Walsh, Olsen and Curry","http://mcdaniel.com/","American Samoa","Streamlined explicit projection","1972","Religious Institutions","7860"
"3350","2a75aba7CAb6aE8","Joseph-Moyer","https://clements.biz/","Bahrain","Streamlined tertiary extranet","1976","Publishing Industry","9477"
"2880","17C7Cf9BdBAd78A","Hurst-Riley","http://mayer-guerrero.org/","Mayotte","Configurable client-server solution","2015","Information Services","7300"
"3414","E8Ddeb42a6EFADe","Osborn-Mcknight","https://barry.org/","Papua New Guinea","Multi-layered executive knowledge user","1977","Luxury Goods / Jewelry","3217"
"7769","B9c1a21F7b38E1a","Dickerson-Burnett","http://velazquez-sullivan.com/","Syrian Arab Republic","Exclusive regional matrix","1981","Staffing / Recruiting","7116"
"4190","C78Bac1F7cAc10F","Levine Inc","http://oconnell.com/","Burundi","Multi-lateral mobile matrices","1975","Military Industry","3736"
"9611","dEBbc9b6b7c4c7C","Perkins and Sons","http://www.stein-beltran.net/","Belize","Assimilated intermediate adapter","1983","Computer Games","6275"
"9735","dbB8357aAA15F52","Prince-Kirby","https://alvarado-hawkins.net/","Chad","Seamless next generation interface","1971","Business Supplies / Equipment","149"
"7252","cCc0A3cB210eB8c","Watts, Garner and Stephens","http://hardin.com/","Kiribati","Triple-buffered responsive frame","1987","Railroad Manufacture","9762"
"7614","A5db276D82B6655","Olson Group","https://www.doyle-caldwell.com/","South Georgia and the South Sandwich Islands","Upgradable demand-driven concept","1998","Judiciary","2591"
"6920","f301861e16C5a6d","Guerra-Henry","https://www.owen-fleming.com/","Marshall Islands","Ameliorated mobile implementation","2004","Civic / Social Organization","2339"
"9682","Eb0Eef60A9a0cE4","Mclean-Leon","http://meyers.net/","Armenia","Fundamental methodical alliance","1977","Human Resources / HR","3688"
"9672","1eda4FD0Edb26Bc","Mckenzie-Vance","http://oliver.com/","United States Virgin Islands","Enhanced multimedia flexibility","1973","Design","3549"
"4795","a2Ee7Dd6D4fAACC","Murillo, Santos and Hudson","https://www.gonzalez.com/","American Samoa","Ameliorated demand-driven interface","1977","Insurance","7844"
"5655","8A9a0eb716E3780","Nunez-Hickman","http://www.compton.org/","El Salvador","Centralized context-sensitive structure","1989","Photography","4195"
"2496","8E9BEdd9b0aafeb","Montoya-Shepherd","https://www.fernandez.com/","Ukraine","Optimized bandwidth-monitored circuit","2011","Logistics / Procurement","8339"
"7305","4104DAe13eBb645","Cooper-Sexton","https://odom.info/","Guadeloupe","Re-engineered next generation task-force","1999","Motion Pictures / Film","8193"
"2373","3b15541DE26aFa3","Curtis, Hayden and Leonard","http://www.baker.com/","Greece","Intuitive bandwidth-monitored algorithm","2002","Public Safety","2271"
"4092","0e52add5A6dFa4b","Carroll, Caldwell and Lyons","http://valencia.info/","Western Sahara","Mandatory dynamic software","2010","Maritime","3849"
"9472","8dF46Da963B67B7","Klein, Robles and Mcneil","https://www.burnett.com/","American Samoa","Exclusive attitude-oriented adapter","2013","Logistics / Procurement","8492"
"3462","7fBDCBDa31E87C9","Butler, Moon and Hartman","http://www.meyers.info/","Korea","Stand-alone directional hub","2022","Pharmaceuticals","4653"
"7007","8771A802dEe191e","Lee, Clay and Knapp","https://donovan.info/","Mozambique","Networked hybrid parallelism","1979","Civil Engineering","1908"
"5392","e3aB37bff3FF804","Sharp LLC","https://hahn.info/","Palau","Innovative multi-tasking attitude","1987","Public Safety","5775"
"7173","2e61A3e11c3eD1C","Ware, Ellison and Blackwell","http://shepherd.com/","Lithuania","Digitized foreground model","2011","Paper / Forest Products","2737"
"5697","9710cAbc0DD3300","Hammond, Wyatt and House","https://www.walker.com/","Burundi","Progressive leadingedge matrices","1989","Fishery","5326"
"5665","cF8Cf3dda7d124C","Massey-Flores","http://wheeler.com/","Timor-Leste","Grass-roots mission-critical analyzer","2009","Maritime","3279"
"4504","E5D7Bfb147ACb17","Roman Group","http://shaw-garner.biz/","Slovenia","Cloned global circuit","2012","Alternative Dispute Resolution","7597"
"2551","Bb49f3049ba0dFD","Levy Ltd","http://www.gaines-liu.com/","India","Assimilated systemic budgetary management","1993","Performing Arts","7190"
"4716","57Db4aCf3d2e7Bc","Haas-Zamora","https://hill.com/","Estonia","Progressive coherent model","1970","Supermarkets","2881"
"848","BDc3eDF49e6d48a","Chang PLC","https://larsen-martin.net/","Mauritius","Balanced coherent success","2005","Market Research","5856"
"3345","6901b061f07d035","Kirby-Fritz","http://coleman-owen.biz/","Ghana","Ameliorated web-enabled circuit","1973","Security / Investigations","9892"
"939","C87E9FF3eE203cd","Jenkins-York","http://sawyer.com/","Albania","Synergistic 24hour moderator","1989","Renewables / Environment","7718"
"4826","F4A7fEaDdd9aB74","Gaines, Combs and Sherman","http://lane.com/","Estonia","Reverse-engineered intermediate toolset","1994","Entertainment / Movie Production","3577"
"9694","6a97fFEfeBb8620","Kerr, Wells and Saunders","https://www.sullivan-alexander.biz/","Qatar","Cloned 5thgeneration moratorium","1997","Mining / Metals","5841"
"8864","A9c00af4Be48aEa","Bradford LLC","http://www.church-barr.biz/","Macao","Compatible multimedia function","2021","International Affairs","8735"
"8611","5A4ff9e5f5eAC67","Spencer-Barry","https://www.english.com/","Puerto Rico","Ameliorated bi-directional groupware","2018","Medical Practice","3570"
"5355","Ba0fDb79BeeAEf2","Hess-Barry","http://solomon.org/","Monaco","Ergonomic zero administration interface","1973","Transportation","3034"
"5478","9bD8c6AC7AAE3bd","Petty, Anthony and Martin","https://www.briggs.org/","Cayman Islands","Operative well-modulated collaboration","1987","Electrical / Electronic Manufacturing","9002"
"9724","C9f63b3B6fcac92","Whitaker-Williamson","https://www.floyd-gray.com/","Jordan","Intuitive mission-critical application","1982","Architecture / Planning","4228"
"757","EEb0429F93F75B1","Carter-Glass","https://www.mendez.com/","Colombia","Fundamental executive migration","2003","Research Industry","9191"
"4751","ebd7ffdB99Fa28d","Griffith-Fuller","https://anthony.com/","Brazil","Distributed coherent project","2008","Transportation","6378"
"2645","c452eB357158Aca","Cox-Ochoa","http://www.trujillo.org/","Israel","Function-based clear-thinking architecture","1997","Military Industry","8460"
"4163","dd4CBD8DDd3f16F","Holland PLC","https://boyd.com/","Palestinian Territory","Virtual multi-tasking analyzer","1979","Automotive","8575"
"8649","46A23Dc63581D8e","Villanueva-Leonard","https://www.foster.com/","Azerbaijan","Implemented mission-critical website","1987","Packaging / Containers","4567"
"3166","ABc438ecddd1908","Morales-Pollard","https://booker.org/","Costa Rica","Profound disintermediate process improvement","2006","Computer / Network Security","2814"
"6498","7ca3FBfFeD5C9B9","Foster-Nixon","http://www.bridges.com/","Bahamas","Configurable directional hub","2017","Management Consulting","3778"
"5988","B661C4DcdE6ba08","Roman, Richard and Graham","https://www.carr-neal.net/","Montserrat","Profound national extranet","2012","Veterinary","4933"
"3874","B5F1dBf1D4aE69E","Stein, Todd and Lewis","https://www.wiggins.com/","Lebanon","Operative maximized emulation","2006","Museums / Institutions","1529"
"7752","11E12cAEF22cfb5","Acosta PLC","https://www.decker-aguirre.net/","Tuvalu","De-engineered needs-based archive","1977","Packaging / Containers","3120"
