"Column_1","Column_2","Column_3","Column_4","Column_5","Column_6","Column_7","Column_8","Column_9"
"6253","6e5c48Db7e589DE","Glass and Sons","http://davila.com/","Netherlands Antilles","Seamless stable circuit","1998","Photography","1669"
"4685","886ECb58C27b542","Goodwin-Campbell","https://www.middleton-robbins.info/","Nicaragua","Triple-buffered bandwidth-monitored artificial intelligence","2019","Glass / Ceramics / Concrete","8655"
"1732","09BdBF0bB5AE585","Lowe-Fischer","http://www.simpson.com/","United States Virgin Islands","Function-based encompassing frame","2020","Program Development","9456"
"4743","CABcF143CfAd62B","Cobb Group","https://berry-buck.biz/","Myanmar","Synchronized transitional product","2006","Leisure / Travel","8707"
"4522","Fff3f1EdeeeB390","Aguirre-Adkins","https://www.bartlett-yoder.com/","Jersey","Universal content-based groupware","1978","Farming","3749"
"6341","E94D0DBfFe0Fa32","Landry PLC","http://hatfield-arroyo.org/","Kyrgyz Republic","Right-sized homogeneous knowledgebase","1974","Cosmetics","6657"
"577","50f7a0d0Bdbbc9B","Mccormick-Monroe","http://www.osborne-oconnor.org/","Northern Mariana Islands","Compatible hybrid artificial intelligence","2014","Staffing / Recruiting","2023"
"5203","747fCbba72F78eB","Fitzpatrick Ltd","http://www.estrada.org/","Belgium","Switchable optimizing toolset","1987","Commercial Real Estate","2050"
"6364","fFEad23EccCEBc8","Blair-Wilkerson","http://bridges-gaines.com/","British Indian Ocean Territory (Chagos Archipelago)","Compatible empowering access","1997","Military Industry","9758"
"440","375d34F81cdcDED","Owen-Strong","https://hernandez.com/","Timor-Leste","Synergized uniform framework","1999","Sporting Goods","6410"
"2751","771C3ea42FFdb63","Lynch, Hendricks and Finley","http://dyer-berg.org/","Lesotho","Realigned global standardization","2010","Sports","9255"
"7488","17d13bFA42fB763","Carpenter Group","https://houston-ware.info/","Netherlands Antilles","Synergistic transitional encoding","1980","Semiconductors","8196"
"5273","CabD1Ab6C7d5474","Grant, Baxter and Winters","http://www.richmond.org/","Congo","Right-sized background focus group","1990","Farming","2490"
"5654","7A3fFD6DcB1Abc7","Calhoun-Murray","https://www.bray.com/","Palau","Pre-emptive zero administration hierarchy","2001","Investment Banking / Venture","4366"
"4000","f8FAb7DdeAD1DaA","Maxwell, Brennan and Hendrix","https://www.steele.com/","Honduras","Enhanced 4thgeneration implementation","1980","Broadcast Media","4125"
"6034","Bf6Cb9F8621cd4d","Craig, Yates and Lawrence","http://crane-larsen.com/","Saint Barthelemy","Future-proofed optimizing initiative","1988","Hospitality","2114"
"583","35D773ebcc8bcbF","Wong, Sellers and Bowers","http://www.collins.com/","China","Managed scalable focus group","1997","Program Development","8324"
"9931","e69Eda1168D959C","Diaz-Ball","http://www.lewis.com/","Christmas Island","Extended attitude-oriented synergy","1988","Events Services","7168"
"7052","4e1EE0bC9c8d7e0","Zuniga and Sons","https://wells-gross.com/","Saudi Arabia","Extended static access","1973","Semiconductors","935"
"8159","950af5a16dE0FbE","Lamb, Bruce and Morrison","http://chandler.info/","Reunion","Balanced systemic array","1978","Package / Freight Delivery","4513"
"9897","a5f072feA6E44F3","Abbott, Jennings and Gomez","https://davila.com/","Grenada","Persevering intermediate initiative","2015","Financial Services","2398"
"2250","7Dccf6fA5DC04d3","Winters, Vincent and Cooper","http://hubbard.org/","South Georgia and the South Sandwich Islands","Realigned impactful alliance","1971","Dairy","2432"
"4641","7A32ceCFfccCbF3","Archer PLC","https://mendez.com/","Guadeloupe","Cloned modular secured line","1990","Gambling / Casinos","8340"
"9486","326fA1DafA4Ccbf","Sanders, Turner and Roberts","http://www.figueroa.com/","Tanzania","Realigned mission-critical migration","1989","Printing","8868"
"4948","06EB4ADa01Ce3Ec","Fritz-Bradshaw","https://www.bates.com/","Svalbard & Jan Mayen Islands","Public-key regional intranet","1977","Individual / Family Services","4228"
"9921","bFa2F69aB9A3A0d","Fleming-Moon","https://www.andersen.com/","French Southern Territories","Synchronized next generation model","1993","Utilities","7067"
"1964","b3DBBe6bFFa8D84","Meyer-Holden","https://torres.info/","Taiwan","Cross-group mission-critical structure","2009","Gambling / Casinos","5138"
"8244","5bdCa98f54Eec93","Park LLC","https://www.walter.info/","Cook Islands","Intuitive upward-trending interface","1991","Package / Freight Delivery","6410"
"6591","c63FfAcf0fAA332","Hunt PLC","https://farmer-patrick.org/","Palau","Ameliorated tangible hub","1981","Performing Arts","3114"
"8848","484d1dfD1bEB4a5","Quinn Inc","http://www.hickman-villa.com/","New Zealand","Object-based solution-oriented software","1992","Market Research","1213"
"322","fcb142fc691a3E2","Patrick, Mcintosh and Bradford","https://www.obrien-craig.org/","Poland","Intuitive dedicated budgetary management","1988","Professional Training","19"
"2679","0E23255d772aA7e","Benjamin, Stevens and Erickson","http://www.hurley.info/","India","Self-enabling heuristic Internet solution","1987","Computer / Network Security","5618"
"4626","8C5CdFa54EFfD6e","Mason Inc","https://www.guerrero-hart.com/","Norway","Up-sized user-facing functionalities","2013","Dairy","4785"
"4950","7d4EE19ae9C0f3E","Dillon, Villanueva and Mayer","http://rodriguez.com/","Slovakia (Slovak Republic)","Self-enabling analyzing flexibility","1994","Railroad Manufacture","1653"
"8329","E01A411DC6C210E","Mendoza, Lane and Barker","https://www.livingston.org/","Northern Mariana Islands","Configurable motivating support","2001","International Trade / Development","630"
"3338","C1fEA43215AfA22","Marquez PLC","http://www.nguyen-shepherd.com/","Netherlands Antilles","Mandatory context-sensitive focus group","1972","Construction","6862"
"5590","0dC7D9f016BD1C9","Chaney-Braun","https://www.smith.com/","Paraguay","Configurable neutral synergy","2014","Photography","2796"
"252","C40A61B2CffDcbD","Rasmussen-Ramsey","http://reilly.com/","United Arab Emirates","Monitored 3rdgeneration concept","1970","Commercial Real Estate","7322"
"3974","BeE83cb089039b1","Forbes, Mack and Davis","https://www.massey.info/","Mauritania","Progressive background application","1982","Aviation / Aerospace","6006"
"6631","9daC66F5D0a85D8","Day and Sons","https://www.mccarty.info/","France","Vision-oriented discrete functionalities","2018","Veterinary","2994"
"5548","1EEa00C0C77E0cC","Fowler-Velazquez","http://travis.com/","Costa Rica","Object-based intermediate success","1999","Library","4945"
"36","AdC821b25c17eAb","Hatfield PLC","http://www.zuniga.org/","Malta","Distributed mobile open architecture","1985","Translation / Localization","554"
"8363","240aD4aDd6b483a","Ross-Vargas","https://www.hartman-hooper.info/","Thailand","Re-engineered holistic capacity","1991","Internet","4787"
"1514","DBC14acDac58e06","Newton-Browning","http://www.hensley-bryant.com/","Guinea-Bissau","Grass-roots intermediate focus group","2004","Writing / Editing","6876"
"9318","452b6A6B5E7D5c0","Hernandez, Trevino and Ibarra","https://www.montgomery-barton.com/","South Africa","Decentralized contextually-based policy","2014","Think Tanks","9610"
"40","a2Ed1dDD45215C9","Zimmerman and Sons","https://perez.net/","Togo","Focused encompassing moderator","1999","Automotive","8480"
"4820","bE64fEece1Bc0C7","Robles-Wilson","http://www.barker-wiley.com/","Falkland Islands (Malvinas)","Reactive multi-state benchmark","2000","Fine Art","2560"
"3466","55cc6D408F4BACd","Sherman-Kidd","http://www.gamble-compton.com/","Algeria","Synergized analyzing Internet solution","2011","Mental Health Care","3500"
"1761","56728E8Ffd4F9cF","Hicks LLC","http://montgomery.net/","Korea","Synchronized asynchronous time-frame","2007","Consumer Services","7009"
"2305","633fbeACaB5ED90","Ramirez-Davies","https://www.gutierrez-wade.com/","Mongolia","Front-line impactful groupware","2013","Staffing / Recruiting","2782"
"3724","cb5282D322987FE","Gomez-Jensen","http://www.browning.com/","Senegal","Vision-oriented contextually-based monitoring","2020","Military Industry","2839"
"8285","A7c6B86aCCCa6dB","Noble-Mata","http://www.lee.com/","Dominica","Configurable next generation toolset","1980","Semiconductors","9076"
"4994","CABC8e191b5C9aA","Houston-Stevenson","https://benson.org/","Sweden","Fundamental 5thgeneration time-frame","2005","Investment Management / Hedge Fund / Private Equity","8439"
"8128","3a3aCdca3fbb422","Pittman-Haynes","http://whitaker-holden.com/","South Georgia and the South Sandwich Islands","Horizontal user-facing concept","2002","Warehousing","2704"
"3033","DdcF6bCcBEAAeBd","Singh-Crawford","http://www.houston.com/","British Indian Ocean Territory (Chagos Archipelago)","Reactive radical productivity","2013","Accounting","9515"
"7939","7f38aE8F5Ee9B00","Trujillo Ltd","https://hill.com/","Mayotte","Team-oriented scalable encryption","1985","Marketing / Advertising / Sales","7490"
"3040","73E8aabDf4Aa51e","Deleon, Jackson and Mullen","http://whitaker-moyer.com/","Korea","Object-based bifurcated definition","1983","Leisure / Travel","7321"
"9656","Fb32cB80cF2aEC6","Lindsey-Espinoza","https://mendoza.biz/","Morocco","Diverse well-modulated emulation","1989","Online Publishing","5735"
"2546","8FB93efb6B2b5c2","Hess Group","https://www.sparks.com/","Jamaica","Balanced uniform projection","2011","Cosmetics","3579"
"2593","ECE18a25D6cEfC9","Savage LLC","https://lloyd.net/","Ethiopia","Upgradable modular adapter","1979","Law Practice / Law Firms","965"
"1189","Eea2a2212D9BA1e","Gonzales PLC","http://www.nunez-farrell.com/","Bangladesh","Robust maximized access","2002","Transportation","4883"
"7967","8BD49B2004d473a","Mack, Everett and Hanna","http://hull.com/","South Georgia and the South Sandwich Islands","Progressive 4thgeneration concept","1983","Wholesale","805"
"6078","38779F74D2DDCC4","Arias-Kelly","http://www.norton-le.com/","Lesotho","Re-engineered asynchronous conglomeration","1993","Railroad Manufacture","1971"
"108","bA6e6f0cB65C319","Velez Ltd","https://kelley-hardin.biz/","Antarctica (the territory South of 60 deg S)","Reduced demand-driven encoding","1997","Civil Engineering","1772"
"1316","15E7EdEf63B4b0E","Holloway and Sons","http://potter.biz/","Moldova","Managed demand-driven standardization","1973","Primary / Secondary Education","2267"
"8188","E3b90Fb3DaB0cFf","Ramsey Group","https://www.hansen.org/","Libyan Arab Jamahiriya","Function-based web-enabled task-force","1995","Computer Software / Engineering","5602"
"2754","ddeC9243Ec4AABB","Gaines-Shelton","http://www.curtis.org/","Saint Lucia","Virtual clear-thinking forecast","1976","Philanthropy","6823"
"9754","FBAd5492Bc37Aa2","Richmond LLC","https://www.mcdowell.biz/","France","Multi-lateral motivating migration","1982","Insurance","8035"
"6232","C2D2a588cF76A91","Harrison, Hunter and Randolph","https://shaffer.org/","Saint Martin","Diverse web-enabled service-desk","1986","Think Tanks","9788"
"2877","A16De81B4AecCBa","Davies, Haney and Gill","http://avila-lozano.org/","Palestinian Territory","Stand-alone composite solution","1970","Printing","3353"
"5324","B4af1fDD7BB3FCB","Horn, Castaneda and Sosa","http://donovan-johnston.com/","Armenia","Implemented static Graphic Interface","1984","Cosmetics","3759"
"800","4E06A1F0fdDCB2D","Mcgrath Inc","http://www.bartlett-delacruz.info/","Zimbabwe","Persevering multimedia policy","1977","Environmental Services","4562"
"3571","E77Cdde2929a9Ab","Watkins-Bender","https://duffy-delgado.com/","Italy","Quality-focused systemic instruction set","1972","Railroad Manufacture","1634"
"2895","BbAfB8b0Ad9cBDB","Phelps Ltd","http://www.harvey.net/","Latvia","Ergonomic methodical contingency","2000","Public Relations / PR","3420"
"2928","cAeaEdD4bc5AEBe","Duffy-Blake","https://www.may.com/","Botswana","Organic bi-directional pricing structure","2008","Think Tanks","8085"
"8179","A277ae5340B6D8A","Phelps-Zimmerman","http://rubio.com/","Kuwait","Programmable multi-tasking hierarchy","1973","Warehousing","6066"
"972","F14FeCb1494fdC8","Simon Ltd","http://nolan.info/","Malawi","Synergized tertiary time-frame","2008","Music","9733"
"6688","fc3edF19A8Ee31c","Stephenson, Gibson and Tate","http://pearson-duke.info/","Guam","Configurable dedicated artificial intelligence","1982","Utilities","1973"
"8576","BDBe0A289441DfA","Randall-Mcmillan","https://www.reese-wilcox.net/","Antigua and Barbuda","Streamlined human-resource application","1993","Music","3433"
"2021","3Bf1b0eeE75fda3","Beck, Wang and Lopez","https://www.ho.com/","Nigeria","Universal disintermediate frame","2021","Supermarkets","6195"
"9055","a6e2e06E992BBbD","Holland and Sons","https://www.oneill-gilmore.net/","France","Polarized methodical archive","1989","Pharmaceuticals","8869"
"953","3FaA7238b67FDEC","Fritz-Church","https://www.walker.com/","Ethiopia","Decentralized 4thgeneration application","2015","Banking / Mortgage","2435"
"5360","1a343BC6abE3f50","Gaines, Grimes and Nash","http://www.mccall-cain.com/","Malaysia","Programmable hybrid database","2003","Automotive","667"
"3858","BEe8facD6E6b2fa","Galloway-Mcneil","http://www.weiss-massey.info/","Singapore","Face-to-face systemic collaboration","1983","Museums / Institutions","770"
"5862","cae8eFDcC6EA5aa","Love-Valenzuela","https://www.chambers.biz/","French Guiana","Re-engineered responsive pricing structure","1990","Hospital / Health Care","1957"
"3146","4AE1ae2a68EC4CA","Rowe-Hoffman","http://www.morales.com/","Libyan Arab Jamahiriya","De-engineered fresh-thinking extranet","2015","Environmental Services","5285"
"3306","fe9AC21Fef4C4fA","Hubbard, Gutierrez and Holloway","http://www.friedman.com/","Cote d'Ivoire","Stand-alone neutral attitude","1999","E - Learning","4626"
"3007","Bc5BaCf45c732b9","Lozano, Patterson and Everett","http://daniels.info/","Morocco","Intuitive 4thgeneration architecture","1979","Alternative Dispute Resolution","7487"
"9002","DEb8ff7eBa5717D","Maddox-Wagner","https://travis-sampson.com/","Croatia","Persevering background matrix","1982","Investment Management / Hedge Fund / Private Equity","8569"
"7771","9ddaa7D7b99fF4A","Santos-Frost","https://santos-estes.net/","Mozambique","Adaptive fault-tolerant projection","2011","Business Supplies / Equipment","3969"
"7439","25EDB9E62d78FcB","Frazier, Fitzpatrick and Giles","https://www.kirby.com/","Suriname","Cross-group object-oriented flexibility","2008","Nanotechnology","5899"
"7943","a6Fd5b1cfB7Fba0","Winters, Cox and Schwartz","http://booth-myers.com/","Christmas Island","Ameliorated optimizing strategy","1998","Arts / Crafts","9327"
"9239","67Ecb8A5fc6Ff9E","Skinner-Salinas","http://www.holland.com/","Lithuania","Cross-group eco-centric hub","1990","Telecommunications","9172"
"1057","A881Bb626cb1BAa","Velasquez PLC","https://mcgee.org/","Norway","Realigned incremental archive","1977","Primary / Secondary Education","9786"
"3155","Dc0B2bb61B1FABe","Bryant, Benson and Wolfe","https://winters.info/","Canada","Customer-focused human-resource website","1979","Capital Markets / Hedge Fund / Private Equity","1142"
"3788","BEA41d6e0EFD79B","Casey, Velazquez and Conner","https://stout-carter.com/","Chad","Cloned fresh-thinking array","1970","Farming","8063"
"9190","b3Fe79272E9b3EB","Savage, Chase and Watkins","http://ramsey.com/","Guernsey","Enterprise-wide disintermediate project","1995","Higher Education / Acadamia","2319"
"7826","63b0aCD4D6d1E2f","Campos LLC","http://mcpherson-montoya.org/","Brazil","Total context-sensitive paradigm","1994","Venture Capital / VC","2832"
"7540","D3BfFA0CddCeBA9","Rich PLC","https://benitez.com/","Marshall Islands","Managed bandwidth-monitored capacity","1986","Veterinary","3813"
"7232","5Adc50f997b8caC","Sosa-Blackwell","http://www.wall.com/","Egypt","Visionary systemic matrices","1989","Public Safety","561"
"765","6B2E92bfBb2bBf9","Moses Inc","http://frederick-combs.info/","Ukraine","Networked optimizing interface","1983","Farming","995"
"5020","3FDDA1BDDE868F8","Garcia Inc","http://gilbert.com/","Guyana","Ameliorated bandwidth-monitored budgetary management","1990","Logistics / Procurement","7461"
"4904","51d2aebfC464DE2","Howe-Bautista","http://hendrix-lester.biz/","Sweden","Programmable motivating attitude","1981","Alternative Dispute Resolution","5794"
"8094","F5fc6c6F50141f4","Knox, Zimmerman and Cooper","http://www.swanson-park.org/","Sudan","Diverse national paradigm","2013","Investment Management / Hedge Fund / Private Equity","5195"
"6844","Ec1aa0a707Cd9Ca","Horn LLC","https://massey.com/","Gibraltar","Multi-tiered stable protocol","1975","Judiciary","5380"
"2166","bfCC3cD2E0b8c48","Sandoval Ltd","http://www.brady-saunders.biz/","South Africa","Profound responsive time-frame","2019","Motion Pictures / Film","9749"
"1863","f0813b9f7cdAcB6","Villa Ltd","https://robinson.org/","India","Synchronized stable help-desk","2009","Farming","2771"
"7851","5Ba9E2E1c388e44","Doyle-Marsh","http://rosales-andrews.com/","Central African Republic","Enterprise-wide heuristic software","1985","Health / Fitness","8334"
"9124","D62cBaAA62AaB9d","Young, Lopez and Hicks","https://west.com/","Reunion","Open-source explicit monitoring","1993","Tobacco","3194"
"2341","4feCEe21E6b5325","Elliott PLC","http://lester-leonard.biz/","Macedonia","Centralized methodical migration","2020","Consumer Electronics","8821"
"5528","F3f0fb6B1fADe29","Bradshaw LLC","http://www.love-hardy.com/","Guinea","Enterprise-wide asynchronous leverage","2021","Cosmetics","619"
"6744","f6C5C0B1c8A177A","Reyes-Blankenship","https://www.brooks.com/","Namibia","Stand-alone multimedia migration","1994","Public Safety","2927"
"4004","f7A10AEDAA4c87b","Landry-Warren","https://www.archer.com/","Turkmenistan","Polarized leadingedge open architecture","1992","Newspapers / Journalism","6198"
"1124","A7f0FBaB28A40ce","Barry, Snow and Henry","http://www.stevens.com/","Oman","Managed optimal installation","1997","Religious Institutions","7749"
"8710","74c2c8bc6F6A5dB","Marsh, Winters and Hawkins","https://suarez-reynolds.com/","Kenya","Front-line bifurcated synergy","2019","Investment Banking / Venture","299"
"4050","40ecBBC8Afa2d03","Swanson-Clarke","https://keith.org/","Bangladesh","Expanded composite circuit","2001","Machinery","2675"
"7641","D72bab62Dc8A6F1","Haas-Rodriguez","https://escobar.org/","Senegal","Reduced methodical archive","2016","Fine Art","4248"
"766","AADd5A2d149B3F0","Ballard-Hahn","https://blankenship.com/","Germany","Organic didactic forecast","1994","Banking / Mortgage","9921"
"2345","F3a389ddEE398Ea","Case, Herrera and Gill","http://www.berg.com/","Canada","User-friendly value-added encryption","1984","Computer / Network Security","1930"
"4072","67E8fDC0f3Be9Cb","Murray, Garcia and Colon","http://chapman.com/","Gibraltar","Versatile mission-critical matrix","2011","Printing","3994"
"7217","19b25FC4311e000","Fox-Liu","http://www.mcgee-kaufman.com/","Senegal","Robust dynamic analyzer","1986","Computer Networking","3349"
"4217","0aE4e3D3c4Dd194","Miller, Alexander and Hodges","https://www.waters-miller.com/","Trinidad and Tobago","Reverse-engineered object-oriented array","1970","Entertainment / Movie Production","8551"
"7953","EECB8a8201eE3D1","Stanley Ltd","https://www.nixon.info/","Colombia","Reduced asynchronous customer loyalty","1990","Plastics","1338"
"5971","493c61F43637AeE","Stevens-Gross","https://www.sandoval-mclean.com/","Turks and Caicos Islands","Organic coherent instruction set","2017","Semiconductors","2378"
"3351","20119DB6A3cc9AE","Orr LLC","http://www.ritter.biz/","India","Team-oriented 24/7 paradigm","1999","Medical Equipment","5192"
"4696","cF00BB88aFFBB51","Hull-Lester","http://preston.com/","Madagascar","Monitored demand-driven structure","1993","Motion Pictures / Film","4636"
"3400","fCD5b1f4Fc6e1F7","Hood LLC","http://www.avila-myers.com/","Mauritius","Pre-emptive optimizing policy","1993","Motion Pictures / Film","7095"
"4082","dE87C5fA1fBBC3F","Giles Group","https://ramos.com/","Ghana","Enterprise-wide bandwidth-monitored middleware","1993","Online Publishing","9106"
"9150","CD247df703Fe1cF","Haley-Perez","https://www.maldonado.com/","United States of America","User-friendly neutral matrix","1998","Law Enforcement","5475"
"1225","ACc74CEdb5B9FCc","Owen Inc","https://www.hooper.info/","Cayman Islands","Monitored empowering flexibility","2000","Import / Export","5433"
"6293","5B45b92AF398e8A","Maynard LLC","http://www.jefferson-dyer.com/","Belgium","Cross-platform global focus group","1999","Automotive","1146"
"3123","C395a674bCd0DeD","Conner, Hodge and Griffin","http://www.short.com/","Botswana","Networked optimizing open system","1997","Graphic Design / Web Design","7802"
"511","BBb7764205c9AE7","Allison, Hancock and Escobar","http://www.johns.com/","Saint Barthelemy","Team-oriented radical service-desk","1980","Computer Games","2442"
"5795","7416b6611E8fbd1","Giles and Sons","http://blevins.org/","Afghanistan","Digitized 24/7 data-warehouse","2019","Motion Pictures / Film","353"
"8182","ddE6baAAF7CBB6c","Stevens, Ray and Perry","http://haley-grimes.com/","Argentina","Horizontal zero administration standardization","1993","Veterinary","6164"
"9418","DA039E1e7871EFA","Ryan Ltd","https://perry-sanford.com/","Mauritania","Compatible directional capacity","2021","Pharmaceuticals","9305"
"97","B4E4CaC3C9bFCb4","Conner PLC","https://www.graves.com/","Pitcairn Islands","Centralized mission-critical analyzer","2003","Market Research","5142"
"6682","0e8fDfc12A6aaAc","Sexton-Richardson","https://www.carroll.com/","Argentina","Expanded didactic solution","1986","Civil Engineering","9970"
"1513","63cBeE55ED3583A","Bartlett, Stafford and Thornton","https://arnold.info/","Bangladesh","User-centric intermediate toolset","1984","Hospitality","6871"
"8792","F4c7EfdcBa7A3Fc","Quinn-Robertson","https://mejia-daniels.com/","Uzbekistan","Virtual 24hour neural-net","1983","Package / Freight Delivery","7699"
"120","6cb5e0EDee1fc0C","Clark-Maddox","https://www.ball-carr.com/","Argentina","Future-proofed stable product","1990","Fine Art","7781"
"7792","BEA4Bfb83AD07E0","Higgins-Fuentes","http://www.howell.org/","Australia","Secured non-volatile access","1987","Professional Training","1075"
"6518","0BD8b57e6207d13","Haas, Bender and Gay","http://shepherd.com/","Comoros","Exclusive tangible benchmark","2001","Transportation","556"
"34","F8cAa7DA8eaaFe0","Gallegos, Pugh and Randall","http://www.williamson-mahoney.com/","Belarus","Virtual client-driven architecture","1970","Photography","6153"
"7888","9cf21Beb80FF3Ff","Ewing PLC","https://www.casey.org/","Equatorial Guinea","Ameliorated zero-defect complexity","1997","Aviation / Aerospace","392"
"6831","fAa3ef9D6cd365a","Terrell, Villarreal and Prince","https://www.mckay-wade.net/","Macedonia","Seamless directional architecture","2011","Banking / Mortgage","6006"
"5422","8DB8F870f9bd98B","Stevens, Gallagher and Estes","http://mccoy.com/","United Arab Emirates","Reverse-engineered zero-defect collaboration","2020","Fundraising","3084"
"1069","aFF1F6BcEcb894d","Hines-Graham","https://morris.org/","Armenia","Triple-buffered homogeneous system engine","1988","Building Materials","6081"
"1348","2F4C6ACBD6cDA12","Patrick-Jimenez","https://simpson.com/","Cocos (Keeling) Islands","Customizable client-server analyzer","1984","Civil Engineering","4452"
"4748","0Beaaaf3A68e9b1","Reynolds Group","https://www.wade.info/","Qatar","Devolved analyzing forecast","2008","Dairy","5807"
"6006","4446459AeE6e6B5","Stokes Ltd","https://cole-glass.com/","Suriname","Implemented methodical artificial intelligence","1982","Textiles","5178"
"6040","064DeaEfe7DD8AE","Wells-Mahoney","http://rasmussen.com/","Iran","Organized background focus group","2003","Gambling / Casinos","9585"
"3818","3F5367F9aEaabb2","Quinn PLC","https://www.kim.com/","Lesotho","User-friendly incremental protocol","1991","Recreational Facilities / Services","4586"
"8447","1b98D8d1F2Ab4a4","House-Underwood","https://vargas.org/","Cuba","Robust client-driven support","2004","Animation","365"
"5270","E016f0110F8E7Fb","Irwin-Dixon","https://www.wells.biz/","Guadeloupe","Front-line logistical structure","1976","Medical Practice","1721"
"6898","2F2C7235e0D2a4b","Hickman-Carrillo","http://spencer-orozco.net/","Zimbabwe","Diverse contextually-based frame","1983","Leisure / Travel","9404"
"5310","dEd91c21F5384D7","Schwartz-Schultz","http://mcguire.biz/","Qatar","Advanced multi-state hub","2009","Think Tanks","9476"
"32","907DE64cA7c2D04","Zhang-Escobar","https://hodges.com/","Iraq","Innovative methodical concept","1979","Internet","358"
"5675","18D1791bB3Ff29A","Sellers, Holt and Oneill","https://henry.com/","British Virgin Islands","Expanded methodical task-force","1975","Media Production","9355"
"4387","f08BcF76B67Fba3","Valdez-York","https://www.aguirre.com/","Germany","Profound bi-directional middleware","2012","Wine / Spirits","8580"
"30","65bB9Baa2a168Ad","Greer-Watts","https://www.griffith-prince.com/","Timor-Leste","Reverse-engineered interactive framework","2017","Wholesale","1884"
"4203","6A2acbEDcdDbc7D","Davidson, Mclean and Ayers","http://poole.com/","Saint Kitts and Nevis","Cloned bifurcated software","2019","Philanthropy","8907"
"7508","428Da7Ffca3afFB","Garcia and Sons","https://molina.info/","Liechtenstein","Object-based cohesive projection","2017","Fundraising","1611"
"736","C2C3E5daDe5B183","Marshall, Griffith and Bolton","http://friedman-hardy.com/","Ukraine","Exclusive systemic software","1972","Renewables / Environment","2846"
"2068","C64004ec4F546Fe","Peters Ltd","http://www.moore-shelton.com/","Nauru","User-friendly web-enabled core","1980","Construction","5802"
"107","f2cfa0E918Cdd6a","White-Wong","https://www.gonzalez.biz/","Egypt","Optimized asymmetric algorithm","2003","Maritime","4252"
"9645","fCF8Be9CD4efBA5","Morrow Ltd","http://www.lamb.com/","Cyprus","Reactive optimal groupware","1994","Education Management","9771"
"8895","8D2B2D00c40d0fc","Dorsey-Terry","https://www.simmons.com/","Equatorial Guinea","Digitized 4thgeneration capacity","1983","Wine / Spirits","9890"
"8021","b3a8BEB289CBA5f","Bray-Livingston","http://www.powers.com/","Jordan","Grass-roots user-facing throughput","2014","Government Administration","4506"
"2233","EB13AC578eEaDF5","Hoover PLC","http://www.harris-english.org/","Monaco","Ergonomic impactful encoding","2000","Health / Fitness","3661"
"994","2658A7f1d0d64f2","Greene-Lara","http://www.jarvis.com/","Antarctica (the territory South of 60 deg S)","Optimized contextually-based help-desk","2009","Graphic Design / Web Design","2302"
"9413","8f712a7dAD4B0C4","Lawrence, Mata and Hart","http://www.bridges-harvey.com/","Gibraltar","Proactive background Graphical User Interface","1987","Religious Institutions","2379"
"7059","5acC4Be6a025c82","Wang, Bird and Kerr","http://www.mcneil.com/","Saint Pierre and Miquelon","Customizable even-keeled hub","2003","Restaurants","4981"
"6790","3f36Cd207b4b9c9","Chapman, Mcfarland and Lester","https://cantrell-kramer.net/","Vanuatu","Focused optimal intranet","2020","Fundraising","3664"
"361","CB27E67bC048d5D","Price-Gardner","http://landry-benitez.com/","Macedonia","Synergistic encompassing benchmark","1980","Computer Networking","7492"
"305","5de5f826C12AC5D","Olsen Group","https://shepard.biz/","Australia","Synergized even-keeled contingency","1974","Management Consulting","347"
"2628","FA1aaAB3eecca54","Dawson PLC","http://www.huynh-skinner.info/","Mali","Switchable optimizing Internet solution","1980","Leisure / Travel","5242"
"8966","dF901AA15cbe1ab","Montoya, Suarez and Wilkerson","https://blair.net/","British Indian Ocean Territory (Chagos Archipelago)","Secured systemic analyzer","2020","Dairy","1126"
"4514","f9aCad9a51FfbD1","Weiss Ltd","https://www.kerr.com/","Norway","Seamless disintermediate framework","2004","Sporting Goods","5364"
"5911","8e8fabc74357ba5","Mckay, Coffey and Kaiser","http://kline.com/","Vietnam","De-engineered solution-oriented Graphical User Interface","1977","Building Materials","1449"
"8314","c89Ecf3A5F67Afb","Gilmore, Horne and Mckay","http://www.barr.info/","New Caledonia","Business-focused context-sensitive migration","2015","Sports","6001"
"3101","81CDb4E8E85752E","Pace PLC","http://www.henderson.com/","Iraq","Phased foreground collaboration","1994","Alternative Dispute Resolution","8336"
"5704","A4BB1e7dD3F34b3","Fields-Walter","http://floyd.com/","Iceland","Face-to-face client-server functionalities","1999","Wine / Spirits","6414"
"3899","ee5BFd3F3bBeCdB","Mcclain, Bonilla and Costa","https://www.benjamin.org/","Oman","Function-based solution-oriented superstructure","1991","Civil Engineering","5952"
"5441","75C2ff29C77383e","Palmer Inc","https://copeland.com/","Honduras","User-friendly asymmetric interface","1973","Think Tanks","4762"
"7931","Db9aCEd6F59f0C1","Montes and Sons","http://www.berger-mcdowell.com/","France","Cross-platform secondary hub","1982","Investment Management / Hedge Fund / Private Equity","5852"
"622","35c6E6618445324","Hardy-Fuller","https://mahoney.com/","Denmark","Expanded secondary customer loyalty","2016","Pharmaceuticals","2089"
"7236","fdeE2dCe7Cd13Df","Mckinney, Chung and Mcfarland","https://boone.com/","French Polynesia","Managed value-added forecast","2011","Furniture","7979"
"2499","d0d5754AFB5A1f7","Pace, Mathis and Clark","https://frazier.com/","Panama","Ergonomic object-oriented functionalities","2019","Capital Markets / Hedge Fund / Private Equity","7516"
"714","896bA989c84a6Fa","Lawrence, Fuller and Carter","http://sherman.com/","Philippines","Pre-emptive even-keeled software","1993","Leisure / Travel","751"
"8404","eDFB0eEd0Ec2c4F","Bonilla Group","http://kramer.biz/","Turkmenistan","Customer-focused encompassing process improvement","2002","Investment Banking / Venture","5833"
"2856","eEEbfBec9EbdB21","Meyers LLC","http://lucero-suarez.org/","Botswana","Polarized secondary archive","1971","Fundraising","6268"
"4270","5aFAD05AEE8ab84","Friedman-Shannon","https://www.zamora-summers.com/","Gambia","Switchable bi-directional circuit","2000","Market Research","3903"
"2909","6a1F6829d2ae46F","Espinoza-Lambert","http://mejia.com/","Austria","Balanced demand-driven superstructure","1980","Internet","4848"
"8081","c24efC88Ee0D6Ab","Cook Inc","http://watkins.biz/","Heard Island and McDonald Islands","Seamless cohesive help-desk","2019","Investment Management / Hedge Fund / Private Equity","8945"
"4517","b1cFfcEFC8d00f6","Kelly-David","https://www.hoover.biz/","Syrian Arab Republic","Team-oriented 6thgeneration moratorium","1976","Media Production","5919"
"1262","903baaD4aEDd76b","Berg PLC","https://christian.com/","Luxembourg","User-friendly exuding extranet","1983","Government Relations","9324"
"3161","fFCd1ec0c10ced4","Woodward LLC","https://www.newman.com/","Bolivia","Reverse-engineered content-based algorithm","2021","Law Enforcement","9547"
"971","c56F3D3B19d07fe","Wong, Grant and Gibson","http://barnett.com/","Antarctica (the territory South of 60 deg S)","Distributed interactive open architecture","1991","Wine / Spirits","1374"
"3913","1101B86D5ae04EE","Greer, Russo and Mcneil","https://www.doyle.org/","Myanmar","Streamlined contextually-based hub","1972","Professional Training","1921"
"5199","730d4bcEc0Df38b","Levy, Stone and Gill","https://mcdaniel.info/","Grenada","Sharable executive monitoring","2021","Automotive","4582"
"8847","DC2c5936Ebc2C01","Fox-Ayers","http://lambert.biz/","Kyrgyz Republic","Sharable empowering collaboration","2019","Individual / Family Services","3440"
"260","aD0C4788D7B289a","Delgado-Gallagher","http://www.kirk.com/","Sudan","Face-to-face asymmetric Local Area Network","1981","Transportation","4664"
"3791","AE5c9BEFb6F3D45","Marsh, Vasquez and Stark","https://huber.biz/","Sri Lanka","Progressive demand-driven projection","1989","Computer / Network Security","6123"
"9203","b6a04fFdBD7baa6","Duncan, Prince and Rodriguez","http://evans.org/","Croatia","Compatible discrete Internet solution","2001","Religious Institutions","8224"
"488","ccec04b3fE858e3","Booker-Hogan","https://mclean-dorsey.com/","Iceland","Advanced clear-thinking monitoring","2011","Pharmaceuticals","7486"
"7908","563fa27fBBc0273","Ho Group","https://burnett.com/","Sierra Leone","Managed encompassing projection","2009","Individual / Family Services","4395"
"519","87c85A43A4dAf8C","Cabrera Inc","http://www.lee-morton.com/","Iran","Synergized bottom-line architecture","1996","Motion Pictures / Film","5785"
"8343","Ac8CdbFB0f8aBEF","Robles-Castaneda","http://www.haney.com/","Mayotte","Implemented mission-critical adapter","2001","Financial Services","1652"
"312","F41E5cbff86F85e","Klein, Nash and Wolf","http://hernandez.com/","Mali","Proactive fresh-thinking frame","2000","Wireless","4059"
"3232","7b24eacEAd741BF","Sawyer-Sparks","http://www.foley.org/","Tonga","Versatile methodical help-desk","2005","Music","2089"
"7933","08770365fbDe4AE","Dalton-Huff","http://www.carrillo-joyce.com/","Tokelau","Team-oriented fault-tolerant database","1996","Sports","424"
"7458","adcCfCaBBD95441","Zuniga Ltd","https://mathews.com/","Indonesia","Robust eco-centric open system","1979","Gambling / Casinos","6003"
"9784","dCF1D82dA2Dca7C","Perez-Shepherd","http://www.gates.com/","Saudi Arabia","Integrated responsive extranet","1989","Law Practice / Law Firms","4256"
"5184","Cd01B21cF5B293a","Bailey, House and Galloway","http://www.fowler.com/","Djibouti","Open-architected heuristic synergy","1999","Other Industry","1882"
"8077","48ad8cB25CCa7F6","Wyatt-Hines","http://www.mcclain.com/","Zambia","Sharable 6thgeneration model","1984","Food Production","390"
"6502","ce9fF2236A1f0Ee","Dorsey and Sons","https://day-herman.com/","Malta","Proactive value-added firmware","1997","Defense / Space","2258"
"6791","DD9CBDB5DE68D8B","Harmon, Saunders and Patrick","http://www.barr.com/","Austria","Versatile well-modulated success","1997","Government Administration","4274"
"7773","81B68ADAcbbDF24","Schwartz, Ferrell and Fischer","http://www.fitzgerald.com/","Saint Barthelemy","Managed systemic focus group","1972","Hospitality","3879"
"2738","C5FB8173AC904Ad","Monroe PLC","http://mercer.com/","Honduras","Expanded bandwidth-monitored groupware","2005","Architecture / Planning","4157"
"7842","6F5AB3ef9b4710e","Young-Walls","http://avery.com/","Moldova","Ergonomic multimedia firmware","2000","Sporting Goods","3307"
"6262","a2Eda0c2Dc7AaDD","Cuevas-Vaughn","https://cummings-david.com/","Turkey","Upgradable hybrid interface","1976","Medical Equipment","2480"
"8206","E2Fe51fFEc7Ee6f","Joseph, Mclaughlin and Klein","https://www.odom.net/","Latvia","Mandatory context-sensitive emulation","1977","Insurance","2176"
"1248","18AB562A9c09bfB","Petersen Inc","https://york-quinn.com/","Faroe Islands","Extended full-range policy","2021","Music","6842"
"9336","AdcBE3DF365BFBa","Huynh Group","https://www.christian.com/","Maldives","Re-engineered transitional model","2006","Furniture","3182"
"4195","5b53Cc96aA8aA62","Hanson PLC","http://www.shannon.com/","New Caledonia","Switchable contextually-based portal","1982","Newspapers / Journalism","9788"
"8001","76D143dF0fB7Fed","Hanna-Harris","http://kaiser-wheeler.info/","Timor-Leste","Implemented context-sensitive flexibility","1983","Telecommunications","1111"
"7378","60CEDF9f606caa0","Trevino, Waters and Conway","http://marks-case.net/","Heard Island and McDonald Islands","Fundamental fault-tolerant task-force","1979","Financial Services","8157"
"3435","cF6C5e5aE5a66BF","Moon-Petty","http://www.gibson-caldwell.com/","Lesotho","Organized multi-state open system","1999","Internet","8938"
"5382","EC1589e40FCbDb3","Garner, Webster and Welch","http://www.lee.com/","Colombia","Reactive upward-trending Graphic Interface","1981","Investment Banking / Venture","1381"
"959","980faBdd4AC0bFB","Stout Group","https://blake.net/","Eritrea","Enhanced well-modulated website","2010","Maritime","6333"
"417","6FDfB331Ec29AAD","Anderson-Peterson","https://www.garrison.com/","Cape Verde","Balanced asymmetric capability","2002","Events Services","9782"
"5742","627F00162fDFfE0","Jensen-Huffman","https://www.klein-owen.com/","Cayman Islands","Inverse dynamic complexity","1990","Automotive","8919"
"6728","F88Ce1CbFca72d4","Graham, Myers and Quinn","https://holt.com/","Australia","Open-architected global Internet solution","1972","Furniture","3306"
"4382","2Aa67680FEc35b9","Lin-Cain","http://hubbard-fisher.biz/","Estonia","Multi-lateral responsive matrices","1993","Writing / Editing","5766"
"5197","fD1C36Cac4e6fD5","Savage PLC","https://www.sullivan-swanson.com/","Samoa","Extended homogeneous moratorium","2005","Biotechnology / Greentech","6100"
"1113","3d39D6ffBcaaE7C","Farley, Morse and Carson","http://www.valdez.com/","Philippines","Devolved analyzing workforce","1981","Chemicals","3881"
"2689","E2F2Fe5f7Edbbd8","Cooper-Calhoun","http://archer-lutz.net/","Guinea-Bissau","Devolved upward-trending migration","2021","Commercial Real Estate","7446"
"6473","a941d9d55fcAEfa","Duffy-Burke","http://www.gregory.info/","Guinea","Self-enabling 24hour adapter","1998","Mechanical or Industrial Engineering","3380"
"8820","5fbfCBc9c094d11","Frye-Buchanan","https://arellano.org/","Tonga","Reduced methodical neural-net","1982","Government Relations","8864"
"7808","EbA8F4DeAEF46E3","Lambert Group","https://caldwell-houston.info/","Angola","User-centric content-based analyzer","2012","Computer Hardware","3345"
"3411","8a4E5c9F0BAAefF","Doyle Group","https://murphy.org/","Seychelles","Persevering 4thgeneration strategy","1972","Civic / Social Organization","98"
"81","d5F1EFaa9eC0371","Mora, Gaines and Guerrero","https://briggs.com/","Pakistan","Cross-platform encompassing moderator","1996","Chemicals","306"
"4614","aD5797f81E860f1","Waller-Madden","https://www.hodge.com/","Antarctica (the territory South of 60 deg S)","Centralized logistical hardware","1971","Wine / Spirits","1678"
"1374","1Eccd407E9ca5fc","Bartlett-Arias","http://www.bray.com/","Montserrat","Enterprise-wide client-server system engine","1972","Semiconductors","4519"
"1510","19D7aC3B62DADE0","Hardin Group","https://www.montoya.com/","Madagascar","Reduced responsive ability","1977","Gambling / Casinos","4289"
"6443","aB9b2faF3AD29d7","Mckenzie-Shepherd","http://may.com/","Malta","Right-sized human-resource customer loyalty","1977","Religious Institutions","390"
"3071","cDEbE5D9CBF6DE6","Church, Padilla and Schneider","https://burch-pennington.com/","Turkmenistan","Multi-channeled discrete firmware","2009","Semiconductors","3201"
"3016","ab4d7CA44b5bb8C","Hunt-Rivera","https://tyler.com/","United Arab Emirates","Polarized 4thgeneration pricing structure","2000","Museums / Institutions","528"
"4823","b3F248aDB92afab","Salas, Matthews and Farrell","https://www.chang.com/","Timor-Leste","Synergized executive matrices","2009","Fine Art","7476"
"7822","3D754a4dD02A2d2","Marshall-Adkins","http://www.roth.net/","Botswana","Centralized next generation protocol","2011","Information Technology / IT","7646"
"93","802e73a1bd21cD9","Shepherd, Burnett and Duke","https://navarro.com/","Colombia","Vision-oriented directional neural-net","2016","Wireless","303"
"9421","8e5E38Fd1DEBF40","Webster and Sons","https://mcgee.com/","Bermuda","Re-engineered clear-thinking forecast","2015","Insurance","3139"
"6600","EF0b0bbBa15A8aE","Archer, Garrison and Singh","https://www.russell.com/","Turks and Caicos Islands","Balanced clear-thinking success","1995","Design","8598"
"4443","C5b8e7cae8bFacb","Stone, Morales and Mata","http://david.com/","Spain","Reactive fresh-thinking adapter","1982","Education Management","2183"
"7602","C47F7F26bdA5d2A","Moore Inc","http://www.carroll.com/","Ecuador","Monitored modular emulation","1979","Capital Markets / Hedge Fund / Private Equity","8338"
"3835","Ca55d5F7Ec83778","Kennedy, Macdonald and Maynard","http://www.nguyen-proctor.com/","Congo","Multi-lateral global contingency","2002","Entertainment / Movie Production","5431"
"9702","0dF96ca6Eb4CB44","Andrews LLC","https://moreno.com/","Namibia","Future-proofed motivating structure","2009","Think Tanks","1279"
"4322","F8afea5DaD60303","Elliott Ltd","http://rowland.org/","Bangladesh","Managed encompassing toolset","2009","Translation / Localization","6297"
"3394","F9Af6d2eA8fa9c1","Garza-Douglas","http://mcclain.com/","Marshall Islands","Programmable composite workforce","2016","Financial Services","3085"
"4752","fC559Ec256F1CBC","Barr and Sons","http://www.woodward.com/","Niue","Polarized global task-force","1994","Animation","1892"
"7229","F108Cc384C1a32C","Strong-Fitzgerald","http://hahn-weaver.com/","Northern Mariana Islands","Public-key maximized extranet","2000","Individual / Family Services","121"
"9191","C4CBecD1bdFFACF","Le-Hutchinson","https://reilly.biz/","Svalbard & Jan Mayen Islands","User-centric 6thgeneration orchestration","1970","Apparel / Fashion","5992"
"2361","7966C655e44E4f8","Robles PLC","https://www.johnson.com/","Spain","Optional multi-state adapter","2020","Supermarkets","5146"
"1148","1EdcfcCd87d3FBc","Rowe, Huff and Leach","http://stone.com/","Zimbabwe","Cross-platform coherent help-desk","1996","Government Relations","2028"
"5666","B0cCBacB5d6Cec6","Solis-Callahan","http://fischer.info/","Tanzania","Robust exuding toolset","2014","Plastics","2021"
"8075","fD0Bd1C2943e7A1","Walton, Beard and Lucas","https://www.pham-swanson.net/","Eritrea","Customizable neutral policy","1971","Airlines / Aviation","7263"
"4943","6337fba8ada46ac","Schroeder-Dawson","http://mcgee.com/","Brazil","Compatible foreground collaboration","2015","Gambling / Casinos","7773"
"3663","6Fc2Dc5689Bf6C9","Mullins Ltd","https://www.schroeder.com/","China","Pre-emptive mobile analyzer","1987","Aviation / Aerospace","856"
"1563","D929CB6f116E26F","Marshall-Howard","https://www.hill.com/","Kenya","Synergistic bi-directional functionalities","2020","Political Organization","1180"
"4113","084c715E4f010C9","Carpenter, Horn and Buchanan","https://weber.com/","Swaziland","Up-sized context-sensitive success","1979","Consumer Goods","8112"
"9050","D8E5F314DD6AfF8","York Group","http://www.levy-goodwin.net/","Cyprus","User-friendly attitude-oriented function","2011","Transportation","845"
"9276","7832fea5BEb7dcb","Hampton LLC","http://www.maldonado-hood.biz/","Philippines","Versatile zero tolerance product","1989","Renewables / Environment","6581"
"8538","BE30af2DeCF8fcd","Stephens and Sons","http://www.wyatt.net/","Ethiopia","Enterprise-wide real-time toolset","1985","Aviation / Aerospace","9492"
"795","93E93cbB9957Db9","Roth Group","http://www.walls-rush.info/","Costa Rica","Versatile zero-defect adapter","1992","Glass / Ceramics / Concrete","5452"
"5854","8c3Fa8FD35Ed51B","Contreras-Odonnell","https://marks.info/","Denmark","Secured scalable challenge","1997","Publishing Industry","7630"
"7619","CF6a5F03adC2d20","Conrad, Ortiz and Mata","http://www.strickland-davies.org/","Hong Kong","Visionary transitional solution","2009","Import / Export","2658"
"1594","09e0c07F30b8908","Hendricks LLC","https://keith.com/","Kiribati","Future-proofed optimal support","1994","Medical Practice","1101"
"7418","47C832d5BD50ae2","Olsen LLC","http://www.huber.com/","Luxembourg","Persistent static interface","1982","Nanotechnology","8732"
"5267","6be24f8ccFd8Ea4","Hodge, Pitts and Chan","https://www.guerra-gamble.net/","Solomon Islands","Right-sized content-based artificial intelligence","1984","Nanotechnology","5622"
"7147","03cA847050fC3B6","Zimmerman and Sons","https://mack.com/","Japan","Reverse-engineered well-modulated leverage","1984","Primary / Secondary Education","105"
"89","89d949a6faAcDc2","Aguilar-Simpson","https://farrell.net/","British Indian Ocean Territory (Chagos Archipelago)","Customizable transitional instruction set","1994","Performing Arts","5016"
"8695","871acC7C8D91d0A","Mack PLC","https://www.bruce.com/","Dominican Republic","Distributed object-oriented strategy","1986","Tobacco","4660"
"9732","56Af9443F6aDE8f","Wolfe-Cooke","https://walter.com/","Isle of Man","Customizable neutral Graphic Interface","2008","Information Services","2709"
"9446","ee8aBCB9aCA958E","Collier, Thomas and Stein","http://little.com/","South Georgia and the South Sandwich Islands","Intuitive next generation hierarchy","2018","Staffing / Recruiting","3770"
"6754","a3E10fc80ACde0C","Strickland LLC","https://vincent.com/","Tonga","Persistent high-level customer loyalty","2010","Law Enforcement","9907"
"3502","EaaEfD1cbC20440","Burke-Tate","http://vazquez.com/","San Marino","Multi-layered stable complexity","1972","Fishery","9831"
"2234","BC1fCECbf08dEbF","Hansen PLC","http://www.mayo.com/","Afghanistan","Focused leadingedge knowledge user","1972","Other Industry","9852"
"2803","4eb56dCd4C96Dae","Acevedo-Bush","http://www.simpson.com/","Portugal","Monitored optimizing pricing structure","2007","Telecommunications","4258"
"4424","56FCF7d9eBd459C","Villanueva and Sons","https://www.stephens.com/","Guadeloupe","Configurable client-server flexibility","1997","Library","2909"
"5663","Bc6f6ECACCf9DF4","Choi, Mitchell and Mclaughlin","http://www.thornton.com/","Pitcairn Islands","Ergonomic fault-tolerant attitude","1978","Retail Industry","5378"
"7170","8Ca5e4AA1E3edFE","Camacho, Cain and Hernandez","https://www.mclaughlin-sawyer.com/","Mauritius","Multi-channeled user-facing policy","2000","Architecture / Planning","469"
"8337","5a53D4CAEBF6DcF","Murillo-Ruiz","http://www.stout.com/","Benin","Persistent transitional firmware","1971","Biotechnology / Greentech","4627"
"2148","bd0da6840a2E5b8","Arroyo Group","https://www.zhang.com/","Sri Lanka","Multi-layered exuding productivity","1991","Management Consulting","7292"
"7969","a8C8bCb96C6a1cE","Sweeney-Orr","http://hinton.com/","Morocco","Business-focused motivating matrices","2005","Sports","7643"
"6551","011fD5761De7fA4","Gentry, Arias and Welch","https://www.richards.net/","French Polynesia","Front-line client-server forecast","1978","Government Relations","7363"
"7643","E041BEdcD2D1D3D","Hall, Novak and Roman","https://www.rodriguez-bailey.info/","Saudi Arabia","Robust dedicated customer loyalty","1982","Computer Software / Engineering","1109"
"6164","b5D249eE55a4CC4","Daniel PLC","http://melendez-medina.com/","Cocos (Keeling) Islands","User-centric global attitude","2001","Architecture / Planning","9198"
"1495","2fC3ed3D4FBB6c6","Golden, Solomon and Cantu","http://bright-mays.com/","Jordan","Multi-lateral well-modulated approach","2000","Judiciary","1144"
"7696","00e2e75d4dD2Abb","Turner, Gamble and Goodwin","http://wells.com/","Sierra Leone","Universal solution-oriented approach","1997","Medical Practice","9222"
"7094","02bf2e6e0bCC70c","Freeman, Miranda and Werner","https://www.berger.com/","Turks and Caicos Islands","Proactive upward-trending groupware","1990","Animation","3666"
"1409","4a77A2Ed8fdcf44","Hubbard, Fuentes and Beltran","https://www.tanner-knapp.com/","Azerbaijan","Fully-configurable bi-directional challenge","1996","Broadcast Media","4033"
"6691","02FFcdaa4e457ab","Hodge, Estrada and Wu","https://www.hoover-brady.com/","Marshall Islands","Devolved optimizing standardization","1974","Packaging / Containers","4907"
"3401","A94EBBCaaC0D7AA","Casey, Hodge and Mccormick","http://www.cherry.com/","Estonia","Down-sized 24/7 process improvement","2021","Medical Equipment","5830"
"109","E1c1425B40a52bD","Rivas-Martinez","https://www.gonzales.com/","Tuvalu","Self-enabling even-keeled hub","2008","Music","327"
"5636","9aa92BaD0B51f91","Wilkerson, Wood and Mcpherson","http://www.leonard.com/","Yemen","Open-source needs-based contingency","1998","Financial Services","1386"
"8482","071c0eEd0aA4Beb","Park-Benton","https://www.wolf.info/","France","Reactive mission-critical parallelism","1973","Mental Health Care","5082"
"6604","aF30b5a7fE8f7b1","Santos, Ayala and Matthews","https://www.frey.com/","Swaziland","Monitored object-oriented monitoring","2006","Events Services","4073"
"1091","064c5c3e0cE9b48","Osborn, Hamilton and Berg","http://www.heath.net/","Korea","Ameliorated upward-trending interface","1997","Paper / Forest Products","7265"
"5560","6c8f4aE11c166dd","Suarez-Cortez","http://stokes.net/","Togo","Front-line disintermediate data-warehouse","1986","Government Administration","6530"
"9412","6086a300CEA28Fd","Mejia-Hood","http://richmond-schwartz.com/","French Polynesia","Re-engineered interactive hierarchy","2012","E - Learning","8931"
"8143","B7Fb2b21EfEA58a","Kerr Ltd","https://www.werner.com/","Christmas Island","Optional intangible help-desk","1988","Shipbuilding","7420"
"8664","babCfF94DBA358a","Lang, Newman and Kaufman","https://goodwin-campbell.info/","Mongolia","Focused zero administration algorithm","1993","Architecture / Planning","538"
"6596","7EA74925f3B5d0b","Watkins PLC","https://www.mcbride-bentley.com/","Tajikistan","Distributed clear-thinking software","1992","Other Industry","6892"
"624","Be49Df7AABD7dda","Hicks-Farrell","http://camacho.net/","Lao People's Democratic Republic","Future-proofed analyzing framework","2007","Photography","7403"
"6871","54abDCAF6e4d5c2","Montoya-Willis","https://www.franklin-harding.com/","Palau","Grass-roots radical website","2003","Publishing Industry","3963"
"4814","cb52cD1A6acEfe1","Dickson LLC","http://www.nguyen.biz/","Saudi Arabia","Vision-oriented human-resource task-force","1983","Wholesale","8326"
"6553","FAfAAF4Aaf61DE4","Silva and Sons","https://www.cole.com/","Macedonia","Object-based clear-thinking definition","1981","Broadcast Media","8210"
"7530","3f2AdB0F4838eb7","Kemp-Landry","https://www.daugherty.biz/","Venezuela","Face-to-face static portal","2005","Food / Beverages","1520"
"5796","bF41c1ef333bb9C","Owens, Raymond and Webb","https://www.glover.com/","Samoa","Cloned transitional product","1974","Online Publishing","5352"
"7437","3D4B2C44c1aDcBE","Fisher, Stephenson and Dawson","https://www.marks.net/","Botswana","Fully-configurable zero administration leverage","1973","Luxury Goods / Jewelry","3455"
"4218","1eA1912FeFA1212","Rodriguez Inc","https://mcintyre-glass.com/","Croatia","Multi-channeled didactic encoding","1995","Consumer Electronics","9139"
"5941","afAe3DdFaa1f4bF","Boyle-Mcfarland","http://winters.com/","United States Minor Outlying Islands","Reverse-engineered reciprocal function","1993","Glass / Ceramics / Concrete","8782"
"8501","3b8e6d215b437bE","Kidd PLC","http://sanford.com/","Wallis and Futuna","Robust bottom-line capability","2013","Recreational Facilities / Services","7231"
"6429","DB99cfC2Cc8CCCB","Acosta-Klein","http://doyle.com/","Cocos (Keeling) Islands","Customizable intangible extranet","2008","Media Production","5994"
"6827","f179E450B45Cf54","Barrett, Mosley and Nichols","http://duran.com/","Cote d'Ivoire","Streamlined secondary synergy","2012","Alternative Dispute Resolution","6497"
"4131","eE7A92bAD17D7AF","Orr-Wallace","http://www.grimes.com/","Colombia","Realigned multi-tasking interface","2002","Food Production","8020"
"7802","5a97DF43F24FB10","Sherman, Wilkerson and Rhodes","http://www.chen.com/","Trinidad and Tobago","Enhanced methodical projection","1971","Staffing / Recruiting","576"
"7754","b636D8E5cDa3fFf","Doyle and Sons","https://www.holloway.com/","Congo","Synergized composite approach","2013","Philanthropy","4119"
"4722","2a2DF96b5bbccD1","Cooley-Guerrero","http://www.scott.com/","Morocco","Managed intangible capability","2019","Transportation","7325"
"1651","faEBDd2b38fC23F","Walters, Craig and Vasquez","https://beck.biz/","Somalia","Digitized 6thgeneration frame","1985","Hospitality","2215"
"4141","eE26CD4Bc1c7Da6","Robertson Inc","http://www.singleton-gilbert.com/","Cameroon","Stand-alone optimal instruction set","1999","Think Tanks","1276"
"1618","A6584fd75D57Cc6","Wilkerson-Poole","http://humphrey.com/","Kenya","Visionary 5thgeneration monitoring","2010","Wine / Spirits","4980"
"2030","C7996D5bCDe54C1","Flores LLC","https://www.levine-miller.com/","Malta","Organized next generation system engine","2005","Judiciary","1879"
"8518","FA50dFe13bd6BCA","Combs, Rios and Guzman","https://www.lindsey.net/","Cook Islands","Polarized solution-oriented open system","1983","Alternative Dispute Resolution","3563"
"4576","CAab3017EC5EE65","Levy-Farmer","http://keith.com/","Seychelles","Quality-focused bandwidth-monitored analyzer","2017","Restaurants","2552"
"3993","5aAebb0b26A77fC","Blair, Grant and Lee","http://www.costa-combs.com/","Cyprus","Cross-group incremental frame","2014","Food / Beverages","893"
"7377","bac295B1F6eDd58","Logan-Ware","https://frederick.com/","Guatemala","Mandatory 3rdgeneration contingency","2016","Oil / Energy / Solar / Greentech","5246"
"6150","1D023fC5e8b17B2","Davidson-Dean","https://www.vang.org/","Malawi","Realigned attitude-oriented moderator","1978","Supermarkets","4689"
"4909","76c32d9E531F936","Hunt-Moyer","http://www.rocha.net/","Saint Lucia","Reactive 24hour neural-net","1996","Information Services","2494"
"5027","bbAB01bCA09eD93","Valdez, Gilmore and Graves","https://hansen.com/","Grenada","Customer-focused executive encoding","2006","Commercial Real Estate","5691"
"8261","34CDAAe16A57C35","Dodson-Johnston","https://owen.com/","Botswana","Face-to-face exuding contingency","1980","Translation / Localization","6975"
"4732","eF7Da96b2F67C5E","Coleman, English and Ruiz","http://www.hendrix.info/","Belarus","Monitored global secured line","1977","Consumer Services","4168"
"7549","Bf0f5BD99A6b7fC","Hobbs, Camacho and Cobb","http://rosario.com/","Somalia","Balanced system-worthy archive","2009","Construction","831"
"8135","cF333EADdDbD5ca","Hubbard, Buckley and Rowe","http://www.chapman.com/","New Zealand","Self-enabling user-facing algorithm","2011","Business Supplies / Equipment","1045"
"1607","2EaE7eFb1a5AeFe","Nicholson LLC","http://montes.biz/","Malawi","Pre-emptive full-range parallelism","2008","Venture Capital / VC","6041"
"4774","E7e172E87C9AEaf","Silva, Richards and Ferguson","https://miranda.biz/","Belgium","Open-source responsive standardization","2020","Non - Profit / Volunteering","1595"
"8110","59d8F6A8DB23bB1","Schroeder, Baldwin and Griffith","https://www.horne-franklin.com/","Australia","Multi-lateral 5thgeneration Graphic Interface","1988","Graphic Design / Web Design","6659"
"6952","cd7AdB0C44e4Bfe","Bautista PLC","http://maldonado-knox.com/","Canada","Operative actuating function","2021","Pharmaceuticals","1440"
"6005","02FAcc8e6A9B7bf","Daugherty-Calderon","http://www.guerrero-willis.com/","Brazil","Expanded static alliance","2009","Government Relations","860"
"7729","fA78FA37aa71afc","Arnold-Horne","https://carroll-hudson.biz/","Seychelles","Advanced holistic synergy","1971","Railroad Manufacture","6516"
"3542","97B50d04c7A7b8F","Hendricks-Conley","http://www.hinton.biz/","Jersey","Digitized national framework","1970","Automotive","1196"
"389","6dCbBB2cE811ec7","Clements, Garrett and Cisneros","http://dean-lester.com/","Turkey","Realigned incremental focus group","1976","Mining / Metals","7273"
"1795","f03f9c8D8e2e2B4","Perkins, Hughes and Singleton","https://logan.org/","Cambodia","Centralized homogeneous task-force","2021","Media Production","4332"
"8732","279e5A3b145d217","Beard, Castillo and Morris","http://bautista-prince.biz/","Saint Vincent and the Grenadines","Programmable executive framework","1993","Judiciary","1251"
"4920","E53E6a44eBBE849","Harrison LLC","http://bautista-cannon.com/","Moldova","Intuitive non-volatile capacity","2013","Military Industry","720"
"5538","70adD7fBe0D19d0","Haley-Nicholson","https://leblanc.com/","Micronesia","Synergized 24/7 conglomeration","2008","Financial Services","9496"
"3873","48efCCF2eDbB592","Herrera-Day","https://francis-cameron.org/","Namibia","Customer-focused mobile throughput","2000","Construction","1647"
"8869","B27eb5AFA03abbA","Bradford-Lawrence","https://www.robbins.com/","Cape Verde","Reverse-engineered national emulation","2012","Investment Banking / Venture","7066"
"2255","c78Cce8DbB07a1d","Roth-Nguyen","https://rosales-delgado.com/","Canada","Pre-emptive responsive groupware","2008","Dairy","9018"
"3413","4DDcF2C0E66B196","Gregory Inc","https://www.wiggins-boyle.com/","Tuvalu","Balanced foreground toolset","1983","Law Practice / Law Firms","9967"
"5460","5b0D16b7556C2d2","Shaw, Bryant and Whitaker","http://mclaughlin.com/","Uruguay","Function-based radical challenge","2017","Law Practice / Law Firms","9720"
"4956","Fe3cD8eb9CDd88b","Wyatt LLC","http://www.chase-nielsen.com/","Bangladesh","Implemented non-volatile knowledgebase","2010","Mechanical or Industrial Engineering","3841"
"7397","09349A762A61B69","Benton PLC","http://www.cherry-nunez.com/","Chile","Synergized background frame","2015","Research Industry","1680"
"5415","Fd86edFeD4E2E5f","Mayo, Patterson and Vance","http://www.hardy-allison.com/","Nauru","Secured full-range ability","2000","Renewables / Environment","7784"
"7400","Ba7e2CdE2bdC781","Cross-Murillo","https://www.stevens-mack.net/","Hong Kong","Public-key well-modulated adapter","1982","Computer Networking","7086"
"7415","cEa7296d3c6DeE7","Conway, Howe and Zimmerman","https://baldwin.com/","Timor-Leste","Adaptive executive leverage","2017","Public Relations / PR","1057"
"9101","bBEe30F9b18c0eD","Morton-Little","http://leon.biz/","Belgium","Focused methodical installation","1982","Motion Pictures / Film","7463"
"4852","a9Dc0E8E1D268dE","Stark-Olson","https://sosa.info/","Latvia","Triple-buffered reciprocal superstructure","1989","Semiconductors","6703"
"2026","aB922dD69DBed1A","Jordan, Blair and Key","http://www.kirk.biz/","Jersey","Self-enabling mobile superstructure","2016","Legislative Office","1041"
"2616","9A8b2D8Ec045BC0","Malone, Tapia and Rojas","http://jensen-quinn.com/","Senegal","Innovative client-driven instruction set","1990","Hospital / Health Care","7918"
"7389","66954c7b2cC184b","Hatfield, Bradford and Nielsen","https://www.jackson.org/","Kyrgyz Republic","Devolved hybrid core","1986","Music","7211"
"2927","DA1d9fE388f7dF9","Patton Ltd","http://sloan.net/","Ethiopia","Stand-alone dedicated ability","2007","Chemicals","8159"
"1122","A9aeA7Ab757D100","Pearson-Huang","http://www.walsh-blevins.info/","San Marino","Devolved hybrid instruction set","1998","Professional Training","8296"
"2911","A44695BABE01cee","Mccullough-Murphy","https://steele.net/","Thailand","User-friendly multi-state approach","2005","Pharmaceuticals","672"
"8147","9c168FEa525d9cC","Bailey PLC","http://hancock.com/","Andorra","Inverse 6thgeneration protocol","1992","Individual / Family Services","5757"
"7384","aAabCFEFD8CB84B","Miranda, Cherry and Brandt","https://barton.com/","Chile","Cloned upward-trending array","2009","Cosmetics","9591"
"3483","0eeF56341F42dB8","Ware-Pacheco","http://www.kennedy.com/","New Zealand","Reactive client-driven open system","1996","Printing","5601"
"796","37eeF95ca92778B","Dyer, Romero and Melendez","https://summers.com/","Ukraine","Profit-focused multimedia access","2003","Defense / Space","8187"
"1576","acfb8CefC68E27b","Knapp and Sons","http://spencer.com/","Heard Island and McDonald Islands","Synergized contextually-based implementation","1999","Online Publishing","5750"
"6177","AfcBCC13da6AFA4","Monroe LLC","http://brown.org/","Somalia","Up-sized intermediate strategy","2003","Railroad Manufacture","8575"
"6267","5ef6408EF09a7Cb","Villa Group","http://www.donaldson.org/","New Zealand","Pre-emptive demand-driven customer loyalty","1970","Apparel / Fashion","9164"
"2459","BfCEBde9c5518a0","Woodward, Zuniga and Copeland","https://solomon.com/","Guyana","Reactive regional complexity","2017","Transportation","232"
"3313","Ca50Dd7a5ae5Ae0","Mata-Woods","https://cherry.biz/","Honduras","Progressive interactive contingency","1980","Individual / Family Services","5059"
"1254","9Cbfec7DAaCed92","Vincent-Flowers","https://smith.com/","Burkina Faso","Intuitive discrete productivity","2002","Mining / Metals","472"
"6835","7c6f2eD659535FD","Byrd Group","https://www.friedman-evans.com/","United States Virgin Islands","Cross-platform zero-defect hierarchy","2006","Utilities","2041"
"8795","9Ca910E800f42bb","Vazquez, Vasquez and Macdonald","http://glenn.com/","Rwanda","Multi-tiered well-modulated model","1984","Venture Capital / VC","8227"
"3838","8a66aEaC88b15f2","Gay-Dougherty","https://www.price.org/","Montserrat","Configurable maximized standardization","2001","Investment Management / Hedge Fund / Private Equity","1105"
"4399","f08b5EDcfFEbAE4","Evans-Bush","http://jones-alexander.biz/","Burundi","Phased mobile framework","1973","Tobacco","8448"
"3596","2FD3a0E2CABd701","Jenkins, Morse and Prince","http://www.le.com/","Tanzania","Automated foreground moderator","1983","Law Enforcement","5610"
"6622","8cb7F07a69dBB8C","Mora-Henderson","http://williamson-burke.net/","Gabon","Future-proofed user-facing knowledgebase","1993","Design","94"
"8383","9F7EdB38c9a444f","Padilla-Mcneil","http://www.bailey.com/","Ireland","Mandatory bifurcated flexibility","1975","Health / Fitness","5319"
"2125","c0E1c17B7EC0956","Bright, Douglas and Villanueva","https://lucero-ball.org/","Benin","Public-key human-resource pricing structure","1979","Information Services","287"
"3239","bD4dDDfFdaEEb1c","Rose, Holden and Levine","http://dean.com/","Anguilla","Business-focused cohesive functionalities","2015","Individual / Family Services","2117"
"5404","803A203e1FAfbe6","Singh, David and Mueller","http://www.santana.com/","Saudi Arabia","Face-to-face systemic approach","2011","Fishery","2214"
"5999","E66EAB576c1FeA6","Brandt-Rojas","https://www.andrade.com/","Bolivia","Cross-platform tertiary analyzer","2015","Mental Health Care","1521"
"5939","2C982cFA5dfAc54","Roberson-Lucas","http://roy-hickman.com/","Timor-Leste","Extended client-driven middleware","2002","Nanotechnology","1368"
"2046","5AbAB7FEEBD8897","Francis-Harrington","https://www.goodman.net/","Mauritius","Upgradable cohesive infrastructure","2004","Pharmaceuticals","6352"
"1579","34CB82FBEA8EE6a","Woodard and Sons","http://www.briggs.com/","Antarctica (the territory South of 60 deg S)","Devolved reciprocal ability","1972","Performing Arts","3191"
"15","a8dc16ba1b00F3c","Taylor LLC","https://www.allen.com/","Kiribati","Re-contextualized holistic hub","1971","Information Services","2427"
