"Column_1","Column_2","Column_3","Column_4","Column_5","Column_6","Column_7","Column_8","Column_9"
"2071","c48e023fF0Cb2ea","Carney, Livingston and Anderson","http://www.taylor.com/","Madagascar","Advanced composite info-mediaries","2021","Aviation / Aerospace","9023"
"3135","73b7c7046fd88Ee","Alvarez-Middleton","https://rivas.com/","Honduras","Synergized bandwidth-monitored standardization","2010","Wine / Spirits","548"
"5161","D5d9dD2Ddd236Ad","Perez Group","https://berger-stevens.com/","Saint Lucia","Profit-focused attitude-oriented architecture","2014","Sporting Goods","2291"
"8332","f21Ba71DCcaB9eE","Stanton-Kaiser","https://roberts.org/","South Africa","Reactive real-time access","2014","Hospital / Health Care","3753"
"5276","B8E4eFDEdD4D183","Escobar, Townsend and Lynn","https://www.rocha.com/","Central African Republic","Persistent context-sensitive synergy","2015","Wireless","5577"
"2243","38bDC98DE931B09","Whitney-Robinson","http://www.reeves-andrews.org/","Japan","Visionary client-driven toolset","2002","Non - Profit / Volunteering","2256"
"1475","8aBB1EFedEe08A8","Reyes, Mora and Bullock","https://www.carroll.com/","Indonesia","Up-sized exuding algorithm","2008","Information Technology / IT","326"
"8591","c5Fd1578bf9e9EC","Beck Group","http://www.odom-zuniga.info/","Iraq","Customizable transitional time-frame","1973","Luxury Goods / Jewelry","124"
"1890","C2fEAaCC0bc041C","Carrillo-Pruitt","http://carney-delacruz.org/","Malawi","Networked scalable flexibility","1996","Printing","4555"
"3436","aE76dFcB0a575FE","Bonilla-Fletcher","https://perry.org/","Svalbard & Jan Mayen Islands","Total 3rdgeneration leverage","1999","International Affairs","9771"
"7594","1D9DeBBDe4Fea50","Santana-Levy","http://stout.com/","Argentina","Face-to-face contextually-based methodology","2016","Logistics / Procurement","4689"
"7746","afcb0BD5244eDFB","Joyce-Li","http://vasquez.com/","French Polynesia","Reactive non-volatile paradigm","2013","Alternative Medicine","9596"
"3706","ad8e9dCcEfCD0ee","Ware, Richardson and Mclean","http://www.lutz.com/","British Virgin Islands","Upgradable bifurcated pricing structure","1996","Broadcast Media","2175"
"2022","aEBF15E9b9e56ED","Hatfield-Bridges","http://proctor-richard.biz/","Greece","Digitized solution-oriented website","1987","Paper / Forest Products","610"
"4021","b9a535d5Fa53523","Villegas, Pollard and Roberson","https://www.stewart.com/","Saint Lucia","Vision-oriented tertiary contingency","1999","Construction","7695"
"8831","ddaF2f4Bd15E93a","Lara, Ashley and Boyle","http://gates-peters.net/","Argentina","User-centric dynamic software","1999","Automotive","1693"
"8444","aECeE05c43D7b66","Mcclure, Holder and Lambert","http://bass-frederick.com/","Mozambique","Quality-focused uniform firmware","2018","Primary / Secondary Education","8140"
"3501","27cd8128B5fFbA0","Daniel, Brown and Day","http://www.shaw-schwartz.biz/","Barbados","Synchronized grid-enabled encoding","2021","Non - Profit / Volunteering","5272"
"2659","AfdB4a831c02Aec","Mccullough and Sons","http://www.lester.com/","Pakistan","Exclusive leadingedge product","1979","Other Industry","9118"
"8457","07E7f4Ec2D652F5","Patterson, Robertson and Lam","https://www.perry.com/","Falkland Islands (Malvinas)","Programmable eco-centric protocol","1973","Law Enforcement","7242"
"6889","61BCCDfcDbBf21E","Rasmussen Group","http://www.odonnell.org/","Slovenia","Expanded multimedia emulation","1973","Business Supplies / Equipment","53"
"1131","FF83Ee64Bf5a7be","Hancock, Larsen and Carpenter","http://hayden-singleton.info/","Bolivia","Compatible zero-defect neural-net","1980","Civil Engineering","7596"
"5558","1A8C09dbAFDBE3d","Bartlett-Chambers","http://benton.com/","Bahrain","Cross-platform demand-driven contingency","1975","Glass / Ceramics / Concrete","2724"
"7359","E1C8edfBcD41015","Hawkins Group","http://www.contreras-kennedy.biz/","Pitcairn Islands","Multi-channeled bi-directional superstructure","1980","Alternative Medicine","5841"
"1820","2cB721B9C92E629","Mcmahon, Stephens and Blanchard","https://www.murillo.com/","Guam","Front-line full-range monitoring","2012","Investment Banking / Venture","2351"
"7539","2BE8432BdD4D86E","Castro and Sons","https://mayo.com/","Netherlands Antilles","Polarized impactful utilization","2020","Executive Office","6052"
"9387","0a324DFfFcf84eF","Hodge, Hawkins and Giles","http://christian-bishop.biz/","Greenland","Innovative interactive hub","2012","Food / Beverages","792"
"4319","672DF8D45C1017c","Wiley, Brennan and Williamson","https://stout.com/","Israel","Face-to-face web-enabled synergy","2018","Information Technology / IT","1723"
"9605","6cbBaf3477D93Da","Clayton Ltd","https://wilkinson.info/","Peru","Open-architected real-time moderator","2000","Luxury Goods / Jewelry","6898"
"4145","ebDdb5E84426294","Christensen-Lam","http://livingston-fields.info/","Benin","Persevering client-server process improvement","1972","Online Publishing","3571"
"4670","bEe3E2b3cf8ACCb","Mckenzie Group","http://www.roman.biz/","San Marino","Re-engineered methodical monitoring","2015","Legislative Office","2541"
"1237","66F4AA0Db5b0BC4","Swanson LLC","http://velez.net/","Dominican Republic","Quality-focused cohesive protocol","1993","Shipbuilding","2829"
"5477","deEDb8eFCbdEa42","Peters, Lewis and Hardy","http://odom.biz/","Libyan Arab Jamahiriya","Mandatory responsive parallelism","2019","Non - Profit / Volunteering","1375"
"9837","4A945D4E3A3e0e5","Dickerson Inc","http://chandler.com/","Sri Lanka","Adaptive impactful task-force","1984","Information Technology / IT","3840"
"1857","82fD36f02dbEb9d","Cabrera, Reed and Meyers","http://fitzgerald.com/","Pakistan","Expanded zero-defect data-warehouse","2006","Leisure / Travel","751"
"2283","a3bEbeBDC1B65F1","Blankenship, Quinn and Galloway","https://ali.info/","Mali","Persevering motivating implementation","1977","Legislative Office","7340"
"8694","822bA7a48fF4Aff","Rowe Ltd","http://key.com/","Eritrea","Assimilated next generation methodology","2010","Mental Health Care","8305"
"9321","D1DdcFe6d0886C0","Ritter Ltd","https://www.arias.com/","Gibraltar","Implemented zero-defect matrix","1989","Writing / Editing","9723"
"4094","6d3e0c98E5B6474","Vega Inc","https://www.lynch.com/","Christmas Island","Up-sized regional portal","2011","Architecture / Planning","3170"
"7062","e40f878A705e50f","Kirby, Mueller and Downs","https://www.bishop.com/","Czech Republic","Self-enabling explicit throughput","1971","Public Relations / PR","64"
"5201","bCdA67882C75C3f","Boone-Shields","http://welch.net/","Lao People's Democratic Republic","Managed needs-based process improvement","1974","Information Technology / IT","7530"
"6402","9FA4B6776AA17e6","Klein Inc","https://www.ali.com/","Liberia","Managed explicit framework","1981","Chemicals","3057"
"9930","bECFbDa8AeBc829","Petersen, Skinner and Rios","https://www.landry.org/","Sudan","Enterprise-wide secondary encryption","1987","Automotive","2511"
"3422","BebfD28aB6F305c","Crawford, Meza and Gutierrez","http://www.richmond.com/","Faroe Islands","Switchable 5thgeneration customer loyalty","1998","Wine / Spirits","4960"
"9270","AB5A8d8E6216Ed4","Ho-Maynard","https://carrillo-love.com/","Falkland Islands (Malvinas)","Extended object-oriented time-frame","1999","Textiles","8190"
"387","71AC3eF96fb296F","Leblanc, Lopez and Collins","https://www.mann.net/","Nicaragua","Organic methodical support","2020","Public Safety","6941"
"8549","A0aE00b3315790f","Forbes-Hurley","http://www.bray.com/","Somalia","Business-focused tangible support","2003","Furniture","5922"
"1629","02cE718aC6890a1","Pittman and Sons","https://barber.org/","Nauru","Fundamental real-time portal","1975","Food Production","347"
"3586","8d89eCc85CE6f83","Clay, Shannon and Peterson","http://levy.org/","Kuwait","Profit-focused 24hour data-warehouse","1996","Import / Export","8311"
"7413","7f88fef3bb9A54F","Hendrix-Mcbride","http://silva.com/","Gambia","Fully-configurable impactful algorithm","1986","Alternative Medicine","3845"
"2715","E3Ba17EE3521BA4","Santos, Hardy and Cook","http://herman-huff.info/","Hong Kong","Secured foreground database","1984","Writing / Editing","9112"
"7172","5BcDD2E5a13b62B","Pope LLC","https://www.rodriguez.com/","Malawi","Advanced transitional product","2005","Investment Banking / Venture","8857"
"8436","2D7FB03eDAdAae3","Nelson, Rangel and Gutierrez","http://www.fry.biz/","Cameroon","Grass-roots empowering paradigm","1977","Government Administration","7435"
"9322","6b7dE9eFa1ea1D0","Mann-Brown","http://esparza.net/","United States of America","De-engineered well-modulated portal","1979","Public Relations / PR","5097"
"5660","f39EC88D490F5CA","Le-Tanner","https://howard-kemp.com/","Israel","Persistent 5thgeneration pricing structure","1973","Commercial Real Estate","2510"
"3190","bbBd0Eb8d23Cbec","Carlson-Richmond","http://pope-williams.com/","Lao People's Democratic Republic","Seamless 24/7 open architecture","2009","Information Technology / IT","4646"
"9969","418a09868e355C2","Schmidt-Coleman","https://randolph.net/","Madagascar","Reduced scalable complexity","1992","Fishery","9800"
"4306","dEf9dC865cafD15","Meza, Burch and Singh","http://www.lyons.com/","Azerbaijan","Extended dynamic protocol","1973","Individual / Family Services","7270"
"910","C6aa0DC2a8BE84d","Blevins-Shannon","http://www.haley.com/","New Zealand","Self-enabling incremental matrix","2009","Hospitality","5835"
"5386","CA75FcCe43F3e2F","Shepard and Sons","https://cole.com/","Tonga","Re-contextualized incremental collaboration","1996","Wine / Spirits","6462"
"1997","9a47c610FaCbe5a","Norman-Lowery","http://dunlap.org/","Liberia","Persistent multi-state collaboration","1970","Design","7245"
"1867","E34197ACEA0d8F1","Nelson Inc","https://stevens.info/","Sudan","Stand-alone zero tolerance time-frame","1977","International Affairs","8279"
"1843","f5b5B51f5c3BfCA","Jennings, George and Sloan","https://www.howell.com/","Albania","Enterprise-wide full-range function","2010","Newspapers / Journalism","6724"
"2498","bE6f6fDcCe342Bc","Jordan-French","https://www.figueroa.com/","Bouvet Island (Bouvetoya)","Compatible dedicated time-frame","2005","Design","8726"
"202","8DFADC66bfc305B","Key LLC","https://www.byrd-herrera.com/","Micronesia","Virtual scalable functionalities","1987","Higher Education / Acadamia","6701"
"7906","6e0ba0c89Bb9C87","Rose Ltd","http://www.collier.com/","Anguilla","Organized bottom-line initiative","2003","Library","8431"
"7725","0E7c7aAfAba1674","Holmes-Shields","https://cisneros-ho.com/","Estonia","Adaptive zero administration time-frame","1999","Automotive","536"
"5055","bdf1Eff8aFAc036","Mcclure Ltd","http://huynh-french.com/","United States of America","Front-line zero administration knowledge user","1993","Wireless","2820"
"5890","E9Dc5c3C317dC8F","Potter, Blake and Andersen","http://www.silva.com/","Croatia","Re-engineered object-oriented definition","2016","Utilities","6162"
"4007","1daBC19F7aBa2be","Pruitt, Logan and Shea","http://aguilar.com/","Heard Island and McDonald Islands","Synchronized multi-tasking parallelism","1975","Nanotechnology","3970"
"9902","4aed76D4AAffc23","Le Inc","https://www.charles-bryan.com/","Namibia","Ameliorated mobile knowledgebase","1985","Building Materials","9317"
"2703","6A3eE1AE8Bc97db","Lam, Rivers and Cameron","https://www.mann.biz/","French Southern Territories","Configurable next generation model","1993","Tobacco","4983"
"3450","2DF3f38aADb170F","Collins-Elliott","http://gibbs.com/","Morocco","Monitored scalable project","1996","Construction","3757"
"332","51509cCde1dcDE3","Oconnor Inc","http://www.wolfe.biz/","Bermuda","Down-sized directional conglomeration","2008","Pharmaceuticals","2131"
"7140","ebBEA2dEfBEABFe","Shelton-Moore","https://www.archer-key.com/","Trinidad and Tobago","Versatile fault-tolerant contingency","1987","Commercial Real Estate","6457"
"8961","B2BeEBC6b14BDf0","Logan PLC","http://www.potts.com/","Iraq","Multi-layered responsive archive","1995","Furniture","472"
"9820","24e958c6b3Bc45e","Ramsey Group","https://freeman.info/","Svalbard & Jan Mayen Islands","Optimized 6thgeneration data-warehouse","1982","Public Safety","9241"
"7177","B0B8d02Ab9DB0B4","Robles LLC","https://www.giles.info/","Philippines","Stand-alone systemic website","2019","Packaging / Containers","8049"
"2460","eeEBc4bA2a9f623","Gonzalez PLC","https://garner.net/","Cape Verde","Intuitive discrete infrastructure","1987","Hospitality","9086"
"1775","c39e331Ff9BEd4B","Guzman-Payne","http://www.ballard-cunningham.biz/","Guatemala","Distributed exuding groupware","2012","Printing","1950"
"6629","51aC6Cd9f392b4C","Solomon, Green and Wu","http://miles.org/","Congo","Proactive homogeneous budgetary management","1975","Industrial Automation","9224"
"7597","5a789c277eaAEEa","Blankenship and Sons","https://www.robertson-mckenzie.com/","Spain","Compatible web-enabled moratorium","1988","Nanotechnology","4804"
"7987","fD498bb0F7fd1f0","May Inc","http://rowland-brandt.net/","Pakistan","Expanded discrete product","1987","Market Research","7890"
"2687","eab3D3bDB7E4dd6","Bolton and Sons","http://www.lee-kline.net/","Dominican Republic","Realigned national groupware","1986","Defense / Space","1976"
"9148","05DaD0B0BA318fb","Vaughn-Lutz","http://davidson-higgins.com/","Argentina","Ergonomic mission-critical strategy","1999","Semiconductors","6740"
"990","ac7668968CfA4Ea","Wallace, Fernandez and Baldwin","https://www.good.com/","Georgia","Digitized neutral website","1979","Sports","4768"
"9047","cFaf1c2Cc7904BA","Barber-Frederick","https://greer-richard.org/","Tajikistan","Advanced next generation benchmark","2012","Market Research","9654"
"8349","1e0e6C158d3cd5e","Hooper Inc","https://townsend.com/","Angola","Assimilated modular strategy","1974","Research Industry","1036"
"8876","717DfCEA1bde19f","Erickson Group","http://vang.com/","Mauritania","Down-sized holistic collaboration","1971","Other Industry","437"
"8551","5FdFfb5d72AE2C8","Yates-Walker","http://english.info/","Kyrgyz Republic","Front-line human-resource ability","1999","Oil / Energy / Solar / Greentech","9656"
"5807","0aEB0e364c9D473","Oneill, Rosales and Becker","https://middleton.com/","Syrian Arab Republic","Universal stable middleware","2000","Dairy","8812"
"8734","cdBA0fDcD8C77b8","Mclean Inc","http://www.chapman.com/","Maldives","Digitized actuating artificial intelligence","1989","Business Supplies / Equipment","8764"
"8698","B3aeaFc9F1Cb6aF","Montgomery-Daugherty","http://diaz.com/","Iran","Focused mobile knowledge user","2008","Real Estate / Mortgage","5768"
"6575","Ba96d92b4FbB7C1","Rhodes Ltd","http://barry.com/","Cuba","Optimized homogeneous ability","1992","Mechanical or Industrial Engineering","2448"
"3053","1EAb5D5bBe42bb8","Benson-Gates","https://curry.com/","Palau","Advanced contextually-based contingency","1996","Newspapers / Journalism","9175"
"8638","1CDf37647cc539e","Arellano-Crosby","http://www.rocha-kemp.com/","Canada","Open-architected empowering pricing structure","1970","Airlines / Aviation","8544"
"5463","71D6ADdcbbF6e6b","Pittman-Moss","https://www.parsons-massey.org/","Faroe Islands","Ergonomic optimizing Graphic Interface","2003","Marketing / Advertising / Sales","1451"
"174","035A0aBFe4b43B4","Goodman-Moreno","http://www.lin-conway.com/","Turkey","Down-sized stable methodology","1984","Luxury Goods / Jewelry","5191"
"4955","dCdbf076d47E4fA","Floyd-Branch","https://www.nichols-schroeder.com/","Central African Republic","Customizable intermediate installation","1983","Airlines / Aviation","9165"
"4616","cab86f52430ADCA","Kirk and Sons","http://www.russo.biz/","Australia","Re-contextualized mobile matrices","1986","Supermarkets","1876"
"3322","becBa7539d1b4e4","Hanson, Huang and Larson","https://lawrence.biz/","Estonia","Ameliorated mission-critical hierarchy","1994","Fishery","7788"
"7066","C54911daaEAa215","Townsend-Salazar","http://www.skinner-mora.com/","Kazakhstan","Decentralized clear-thinking collaboration","2005","Leisure / Travel","9310"
"6247","fA5398B0bEBc8Ef","Cannon and Sons","https://www.mclaughlin.com/","Swaziland","Open-architected exuding website","2011","Marketing / Advertising / Sales","1523"
"6746","5BE29CCe7C7EED6","Bennett-Hawkins","http://oliver.net/","Morocco","Exclusive reciprocal neural-net","1975","Arts / Crafts","4377"
"3373","3B0Cc0e22BdC6bb","Roach-Hardy","http://www.lowe.biz/","Sri Lanka","Multi-lateral solution-oriented capability","2018","Nanotechnology","8903"
"6049","83A14e8f6d5EFD7","Wilcox-Carey","http://fields.net/","Turkey","Exclusive neutral website","2020","Glass / Ceramics / Concrete","766"
"3312","2b7a673420b1eF5","Robinson-Novak","https://cannon-bishop.net/","Wallis and Futuna","Secured methodical solution","2005","Nanotechnology","2133"
"7417","8B99De5e2ccBDa4","Welch, Campos and Mccarthy","http://campbell-copeland.com/","Burkina Faso","Configurable background synergy","1995","Ranching","7941"
"7294","27b5ee8840f0746","Dillon, Curry and Hoover","https://www.joyce.com/","Chad","Down-sized intangible knowledge user","2021","Automotive","2818"
"7585","fb1bc9D83adfCc6","Koch-Norton","http://www.hubbard.org/","Timor-Leste","Fully-configurable leadingedge process improvement","2012","Facilities Services","3435"
"9378","fFDeF09c3F49F88","Valencia, Schultz and Taylor","https://durham-hurst.org/","Austria","Team-oriented global definition","1979","Public Relations / PR","8689"
"8812","BBDcdCa2374Dc5b","Ellison PLC","https://rice.com/","Colombia","Intuitive systematic matrix","1977","Sporting Goods","3937"
"8161","dEf3075e7fCBab9","Jensen, Grant and Hurley","https://www.hutchinson.com/","Sao Tome and Principe","Grass-roots coherent conglomeration","1997","Sporting Goods","3965"
"4680","32AF41CCb334446","Mcdonald PLC","https://sims-reed.biz/","Nepal","Expanded non-volatile workforce","1975","Investment Management / Hedge Fund / Private Equity","1945"
"3404","eeB39b18A911B8E","Pace Group","http://ortiz.info/","New Zealand","Distributed intangible leverage","1986","Electrical / Electronic Manufacturing","4681"
"19","4eBE2067f1F8d7E","David-Summers","http://levine.biz/","Burundi","Monitored mobile monitoring","2019","Machinery","219"
"3692","aC64E477BC5D2A1","Miller-Dudley","https://www.ortega.org/","Fiji","Implemented 4thgeneration Internet solution","2007","Airlines / Aviation","3375"
"8655","cA28E5fa381fCCe","Savage, Juarez and Cardenas","http://www.haynes.com/","Antigua and Barbuda","Implemented system-worthy open architecture","1990","Government Administration","3795"
"4097","193047aa829d02a","Heath PLC","https://www.sutton.com/","Lao People's Democratic Republic","Robust clear-thinking success","2013","Mining / Metals","8723"
"3629","3C0EFAbF7664d1B","Hampton Group","http://www.christian.biz/","Nauru","Networked zero-defect migration","1986","Animation","954"
"8863","D5C16C0fB4fd1b6","Bruce-Barber","http://waller-haley.com/","Libyan Arab Jamahiriya","Centralized logistical model","1986","Gambling / Casinos","6973"
"2175","dBe7FfF325BC1Db","Harper Group","http://cherry.org/","China","Advanced zero-defect benchmark","1992","Education Management","4989"
"1357","0985dE63d1bf6CE","Chen-Mann","https://good.com/","Western Sahara","Intuitive logistical solution","2011","Luxury Goods / Jewelry","106"
"5003","9Bc5FC44ABadc5F","Wyatt-Cox","https://www.shannon.com/","Malta","Assimilated leadingedge workforce","1999","Research Industry","2296"
"7392","FA4Fc7AA5935eFa","Richmond, Garrett and Stafford","https://www.andrade.org/","Saint Vincent and the Grenadines","Upgradable systematic knowledge user","1998","Executive Office","2661"
"6923","DAEfb540A2Bc6cD","Evans PLC","https://www.walls.com/","Armenia","Ameliorated client-server policy","1992","Legal Services","2779"
"5824","C0ce32Dd8Cae9a4","Hicks Ltd","http://www.mccarthy-powers.info/","Canada","Focused bandwidth-monitored firmware","2001","Food Production","7857"
"9503","BfeaEA442B6Bc20","Hicks-Wiley","http://www.ali-herrera.com/","Kazakhstan","Persistent zero administration migration","2015","Graphic Design / Web Design","9185"
"5671","DE5B7dB5bcBAdfa","Gilbert and Sons","https://www.flowers-olson.org/","Madagascar","Expanded actuating project","2021","Import / Export","7867"
"3113","b7D0cD322a6d5Ea","Schultz LLC","http://www.mccullough.com/","Isle of Man","Reactive holistic Graphic Interface","1995","Automotive","8030"
"183","E0a895c59638E8d","Mooney, Weaver and Deleon","http://singh.com/","Sao Tome and Principe","Multi-channeled mobile time-frame","1990","Library","485"
"3643","a5dCBEe33Db2D58","Haynes-Roy","https://camacho.net/","Grenada","Organized grid-enabled database","1982","Law Enforcement","8277"
"8858","ebf6D4cbac5fa08","Harrell-Russell","https://www.hancock.info/","Bermuda","Horizontal uniform leverage","1992","Packaging / Containers","216"
"1813","d5c58dDc4Bd2B8F","Pratt, Moss and Mclaughlin","https://fletcher-galloway.biz/","Lithuania","Re-contextualized discrete project","1976","Investment Banking / Venture","9902"
"7876","1fEEB5c8bf25e13","Ford, Vance and Frazier","http://meza.net/","Saint Helena","Self-enabling contextually-based forecast","1972","Business Supplies / Equipment","998"
"8498","1Bbd5b79B36E031","Mercado Inc","https://www.tapia-underwood.com/","Tanzania","Devolved contextually-based projection","2020","E - Learning","958"
"4913","ac7d2560738B4bC","Tyler, Cochran and Herrera","https://www.michael.com/","Kenya","Object-based interactive parallelism","2003","Defense / Space","5032"
"5669","D50A3fF151bb1FF","Ramirez Ltd","http://www.riley.net/","Micronesia","Compatible eco-centric data-warehouse","1988","Mining / Metals","2160"
"8543","4B752bDe1cEc4A9","Price Group","https://miranda.org/","Latvia","Universal attitude-oriented customer loyalty","1999","Environmental Services","4794"
"1801","f2D0ecC3Bfc88A1","Randall Ltd","http://perez-byrd.com/","Madagascar","Adaptive eco-centric standardization","1997","Primary / Secondary Education","9132"
"9252","ADbCCfa1Eb7ef3E","Huff Ltd","http://www.powers.com/","Bolivia","Secured upward-trending data-warehouse","2017","Photography","4867"
"2430","8c48B9FFacF8EDD","Simmons and Sons","http://www.mckinney-rodriguez.com/","Timor-Leste","Realigned high-level solution","1976","Paper / Forest Products","8757"
"5483","923d96dBdbC5A9B","Maynard-Aguilar","http://www.rocha.org/","Israel","Exclusive actuating intranet","1978","Financial Services","659"
"6762","6cCEb83964AFA72","Pennington Group","http://www.shah.com/","Eritrea","Total systematic intranet","2018","International Affairs","7724"
"9840","32b4aF2a31bDd9c","Blanchard Ltd","http://www.cox-woods.info/","Nepal","Monitored multimedia system engine","1983","Performing Arts","2245"
"9636","b9aBffb21aD6B7d","Sweeney, Stone and Yates","http://www.lindsey.biz/","Liberia","Progressive optimal adapter","1985","Medical Equipment","8312"
"1969","7dc9f759E6cABe2","Reynolds-Mcdaniel","https://luna-campos.com/","Tuvalu","Adaptive client-server neural-net","1993","Civic / Social Organization","6263"
"8340","8DC4e2fdf15BC46","Mccall, Ferrell and Ingram","http://www.hayes.biz/","Bolivia","Down-sized zero tolerance architecture","2002","Executive Office","771"
"8142","2cF235fDfAe6D63","Liu, Higgins and Love","http://www.gross-sutton.biz/","Belize","Self-enabling coherent system engine","2014","Cosmetics","119"
"7697","9d2B3E3420ecf09","Wang, Blanchard and Miles","https://www.sanders.com/","India","Exclusive cohesive success","1990","Animation","844"
"7542","37B0437D7Bfc3a6","Koch LLC","https://bolton.org/","Mali","Down-sized scalable archive","1993","Renewables / Environment","3272"
"4988","b4E60fad2f5e1B8","Hebert, Prince and Campbell","http://www.wong-odom.org/","Singapore","Ameliorated demand-driven open architecture","1975","Market Research","1137"
"9757","EF58B3E8F10e908","Liu Group","https://www.morrison.com/","China","Multi-layered leadingedge workforce","1977","Staffing / Recruiting","8966"
"4651","9b7bD5278c43e96","Porter Group","http://www.hopkins.com/","Barbados","Cross-group empowering Graphical User Interface","2015","Market Research","6255"
"1160","7e395adaD32AE21","Nguyen-Garza","http://horne.com/","New Zealand","Reactive holistic process improvement","1986","Textiles","2300"
"1214","8d0A11021c4A501","Randall, Bradshaw and Brown","http://www.estes.com/","Guinea-Bissau","Versatile tangible middleware","1994","Consumer Electronics","160"
"7337","7d704D9aC45E93e","Figueroa-Barr","https://carey.com/","Isle of Man","Realigned needs-based capacity","1987","Hospitality","6584"
"1326","eA418A051D8AACC","Harmon Ltd","https://www.cunningham-chan.com/","Iran","Virtual 24/7 knowledge user","1979","Public Relations / PR","2936"
"7513","AEACCC1A96d0Fa7","Reid-Waller","http://www.frye.net/","Togo","Grass-roots 24hour process improvement","1974","Religious Institutions","7385"
"7581","CBdeF9e5EfcBD78","Mendez PLC","http://dominguez-schmitt.com/","Tonga","Public-key context-sensitive software","2012","Food / Beverages","707"
"4797","DCaca36CCcaDaCD","Porter Inc","http://oneal.com/","Lebanon","Focused zero-defect conglomeration","1975","Design","9409"
"6797","1c0424Eb4A7AE6f","Lambert-Ayala","https://www.patterson.biz/","Northern Mariana Islands","Stand-alone tangible core","2010","Plastics","2889"
"5809","849B11e69E5208a","Arroyo and Sons","https://www.tucker.com/","Angola","Cross-group 5thgeneration portal","2001","Public Relations / PR","3737"
"5944","Daee0bB7bcF1811","Booker-Key","http://bentley.info/","Tokelau","Decentralized composite function","2019","Museums / Institutions","8139"
"9284","3f5D2b0feC40dCb","Maynard, Wells and Villegas","http://jordan-guzman.com/","Saint Vincent and the Grenadines","Visionary user-facing leverage","1995","Medical Practice","525"
"8145","49c8D4E31C1D6db","Raymond, Hanna and Huffman","https://www.west.com/","Western Sahara","Cross-group multimedia knowledge user","1972","Banking / Mortgage","9352"
"1456","55BAFBC4Eb75ffb","Henson LLC","http://www.elliott.info/","French Guiana","Synergized maximized complexity","1990","Mining / Metals","7976"
"5411","Eb2A7Bb5e2584d6","Roberts, Conley and Ramirez","http://buchanan-adkins.com/","Jersey","Innovative 24/7 benchmark","1984","Printing","6962"
"7130","C21CD39F5B94CF1","Haas-Glass","https://fisher.org/","Papua New Guinea","Adaptive executive infrastructure","2012","Military Industry","6169"
"8893","357cCFa0C876feb","Juarez-Mccormick","https://www.rasmussen.biz/","San Marino","Fully-configurable systemic protocol","1995","Retail Industry","8250"
"4963","C02bAc8Ee4cBD9f","Buckley, Costa and Brady","https://frank.com/","Georgia","Fundamental systemic emulation","2016","Research Industry","9155"
"2801","Fc1b9F98ce1dcA9","Ray, Gross and Ibarra","http://everett.com/","Afghanistan","Enhanced heuristic conglomeration","1971","Publishing Industry","7469"
"1645","d1139bfc9dd4cBC","Irwin and Sons","http://www.silva-olsen.com/","Liechtenstein","Assimilated object-oriented monitoring","2003","Building Materials","5978"
"2141","B4a5B11b7ffa1fA","Andrade-Adams","https://howell.info/","Colombia","Organized client-driven hub","1987","Fishery","4417"
"4537","21cb4AEF4dd43BC","Henderson, Foley and Schneider","https://porter.com/","Pakistan","Function-based bi-directional strategy","2015","Accounting","2888"
"4458","76c3Cdf78CF2B1a","Krueger-Rubio","https://www.griffin-gill.com/","New Caledonia","Reverse-engineered interactive encryption","2021","Design","47"
"8952","c6de026644E589D","Hahn-Cohen","http://www.clay-schaefer.net/","Tonga","Adaptive solution-oriented budgetary management","2001","Individual / Family Services","7843"
"5587","7D5EBc0cC9Abe41","Wu-Weiss","https://peters.com/","Myanmar","Realigned bandwidth-monitored paradigm","1996","Non - Profit / Volunteering","103"
"4379","dE08Cf0633cfD33","Church Inc","https://good.net/","Bosnia and Herzegovina","Reduced impactful frame","1996","Government Relations","8331"
"730","4204B1Be68C032E","Haas-Horn","http://www.jennings.info/","Tunisia","Operative transitional methodology","1993","Dairy","6749"
"4358","2aEd18BCb4f52bC","Charles PLC","https://www.sloan.com/","Canada","Ergonomic 5thgeneration core","1980","Computer Games","7232"
"7749","4adADc17Bccd718","Harrell, Mercer and Pope","http://hardy.biz/","Lithuania","Face-to-face mobile knowledge user","1973","Mental Health Care","740"
"6717","195CA2ED4aDAE4E","Horne, Bailey and Grant","http://www.wiley.com/","Singapore","Secured background portal","1980","Legislative Office","6231"
"1937","5bBDAdF77dba59b","Meadows, Mcdonald and Espinoza","https://harding.com/","Bahrain","Organized zero tolerance hub","2008","Performing Arts","8966"
"3794","E81F283e4222aA3","Baxter-Humphrey","http://www.gordon-jones.com/","Armenia","Secured 6thgeneration encoding","1982","Real Estate / Mortgage","7488"
"3737","57dA44b7a1cD4Bf","Yang Group","https://rojas.biz/","Wallis and Futuna","Networked hybrid capacity","1994","Printing","6334"
"2262","B6B3Daa614cE750","Strickland-Coffey","https://diaz.org/","French Guiana","Upgradable disintermediate moratorium","2019","Military Industry","8879"
"4006","7f5C8c3Db10aD7B","Mccullough PLC","http://duke.com/","Luxembourg","Expanded object-oriented methodology","1970","Public Relations / PR","5679"
"1111","EFE9b434607DFC9","Ibarra Inc","https://gould.com/","Saint Pierre and Miquelon","Assimilated foreground portal","1970","Executive Office","7114"
"9029","682cfF9F1bBf0BE","Hurst Group","https://anderson.biz/","Central African Republic","Vision-oriented eco-centric circuit","1995","Civil Engineering","192"
"5481","82D53542bC14f3b","Moran and Sons","http://www.johnston-burton.org/","Kuwait","Networked stable info-mediaries","1981","Defense / Space","7702"
"2999","8acF4E9EA25CFa2","Joseph Ltd","http://www.roberson.com/","Rwanda","Horizontal client-driven parallelism","2002","Library","1410"
"2395","058b3c7dFdb5B54","Sawyer-Vang","http://www.duffy-price.org/","Bulgaria","Horizontal mobile standardization","1978","Political Organization","3"
"1186","5aA9FCF4ba175a4","House and Sons","http://www.harper-kline.biz/","Spain","Cross-group impactful access","2021","Newspapers / Journalism","5573"
"2008","d1d42Afe65d433D","Vargas PLC","https://www.levine-hooper.net/","United States Minor Outlying Islands","Monitored even-keeled flexibility","1988","Mental Health Care","2734"
"194","D43f8efc0E256ce","Joseph, Kelley and Brooks","http://howard.com/","Togo","Right-sized needs-based orchestration","2018","Events Services","4338"
"5612","46052728E9FeaaD","Munoz, Maldonado and Herrera","http://rocha.com/","San Marino","Reduced maximized task-force","2011","Fishery","5631"
"2902","eBA92bbf63aDAb4","Hughes and Sons","http://www.bartlett-harrington.com/","Holy See (Vatican City State)","Secured logistical conglomeration","1972","Farming","9265"
"579","E6C2bCfB04D3cEf","Romero-Villa","http://hunt.biz/","Afghanistan","Secured motivating superstructure","1991","Primary / Secondary Education","817"
"6220","0c04Ee40FD8DDEE","Shaffer-Hardy","https://www.green-mckay.com/","Haiti","Fully-configurable even-keeled help-desk","1991","Civic / Social Organization","5004"
"5526","b0fa722C37089B3","Oliver Inc","https://www.porter-sosa.com/","China","Total upward-trending projection","2009","Photography","752"
"772","1881847a51ae290","Glenn Inc","http://www.ware.com/","Timor-Leste","Synergistic real-time hardware","2018","Information Services","5476"
"7840","FCb5BD5c24dfCba","Maxwell Group","https://www.vazquez.com/","United States Virgin Islands","Versatile intermediate productivity","1988","Marketing / Advertising / Sales","2728"
"2396","D937BE9aF6748EB","Avery, Camacho and Holder","https://www.foley.biz/","Greenland","Optional content-based firmware","2013","Military Industry","9958"
"1479","6E4b4F87fb49CEc","Valentine, Stein and Faulkner","https://www.jones.net/","Anguilla","Compatible homogeneous success","1999","Retail Industry","2751"
"1847","29396cE1aAa23AD","Bates LLC","http://long.com/","Brunei Darussalam","Distributed bottom-line encoding","2011","Graphic Design / Web Design","9281"
"9109","D5c1bE51c1d069c","Bridges, Bates and Fitzgerald","http://www.farley.com/","Latvia","Multi-tiered user-facing approach","1983","Program Development","2127"
"4275","8AFe6F5F1E2cB7D","Sullivan, Robles and Norton","http://nichols.org/","Netherlands Antilles","Secured asynchronous knowledge user","2002","Publishing Industry","4225"
"3741","f1bD65DfDeE017D","Brock and Sons","https://cain-zhang.com/","China","Grass-roots fresh-thinking alliance","1996","Wireless","2077"
"4601","AE9E0Eb87DDbcDF","Mahoney-Campbell","https://www.ochoa.com/","Saudi Arabia","Open-architected modular toolset","2008","Mental Health Care","4232"
"8088","26BAbF82a3ccbF5","Butler-Woodward","https://www.cervantes.org/","Peru","Synchronized 6thgeneration database","1977","Leisure / Travel","1518"
"8711","c016a119f2BcE5F","Henson-Lutz","http://www.brooks.com/","Malta","Synergistic interactive moratorium","2017","Shipbuilding","7727"
"6677","EBEeb7FBFD89C0D","Espinoza Inc","https://www.daugherty.biz/","Uruguay","Cloned bottom-line throughput","2012","Environmental Services","1122"
"6376","6739CeAeA2FDead","Potts LLC","http://hammond.com/","Luxembourg","Reduced mobile hierarchy","2005","E - Learning","6777"
"8125","7dDcad9EFe04DBe","Kerr Group","https://www.mora.biz/","Cameroon","Monitored disintermediate installation","1999","Political Organization","2046"
"9539","0da1aaaCEaA7cde","Gibbs Ltd","http://www.silva-norman.biz/","Spain","Re-engineered coherent alliance","1998","Railroad Manufacture","3370"
"4916","2DCb95eCe7Af01E","Oliver Group","http://key.com/","Lao People's Democratic Republic","Up-sized radical encryption","1974","Semiconductors","9625"
"2074","8Af7b02d8cE33CD","Boyd, Kidd and Palmer","http://austin-bass.com/","Namibia","Synchronized 24hour instruction set","2017","Restaurants","2506"
"4755","A53F2dFB6290959","Bond, Benitez and Valdez","http://rogers-chen.com/","Gabon","Streamlined secondary access","2005","Supermarkets","7635"
"1897","D3d8AaBe15619C5","Sparks LLC","https://www.rivers.info/","British Virgin Islands","Enhanced bifurcated conglomeration","1987","Furniture","2686"
"8553","94894fecAd841fF","Oneal PLC","http://www.bailey.com/","Cape Verde","Front-line high-level approach","2000","Recreational Facilities / Services","2912"
"6703","52B9eef91DbA16f","Kaufman, Jacobson and Duffy","http://ball.com/","Peru","Quality-focused 4thgeneration protocol","2001","Nanotechnology","2097"
"6318","aa23ff02d7A3d5a","Foley PLC","http://www.gay.net/","Bulgaria","Vision-oriented demand-driven standardization","2011","Accounting","2722"
"3660","B3e376FdBF9EDB4","Davis, Mullins and Brown","https://miles-mcdowell.org/","Seychelles","Reverse-engineered bottom-line protocol","1996","Luxury Goods / Jewelry","3463"
"6582","1291a1713b4f1d1","Lee PLC","http://mcmahon-cannon.biz/","Portugal","Cross-group 5thgeneration portal","2022","Apparel / Fashion","2046"
"2380","dAACAedb35d0FB2","Travis, Novak and Greer","https://baldwin.net/","Nicaragua","Fundamental interactive complexity","1994","Utilities","2558"
"1448","CC27A428ef5952E","Pace-Braun","https://chavez-ali.com/","Thailand","Public-key logistical Local Area Network","2009","Entertainment / Movie Production","3042"
"343","5Aa97EaccdECB5c","Eaton-Howe","https://www.waller.com/","Kenya","Virtual intermediate challenge","1981","Computer Hardware","4574"
"5128","d70CECA63bB3AA9","Oneill Inc","http://www.holder.net/","Bolivia","Secured even-keeled task-force","1973","Think Tanks","6139"
"3137","7d7Aa7b6c0e6244","Rasmussen and Sons","https://www.gallegos.com/","Guernsey","Streamlined static definition","2006","Logistics / Procurement","2194"
"2528","Cae28Fc6aa9FA7F","Bryan, Hartman and Avila","http://hughes.biz/","Portugal","Grass-roots dedicated productivity","1991","Logistics / Procurement","6288"
"728","3A7edc2D6d57da2","Blackwell Inc","http://www.abbott.com/","Netherlands","Stand-alone systematic access","1978","Utilities","1819"
"4578","9b2DDa3daf85c4E","Haley, Norton and Mejia","http://andrade.com/","Antarctica (the territory South of 60 deg S)","Reactive didactic array","1979","Computer Software / Engineering","1396"
"977","9eee612cacd8A40","Wolfe, Moss and Dougherty","http://www.boyer-stanton.com/","Samoa","Sharable actuating complexity","2010","Education Management","9708"
"8392","f9Cf3BB42d6f2BF","Cabrera-Mcfarland","https://romero-cohen.com/","Congo","User-centric attitude-oriented moratorium","1993","Marketing / Advertising / Sales","5686"
"5444","2AB57af8A7Dc2FA","Cooke-Sawyer","https://www.dalton.net/","Barbados","Optional well-modulated structure","1992","Glass / Ceramics / Concrete","2876"
"9035","D6B8D8Ab0eEbAb5","Church-Hill","http://www.hendricks.com/","Botswana","Reverse-engineered intermediate adapter","1993","Computer Software / Engineering","5718"
"3517","C21eDBefcd57cad","Velasquez-Hays","https://www.sanchez-cooley.com/","Morocco","Expanded empowering standardization","2014","Mining / Metals","2244"
"7976","e67f1f57cCFDd7d","Deleon-Allen","https://crosby-hines.com/","Nigeria","Re-engineered impactful matrix","1986","Commercial Real Estate","3932"
"9788","2E8DDEA7A2C6D1c","Macdonald PLC","http://hendrix.com/","Luxembourg","Extended transitional throughput","1977","Defense / Space","2218"
"3941","9b7C9EC7Cb24deD","Snyder, Holden and Booth","https://morris.info/","Mozambique","Versatile coherent success","1975","Civil Engineering","582"
"1300","e90B663df03Dbe4","Collier, Mcdowell and Pearson","http://blackwell.com/","Slovakia (Slovak Republic)","Organic tertiary Internet solution","2005","Packaging / Containers","5363"
"9765","21bb7e2ca2AC4fA","Delgado, Kelly and Schmitt","https://www.solomon.com/","Korea","Digitized eco-centric strategy","2005","Computer Networking","3715"
"1349","B8Db484c8EF3C7b","Farley, Perkins and Bray","http://www.mccoy.com/","Saint Martin","Progressive systematic knowledge user","2020","Farming","3278"
"661","E3AAaB39DeABF7d","Trujillo Inc","https://www.doyle.org/","Colombia","Virtual zero administration circuit","1982","Non - Profit / Volunteering","109"
"5887","cBbFcEEedd3f8C3","Downs Group","https://www.kline-morrow.info/","Italy","Optimized 24hour workforce","2010","Cosmetics","8140"
"1493","EaeC2C0E7933621","Rhodes, Cooper and Duarte","http://www.anderson.com/","Antigua and Barbuda","Reduced cohesive focus group","1994","Plastics","6725"
"9947","df50CBb1483f9DF","Flowers, Tyler and Lane","https://macdonald.info/","Lebanon","Optional 6thgeneration challenge","2012","Public Safety","8764"
"4590","e2DFB1bEDa8C705","Odonnell, Nelson and Moses","http://www.bowen-lutz.com/","Dominican Republic","Multi-layered value-added knowledge user","2010","Primary / Secondary Education","4516"
"8531","DB223F8B77E8aF1","Macias and Sons","http://vincent-perry.com/","Angola","Universal user-facing array","1984","Renewables / Environment","1732"
"5155","4AdfEDe3C9D5a63","Hull-Rose","http://www.reynolds.com/","Indonesia","Secured secondary knowledgebase","2007","Judiciary","603"
"2316","2424C34dCdBc48A","Ali, Spencer and Morrow","https://whitehead.com/","Uzbekistan","Synergized systemic access","1986","Think Tanks","8616"
"9615","bE71CDf8Af9E49d","Yates Inc","http://fields.com/","Paraguay","Multi-tiered mission-critical open system","2003","Real Estate / Mortgage","9311"
"9578","Deab25749eaCEEd","Orozco, Gibbs and Chavez","http://lucas-hampton.org/","Colombia","Open-source next generation projection","2002","Investment Management / Hedge Fund / Private Equity","4256"
"7025","83Aa73a8ED05d56","Acevedo-Sloan","https://www.simon.com/","Pitcairn Islands","Focused full-range encoding","2001","Health / Fitness","419"
"1086","96B24B0Ec783ada","Mcdonald-Lin","https://leblanc.com/","Myanmar","Synergized 5thgeneration task-force","1976","Animation","4616"
"2525","cac71Bdfb97B00B","Arias-Morgan","http://steele.org/","Romania","Ergonomic demand-driven focus group","1999","Industrial Automation","3411"
"8969","Ea381ec66Fb551f","Moreno Ltd","http://www.wise.com/","Dominican Republic","Intuitive value-added interface","2017","Accounting","774"
"5375","C2F2b3Abeca4d2C","Kelly, Horton and Cuevas","http://www.compton-lester.com/","Antigua and Barbuda","Cross-group bifurcated encryption","1990","Computer / Network Security","4965"
"3199","51df4d86bCdfd27","Mcfarland, Gibbs and Abbott","http://www.wilson-duncan.net/","Georgia","Advanced upward-trending circuit","1988","Motion Pictures / Film","9332"
"5752","F5A9EBA843C84bB","Atkinson, English and Silva","https://pollard.com/","Singapore","Fully-configurable value-added success","1994","Import / Export","530"
"4009","d52B4a5976975F9","Baxter LLC","https://watts-brandt.info/","Niger","Stand-alone tangible success","2009","Political Organization","8787"
"5718","9bd9E6aFD23eB9A","Cummings-Palmer","http://mcfarland-guzman.com/","Faroe Islands","Business-focused transitional moderator","1991","Government Administration","747"
"6658","aB95ec66D5206f8","Tanner LLC","http://www.french-santiago.org/","Peru","Multi-channeled directional synergy","1970","Internet","6604"
"9358","fAe14AAEAD5Ecaf","Copeland-Steele","http://warner-morse.com/","Hong Kong","Universal high-level definition","2010","Environmental Services","5580"
"8791","55AB9DAEF3dE378","Trujillo-Sexton","https://sandoval-bass.com/","Azerbaijan","Synchronized non-volatile support","1994","Graphic Design / Web Design","8231"
"68","b566B61EFAAbA2D","Phillips-Santiago","https://ford.info/","Somalia","Monitored context-sensitive paradigm","1987","Commercial Real Estate","6900"
"7924","f9cdFd6bAbCc0eB","Peters, Roberts and Merritt","http://moon.com/","Brunei Darussalam","Synchronized intermediate paradigm","2011","Wholesale","5065"
"41","f6Ad85a8d6A08bd","Oconnor PLC","http://www.ball.biz/","Korea","De-engineered responsive instruction set","1973","Performing Arts","8563"
"2270","17B66b5c3aD54a2","Roberts-Prince","https://spencer-morris.com/","Togo","Fully-configurable needs-based migration","2016","Outsourcing / Offshoring","3253"
"2382","bED43Fe3b368DdE","Craig, Kelley and Bonilla","https://odom.com/","Libyan Arab Jamahiriya","Profit-focused grid-enabled task-force","1974","Wine / Spirits","1018"
"7342","ff2E99c2c5Eea3A","Hodge-English","https://hurst.com/","Slovakia (Slovak Republic)","Expanded logistical utilization","1976","Cosmetics","7189"
"9962","ABD03B18953376B","Huber, Caldwell and Hammond","https://www.hardy.com/","Luxembourg","Multi-tiered encompassing throughput","1972","Music","7815"
"4917","6c3Dc770b98fCeB","Shah PLC","https://mayer.org/","Guinea","Advanced global task-force","2000","Writing / Editing","5013"
"5323","cCb9EBad74C15C9","Berry Ltd","https://www.barber.org/","Latvia","Streamlined foreground task-force","2007","Program Development","4133"
"5774","c6c77a22dDAA6a5","Wade, Cain and Ramsey","http://www.andrews.com/","Turks and Caicos Islands","De-engineered optimal productivity","1999","Investment Management / Hedge Fund / Private Equity","7971"
"6233","1B1Ab54EC25B5c4","Chase LLC","http://www.perry-weaver.com/","Northern Mariana Islands","Self-enabling systemic moderator","1974","Alternative Dispute Resolution","201"
"6964","0D0a3e692a38Cf1","Knight-Valencia","https://parks.com/","Korea","Compatible mission-critical matrix","1973","Banking / Mortgage","2278"
"3448","cf2d2e12ec59c61","Johns-Hendricks","https://randall.com/","Congo","Operative analyzing conglomeration","1972","Luxury Goods / Jewelry","820"
"6817","6a297Fa050Cc8d7","Cain LLC","https://www.farmer-clark.com/","Tanzania","Centralized actuating hub","2010","Philanthropy","3432"
"2368","AA91B21A20e9abD","Mcguire, Smith and Noble","http://cherry.org/","Timor-Leste","Fundamental web-enabled core","1995","Museums / Institutions","6692"
"7982","E3eC2A3b1A313Eb","Horn-Lewis","https://carey.com/","Kuwait","Digitized holistic Internet solution","2018","Building Materials","4812"
"8167","EBcE3bCCEc5e4d0","Duncan, Daniels and Dennis","http://wiggins-weiss.info/","Tuvalu","Face-to-face multi-tasking access","1981","Mental Health Care","3900"
"2513","6881AB3D593a6F9","Cameron PLC","http://calderon.com/","Thailand","Visionary well-modulated website","1984","Nanotechnology","7991"
"9620","fAcE1607adC3100","Ayala LLC","https://gamble-wagner.com/","Cote d'Ivoire","Adaptive contextually-based collaboration","1974","Chemicals","7732"
"2724","48Fd5A12FBE9fe1","Tyler-Olsen","http://www.carrillo-espinoza.org/","British Indian Ocean Territory (Chagos Archipelago)","De-engineered non-volatile toolset","1996","Banking / Mortgage","3395"
"5949","9128Aa7AF74fbE1","Koch LLC","https://blair.biz/","Sudan","Focused executive utilization","1970","Consumer Services","8522"
"9186","dcf1a69a77893Cb","Collins, Mccall and Ruiz","http://www.mcmahon.com/","Uzbekistan","Programmable optimal contingency","1976","Renewables / Environment","5315"
"9005","d45CEF82c39Bed3","Shields, Decker and Lutz","https://www.villarreal-lang.com/","Swaziland","Optional empowering portal","2011","Utilities","4554"
"1144","aAe4A687AAcCBDf","Huffman Inc","https://www.holmes-wright.org/","Sudan","Reverse-engineered zero-defect task-force","2015","Mental Health Care","719"
"9737","bcdcfAEb3f24C0e","Bridges-Moon","http://macdonald.org/","Sweden","Multi-layered encompassing data-warehouse","2005","Marketing / Advertising / Sales","6963"
"7223","92b9D08EA0CacD1","Buck Group","http://west-mason.biz/","New Zealand","Balanced coherent budgetary management","1986","Judiciary","5172"
"8293","498Cca0A48983a3","Mcbride, Whitehead and Conner","http://yang.com/","Italy","Adaptive holistic pricing structure","1984","Semiconductors","5286"
"9221","86f94002DafdF5d","Sampson-Ellis","http://jensen.com/","Guinea","Configurable asymmetric architecture","1984","Investment Banking / Venture","4971"
"4729","7bFCb2FaBaC39BE","Booker and Sons","https://www.walters.net/","Guinea-Bissau","Robust cohesive paradigm","1971","Architecture / Planning","1288"
"5495","aAb5cF9fb1845E3","Simon-Carson","https://www.leon.org/","Rwanda","Programmable context-sensitive Graphical User Interface","1993","Venture Capital / VC","7545"
"5756","606ea499d1fc3C5","Booth, Hooper and Mcintyre","http://www.robles.info/","Montserrat","Ergonomic attitude-oriented throughput","2019","Civic / Social Organization","4265"
"7563","2fCFeBe7dB8376f","Macdonald, Hester and Jimenez","https://www.richmond.com/","Senegal","Ergonomic context-sensitive application","2017","Business Supplies / Equipment","1397"
"3790","ff8d8b43cAc4DC3","Palmer-Simpson","http://www.pacheco-tran.com/","Rwanda","Face-to-face web-enabled initiative","1972","Commercial Real Estate","6897"
"2221","be7bcEC6eF08Cdd","Klein-Garza","https://www.massey-chen.net/","Saint Kitts and Nevis","Synergized methodical utilization","1996","Fundraising","9861"
"5076","27DC835EceFb5Cd","Case PLC","https://nelson.com/","Slovakia (Slovak Republic)","Down-sized methodical task-force","1982","Veterinary","3376"
"2332","395d7afdB3BcAA2","Moreno, Shaffer and Porter","https://chapman.com/","El Salvador","User-friendly grid-enabled Graphic Interface","1997","Industrial Automation","8363"
"5395","F75Be699494C6CE","Dudley, Berry and Bradford","http://tucker-carney.com/","Isle of Man","Advanced global Graphic Interface","1999","Business Supplies / Equipment","2039"
"7440","BA83b440A4EcC9c","Davidson-Clements","http://www.berry.com/","Togo","Realigned composite circuit","1977","Computer Software / Engineering","5169"
"8068","6fcd492DEeE27fc","Summers-Greer","http://mitchell-richardson.com/","Brunei Darussalam","Up-sized incremental frame","2009","Package / Freight Delivery","7295"
"7091","CE3D52caDEea392","Novak Group","https://mooney.com/","Wallis and Futuna","Programmable contextually-based implementation","2000","Retail Industry","794"
"9337","DC307f258ffAE89","Reed, Fischer and Miles","http://www.wright.net/","Brazil","Down-sized mobile hardware","1999","Internet","4561"
"4089","fB4ac29b4fCF6F2","Contreras and Sons","http://reynolds.com/","Finland","Object-based heuristic frame","1990","Capital Markets / Hedge Fund / Private Equity","9196"
"1968","a2e23050BE98a03","French, Coleman and Gordon","https://taylor.org/","Comoros","Devolved grid-enabled knowledge user","1983","Ranching","7374"
"9364","cc0F456ce4Dc2a7","Pham PLC","http://www.maddox-cooley.com/","Uganda","Inverse zero-defect array","1980","Government Relations","2397"
"9797","79eADcBf9c2E45a","Meza Group","http://solomon-miles.biz/","British Virgin Islands","Configurable even-keeled function","1984","Education Management","4001"
"6758","721acCf2A13D996","Lawson-Harmon","http://www.wolf.com/","Iraq","Robust leadingedge throughput","1980","Machinery","5351"
"9587","Df3ff3cb7c2EFaF","Stout-Mcconnell","http://www.atkinson.com/","Mauritius","Expanded content-based parallelism","1983","Motion Pictures / Film","5340"
"4366","eAdca6Fa89bc6CC","Allison-Shields","http://davila.com/","Spain","Organic tangible support","2002","Printing","8256"
"7000","cff40F4C1cF0eAB","Harper Ltd","https://mullen-copeland.info/","Ethiopia","Inverse full-range customer loyalty","1983","Nanotechnology","8714"
"424","8518A85423e3Dd1","Meyers, Henry and Obrien","http://www.bentley.com/","South Georgia and the South Sandwich Islands","Intuitive static focus group","2015","Translation / Localization","1868"
"281","3bfC4311cbd4F06","Willis PLC","https://snyder-miller.net/","Equatorial Guinea","Robust reciprocal ability","2016","Information Technology / IT","2450"
"1905","5Ce2362beAc2fe9","Martin and Sons","http://monroe-madden.com/","Macedonia","Public-key didactic moderator","1975","Luxury Goods / Jewelry","2107"
"596","AdB2B0aAE07e81A","Anderson-Daniel","https://www.aguirre.info/","Guinea","Fundamental eco-centric parallelism","1972","Railroad Manufacture","3232"
"8580","daC1baF88a3eb02","Rodriguez, Gilmore and Dyer","https://www.brown.com/","Luxembourg","Integrated 3rdgeneration time-frame","1971","Graphic Design / Web Design","6008"
"3918","D130ebAFd3ccd0A","Adkins PLC","http://www.giles.com/","Korea","Down-sized local Graphic Interface","1990","Dairy","4352"
"6143","0B8d412C1fF4eCB","Shah, Hanson and Mendoza","https://lyons.com/","Saint Barthelemy","Optimized 3rdgeneration encoding","1974","Translation / Localization","4734"
"5662","Cd3eCDf8E038CAa","Berg LLC","http://ramos.info/","Japan","Cross-group empowering synergy","2000","Commercial Real Estate","6089"
"5779","2aeC8c97b99A730","Jordan, Villa and Ford","http://www.gomez.info/","Moldova","Streamlined leadingedge conglomeration","2022","Aviation / Aerospace","3453"
"3619","c6cc13cdA161Fce","Wright-Mills","http://hill-jones.com/","Turks and Caicos Islands","Exclusive homogeneous orchestration","1979","Cosmetics","1978"
"6846","cC0f2c645523b5d","Frye-Cardenas","http://www.farrell.com/","Grenada","Customizable eco-centric process improvement","1976","Railroad Manufacture","8667"
"840","5BB78Cd7eE8BB5a","Benton Inc","https://haynes.info/","Switzerland","Universal upward-trending support","1973","Events Services","841"
"4597","16A5cCeA50Bcb5c","Barajas Inc","https://www.crane.org/","Guam","Synchronized 5thgeneration initiative","2018","Textiles","1046"
"7497","23ed90f9eDBeCeC","Bonilla-Compton","http://mcdonald-alexander.org/","Western Sahara","Operative asynchronous application","1991","Nanotechnology","1394"
"142","7A9436eFF2aFDa3","Ford-Munoz","http://shaffer.biz/","Cocos (Keeling) Islands","Mandatory multimedia knowledgebase","1974","Supermarkets","8518"
"2598","9CA43Ab2bfF5C3A","Lawson and Sons","https://swanson-blankenship.com/","Namibia","Sharable 6thgeneration Local Area Network","2017","Textiles","2331"
"6702","2F105db643fD12A","Hurst Group","https://www.hendricks-benson.com/","Iceland","Advanced fresh-thinking product","1985","Online Publishing","2853"
"7757","7990366752dfF12","Mendoza LLC","https://www.blake-kirk.com/","Austria","Distributed static complexity","1973","Building Materials","5054"
"1378","865cE9Bd0A9211d","Carter, Woodard and Kelley","https://howard.net/","Eritrea","Assimilated zero administration synergy","1971","Religious Institutions","4252"
"3675","Fa5cD9eA70cBB4f","Mayo, Sandoval and Acosta","http://www.avery-martinez.org/","Saint Lucia","Focused hybrid encryption","2013","Alternative Dispute Resolution","4399"
"8771","6bc0f84FF347B1e","Mcclure Group","http://www.deleon.com/","Djibouti","Compatible 6thgeneration process improvement","2007","Shipbuilding","4716"
"9896","A17158afea002f3","Haley-Rich","http://www.chung-matthews.com/","Falkland Islands (Malvinas)","Distributed 24hour definition","1974","Legislative Office","9780"
"6363","6599dcb6c3CCdF0","Pruitt, Becker and Acevedo","https://www.saunders.com/","Central African Republic","Quality-focused cohesive success","1986","Textiles","9008"
"4742","fce48Df1d4866eD","Mckinney and Sons","http://larsen-simon.com/","Cocos (Keeling) Islands","Front-line multi-state conglomeration","2016","Consumer Electronics","8295"
"3809","Bb23bdEd4fa6DAC","Fry-Allen","https://ross.com/","Bahamas","Cross-platform clear-thinking matrices","2021","Package / Freight Delivery","434"
"1139","Cb9CaB00A8d6F7D","Brown, Mccann and Mcintosh","http://bright.com/","French Southern Territories","User-friendly value-added adapter","2004","Biotechnology / Greentech","3593"
"2258","C6025B1c25A6332","Hayden-Goodwin","https://www.atkinson.net/","Oman","Ameliorated web-enabled challenge","1984","Religious Institutions","8415"
"7866","bb4ebB80086bB9B","Chase Group","http://velasquez-woodward.info/","Falkland Islands (Malvinas)","Innovative actuating matrices","2012","Plastics","6573"
"1788","8d5aaceeBB97d0D","Pruitt, Lam and Nielsen","https://www.howard.com/","Iraq","Fundamental full-range flexibility","2008","Military Industry","2813"
"3939","6D6c7C4c48fdcEb","Snow LLC","http://www.christensen-delgado.net/","Paraguay","Distributed stable alliance","1979","Law Practice / Law Firms","8245"
"9317","eEB5F34DbcEf4FE","David, Fitzgerald and Navarro","https://barker.net/","Lithuania","Visionary needs-based knowledgebase","1978","Financial Services","1925"
"4647","d44a0d42ce137aB","Haas Inc","https://webster.info/","Norway","Diverse encompassing circuit","2003","Investment Banking / Venture","1195"
"460","0E688f3fC8DcdBe","Watkins Group","https://mcbride-lowe.info/","Burkina Faso","Progressive object-oriented complexity","1995","Computer Hardware","9456"
"6116","D0CF28BAeE9CDbE","Rosario-Palmer","https://www.frye-dickerson.com/","United States of America","Ameliorated grid-enabled task-force","2004","Printing","8195"
"9543","9EcD24B0009aa33","Johns-Christian","http://www.webb-zimmerman.com/","Libyan Arab Jamahiriya","Face-to-face regional project","1981","Recreational Facilities / Services","8733"
"949","C0266F4678af4CD","Espinoza-Morgan","http://barr.com/","Peru","Robust web-enabled protocol","1998","Restaurants","3889"
"3701","E0c82dFEbbe99a9","Hurst, Vance and Bass","https://www.may-harrell.com/","Poland","Multi-lateral eco-centric ability","1996","Banking / Mortgage","4880"
"1337","1eDeC5C653cf0bD","Hudson Inc","http://www.shepherd-meadows.com/","Antarctica (the territory South of 60 deg S)","Reverse-engineered client-driven synergy","2018","Packaging / Containers","7260"
"6371","C2EbeaB5AfFFBed","Richardson Ltd","http://www.friedman.com/","United States Virgin Islands","Stand-alone even-keeled toolset","1995","Government Administration","2249"
"4629","Ff9eda6a1B4d6BC","Miller, Haley and Hammond","http://santos.com/","Holy See (Vatican City State)","Intuitive zero administration orchestration","1978","Veterinary","1149"
"6287","70E3aFB119CF3dF","Patel Inc","http://hull.biz/","United States Virgin Islands","Progressive executive standardization","1990","Semiconductors","7222"
"5926","7DdfC10099AA75F","Nunez-Dominguez","https://morrison-shelton.info/","Svalbard & Jan Mayen Islands","Extended local info-mediaries","2015","Package / Freight Delivery","243"
"5935","Bcd14d44CCe34Ca","Hendricks LLC","http://www.weaver.com/","Dominica","User-centric homogeneous database","2014","Aviation / Aerospace","4144"
"6041","5909Dbb9CbAd42f","Russell-Orr","https://parrish.com/","Maldives","User-friendly exuding paradigm","2006","Accounting","5119"
"442","Ccae2Cdee4eE4E2","Richards, Oneill and Conley","https://dean-gentry.com/","Micronesia","Extended encompassing extranet","1985","Medical Equipment","6342"
"6660","51E4B0b67A6a3CC","Sloan Inc","https://www.boyd.com/","Fiji","Operative stable productivity","2014","Hospitality","2615"
"1603","C79eC0fd0C25Ba6","Osborn, Little and Gray","http://howe-pugh.biz/","Kazakhstan","Object-based logistical model","1993","Events Services","4054"
"2239","aaa6fE8Fa7b47b3","Bauer, Chambers and Tyler","https://yates.com/","Tunisia","Up-sized system-worthy policy","1984","Public Relations / PR","385"
"640","1b1Eb6f4943c2A5","Cuevas-Reyes","https://lin.info/","Portugal","Synergized background secured line","1996","Semiconductors","7271"
"9821","dC61C337DdA8bff","Mueller, Crosby and Walton","http://hale.com/","Singapore","Grass-roots modular initiative","2015","Fundraising","8602"
"3831","db22AB6cBF28bD8","Pacheco, Luna and Barrett","http://www.hammond-estrada.com/","Djibouti","Proactive incremental Internet solution","1976","Wireless","4314"
"9396","dc53e980ADE12e2","Pham, Rubio and Bailey","http://www.davenport-melendez.com/","Guatemala","Synergistic directional benchmark","1988","Fine Art","8889"
"6145","C5BeF28706b8BC4","Cuevas, Burgess and Santos","https://irwin.net/","Panama","Balanced explicit archive","2014","Insurance","3264"
"7986","eaCaAfdCfDFEfF8","Farmer Group","https://oconnell.com/","El Salvador","Persevering secondary orchestration","1998","Medical Equipment","8474"
"9053","d6Ef86ACDBF2cF7","Kerr, Gentry and Flowers","https://wise-peters.com/","Chile","Reactive tertiary productivity","1975","Industrial Automation","6567"
"6345","0b00d41B0CE9cc3","Cooley, Glass and Knapp","http://payne.com/","Bermuda","Multi-tiered bifurcated algorithm","1972","Capital Markets / Hedge Fund / Private Equity","9058"
"2502","c9eF0a4Dad2Dce8","Hancock-Shields","http://www.ali-cohen.net/","Indonesia","Secured homogeneous open system","1990","Education Management","659"
"1959","cEe381134BaD7e7","Mays-Cantu","http://www.willis.biz/","Jordan","Multi-channeled coherent budgetary management","2004","Think Tanks","903"
"1071","0a6eFcd93dbb4dF","Valentine PLC","https://beasley.org/","South Georgia and the South Sandwich Islands","Advanced secondary customer loyalty","1971","Alternative Medicine","6263"
"156","b50Fb2c61C0D9B4","Tucker and Sons","https://kemp.net/","Jamaica","Realigned scalable utilization","2017","Real Estate / Mortgage","3711"
"2296","Bce2Fc809eDDe2D","Molina, French and Larsen","https://burton.org/","Albania","Reactive asymmetric algorithm","2009","Non - Profit / Volunteering","3738"
"9802","998F3111A7e2407","Gray and Sons","http://www.rice.info/","Slovakia (Slovak Republic)","Seamless stable capacity","1990","Motion Pictures / Film","4210"
"4579","a33bdbbBDd81aa1","Garner-Ferguson","http://herrera.info/","Mayotte","Persevering directional archive","2004","Research Industry","5665"
"1090","0D42aee9dFcf6C2","Ho-Haney","https://davidson.com/","Sao Tome and Principe","Sharable 3rdgeneration function","1979","Consumer Goods","8623"
"6050","c1AcB86Cab81927","Porter-Stein","http://cruz-mata.org/","Guernsey","Synchronized logistical knowledge user","2017","Transportation","1684"
"6416","F736AC44dbFBB32","Wilkerson, May and Medina","https://hess.info/","French Polynesia","Multi-tiered well-modulated success","1991","Individual / Family Services","8638"
"2941","B15d4Ab8eEC765c","Terry-Estrada","https://www.villarreal-lynn.com/","Malta","Profound multi-tasking project","1974","Medical Practice","3346"
"724","47b8c8F7F1653b7","Henson, Allison and Osborne","https://www.jenkins.com/","Guatemala","Switchable needs-based flexibility","1986","Publishing Industry","1693"
"4385","58eCEfC1c3afD83","Lamb PLC","http://www.french.net/","Argentina","Face-to-face system-worthy ability","2017","Professional Training","4880"
"931","FEd584DF7eFBCc7","Rivers-Saunders","http://bass.com/","Pakistan","Integrated web-enabled firmware","1983","Computer Games","9660"
"2910","eD6FEDdDCEEfaEc","Rojas-Haas","http://jordan.com/","Puerto Rico","Enterprise-wide secondary encryption","2005","Recreational Facilities / Services","9023"
"7846","0E8D333ebB29C30","Sullivan Ltd","http://ware.com/","Turkey","Cloned leadingedge contingency","2015","Airlines / Aviation","6935"
"6764","394bd893F07Da40","Cannon-Goodman","https://www.russo-lucas.com/","Libyan Arab Jamahiriya","Quality-focused asynchronous artificial intelligence","2017","Mining / Metals","6767"
"8389","7eF5Db917CEeFE7","Ball-Phelps","https://www.meadows.com/","Botswana","Cross-platform 4thgeneration productivity","2005","Hospitality","8074"
"6417","dCCAFA4E6EB47cf","Singh Ltd","http://mcneil.com/","Venezuela","Secured intangible function","2010","Medical Practice","4543"
"896","8b132df6983ba6d","Herring-Hampton","https://www.doyle-bender.org/","Grenada","Progressive zero administration website","2010","Non - Profit / Volunteering","3836"
"3248","AC635Eeb650ABd9","Newton, Conrad and Sherman","http://logan-sims.com/","Spain","Ergonomic leadingedge throughput","1973","Mining / Metals","6341"
"2327","5b0EE07BA206Ad5","Russo, Montes and Nixon","https://trevino.com/","Indonesia","Balanced analyzing flexibility","1977","Computer Networking","3739"
"7097","9becCB00DEE74f1","Wise-Acosta","http://acosta-case.com/","South Africa","Function-based optimal task-force","2001","Packaging / Containers","9110"
"9506","eE2D0BBBf7EDDB5","Roberts and Sons","http://robles.com/","Congo","Fully-configurable 24/7 policy","2017","Civic / Social Organization","9392"
"7582","f9EdBC859AFF8df","Herrera and Sons","http://www.kent.com/","Finland","Re-contextualized value-added function","2007","Judiciary","7796"
"9743","08f20e8FF833669","Stevens LLC","https://monroe.com/","Estonia","Assimilated leadingedge utilization","2001","Semiconductors","6869"
"5039","eAdFeCeDd1E8e07","Rollins PLC","http://bryant-terrell.org/","Sierra Leone","Multi-channeled background leverage","1975","Higher Education / Acadamia","6928"
"6451","F9Fc1CAeBFa4C3b","Wood and Sons","https://www.shepard-gilmore.org/","Lao People's Democratic Republic","Distributed mission-critical structure","1994","Tobacco","1254"
"4137","EafCeFD4dEbEC5a","Burnett and Sons","https://www.callahan.org/","American Samoa","Synchronized 4thgeneration emulation","2001","Legal Services","3997"
