"Column_1","Column_2","Column_3","Column_4","Column_5","Column_6","Column_7","Column_8","Column_9"
"2481","aB1ED8Fa46a3491","Larsen-Hinton","http://www.waller-daniels.net/","Hong Kong","Fully-configurable 3rdgeneration time-frame","1993","Think Tanks","9422"
"290","6e1CbD3AA2ADD5A","Mata-Ayala","https://www.wall.org/","Bouvet Island (Bouvetoya)","Integrated object-oriented Local Area Network","2007","Furniture","8980"
"6087","5d26cB8a38A70de","Haney-Hoffman","http://oneill.com/","Turkey","Fully-configurable impactful productivity","2015","Management Consulting","5413"
"3076","b05701D283cDaF4","Peck Group","https://www.park-marks.com/","Poland","Reactive modular solution","2011","Fine Art","6333"
"8124","F1badec3251b3c0","Sosa-Smith","https://jordan.com/","Comoros","De-engineered optimal info-mediaries","1974","Textiles","1906"
"7599","89695f4dcC6CEb7","Evans PLC","https://hoover.com/","Chile","Face-to-face logistical productivity","2001","Legislative Office","5712"
"6404","eBA6BefdB4C59Ed","Andrews, Acevedo and Chandler","https://www.barton-shepard.biz/","Bouvet Island (Bouvetoya)","Open-architected modular Graphic Interface","1979","Ranching","6415"
"5090","Af2aFBa60Df3eDD","Crosby and Sons","https://anderson-erickson.com/","Serbia","Polarized upward-trending forecast","1974","Shipbuilding","3392"
"7284","C4c6eF5C5BdFAb7","Jordan, Choi and Mckenzie","https://www.chase-hopkins.com/","Saint Kitts and Nevis","Progressive reciprocal service-desk","1973","Medical Practice","5664"
"9718","3d1C36FDAA511cd","Snyder, Poole and Mcpherson","http://werner.com/","Congo","Adaptive bottom-line standardization","2012","Graphic Design / Web Design","6186"
"8403","CF1f6cD469aACfC","Hamilton-Horton","http://marshall.com/","Netherlands Antilles","Configurable mobile functionalities","2009","Veterinary","403"
"6122","e40F2F7719F2dCE","Hull LLC","https://www.jackson.com/","Moldova","Profit-focused context-sensitive matrices","2016","Translation / Localization","4509"
"7755","5FF0487CF1afd21","Park Inc","https://padilla.net/","Cape Verde","User-friendly 6thgeneration project","1994","Investment Management / Hedge Fund / Private Equity","1735"
"271","81Eb3f6a9ed36cF","Horne-Gray","https://roberson.biz/","Qatar","Universal multi-tasking productivity","1977","Computer / Network Security","1928"
"6010","F8dD9E0eaA3CDCa","Ortega-Chandler","http://lutz.com/","Luxembourg","Ameliorated disintermediate benchmark","1975","Glass / Ceramics / Concrete","7860"
"4571","DaBEA6bBAE3287E","Kirk-Stanley","http://www.perkins.com/","Pakistan","Focused object-oriented neural-net","1994","Sports","7352"
"9117","B1d5F2198E2bfB9","Lester and Sons","http://lambert-rivera.biz/","British Indian Ocean Territory (Chagos Archipelago)","Cloned zero administration throughput","2013","Package / Freight Delivery","8251"
"9804","f01e0D34e8d8CB1","Bush-Gamble","http://www.bailey.com/","Guinea-Bissau","Versatile multi-state data-warehouse","1995","Glass / Ceramics / Concrete","6757"
"2972","0bEcE0DBc2954ea","Escobar-Carr","http://becker.com/","Seychelles","Adaptive coherent flexibility","1984","Mining / Metals","8556"
"6194","d1aDF5F78DDBFfe","Klein-Mcbride","https://sherman.biz/","Antigua and Barbuda","Distributed neutral capacity","2007","Research Industry","3422"
"8769","CdD22E11Ee56963","Hensley-Moyer","http://carlson.com/","Tanzania","Phased grid-enabled alliance","2012","Program Development","6115"
"4208","D2dc21f2Dfbd56D","Durham and Sons","http://www.wilcox-wells.com/","Lao People's Democratic Republic","Cross-group regional emulation","2007","Animation","1008"
"3219","B4ac374df8Ba81D","Walton, Mullen and Dennis","http://www.aguirre.com/","China","Reverse-engineered real-time migration","1972","Electrical / Electronic Manufacturing","4456"
"1392","9ABC16ec5d14508","Vang, Phelps and Barnes","http://jimenez.com/","Oman","Open-architected systemic Graphic Interface","1981","Other Industry","8456"
"3976","DF9dEfB2BeE768d","Garrison-Castro","https://www.oneill.com/","Argentina","Versatile national benchmark","1982","Semiconductors","5437"
"4317","2b6EFAAEf9A1A9a","Todd-Pace","http://www.burnett.org/","Ghana","Integrated zero administration functionalities","1989","Biotechnology / Greentech","8148"
"7960","5C2e7Bd219FBE1e","Hardin-Coleman","https://www.schneider.net/","Latvia","Multi-channeled global attitude","1983","Wholesale","8317"
"7345","CCfD1D4CA704DCa","Lin Ltd","http://wallace-mcclure.com/","Vanuatu","Polarized 24hour access","2002","Machinery","8141"
"7449","b02eFBc9439A8F3","Mcintyre, Bolton and Wheeler","http://cortez.com/","Antigua and Barbuda","Progressive scalable concept","2017","Farming","4807"
"84","9c8AbD6c6bBBeCE","Fox, Holmes and Morse","https://www.leonard.com/","Belize","Robust context-sensitive emulation","2003","Ranching","4860"
"874","201F8C71c4baBcB","Pace, Rios and Meyers","http://www.sharp-williams.com/","Slovenia","Total systematic matrices","2003","Consumer Goods","8534"
"9606","AC34C4B9F9FAC4A","Velasquez, Walker and Wilson","http://ortiz.com/","Croatia","Optimized attitude-oriented architecture","1981","Packaging / Containers","3308"
"7636","DbED8194A57861e","Oconnell and Sons","http://www.leon.com/","Svalbard & Jan Mayen Islands","Proactive impactful extranet","1990","Public Relations / PR","7995"
"4558","DceE8a2E2a80165","Hooper-Sexton","http://hale.com/","Sweden","Centralized tertiary productivity","1984","Photography","9106"
"4501","F1fB0159c0a426c","Copeland-Howe","http://www.simmons.info/","Maldives","Persistent analyzing adapter","1980","Translation / Localization","362"
"4648","34a2c346AcCBeB4","Mathis, Benton and Montes","http://www.barker-boyer.com/","Qatar","Organized intangible benchmark","1978","Fine Art","2398"
"2039","433c27A7a9a47fb","Barnett and Sons","https://www.ramsey-hood.com/","Benin","Ergonomic next generation groupware","1981","Government Administration","1479"
"9695","f0F4B07d68DFEaD","Martin LLC","http://myers.org/","Madagascar","Multi-channeled bifurcated Local Area Network","1991","Design","9153"
"6910","7D5ecD0ADfaAc9b","Benjamin, Zamora and Foster","https://archer.com/","Oman","Digitized needs-based hierarchy","1985","Sporting Goods","992"
"2451","0EffC7FedCBdC24","Curry-Buchanan","https://www.wade.org/","Nauru","Fundamental bottom-line solution","2003","Motion Pictures / Film","6461"
"3955","DAd6Ad7EDfD0cfe","Lamb-Winters","http://www.juarez-beasley.com/","Hungary","Expanded client-driven throughput","1996","Mining / Metals","8616"
"2330","6A62d6aFddEd186","Lynch, Pugh and Cochran","http://guerra.org/","Australia","Sharable tertiary frame","1978","Computer Hardware","7236"
"9125","462BEAa5ACF2F74","Tapia PLC","http://www.shah.com/","Vietnam","User-friendly motivating frame","2003","Consumer Goods","1857"
"7045","d04Fd6E2A80beeb","Cowan Inc","http://norris.com/","Cook Islands","Future-proofed empowering collaboration","1990","Military Industry","3081"
"5043","B80c20fa6C89De2","Montoya, Ibarra and Mueller","https://hurley-stanley.biz/","Cameroon","Switchable incremental knowledgebase","2009","Tobacco","8980"
"9365","22a8A3604564Efe","Hill-Hutchinson","http://dudley.com/","Botswana","Intuitive clear-thinking concept","1994","Investment Management / Hedge Fund / Private Equity","6214"
"4747","b28EFa33C00c4aB","Conley PLC","https://www.trujillo-schaefer.info/","Ireland","Secured bi-directional product","1991","Maritime","9133"
"9368","1f2D2259B52Ca1e","Marquez and Sons","http://valencia-serrano.com/","Togo","Inverse attitude-oriented paradigm","2019","Computer / Network Security","4217"
"9403","1Fe3cF67Aab9DC7","Lindsey Inc","http://mays-davenport.com/","Saint Barthelemy","Multi-lateral optimal firmware","2013","Farming","2745"
"6492","cff22FDd71c4095","Roberson-Weiss","https://munoz.com/","Pitcairn Islands","Phased analyzing firmware","2016","Judiciary","3412"
"6638","aBa7Eb7F879ac1F","Dixon-Obrien","https://www.vega-foster.com/","Mayotte","Assimilated hybrid support","1987","Government Administration","7549"
"7226","7951cEeceAf6183","Willis-Vargas","http://www.beasley-nunez.com/","Greece","Quality-focused asymmetric attitude","2011","Investment Banking / Venture","9443"
"2402","574C4941EB46aED","Pugh and Sons","http://www.henson.com/","Rwanda","Multi-layered user-facing moderator","1988","Ranching","2281"
"5521","82a6447Eeeb694d","Pollard, Schroeder and Yates","http://www.scott-barnett.com/","Belgium","Reduced reciprocal strategy","1984","Human Resources / HR","5088"
"1217","c029a3e9EDE66bb","Lindsey, Bryant and Bradford","http://www.sexton.info/","Zambia","Re-engineered neutral extranet","1975","Real Estate / Mortgage","1332"
"8696","d5A6d04CBbcc048","Bonilla PLC","http://www.roy.com/","French Southern Territories","Realigned 3rdgeneration contingency","2022","Library","6886"
"6021","a9Ea9C876B78da1","Compton, Stuart and Ballard","http://mathis-massey.biz/","Svalbard & Jan Mayen Islands","Polarized homogeneous archive","2018","Broadcast Media","649"
"6866","709df7BA9bF206B","Anderson, Wolfe and Pena","https://bartlett.com/","Bahamas","Persistent web-enabled core","1999","Semiconductors","1143"
"1065","8BfCdaeD5fF402e","Schmitt PLC","https://hardy.info/","Ireland","Distributed regional toolset","1987","Writing / Editing","760"
"3787","dAdB814aA356AcE","Snyder-Sims","http://decker.com/","Nicaragua","Stand-alone non-volatile moratorium","2002","Facilities Services","3476"
"4411","f8fDdD000428F4c","Leonard PLC","http://walton.org/","Kiribati","Vision-oriented next generation matrices","2010","Shipbuilding","6577"
"6860","5ed1826A0FDcCfc","Cummings-Schwartz","https://vance.org/","Falkland Islands (Malvinas)","Reduced solution-oriented collaboration","1979","Public Safety","9570"
"6761","8fFd6cAfe23CF7a","Roberts Ltd","https://www.bailey.info/","Malawi","Devolved object-oriented capacity","1994","Consumer Goods","3173"
"5524","d476DDe0C6b9C07","Griffin, Joseph and Watson","http://www.haney.com/","Cook Islands","Exclusive uniform emulation","2015","Research Industry","7240"
"5997","69aDf3Fde16957E","Frazier, Liu and Holmes","http://www.hubbard.com/","Western Sahara","Business-focused bandwidth-monitored support","2000","Sports","289"
"8834","daDa61C2AfAcEBC","Nelson, Dawson and Davidson","http://www.henry.com/","Burundi","Vision-oriented attitude-oriented archive","2003","Alternative Dispute Resolution","1230"
"5889","ff9ac431C4A8C3a","Esparza, Gamble and Mcdonald","https://www.vargas.com/","Romania","Function-based eco-centric leverage","2020","Newspapers / Journalism","7169"
"2162","6f3fe3e21adaa19","Dominguez Ltd","https://rosales.net/","Falkland Islands (Malvinas)","Stand-alone non-volatile strategy","1984","Philanthropy","6360"
"3009","aDF252E7Fe27377","Zamora, Leblanc and Blankenship","http://www.moyer.com/","Switzerland","Re-engineered static challenge","2014","Computer Games","2914"
"1106","021621C8b0AA7bE","Kelly and Sons","https://www.harding.com/","Azerbaijan","Face-to-face leadingedge encoding","2018","Internet","993"
"6655","ae4fD686c4d669a","Goodwin-Brown","http://www.fitzgerald.com/","Austria","Integrated motivating Internet solution","2013","Luxury Goods / Jewelry","669"
"693","b7fA0a6Bad943Be","Gentry-Gamble","https://www.pena-barron.org/","Slovenia","Triple-buffered dedicated process improvement","2002","Performing Arts","9312"
"9958","B1eD4D2c0cbEF1A","Duffy, Little and Walls","http://www.combs-morrison.com/","Mexico","Operative neutral adapter","2008","Writing / Editing","9614"
"4957","fd85BCA6DB6531E","Dalton, Parrish and Holt","http://www.good.biz/","Gambia","Profit-focused 5thgeneration model","2021","Tobacco","3878"
"6598","1f5BaDBDfbF3928","Dudley-Mcconnell","https://reynolds.com/","Argentina","Realigned background conglomeration","2011","Sports","1443"
"8481","2BCC1cDAfE03BBe","Todd-Cordova","https://www.savage.com/","Paraguay","Adaptive full-range pricing structure","1996","Higher Education / Acadamia","2085"
"4370","DACFdEfBd7CA6Df","Dyer, Leon and Cruz","https://gamble-arellano.com/","Niger","Digitized 24/7 project","2003","Computer Hardware","69"
"2766","b6a536a4FFfF65f","Hurley LLC","http://sheppard.net/","Bulgaria","Programmable well-modulated secured line","2021","Library","6377"
"3930","b16473c8E91Df5F","Newman LLC","http://www.brown.com/","Somalia","Centralized hybrid superstructure","2021","Electrical / Electronic Manufacturing","1535"
"7135","dbeFd5F8cd7ec61","Meadows, Short and Castaneda","http://sanchez-bass.com/","Palau","Configurable optimizing functionalities","1972","Individual / Family Services","998"
"8736","8f750cd0ADdCf47","Mccann, Mercer and Johns","http://webster.com/","Canada","Assimilated context-sensitive middleware","1975","Hospital / Health Care","635"
"7531","fD9D8D7AAdE4BAe","Stewart, Huang and Wagner","https://andersen.net/","Tunisia","Reduced 24/7 open architecture","2003","Information Services","252"
"7529","E2FDF3283de7FDD","Jacobs, Church and Olsen","https://www.trevino.com/","Uruguay","Cross-group incremental superstructure","2011","Consumer Goods","1620"
"629","BAfeEdcD84Ca97f","Simon and Sons","https://holloway.info/","Trinidad and Tobago","Monitored bifurcated methodology","2011","Textiles","6255"
"2452","82D4a85407AAAAd","Richards, Waller and Atkins","https://yoder-benjamin.biz/","Paraguay","Configurable web-enabled forecast","1991","Primary / Secondary Education","8715"
"6240","5CDEaeB5Aa766e7","Turner, Alexander and Collins","http://www.estes.biz/","French Polynesia","Operative regional infrastructure","1971","Media Production","4551"
"7013","eF20EaF2cCc6d53","Marsh-Day","https://www.daugherty.biz/","Philippines","Profound bottom-line emulation","1983","Accounting","9234"
"3825","1De729C460f6F00","Barron-Carlson","http://www.lester.com/","Puerto Rico","Open-source modular challenge","2002","Museums / Institutions","1533"
"8978","a7BBf071985AE8D","Myers, Hebert and Riggs","https://www.clay.com/","Greenland","Cloned bifurcated pricing structure","1976","Investment Banking / Venture","9913"
"2653","E96dB5eeA01632B","Hunter, Michael and Meadows","http://www.woodward.com/","Yemen","Exclusive value-added hub","1986","Broadcast Media","4029"
"9108","E6E97F1FaB4C28D","Reese, Roth and Massey","http://www.walton.com/","United States Virgin Islands","Programmable composite alliance","1994","Dairy","4108"
"3744","Ce9bC015aea7be1","Beck, Gregory and Pruitt","http://mckay.net/","Zimbabwe","Fully-configurable uniform data-warehouse","1980","Real Estate / Mortgage","6122"
"2177","d9e4FabC30D30bc","Warren, Pruitt and Mack","https://simpson-browning.com/","Egypt","Expanded dedicated architecture","1991","Tobacco","1154"
"9907","dBbcCecf4E12EB8","Larson and Sons","https://www.beltran-dalton.info/","Ireland","Reactive dedicated superstructure","1998","Warehousing","7272"
"9264","Fb0B4B1e0035E7B","Hebert-Lang","http://davenport-oneill.net/","Bhutan","Proactive zero tolerance initiative","1981","Civic / Social Organization","2729"
"3319","c5BB23fB732DBF6","Meza and Sons","http://robinson.info/","French Southern Territories","Realigned contextually-based strategy","1996","Think Tanks","4346"
"6344","23aEB74c2b9EC12","West, Tapia and Leonard","https://carter.info/","Cape Verde","Horizontal neutral projection","1982","Hospital / Health Care","4856"
"2788","42941ebDFCD537b","Morse-Estes","http://www.tapia.net/","Nepal","Fundamental reciprocal capacity","2014","Mining / Metals","2358"
"4106","cf9daF99f9E5FC0","Villarreal, Mullins and Mills","http://kline-little.com/","Micronesia","Multi-layered exuding task-force","1976","Fine Art","6467"
"6356","b6aCBc7a0Ffe5aF","Bryan-Maynard","https://solis.biz/","Wallis and Futuna","Compatible 24hour benchmark","1993","Nanotechnology","4368"
"1677","8FBb524fC5E42F7","Hanson-Keith","http://www.sherman-kramer.com/","Ukraine","Organized clear-thinking structure","2013","Apparel / Fashion","4103"
"3948","c45E3b96F547B13","Jensen-Hernandez","https://gill-ho.com/","United States of America","Reverse-engineered 4thgeneration knowledgebase","2001","Architecture / Planning","9702"
"4445","Fa1f8db32a383BA","Mcmahon, Gates and Schneider","http://www.liu-french.info/","Uganda","Innovative directional help-desk","2009","Wireless","6343"
"2937","3f4fefD33bdadDE","Harvey, Cain and Gross","http://www.mitchell.com/","Kazakhstan","Polarized cohesive solution","1988","Marketing / Advertising / Sales","9382"
"9006","0bc2CE15C6fCe1e","Lucero, Dyer and Cowan","https://www.horton.biz/","Costa Rica","Synergistic full-range interface","1990","International Trade / Development","8836"
"7767","bD39ca418cF586B","Gamble-Strong","http://silva-woodward.org/","Gabon","Devolved mobile migration","2001","Glass / Ceramics / Concrete","1843"
"5723","5eC34eEbDDb5b62","Delacruz, Fisher and Garcia","https://rhodes.net/","Netherlands Antilles","Switchable asymmetric secured line","1978","Computer Games","6006"
"7442","d9E90c8B75fA6Ee","Owens, Gilbert and Avery","https://forbes-martin.com/","Kenya","Switchable real-time ability","1980","Maritime","9612"
"2504","cF2584cBeACa4E7","Mays, Parker and Graham","http://sanchez.com/","Jersey","Cross-group 4thgeneration orchestration","2018","Logistics / Procurement","8350"
"8483","f90fbF1e7ceD373","Booth, Mccarthy and Meadows","http://www.vazquez.net/","Rwanda","Organized systemic groupware","1995","Commercial Real Estate","17"
"2370","6A51259ddF1fE9D","Cooper Inc","https://baker-malone.org/","South Africa","Multi-tiered multi-tasking task-force","1984","Shipbuilding","5517"
"4968","dD4fFceB9cE59db","Hunter, Moore and Martin","http://www.burke.com/","Tanzania","Enterprise-wide content-based utilization","2013","Marketing / Advertising / Sales","1837"
"5884","D3dbf0f065E9e10","Delgado, Herring and Morgan","http://www.robertson.biz/","Mauritius","Seamless modular hardware","2005","Telecommunications","6287"
"2218","Acbe98B2CBD9Bcc","Haney-Anderson","https://www.cook.com/","Bahrain","Team-oriented global protocol","1972","Graphic Design / Web Design","1560"
"5848","3CA5B9beAEfceA9","Jensen Ltd","http://www.serrano-cummings.com/","Japan","User-friendly hybrid database","1996","Newspapers / Journalism","5568"
"2219","4437e9D5f1F052e","Hanna, Jackson and Spence","https://liu.net/","Cyprus","Front-line demand-driven focus group","2014","Banking / Mortgage","1459"
"3327","B5C8aad1c747DCD","Holmes-Vang","https://stevens.com/","Brunei Darussalam","Organic multi-state challenge","1990","Alternative Dispute Resolution","8359"
"6734","Db3eDcA1E8dd91f","Rosario-Richard","https://sharp.biz/","Greenland","Self-enabling mission-critical initiative","1983","Printing","9058"
"3584","bDBDB8a4bDCA04c","Snyder-Mckinney","https://www.snyder.info/","Armenia","De-engineered executive process improvement","2014","Accounting","4925"
"9825","044574b7694Bf3F","Harmon-Larson","http://mccoy-waters.net/","Portugal","Compatible well-modulated conglomeration","2017","Higher Education / Acadamia","6955"
"3620","7E9f73248bc5C80","Fitzgerald, Morris and Campos","https://www.payne.biz/","Guatemala","Phased regional infrastructure","1986","Political Organization","4737"
"7708","C671BdABBd451d1","Valentine PLC","http://fitzgerald.com/","Cocos (Keeling) Islands","Face-to-face discrete workforce","1994","Government Administration","2731"
"6433","3DC4E5d406ADf6D","Khan, Warren and Moreno","http://www.perez.com/","Austria","Seamless intermediate info-mediaries","1987","Photography","1159"
"3116","c5C6a6FDe9D074C","Wheeler-Garrison","http://kemp.info/","Aruba","Function-based 6thgeneration instruction set","2002","Writing / Editing","9115"
"86","b9AcF65Aa0b8FDB","Christian Inc","http://www.kaiser-sosa.com/","Oman","Sharable cohesive superstructure","1983","Fundraising","3382"
"5974","DDF6C7DadDbecBC","Pollard Ltd","http://meyer.com/","Montserrat","Managed responsive architecture","1993","Electrical / Electronic Manufacturing","2162"
"2802","152FbccaeC937a0","Durham Inc","http://www.levy.org/","Congo","Open-architected asynchronous installation","1989","Newspapers / Journalism","2447"
"3672","8daFcbe338ebC40","Burke Ltd","https://leonard-marquez.com/","Kazakhstan","Centralized incremental product","1980","Fundraising","2266"
"3668","5BaFa41bd5FC7C6","Ferguson, Cain and Wolf","http://www.davila.biz/","Indonesia","Customizable bi-directional initiative","2012","Research Industry","487"
"9795","aB0FCa199D3d8AF","Moran, Sellers and Oliver","http://www.bautista-galloway.biz/","Bolivia","Horizontal modular website","2016","Military Industry","3104"
"5159","CBdDEA50E5BC2Ac","Montoya and Sons","http://www.gibbs-dennis.info/","El Salvador","Horizontal systematic algorithm","2015","Wholesale","3524"
"5726","bd91CB36A1B98B9","Buchanan and Sons","https://martin.com/","Congo","Versatile logistical installation","1971","Alternative Dispute Resolution","6467"
"4591","beBD0F253c40f97","Snyder-Roberts","https://www.durham-weeks.org/","Netherlands","Face-to-face zero-defect time-frame","2008","Insurance","5192"
"2020","DEa1e93661Cf4F7","Murphy-Ray","https://shea-newton.com/","Fiji","Compatible methodical moratorium","2006","Education Management","8327"
"7832","3cFBDAdf0C3DEC9","Jennings, Orozco and Velazquez","https://www.powers.org/","Djibouti","Configurable attitude-oriented paradigm","2001","Writing / Editing","7748"
"2526","aFA6AE4aeEbb8db","Abbott, Berg and Gay","https://espinoza-wheeler.net/","Pakistan","De-engineered web-enabled Graphical User Interface","1985","Shipbuilding","5716"
"8287","2DBFba02c87F751","Scott, Jarvis and Mack","https://www.perkins.org/","Wallis and Futuna","Multi-tiered leadingedge intranet","1975","Commercial Real Estate","1729"
"9207","cBcbc4cfb31872F","Manning-Barrett","https://www.dunn-bean.com/","South Africa","Assimilated content-based attitude","2020","Media Production","8946"
"3213","177BFDe22ED5DF8","Flynn-Reilly","https://www.haney-dickson.com/","Puerto Rico","Ergonomic asymmetric moderator","1983","Program Development","6682"
"520","DaF2d0aeFA7A0f0","Montoya-Shaw","https://sanford.net/","Fiji","Mandatory system-worthy secured line","1983","Paper / Forest Products","4277"
"5367","70b5Be001Fa1dBF","Mcknight-Hurley","http://aguirre-pennington.biz/","Austria","Seamless system-worthy utilization","1971","Market Research","6911"
"6763","Dd6ac6a7FFFBcB2","Blankenship-Miranda","https://bennett-mcgee.com/","Solomon Islands","Pre-emptive interactive groupware","2006","Alternative Dispute Resolution","8619"
"2896","DAadfcAa2dDfEEc","Duffy Inc","https://ryan.com/","Cameroon","Operative client-driven strategy","2015","Cosmetics","5840"
"245","54858f87816CF51","Walsh LLC","https://shelton.org/","Andorra","Sharable 4thgeneration extranet","2021","Aviation / Aerospace","8761"
"5931","5a6DcC3bD6401d7","Foley LLC","https://www.terry.com/","Honduras","Inverse radical superstructure","1987","Environmental Services","9694"
"4715","a5539CefA6b7A98","Short, Bond and Stark","http://www.hickman.org/","Bolivia","Networked heuristic software","2020","Mechanical or Industrial Engineering","4055"
"9568","Bd76adFdbF98826","Johnston Inc","http://wolf.com/","Morocco","Synchronized fresh-thinking Local Area Network","1996","Law Enforcement","3793"
"3426","1e57D4A04acd65F","Greer-Martin","http://gates.net/","Fiji","Proactive foreground encryption","2011","Government Administration","5553"
"6932","cad4CA03aDcc958","Lewis, Mcgrath and Mcmillan","http://mays.com/","Dominica","Universal secondary frame","2002","Chemicals","6207"
"6721","5548bBa878a88ab","Stout Inc","http://lester-kaiser.net/","Denmark","Devolved eco-centric process improvement","2014","Health / Fitness","1303"
"7411","eF8f9E4DBd55d22","Galvan, Ramos and Day","https://gillespie.net/","Niue","Customer-focused methodical application","2019","Nanotechnology","3431"
"6178","3BA897bFDfEfc8b","Harper, Scott and Stephenson","http://www.wagner.com/","Burkina Faso","Virtual composite analyzer","2013","Internet","7157"
"7251","cCFc6d2a2D4f1B2","Best and Sons","https://tyler.com/","Guinea-Bissau","Phased bottom-line algorithm","2012","Computer Software / Engineering","9501"
"5510","0Bc11EF28960f6b","Marks, Bowen and Murillo","http://lucero-key.com/","Afghanistan","Optimized analyzing strategy","1996","Railroad Manufacture","7713"
"2002","409a8BbFE5d0B97","Flynn PLC","http://tate-douglas.info/","Cayman Islands","Profound disintermediate budgetary management","1992","Information Technology / IT","6306"
"886","e5ADDd1e3ec4EB0","Cardenas, Sampson and Gill","http://www.harrell-garrett.com/","Canada","Polarized non-volatile collaboration","1996","Computer Hardware","4228"
"870","A2AAfD6eD2f7E83","May PLC","https://www.gonzales.org/","Argentina","Switchable human-resource data-warehouse","1984","Photography","468"
"9689","e09C642BceC63dd","Moses Inc","http://ibarra.com/","Burundi","Ameliorated dynamic data-warehouse","1991","Photography","9269"
"5721","7c10f4a5B4Ec8e6","Elliott-Randolph","http://branch-sosa.com/","Panama","Vision-oriented exuding system engine","2003","Research Industry","8670"
"357","1cdC84e82c8A9eD","Nash-Foley","http://whitaker-mann.com/","Tokelau","Public-key attitude-oriented time-frame","1974","Ranching","7793"
"9908","dd872B3Df6AEC5c","Wilkins PLC","http://beltran.com/","Saint Helena","Pre-emptive foreground definition","2015","Transportation","5112"
"5452","FfAEE9eaaBD8fb6","Cisneros-Haynes","https://berg.com/","Vietnam","Ameliorated static model","2002","Primary / Secondary Education","4860"
"8194","74e1cED89ACe056","Shannon, Nelson and Durham","https://www.webb.com/","Liberia","Extended executive migration","1991","Luxury Goods / Jewelry","1622"
"6439","e6ef6FC6D3fC27b","Moore-Carney","http://fowler.info/","India","Customizable discrete customer loyalty","2015","Wine / Spirits","8903"
"7705","F7beD11bEC5ffF6","Blair-Zavala","http://www.estrada.com/","Kuwait","Realigned high-level challenge","2006","Investment Management / Hedge Fund / Private Equity","3445"
"1276","c28B8fD9F1111DA","Hurst-Howe","https://www.phelps-greene.com/","Palau","Profit-focused optimizing support","1975","Media Production","4792"
"1891","9Bc55a529B62ca6","Crawford-Ramos","http://www.neal.com/","Vietnam","Down-sized hybrid Graphic Interface","2019","Semiconductors","1350"
"8687","7a88bFE23cCaEa2","Santiago Ltd","https://vang.info/","Falkland Islands (Malvinas)","Multi-layered executive strategy","2018","Library","5575"
"6569","B84A7b6Bbfbc457","Vincent-Walker","http://www.chan-ruiz.com/","Zimbabwe","Multi-layered dynamic hierarchy","1974","Civil Engineering","6779"
"9624","CEd0b417DE1610F","Irwin PLC","https://cannon-whitehead.com/","Panama","Phased bandwidth-monitored customer loyalty","2007","Restaurants","8935"
"3564","cEee09cB9a88AF0","Patterson Inc","https://jimenez-turner.com/","France","Implemented foreground monitoring","1990","Supermarkets","8381"
"5788","2a84df770eB21BC","Powell, Velez and Luna","https://www.boyd.com/","Uganda","Object-based regional application","2012","Furniture","4761"
"4959","fe9DF1A5b91b5FA","Brennan, Leblanc and Holland","https://www.orozco.com/","Liechtenstein","Profit-focused bifurcated task-force","2006","Publishing Industry","337"
"1547","CF6C9933fAe1E54","Foley LLC","http://www.leonard.com/","Faroe Islands","Secured web-enabled implementation","2003","Warehousing","554"
"2381","Afcd9aeFF8B8F0E","Bush Ltd","http://www.gates.com/","Burkina Faso","Pre-emptive tertiary toolset","2003","Supermarkets","5874"
"3824","Bf99222403CbD51","Snyder and Sons","http://schaefer.com/","Isle of Man","Triple-buffered executive parallelism","2011","Information Technology / IT","9673"
"3233","6EB9a3FCfB9AbF8","Norris, Hess and Hendrix","http://www.boone.com/","Mozambique","Robust intermediate neural-net","2022","Gambling / Casinos","5481"
"8400","e299E3Eb3af6BFE","Frye-Herrera","http://vaughn.com/","Guinea","Up-sized mobile application","2003","Dairy","8327"
"3307","3dDCb3bA15D5921","Jefferson, Holden and Bennett","http://www.andersen.net/","Gambia","Open-architected upward-trending hierarchy","2008","Mental Health Care","1818"
"493","dc8B4DEB7Bb0F14","Curry-Warner","http://www.hooper-duran.com/","Costa Rica","Balanced eco-centric function","2007","Newspapers / Journalism","8106"
"3500","A58b35B7dB7346C","Rojas-Miles","http://www.walls.net/","Guam","Face-to-face local instruction set","1981","Recreational Facilities / Services","2302"
"6665","18AF5aeDF3c680a","Nunez-Avery","http://www.kline-george.com/","Aruba","Sharable methodical neural-net","2022","Fundraising","1639"
"1117","fF9c6B1a61dDe95","Pugh Ltd","http://www.vargas.info/","Saudi Arabia","Down-sized actuating implementation","1993","Alternative Medicine","352"
"5638","FDE1EC49d8A3f6D","Edwards, Chaney and Huber","http://www.meyers.info/","Grenada","Customer-focused responsive archive","1971","Import / Export","7604"
"8775","0F4bAEF01C6be36","Short-Jones","https://www.atkinson.info/","Australia","Reduced multi-state firmware","1975","Commercial Real Estate","76"
"6147","1A65e6ACb4c8252","Reid Ltd","http://www.camacho-keller.org/","Estonia","Switchable user-facing matrices","1990","Law Enforcement","1516"
"9868","a31DB0B26BC110a","Bailey-Clarke","http://arias-moreno.org/","Cook Islands","Intuitive modular framework","2021","Alternative Dispute Resolution","5087"
"8776","EaC1A6Ba1bfB8fe","Tucker-Barajas","https://www.sanford.com/","Belize","Mandatory reciprocal system engine","2012","Hospital / Health Care","9189"
"6708","aE65Eb120d1D37B","Macias, Pacheco and Chavez","https://www.bird-joyce.org/","Tonga","Upgradable fault-tolerant info-mediaries","1995","Alternative Dispute Resolution","8834"
"9949","0edFd74982d4ce3","Hayden, Barrera and Hayden","http://huynh.info/","Tunisia","Persistent national flexibility","1979","Mining / Metals","7125"
"7966","04a36d2a2a93eD3","Roberts-Murillo","http://foster.com/","Israel","Ergonomic system-worthy product","1991","Dairy","8868"
"3646","d09D9Fd89D4c3Ff","Morrison, Camacho and Pena","https://www.levy-potter.com/","French Polynesia","Switchable client-driven definition","1972","Plastics","2527"
"2501","d6698b9f2beB1Cf","Richardson, Petty and Cuevas","https://www.jacobs-dunlap.com/","Tanzania","Switchable 5thgeneration archive","1998","Information Services","8203"
"5678","4BFBBFCBD21e8FF","Kirk, White and Cardenas","http://randolph-waters.com/","Antarctica (the territory South of 60 deg S)","Multi-channeled tangible algorithm","1978","Pharmaceuticals","6491"
"5242","b9fF7F44ACf3c0E","Stanley-Kirk","http://oconnor-patton.info/","Armenia","Distributed multi-tasking matrix","1990","Import / Export","9918"
"6519","BA9E62939e503B0","Dorsey-Ingram","https://www.weber.biz/","Paraguay","Horizontal client-server conglomeration","1993","Building Materials","7928"
"2784","F928b8ABd5f97E9","Herman-Russell","http://shelton.com/","Sao Tome and Principe","Reduced logistical methodology","1987","Food / Beverages","9733"
"6159","2d51056d52Ce59e","Warner and Sons","https://www.cardenas.info/","Afghanistan","Reduced reciprocal ability","1982","Veterinary","252"
"3810","366E24Bda3Fc46F","Wheeler Group","https://esparza.info/","Saint Lucia","Realigned stable infrastructure","1971","Apparel / Fashion","2886"
"9429","A4BecDFE8c0dAAB","Mcknight, Ritter and Townsend","https://may.com/","Kuwait","Assimilated dedicated matrix","1998","Library","1999"
"9525","a652a5BEAA99ECC","Hamilton Ltd","https://www.fernandez.com/","French Southern Territories","Object-based holistic knowledge user","1997","Luxury Goods / Jewelry","6782"
"8600","127A7FC68Bf8Ebb","Green Group","http://shelton.biz/","Belgium","De-engineered needs-based support","2013","Paper / Forest Products","1102"
"1697","F6E2Bf96705B4D3","Wiley Inc","https://www.rhodes.org/","Chad","Quality-focused impactful workforce","2015","Facilities Services","782"
"5686","9817d1BeD753849","Massey-Roman","https://www.nichols-neal.biz/","Italy","Synergistic clear-thinking analyzer","2018","Shipbuilding","2160"
"8368","FBcfc52a43DcAF7","Henson, Payne and Colon","http://www.bartlett-hutchinson.com/","Albania","Adaptive holistic Internet solution","2018","Package / Freight Delivery","9841"
"5940","a7FBff8359Fa912","Reeves Inc","https://www.burch-best.com/","Netherlands Antilles","Digitized discrete matrix","1997","Research Industry","9676"
"2053","dc96b7A118abA60","Todd Group","http://www.li.com/","Gibraltar","Multi-tiered user-facing service-desk","2006","Utilities","6968"
"1777","26B9d80DD34AEa8","Harrington Ltd","http://clayton-bowen.com/","Egypt","Ergonomic next generation architecture","2018","Leisure / Travel","7759"
"6561","35D26bA5e7681db","Woodward, Pollard and Simon","https://www.wheeler.org/","Russian Federation","Monitored value-added database","1983","Media Production","6899"
"3314","ABaDa5F8e6cE988","Forbes, Miller and Lowery","https://www.knox-pratt.com/","Palau","Mandatory dedicated product","1994","Military Industry","4743"
"4782","77EA9cb58edFC9C","Delgado and Sons","http://brown.biz/","Mauritius","Advanced didactic middleware","1998","Fine Art","7145"
"8539","Cb9b146FE9C68dD","Lang-Mathis","https://www.briggs-watkins.com/","Malaysia","Grass-roots attitude-oriented hub","1992","Airlines / Aviation","7428"
"6782","cfaFaF845355eFd","Garcia Inc","https://www.richardson-fletcher.com/","Timor-Leste","Business-focused explicit hub","2016","Events Services","3461"
"1593","D627c0B15861a6E","Hendricks-Mcintyre","https://torres.net/","United States Virgin Islands","Customizable maximized initiative","2012","Supermarkets","9352"
"1724","dBF0DACAB53b0eC","Good LLC","https://love.biz/","Iran","Organized coherent matrices","1997","Professional Training","7913"
"216","d3B7085f8fBDD56","Frazier, Gamble and Holland","http://www.watts.com/","Holy See (Vatican City State)","Digitized zero tolerance concept","2014","Textiles","9285"
"6327","A77dBE2bc0cba8e","Sparks, Crane and Stanley","https://www.richard-benitez.org/","New Caledonia","Managed responsive product","1992","International Affairs","2984"
"8257","432eaB1C04884E6","Beard-Fritz","http://www.sutton.com/","Guinea","Profit-focused disintermediate Graphical User Interface","2009","Building Materials","8755"
"491","836DDEEFcdFc8e9","Solomon, Francis and Spence","http://www.davila.com/","Lithuania","Future-proofed analyzing time-frame","1980","Public Safety","323"
"9134","de5A34Af42Bb895","Heath-Good","http://www.gutierrez.com/","Jordan","Versatile zero administration emulation","1987","Hospital / Health Care","857"
"3484","b09B5EeC53Fb1ca","Noble, Tate and Gilbert","https://kirk.com/","Algeria","Universal systemic utilization","1988","Transportation","5507"
"5103","83Ce9d2f643Db95","Mays PLC","https://crosby.com/","Italy","Switchable 24/7 model","1977","Mechanical or Industrial Engineering","5800"
"5188","a229E8E7DeACfa4","Zhang-Lee","https://www.meyers.biz/","Bahrain","Polarized methodical portal","1994","Machinery","5152"
"3432","e23addfddEfEeE4","Barron, Wilkerson and Coleman","https://www.ramos.org/","United States Virgin Islands","Public-key non-volatile interface","1973","Military Industry","7292"
"9199","69b7dd6c746BfCF","Branch-Liu","http://landry-manning.com/","Cape Verde","Visionary local service-desk","1998","Medical Practice","1129"
"7711","Ec69DacE0a53bd9","Everett, Gilbert and Phelps","http://barr.net/","Mozambique","Universal actuating intranet","2001","Chemicals","5535"
"5514","0419b7A24FFc9cE","Mendoza, Riddle and Boone","http://www.fischer.net/","Denmark","Integrated mobile collaboration","1974","Shipbuilding","447"
"26","1Cec2bE2f8a5c9f","Sosa-Lynn","https://watson-willis.com/","Brazil","Monitored upward-trending hierarchy","1994","Architecture / Planning","4905"
"3513","E37Caf4db9761C2","Zhang-Gillespie","http://www.murray.com/","Guinea-Bissau","Organic client-server utilization","1989","Government Relations","8647"
"2410","9cbbe3bFd7fE183","Kidd, Mayo and Harrell","https://lee.com/","Slovenia","Vision-oriented 4thgeneration artificial intelligence","1984","Fine Art","1042"
"3271","cC9dc491Bb02eEc","Reilly-Baxter","http://www.salazar.biz/","Turkey","Operative coherent throughput","1992","Insurance","4555"
"5210","8CDFB958E69fb1a","Davenport-Lewis","https://www.haas-daugherty.com/","Congo","Synergistic multimedia groupware","2020","Online Publishing","7170"
"8712","1fbA1deae0841cb","Duarte-Adkins","http://www.williamson.biz/","Japan","Focused static initiative","1972","Veterinary","6591"
"1553","315Ef48AfbCA9A3","Melendez-Mclaughlin","https://www.harrington.com/","United Arab Emirates","Ergonomic dedicated open architecture","2010","Airlines / Aviation","4999"
"9198","cec1FBCcdD3Bb1c","Ford Inc","http://www.dickerson.com/","Montenegro","Upgradable national alliance","2020","Textiles","2847"
"8622","7AbaD0A0Da3eAFd","Watts, Orr and Peterson","https://www.mendez-herrera.com/","Equatorial Guinea","Face-to-face holistic matrices","2007","Performing Arts","5453"
"3872","eEa468e5FE16EEB","Saunders-Richmond","https://www.pineda-ochoa.net/","Saint Lucia","User-friendly 5thgeneration approach","2022","E - Learning","8583"
"3403","aeb86acA97248fa","Hansen Inc","http://murillo-galvan.biz/","Russian Federation","De-engineered 5thgeneration task-force","2008","Staffing / Recruiting","5919"
"4530","EeC294c27F7562a","Munoz and Sons","http://www.jackson-guerrero.info/","Venezuela","Cross-platform exuding algorithm","2012","Defense / Space","7543"
"980","2ed8D680FfB3a2c","Dickson Ltd","https://humphrey-griffith.com/","Finland","Virtual 6thgeneration strategy","1981","Law Practice / Law Firms","7005"
"2656","9aEb2d3Abbb2650","Nicholson Group","https://www.blankenship-boone.net/","Comoros","Integrated clear-thinking knowledge user","2015","Information Technology / IT","8908"
"1848","ced619985f5662A","Mcclain-Green","https://mccoy.org/","Estonia","Secured intermediate architecture","1983","Wireless","2125"
"7965","6ebfDe8beE93DD1","Kerr-Chung","http://larson.org/","Hong Kong","Networked tangible moderator","1999","Professional Training","5016"
"8241","e46E0D0f18eb8D2","Galloway, Strong and Ball","http://www.haney.com/","Saint Barthelemy","Visionary asymmetric strategy","1973","Consumer Services","1904"
"7146","B8e5EbEeB07B9DC","Neal-Peters","http://www.harding.com/","Saudi Arabia","Fully-configurable foreground help-desk","1998","Fundraising","9960"
"7300","eaeAc9280F5aF2F","Strickland-Cummings","https://www.browning.com/","Ghana","Configurable optimizing circuit","2001","Individual / Family Services","6669"
"5722","224fe1e7bcDECA9","Donaldson, Conrad and Fuentes","https://davies.com/","El Salvador","Secured clear-thinking software","1973","Professional Training","6693"
"516","9e3D1F171f572AA","Li and Sons","https://castillo-arnold.com/","Russian Federation","Stand-alone non-volatile toolset","2011","Wireless","9081"
"8746","4567d6Ace8d11cC","Nolan, Adams and Webb","https://saunders-conner.com/","Mali","Mandatory optimizing customer loyalty","2016","Leisure / Travel","7772"
"8298","0eDe8f090AFdca0","Carpenter PLC","https://cooper-hammond.com/","Mali","Team-oriented real-time installation","1987","Environmental Services","8819"
"1103","6a9B5B98B2E43dE","Zavala, Marshall and Palmer","http://duarte.biz/","United States Virgin Islands","User-friendly 24/7 strategy","1993","Translation / Localization","4408"
"3277","FcD08E4cfeB6aEF","Estrada-Dalton","http://www.beltran.com/","Montserrat","Grass-roots transitional intranet","2005","Facilities Services","1433"
"7218","F58e4D29a7eDfaF","Durham-Lane","https://www.glass.biz/","Liberia","Open-source systematic model","1974","Law Practice / Law Firms","9687"
"7390","3EEc128Fc3F1E74","Cisneros, Benton and Graham","http://bush.com/","Turkey","Profound intermediate application","2022","Military Industry","8224"
"9078","d9CcAfCeDF6682c","Hill, Ramsey and Flowers","http://bates.com/","Japan","Automated 4thgeneration strategy","2006","Legislative Office","208"
"8338","Cfa6Bd7dd2c8eD6","Montgomery-Pace","https://www.reyes.com/","Gambia","Inverse grid-enabled throughput","1982","Mental Health Care","2396"
"3997","91743Ac60Ade4F4","Chang LLC","https://www.malone-murphy.biz/","Singapore","Profit-focused upward-trending secured line","2012","Automotive","831"
"195","e15E0b8De9c8592","Singh, Schneider and Benjamin","https://www.charles.com/","Ethiopia","Future-proofed directional implementation","2016","Writing / Editing","6042"
"4712","09EaAa0Cf16F3c8","Short-Farrell","https://www.riddle-hansen.info/","Italy","Intuitive bi-directional projection","1975","International Trade / Development","7853"
"644","dD5B4c49Be0eebC","Juarez-Jensen","https://www.hardin-spears.com/","Haiti","Business-focused grid-enabled neural-net","2012","Newspapers / Journalism","9"
"9090","F1C0B97bb6A4F32","Roth-Riddle","https://www.buchanan.com/","Malaysia","Open-source actuating function","2012","Dairy","4565"
"3286","0358de278111b1d","Saunders-Andrews","https://www.shepard.com/","United States Minor Outlying Islands","Organic full-range solution","1972","Events Services","4604"
"3117","ADAE3a1CddAc3cF","Mcgrath, Donaldson and Branch","http://www.gilbert.net/","Marshall Islands","Multi-channeled mission-critical collaboration","1976","Education Management","6662"
"6477","8969BdD959Dc61b","Conley Ltd","http://andrews-pacheco.net/","Guadeloupe","Public-key contextually-based access","1992","Alternative Dispute Resolution","916"
"3576","a7E34801716bB7B","Morrow Inc","http://branch-yates.com/","Ukraine","Customizable motivating Internet solution","2021","Media Production","5221"
"9024","B104Be6987A6c68","Li-Neal","https://www.foster-wu.info/","Saudi Arabia","Expanded uniform benchmark","1999","Textiles","4063"
"4321","Dbe33Bd0A1182bB","Randolph, Griffin and Cantu","http://lambert-donaldson.com/","American Samoa","Robust coherent algorithm","1975","Judiciary","6608"
"9993","3A4FbBbeea4dD90","Fields Group","http://www.schaefer.org/","Canada","Horizontal foreground system engine","2014","Non - Profit / Volunteering","6660"
"2208","FFDf80D4F31C5af","Wolfe-Jennings","https://petty-mcmillan.org/","Zimbabwe","Advanced human-resource project","2007","Renewables / Environment","2771"
"4553","FB23AE7654BaaC4","Owen PLC","http://rush.com/","Lao People's Democratic Republic","Reverse-engineered responsive emulation","1991","Legislative Office","4256"
"7317","A9E5a551bB9B78d","Bailey-Frye","https://www.wang.net/","Tonga","Inverse systemic pricing structure","2016","Insurance","5390"
"3719","a2f7A7a9B79a47E","Golden PLC","https://www.mcmillan.com/","Paraguay","Visionary regional definition","1997","Hospital / Health Care","1751"
"973","7EEd9BFC194a3e1","Young-Robertson","https://barnes.com/","Senegal","Robust background throughput","1980","Mechanical or Industrial Engineering","2709"
"4580","1E864B459B0b01d","Hanson Group","http://www.kemp.biz/","Greenland","Automated full-range encoding","2017","Computer Networking","131"
"720","844e9FCBc3F72bA","Russo Group","http://tyler-shields.info/","Yemen","Pre-emptive coherent project","2000","Outsourcing / Offshoring","3944"
"9018","B4862A099BFf837","Stewart and Sons","http://www.mcconnell.com/","Comoros","Upgradable full-range toolset","2017","Mining / Metals","1614"
"6156","7eDfc796fb69e3f","Ibarra-Brock","http://pennington.com/","Turkey","Customer-focused 4thgeneration secured line","2020","Staffing / Recruiting","1813"
"9431","d2aeE894BEf622E","Mason, Finley and Livingston","http://ayers-neal.com/","French Guiana","Expanded multi-tasking firmware","2019","Chemicals","4297"
"3897","B60E38E9aeedCe7","Cowan PLC","https://patel.com/","Vietnam","Synchronized modular encryption","1987","Fundraising","1060"
"2804","EF32De6fEEbE0FD","Greene Group","https://www.robinson.org/","Guadeloupe","Decentralized tangible Graphical User Interface","1976","Defense / Space","3767"
"2567","D35dca02f6e1cE0","Munoz-Ballard","https://cochran-gibbs.biz/","Morocco","Down-sized contextually-based standardization","1996","Alternative Medicine","2454"
"4026","FFFb433cFA97cBC","Young PLC","http://cunningham.biz/","Tokelau","Versatile static algorithm","2001","Luxury Goods / Jewelry","1023"
"6199","E2cdc909EdEEDA7","Meyers-Massey","https://www.cole-reid.net/","Uganda","Seamless needs-based workforce","2000","Political Organization","628"
"33","BB4fecbcED2e40D","Kelley-Lucero","https://www.pierce.org/","Kenya","Versatile full-range process improvement","2001","Mental Health Care","5154"
"8308","6D6fA0aC02C7A7B","Jensen and Sons","https://www.martinez-lozano.net/","Egypt","Function-based eco-centric secured line","1988","Apparel / Fashion","5293"
"8832","0Cc3A25a7536153","Riddle, Wallace and Mcintosh","https://www.arias-harper.net/","New Zealand","Managed client-server Internet solution","2006","Public Safety","2052"
"9819","aDAae2DeffDddb8","Byrd, Fry and Haynes","https://www.rocha.info/","France","Face-to-face regional implementation","2001","Political Organization","6785"
"4064","b6eD64D9dA41Ef3","Haas PLC","https://www.lam.com/","Kiribati","Organized neutral encryption","1995","Restaurants","6787"
"8949","7041af45faCAFb5","Barron Group","http://www.hammond.biz/","Sudan","Intuitive solution-oriented interface","1978","Health / Fitness","2116"
"5541","c6b9f2efB063Db9","Haley Group","http://ramirez-schultz.com/","Grenada","Seamless zero-defect initiative","1989","Fine Art","6619"
"1698","bCd76287bb99B26","Pacheco, Bates and Brock","http://www.larson.com/","Suriname","Managed empowering intranet","1983","Fishery","5484"
"2793","CE3deee4cbFFA5c","Shields, Cooper and Hamilton","http://www.mccall.net/","Nauru","Right-sized composite parallelism","1996","Library","6290"
"2223","1FC71fF22cb6733","Cortez-Garrett","https://www.shea.info/","Vanuatu","Progressive discrete pricing structure","1988","Non - Profit / Volunteering","4935"
"5819","82B98ECABEee74f","Shah, Guerra and Gibson","https://www.mckinney.com/","Suriname","Digitized solution-oriented challenge","1975","Events Services","8423"
"9663","370cc946FB6eCEa","Kirk Inc","https://www.gross-rangel.com/","Bangladesh","Intuitive non-volatile middleware","2012","Arts / Crafts","9824"
"3765","7FADF6c5D0BA0c7","Riddle Ltd","http://www.watson.com/","Mexico","Balanced intangible Internet solution","1977","Railroad Manufacture","6633"
"3867","657b882c3a4cc8C","Sexton and Sons","https://wong.com/","Nauru","Fully-configurable full-range info-mediaries","1970","Design","9308"
"6422","D12C2736E255AE1","Cochran, Bennett and Ali","https://www.crane.com/","Thailand","Extended executive algorithm","1991","Non - Profit / Volunteering","860"
"9400","4bdf655D8c7dFAA","Franco, Dillon and Mccullough","http://molina-wyatt.com/","Sweden","Synergistic leadingedge product","1993","Printing","5445"
"8939","db14E4ECE1dbBcd","Ayers-Thompson","http://www.farley.com/","United Kingdom","Cross-platform national framework","1986","Consumer Services","1678"
"6672","cC19FB0B9Ae989d","Krause LLC","https://foley-sanchez.com/","Armenia","Polarized solution-oriented approach","1975","Internet","9038"
"7979","eEeDB8Ee543b6a5","Huff-Ross","http://villegas.biz/","Aruba","Robust national synergy","1981","Marketing / Advertising / Sales","7762"
"3759","f132588f403adB7","Stark, Barrera and Hobbs","http://www.george-dodson.com/","South Georgia and the South Sandwich Islands","Function-based reciprocal extranet","1994","Transportation","6647"
"9775","E7e975560Ca6CCB","Medina, Rojas and Pittman","http://grimes.info/","Marshall Islands","Cross-group 6thgeneration toolset","2022","Medical Practice","9481"
"3228","2fB8db12a856a5C","Santos-Schwartz","https://krause.biz/","New Zealand","Focused neutral customer loyalty","2006","Other Industry","3675"
"7803","EA9c2d35F68f7EF","Adams-Higgins","http://cuevas-everett.org/","South Georgia and the South Sandwich Islands","Re-engineered dynamic infrastructure","2018","Wholesale","9682"
"3924","5DAd19E906DBFaE","Schwartz Inc","http://www.rice.com/","Ireland","Self-enabling optimizing application","1973","Performing Arts","9260"
"3905","E36ffEfF2a69c3A","Wilkerson, Lynch and Munoz","http://hurst-key.com/","Congo","Operative leadingedge moratorium","2006","Investment Banking / Venture","7063"
"2278","8eBFEfA1bF99a5b","Buck-Wilkerson","https://little.biz/","Chile","Reduced uniform benchmark","1998","Individual / Family Services","8167"
"6811","805AB938E1bEDec","Donaldson LLC","https://mullins-ewing.com/","Cocos (Keeling) Islands","Triple-buffered context-sensitive architecture","1979","Real Estate / Mortgage","5510"
"1402","AD919aFfC4b07F0","Cunningham, Pham and Perkins","https://ashley-whitney.org/","Congo","Versatile actuating workforce","2012","Security / Investigations","8563"
"740","9A76F1327Aea6ae","Mckinney-Davenport","http://www.ayala.com/","Zimbabwe","Managed bandwidth-monitored info-mediaries","1997","Banking / Mortgage","7650"
"4267","788BfdFB43afE3b","Mercer, Mcneil and Owen","https://ayers-mckay.com/","Andorra","Multi-tiered zero tolerance process improvement","2019","Telecommunications","3799"
"9862","5c4EEbee6667B5f","Bray, Morgan and Farley","http://washington.biz/","French Southern Territories","Monitored web-enabled approach","2002","Biotechnology / Greentech","5968"
"7353","50bdd0Db796bF7e","Garza-Cline","https://www.ponce.com/","Congo","User-centric full-range help-desk","2017","Fundraising","3790"
"7519","c0ACbC0d00B8008","Christensen Group","https://stephenson-thornton.com/","Switzerland","Universal client-driven firmware","1991","Events Services","632"
"3852","3CFC0CBaBc7bB29","Payne and Sons","http://www.powers.biz/","Egypt","Cross-group transitional methodology","2005","Financial Services","1568"
"8632","071dD5CfD7CCb8E","Alvarez Inc","https://andrade.com/","Solomon Islands","Future-proofed dynamic methodology","1980","Graphic Design / Web Design","3631"
"2662","df4A32d891C8097","Gill, Sampson and Bradford","http://rocha.com/","Tanzania","Fully-configurable radical contingency","1991","Airlines / Aviation","6277"
"6505","d223aa7ab8AfFe5","Lowery-Richard","https://www.humphrey.biz/","Paraguay","Upgradable local protocol","2000","Computer Software / Engineering","8791"
"9800","E25FaA982E0daec","Gardner-Booker","https://www.mendez.org/","Cocos (Keeling) Islands","Stand-alone intermediate matrices","1975","Primary / Secondary Education","289"
"675","4F1cdC6C705DADC","Murillo-Sanders","https://wilson.com/","Antigua and Barbuda","Customer-focused leadingedge adapter","1991","Dairy","1492"
"7106","aE211babC8844c2","Atkins, Sandoval and Hill","https://www.norris-page.biz/","Azerbaijan","Mandatory clear-thinking encryption","1997","Shipbuilding","8445"
"6361","960997bD89b076f","Reid Group","http://www.boyer.com/","Liberia","Persevering intangible system engine","1972","Mining / Metals","9931"
"3842","A0d8b6A0BaE9B04","Malone LLC","https://www.alexander.info/","Cyprus","Versatile web-enabled secured line","2021","Chemicals","876"
"1816","B2fded309dAeFff","Frey Group","http://www.travis.biz/","French Polynesia","Streamlined fresh-thinking middleware","2008","Outsourcing / Offshoring","5354"
"9490","c06fF92F169Bda8","Edwards LLC","http://floyd.com/","Brunei Darussalam","Up-sized client-server Internet solution","2005","Translation / Localization","2917"
"9839","92fA316aF63DCaA","Gibbs, Franco and Navarro","https://www.lynch-hooper.info/","Greenland","Persevering bandwidth-monitored projection","1987","Music","4672"
"9202","80af7Ae9d483DBE","Giles Ltd","https://meyers.com/","Qatar","Organic regional secured line","1978","Graphic Design / Web Design","1120"
"4654","F1248DbC95DcDDf","Stokes Group","http://johnson.net/","Macao","Organic maximized protocol","2000","Non - Profit / Volunteering","904"
"8693","36eB9aAd2bE2B5d","Phillips-Roy","https://velasquez-burton.com/","Belize","Compatible web-enabled framework","1997","Military Industry","8244"
"2101","7AF1301DBc0a332","Rose, Dillon and Blake","http://blair.com/","Eritrea","De-engineered composite neural-net","2020","Civil Engineering","2287"
"7712","Cbd5D8B577926De","Conner Group","http://rich-mason.com/","Estonia","De-engineered client-server definition","2021","Non - Profit / Volunteering","1488"
"1674","79485d48c60E0B2","Carlson-Werner","http://www.ortega.com/","Germany","Switchable actuating moratorium","2004","Shipbuilding","9805"
"2102","a60f1a13c97bBB5","Cherry LLC","https://manning.com/","Ireland","Realigned static database","2021","Hospital / Health Care","7167"
"4214","45DfF5Dd1F82D35","Andersen and Sons","http://schroeder.net/","Indonesia","Organic leadingedge info-mediaries","1995","Music","4658"
"6959","bEEAaeff282Fe84","Christian and Sons","http://king.com/","Palestinian Territory","De-engineered secondary initiative","2016","Mining / Metals","3424"
"1549","c69dF15d0CDE8F7","Huffman-Livingston","http://www.banks-conway.biz/","Guyana","Multi-layered local Graphic Interface","1990","Dairy","2007"
"9551","B9cc17dbc6e6bFb","Lucas PLC","https://www.branch-hall.com/","Norway","Re-contextualized human-resource encoding","2011","Nanotechnology","1381"
"3324","F6Cb7A7C2Bf0EFB","Dawson Ltd","https://www.ford-moody.com/","Greece","Re-contextualized systemic Local Area Network","2001","Paper / Forest Products","9024"
"9584","a32fccb7B1a4308","Becker-Rose","https://www.christian-gaines.com/","Jordan","Multi-channeled upward-trending support","2002","Maritime","4206"
"356","898afceaAbAb4c2","Lara, Austin and Collier","http://sanders-rowe.biz/","Bolivia","Customizable incremental framework","2006","Broadcast Media","8658"
"5185","a0c0f5764ddd226","Key, Collier and Irwin","http://www.nguyen.com/","Saint Lucia","Fully-configurable exuding budgetary management","1976","E - Learning","4022"
"1462","f4Df19F641CB2aA","Hoffman-Dominguez","https://lester.org/","Montserrat","Progressive national adapter","2012","Transportation","4158"
"7625","e257b95c63D277F","Parker, Downs and Hester","http://www.buck.biz/","Burundi","Diverse tertiary projection","2016","Education Management","2262"
"9386","64d42fCEb4F1A9A","Fox Ltd","http://www.summers-mccann.org/","Turkey","Sharable cohesive collaboration","1994","Packaging / Containers","2848"
"3221","eA31AC53b6F0dD7","Mann, Olsen and Norman","http://summers.com/","Venezuela","Persevering scalable Graphical User Interface","2016","Package / Freight Delivery","6253"
"940","40Ed5eceA5e90A5","Norman, Pace and Gonzales","http://snyder.com/","Spain","Quality-focused tangible interface","2006","Printing","6725"
"5148","5D7FC7Ab8A66eeB","Banks-Bradford","https://www.glover.com/","Brazil","Managed value-added encryption","2008","Biotechnology / Greentech","2900"
"5924","4c5e1BcEF26Ad97","Norris, Carrillo and Koch","http://www.english-lamb.com/","Cote d'Ivoire","Robust static Local Area Network","2011","Investment Management / Hedge Fund / Private Equity","4943"
"7884","F7fe26B1EcdaD0d","Peters, Levine and Solis","https://chambers.com/","Nepal","Configurable global support","2019","Investment Banking / Venture","5640"
"1752","cdA43412Eb46fFC","Curry Group","http://peck.com/","Norfolk Island","Function-based dynamic definition","1981","Health / Fitness","1274"
"9469","Cd20BD8ba113C97","Lang Group","http://www.wilkins.org/","Sierra Leone","Enhanced mobile access","1996","Venture Capital / VC","1103"
"7598","CdE9AcCEc9AA872","Gill, Washington and Bean","http://www.zimmerman-pratt.biz/","Somalia","Decentralized next generation collaboration","1973","Online Publishing","3661"
"1773","fA8455E1AaFdcEA","Berg LLC","https://www.schmidt.net/","Cook Islands","Front-line full-range standardization","1994","Library","1211"
"1197","Bfd3a24a8858B63","Sweeney Inc","https://www.spears.com/","Somalia","Centralized system-worthy functionalities","2015","Airlines / Aviation","232"
"1879","b591C33bd2Db42D","Nelson, Barr and Carrillo","http://www.webster.biz/","Macao","Organized stable structure","2014","Environmental Services","4194"
"2669","330C529901D275F","Huff-Baird","http://morris.com/","Congo","Right-sized explicit forecast","1981","Real Estate / Mortgage","1915"
"3172","E2E6439b22cE2C0","Kane and Sons","http://www.shields-rhodes.org/","Comoros","Open-source heuristic conglomeration","2003","Wine / Spirits","4323"
"2017","e61dADeA8E1BF04","Turner, Hale and Aguirre","https://coffey-vargas.com/","Turkey","Total empowering frame","1984","Shipbuilding","2324"
"2006","A03cEb5EC0faeed","Beard-Vincent","http://www.mccarty.com/","South Africa","Open-source logistical benchmark","1988","Venture Capital / VC","1343"
"8273","B2D46f97cC41Bb3","Arias, Riddle and Guerra","http://www.wall-brock.com/","Gabon","Monitored static benchmark","1988","Machinery","848"
"3894","abe2ceAFa7eAcff","Henry-Vazquez","https://www.nichols-grant.net/","Jordan","Stand-alone asymmetric contingency","2004","Nanotechnology","1385"
"9992","e7858Ae431431E1","Olsen-Arroyo","https://li.biz/","Japan","Programmable system-worthy toolset","1988","Market Research","6040"
"3238","eE81e9a5BaD5dCD","Morris PLC","https://www.wilkinson-moreno.info/","Serbia","Synergistic empowering analyzer","1984","Defense / Space","7882"
"4425","3dbABABfEf8e7a4","Ali, Snyder and Alvarez","https://mills.com/","Peru","Enhanced exuding customer loyalty","1993","Glass / Ceramics / Concrete","8342"
"4745","Babf5ec4b75a3Ac","Short, Olsen and Hunt","https://www.lopez.com/","Guinea","Robust disintermediate system engine","2013","Individual / Family Services","4281"
"2079","6ae8D206Ee8EEf5","Calderon, Burns and Savage","https://sheppard.net/","Marshall Islands","Balanced mission-critical array","1997","Government Relations","6201"
"5220","EfdC77e07f1c714","Moyer, Kline and Mcneil","http://howard.com/","Fiji","Persevering client-server alliance","1997","Publishing Industry","1548"
"397","cFe7E3AeA75BABb","Rasmussen-Archer","https://www.parrish.com/","Saint Lucia","Multi-layered intangible hardware","1979","Hospital / Health Care","5241"
"2789","76aEDF13fb927B6","Campbell, Lara and Kerr","https://santiago.com/","Belgium","Front-line client-driven system engine","2006","Defense / Space","7132"
"8878","aedFfcf8Bc984A1","Rose-Walters","https://wheeler-bender.info/","France","Right-sized bottom-line approach","1993","Oil / Energy / Solar / Greentech","295"
"8639","9940Fbb1E622bCc","Hanson, Boyd and Hays","https://mejia.com/","Armenia","Organic secondary neural-net","2005","Nanotechnology","8033"
"4073","d183dc7AbaDFC58","Knox PLC","http://walter.com/","South Africa","Ameliorated radical customer loyalty","2016","Alternative Medicine","643"
"5575","d0ECb51fd7EfB5E","Graves-Blackwell","http://barker.com/","Yemen","Inverse solution-oriented forecast","1998","Staffing / Recruiting","7685"
"8370","649b776C5f22Cbc","Hunter Inc","https://buckley.info/","Svalbard & Jan Mayen Islands","Ameliorated fresh-thinking service-desk","2002","Events Services","7343"
"9508","70Bc4CA28F1cA3d","Sanchez, Miles and Richard","https://www.lucas.com/","Suriname","User-centric 5thgeneration secured line","2001","Design","928"
"5356","a4e1Ec5615Dcacf","Padilla, Ruiz and Soto","https://www.fritz-gates.com/","Botswana","Quality-focused next generation hardware","1996","Information Services","6875"
"7234","f85EaB19a618FfF","Christensen Group","http://www.carr.com/","Finland","Progressive static function","1984","Computer Software / Engineering","7859"
"9484","FDd99840E0f1EEA","Myers-Hamilton","http://www.bradshaw-dominguez.com/","Solomon Islands","Open-source optimal functionalities","1981","Plastics","2540"
"6821","Ec1785fC1b9383b","Acevedo-Richards","https://tapia-english.net/","Namibia","Enterprise-wide systemic paradigm","1976","Computer Networking","4821"
"1520","C3Cbc9d5dd8D45f","Phillips, Avila and Fitzpatrick","https://www.avery-murillo.net/","El Salvador","Right-sized responsive collaboration","2002","Leisure / Travel","6947"
"8197","9C96bfCDAb4306c","Haney Group","http://hunter-mckee.biz/","Tajikistan","Balanced responsive product","2019","Government Relations","8536"
"1379","a6205E6e5A0e063","Skinner and Sons","http://romero.com/","Cook Islands","Fundamental leadingedge flexibility","2012","Legal Services","4271"
"5673","94a6B78ecf31738","Walter, Snyder and Walker","http://www.ortiz.com/","Spain","Down-sized bifurcated software","2021","Recreational Facilities / Services","5660"
"1024","221914A48DE064e","Colon-Ibarra","https://www.williams-medina.com/","Tonga","Right-sized intermediate implementation","2001","Cosmetics","384"
"2588","a13B55A75723Ddc","Fuentes, Flynn and Steele","http://franco-chaney.com/","Jamaica","Compatible attitude-oriented support","2019","Machinery","3880"
"7043","D0B2cD5dAbBa4f9","Hill LLC","http://www.reynolds.com/","Honduras","Open-source explicit framework","2017","Ranching","3116"
"5622","AfD9261FeFdC151","Mccarthy PLC","https://friedman.org/","Greenland","Function-based bi-directional adapter","1985","Defense / Space","2"
"7638","60cBFFECdcBe66A","Park, Spence and Frederick","https://mcdowell.com/","Samoa","Down-sized static circuit","2006","Alternative Medicine","4531"
"5009","aBFB53f03B3fAc3","Downs-Haney","http://www.davis-andrews.com/","Trinidad and Tobago","Optional fault-tolerant moderator","1990","Health / Fitness","4767"
"2858","Dec9852eb7Cf25F","Boone-Irwin","http://dunlap-smith.com/","Tajikistan","User-centric mobile groupware","1980","Investment Banking / Venture","5412"
"8255","BfB2EEd94AC4AeA","Parsons-Dominguez","https://bradford-cooley.org/","Malawi","Operative tertiary protocol","2016","Staffing / Recruiting","2477"
"5772","Bdec4c23ab09D1B","Joyce, Herrera and Moore","https://clarke.net/","Philippines","Object-based content-based artificial intelligence","1983","Pharmaceuticals","4855"
"5843","438aFaCC5761Ab9","Adams-Mayer","https://wilcox.com/","El Salvador","Universal interactive open architecture","1987","Animation","1181"
"8028","459f4869E23Bff4","Cardenas-Stafford","https://jacobs.com/","Qatar","Realigned national website","1985","Facilities Services","949"
"5833","3afCbad7F8D6812","Simpson-Lloyd","http://strickland.com/","Brunei Darussalam","Managed holistic success","2020","Photography","7956"
"1630","3CaFacAed2Dce91","Church-Figueroa","https://burch-mcclain.com/","Rwanda","Visionary system-worthy instruction set","1978","Government Administration","9207"
"4889","aba70efb940Db33","Walker Ltd","https://costa.org/","Zimbabwe","Programmable local interface","2009","Sports","8425"
"4527","Afad4d996Fe63EB","Dennis-Andrade","https://www.spears.com/","Turkmenistan","Operative next generation conglomeration","1994","Law Enforcement","395"
