"Column_1","Column_2","Column_3","Column_4","Column_5","Column_6","Column_7","Column_8","Column_9"
"6196","FcB627D5334F83C","Mccarty-Mata","http://www.beck-hester.info/","Brunei Darussalam","Phased secondary portal","2000","Consumer Goods","8863"
"135","B7A6A95Db9dAD82","Rojas, Owen and Castaneda","https://melendez.com/","Macedonia","Up-sized next generation toolset","2017","Construction","9575"
"7732","a5c09910Ac9FCCa","Mosley-Lyons","https://www.reese.info/","Guernsey","Profound heuristic function","1975","Program Development","5242"
"5325","ea2B9a7989a3dd1","Hahn Inc","https://www.schmitt.com/","Trinidad and Tobago","Versatile user-facing capacity","1999","Non - Profit / Volunteering","1792"
"9641","F1EbD23c267f5df","Schneider PLC","http://www.sims.biz/","Lebanon","Robust 4thgeneration attitude","2010","Hospitality","5247"
"6161","2eE7d2Ff8f6fD05","Leblanc and Sons","https://trujillo.com/","Papua New Guinea","User-friendly global productivity","1979","Judiciary","1680"
"2560","23A7c68cbfceF6d","Walters PLC","https://frey.net/","Korea","Re-contextualized even-keeled capacity","1985","Mental Health Care","3280"
"63","bF269f627Eee5c9","Hoffman Ltd","https://www.rogers.info/","Honduras","Operative 24hour leverage","1994","Furniture","5896"
"1359","CF09b7e0B19b188","Clark Ltd","https://www.wolfe-rowland.org/","Thailand","Progressive tangible implementation","1998","Fundraising","505"
"6726","8e45764f7AfA4e1","Brandt-Boyle","https://salinas.org/","Slovakia (Slovak Republic)","De-engineered even-keeled utilization","1974","Alternative Medicine","257"
"2468","cfeFc1e210BCFc5","Randolph-Atkins","http://petersen.com/","Bahamas","Mandatory 24hour instruction set","1983","Facilities Services","1542"
"680","1de66e8EB18DBc3","Deleon-Lara","https://patel.info/","Sweden","Fundamental well-modulated capacity","2010","Automotive","6200"
"6798","E0e4f6df8D122aF","Joyce-Cunningham","http://www.larsen.com/","Eritrea","Quality-focused mobile migration","2000","Recreational Facilities / Services","881"
"742","56Cfc01C778Ae39","Fleming, Fields and Harding","http://dunlap-morrison.com/","United Kingdom","Adaptive interactive adapter","2016","Accounting","1822"
"5308","cD36e8579B0AC27","Costa, Case and Acosta","http://www.holland.com/","Argentina","Function-based discrete matrices","1998","Philanthropy","1090"
"7628","ea88d33Bbcd56cD","Peters, Dunn and Schwartz","http://small-maddox.com/","Taiwan","Seamless bi-directional process improvement","2000","Consumer Services","281"
"3642","A2d1C2edD75Defa","Chung-Fry","http://conley.biz/","Estonia","Persistent client-driven concept","2004","Philanthropy","8916"
"445","E4c6a5F43EE6cF5","Juarez Group","https://www.waller-george.com/","Bahamas","Optional 3rdgeneration capability","1991","Non - Profit / Volunteering","2299"
"8141","61BdcD86ef57bcA","Wade Group","http://bright-giles.com/","New Caledonia","Sharable content-based groupware","2005","Animation","3189"
"3259","0d2e1bfC7EEbAeC","Ramsey, Contreras and Shepherd","http://www.calhoun.com/","Nicaragua","Down-sized real-time functionalities","1975","Industrial Automation","9276"
"4664","4B50C01cA8b59a2","Figueroa LLC","https://www.knapp.com/","Anguilla","Fully-configurable non-volatile website","1995","Nanotechnology","2205"
"1874","5538912Ee1Add3b","Pierce-Barber","https://www.bartlett.com/","Sao Tome and Principe","Down-sized didactic open system","1987","Telecommunications","26"
"6367","9Ae15dbfDF0dcF0","Glover Inc","http://mccarty.com/","Portugal","Ergonomic even-keeled monitoring","2015","Professional Training","5349"
"2597","0deafED0BeD190e","Beard, Harrell and Mclaughlin","https://walker-cline.com/","Poland","Expanded bandwidth-monitored frame","1973","Non - Profit / Volunteering","5738"
"1718","C3a57145eec73f1","Ponce, Kim and Bryan","https://boyd-hurst.com/","Colombia","Enhanced zero administration adapter","1970","Civic / Social Organization","8197"
"2913","1FfDb09A9aB0dD1","Ewing, Shields and Vargas","http://www.wise.com/","Burkina Faso","Customizable web-enabled project","1974","Airlines / Aviation","6238"
"2844","ec05DCbebb6f4E5","Perkins, Pham and Andrews","http://macdonald.com/","Rwanda","Optional tangible Graphical User Interface","2019","Computer Software / Engineering","7199"
"4028","7deeC8c3C4B44bB","Morse-Choi","http://www.burke-walter.com/","Norfolk Island","Synergistic optimizing hub","1991","Sports","3309"
"5489","9cb9fa6bE75730F","Sampson PLC","https://www.mann-stevens.org/","Saudi Arabia","Balanced fault-tolerant access","2003","Civil Engineering","4855"
"8635","43BAFA6A69C8A45","Peterson, Kidd and Quinn","http://rangel-dickerson.info/","Brunei Darussalam","Streamlined upward-trending open architecture","1975","Hospital / Health Care","8880"
"8038","8aAaac656F8EFE9","Fitzpatrick Inc","http://www.roberson.com/","Rwanda","Grass-roots global strategy","2002","Primary / Secondary Education","7226"
"9233","2FA541F085B0fcc","Mccall-Holland","http://jackson.com/","Guadeloupe","Reactive mission-critical concept","1986","Computer Software / Engineering","1395"
"490","accfB3dCBfb7720","Valdez-Aguirre","http://baker.com/","Guinea-Bissau","Vision-oriented content-based workforce","1983","Electrical / Electronic Manufacturing","9009"
"494","ecC79D0bc5D7f43","Nicholson, Townsend and Huber","http://lewis.com/","Liberia","Multi-lateral hybrid hub","2007","Government Relations","9232"
"691","CABf8fC0f3B3B7a","Soto Ltd","https://marquez-martinez.com/","South Africa","Digitized discrete knowledge user","1976","Medical Equipment","180"
"3822","D302Ce6b0837804","Valdez LLC","https://rocha.org/","British Indian Ocean Territory (Chagos Archipelago)","Inverse grid-enabled info-mediaries","1979","Government Administration","7975"
"603","89f3fe266DcD0D3","Hendricks-Bryan","https://perkins-day.info/","Uganda","Focused asynchronous benchmark","2006","Warehousing","426"
"1912","f119BEA2CCC71D7","Carter-Spencer","https://www.lucero-fletcher.org/","Ireland","Triple-buffered real-time focus group","2013","Information Technology / IT","4685"
"1015","ed0A8752EdDbDdA","Frey and Sons","https://kaiser-rowe.biz/","Norfolk Island","Cross-group stable matrix","2019","Logistics / Procurement","6528"
"6157","A818c9FAbcc7C14","Casey Group","http://roberts.com/","Finland","Persevering bi-directional protocol","2006","Railroad Manufacture","3927"
"1994","9e74050EABcdDDD","Salazar, James and Chase","http://www.hatfield.org/","Tonga","Vision-oriented context-sensitive website","2018","Staffing / Recruiting","1338"
"5770","d541cc368B3CE3D","Mullen, Blair and Austin","https://www.galvan.com/","Montenegro","Focused asymmetric matrix","2010","Capital Markets / Hedge Fund / Private Equity","9768"
"3758","a455f2A30eB9c97","Garrison-Meyer","http://www.valencia.net/","Kyrgyz Republic","Intuitive scalable analyzer","1977","Security / Investigations","1348"
"2367","01c18a8e6B537E2","Li, Sims and Ramsey","http://mills.info/","Burkina Faso","Balanced explicit projection","2016","Nanotechnology","8019"
"5284","de0D03F7f45cd7e","Franklin-Fischer","https://www.mullen-porter.biz/","Zimbabwe","Multi-lateral modular frame","1983","Marketing / Advertising / Sales","3583"
"4371","e1FDc9d1BFAEf6D","Kaiser-Barr","https://dorsey.com/","Malawi","Cross-platform leadingedge projection","2007","Music","8946"
"6884","5f27FAbEbcc5Bcc","Liu-Jenkins","http://www.woodward-reese.com/","Belarus","Multi-lateral encompassing workforce","2010","Capital Markets / Hedge Fund / Private Equity","493"
"7012","EC35f7BbC3A6174","Rubio, Benitez and Dalton","http://www.joyce.com/","Bouvet Island (Bouvetoya)","Sharable discrete installation","1986","Management Consulting","8930"
"1362","Eb5846Abb84254B","Bass-Donaldson","http://www.sweeney.biz/","Oman","Intuitive holistic structure","1994","Government Administration","8527"
"8462","420c0700bEC1306","Oconnell-Burns","http://www.arroyo.com/","Latvia","Re-engineered client-driven function","1980","Military Industry","2556"
"1527","2f43deC1dAF1CBD","Hester and Sons","http://burton-zimmerman.com/","Netherlands","Implemented attitude-oriented complexity","1974","Transportation","6117"
"1328","d3a49C6Fe4cD0A2","Hudson, Rhodes and Trujillo","http://peterson.com/","Kiribati","Networked human-resource ability","1975","Real Estate / Mortgage","3648"
"8508","37E3899DDE93d26","Hull Group","http://www.arias-curry.com/","Burkina Faso","User-friendly modular synergy","1997","Capital Markets / Hedge Fund / Private Equity","3992"
"9032","B0CC3Cb8279c7F0","Hooper-Mann","https://www.wright.com/","Nepal","Diverse maximized time-frame","1994","Aviation / Aerospace","9417"
"1552","A3B500aF2AC53c7","Peck-Strickland","http://clark.net/","Svalbard & Jan Mayen Islands","Secured upward-trending analyzer","2016","Architecture / Planning","1112"
"7770","cEaD7aE532B65Eb","Martin-Brown","https://collier.org/","Reunion","Inverse well-modulated ability","1987","Ranching","7011"
"9909","93A9Ba43cad615e","Blackburn Group","http://harding.org/","Poland","Exclusive explicit portal","2008","Alternative Dispute Resolution","9328"
"1338","C22feDcB9B0E7Fc","Valenzuela-Bass","https://kim.com/","United Kingdom","Stand-alone fault-tolerant open system","2019","Luxury Goods / Jewelry","5215"
"3902","66Cae5888DBe2Dd","Cardenas Ltd","http://mosley-jennings.info/","Sweden","Triple-buffered interactive interface","2015","Performing Arts","5034"
"3011","b58Dcc211d0BeDa","Lawrence, Phillips and Krueger","http://www.brooks-hubbard.com/","Belgium","Intuitive grid-enabled parallelism","1982","Design","2389"
"5042","29ad7DEf8Bd20B9","Schaefer LLC","https://www.barnes-hahn.com/","Isle of Man","Pre-emptive demand-driven function","2015","Consumer Services","576"
"8826","AFB5DAED65B8f43","Curry-Fletcher","http://kirk.biz/","Bangladesh","Reverse-engineered leadingedge time-frame","2021","Sports","7352"
"2251","aA2c01FeCC1B0B2","Short, Weaver and Hughes","http://www.gutierrez-farmer.biz/","Cuba","Centralized client-server customer loyalty","1988","Library","5761"
"6534","BebEE375d075571","Petersen, Powers and Molina","https://www.riley-gutierrez.com/","Vietnam","Reactive empowering approach","2021","Transportation","7651"
"5040","A3f3cA04b00e29e","Manning Group","https://harper.com/","British Indian Ocean Territory (Chagos Archipelago)","User-centric multimedia approach","1971","Legal Services","7369"
"2347","E1Cfb98bF3Ddbe8","Lutz-Lowe","http://kane.com/","Morocco","Multi-lateral radical system engine","2011","Executive Office","9263"
"9283","75baEADd5cBfD5F","Cochran, Morris and Calhoun","https://www.calderon-strickland.com/","Marshall Islands","Enhanced 3rdgeneration protocol","1998","Security / Investigations","6785"
"5486","1F80EDF9B7Ff8d8","Solomon, Martin and Atkinson","http://www.burnett.com/","Comoros","Ergonomic systemic matrix","1980","Museums / Institutions","9069"
"2785","422C7ec7aedbDd5","Francis Inc","http://cordova-leach.com/","Ethiopia","Triple-buffered homogeneous utilization","1972","Luxury Goods / Jewelry","552"
"5120","FCafBD4Faae99Da","Mckay, Washington and Hatfield","http://daniels.com/","Indonesia","Front-line empowering methodology","1976","Business Supplies / Equipment","2287"
"7551","Bfc5938dd1A4dcf","Frost-Wilkins","http://fernandez.com/","Bosnia and Herzegovina","Re-contextualized object-oriented open system","2019","Fine Art","4377"
"5556","cA2C08EbC67AB6d","Morales Group","https://oliver.com/","Egypt","Reactive disintermediate time-frame","2014","Individual / Family Services","3474"
"5600","0328Fbc8e68792e","Holt-Leblanc","https://www.calhoun-burnett.info/","Armenia","Assimilated intermediate capacity","1985","Online Publishing","1884"
"7631","8Fb884afC10d721","Osborn, Welch and Davidson","http://www.tanner-espinoza.org/","Myanmar","Compatible dedicated algorithm","1987","Computer Software / Engineering","4830"
"151","8ECc90A69B3aa7D","Hooper, Chaney and Wheeler","http://www.levine.com/","Cook Islands","Up-sized next generation workforce","1971","Hospital / Health Care","7672"
"2805","7fEF6b7ac290Fbf","Cervantes PLC","http://acevedo-pugh.net/","Sierra Leone","Quality-focused 4thgeneration system engine","2020","Import / Export","7976"
"5875","E9Be439fFCfd5a1","Aguirre and Sons","https://henry.com/","Somalia","Organic well-modulated algorithm","1999","Gambling / Casinos","6418"
"2087","EcdF2b5ef0C7DD7","Collins-Carlson","http://spencer-gallegos.com/","Poland","Front-line 3rdgeneration structure","2021","Defense / Space","2024"
"3752","bfC8caEdDaC6E7a","Whitehead and Sons","http://www.molina.com/","French Polynesia","Virtual zero tolerance Internet solution","1975","E - Learning","8562"
"5613","AcADfB2DdBff89a","Jordan, Fuentes and Powers","https://www.moon.com/","Belarus","Enhanced tertiary paradigm","1984","Commercial Real Estate","2896"
"2260","17FCa8F2B5069Ac","Hayden LLC","http://www.singh-booker.org/","Croatia","Adaptive systematic protocol","1994","Mining / Metals","9008"
"4018","F6d7C50cAcDd0A4","Maynard-Alvarez","https://fox.com/","Turks and Caicos Islands","Organic static collaboration","2015","Performing Arts","165"
"6114","BA598bDef4f0136","Keller-Sparks","http://noble-blanchard.com/","United States Minor Outlying Islands","Customizable cohesive system engine","2016","Computer / Network Security","2136"
"6059","aaAB4F83Bb54c11","Blackburn Inc","http://vaughan-thomas.biz/","Malaysia","Ergonomic even-keeled hub","1978","Research Industry","1122"
"2425","899C8B478D35132","Valencia-Salazar","https://www.tapia.com/","Burundi","Synchronized didactic groupware","1982","Building Materials","2644"
"8035","DeDbEF46DDe2F64","Greer, Herman and Ponce","http://www.henderson-bennett.com/","Uganda","Team-oriented mission-critical installation","2011","Non - Profit / Volunteering","306"
"3857","0bd8A3b3c38ff7e","Bell-Sawyer","http://www.compton.biz/","Venezuela","Horizontal clear-thinking framework","1979","Plastics","7931"
"860","79B8CD2Cbb977b2","Owens Inc","http://zavala.info/","Malaysia","Universal contextually-based data-warehouse","2020","Human Resources / HR","3010"
"8171","895D2dB1fC526C8","Burgess, Collins and Stafford","http://www.villa-fernandez.net/","Japan","Multi-channeled didactic moratorium","2009","Shipbuilding","1041"
"7592","5Be4EBFceEFFd5c","Blevins-Quinn","https://hinton.com/","Pitcairn Islands","Intuitive bifurcated collaboration","1972","Mining / Metals","1716"
"8098","a5c5FaaBeAa260b","Zhang-David","https://schmitt.info/","Sudan","Upgradable optimal concept","1990","Furniture","642"
"7321","7F97A2151e4eC8B","Mccormick, Sampson and Russo","https://www.francis.com/","United States Virgin Islands","Object-based disintermediate contingency","1975","Leisure / Travel","9559"
"8564","a87EEE1e3BbDBFf","Key-Mcclure","http://jarvis.net/","Samoa","Balanced multimedia monitoring","1982","Dairy","7505"
"4740","8BFCd8d4f4a4e9f","Wilkins Inc","http://www.tyler.biz/","China","Intuitive transitional analyzer","2017","Printing","4101"
"8595","9a4D93aD5CeA583","Berger PLC","http://www.hodge-mason.com/","Belize","Progressive dynamic time-frame","2012","Defense / Space","5460"
"4463","B1a1A7eedf2c4FC","Gill-Shelton","http://www.chavez.com/","South Africa","Operative foreground interface","1974","Animation","8216"
"5529","BB13d41AFacDccc","Lowery, Gilbert and Brennan","http://www.kemp-baxter.info/","Ireland","Upgradable didactic website","1981","Telecommunications","8174"
"1365","1f45dbfDA71Af28","Pena Ltd","https://www.perkins-hoover.com/","Congo","Team-oriented multi-state attitude","1981","Semiconductors","934"
"1780","8cE9f825CAa00ad","Casey Group","http://www.gillespie.com/","Trinidad and Tobago","De-engineered background analyzer","1981","Other Industry","5452"
"9222","36E679Eab3b24Db","Mueller-Hamilton","https://www.odonnell-jones.com/","Haiti","Automated bifurcated standardization","1988","Real Estate / Mortgage","9436"
"4786","9d14A5c878b63a9","Ramos-Tate","https://chapman-abbott.com/","Armenia","Cross-group exuding benchmark","2016","Consumer Electronics","6176"
"6335","1386ab9Cb3D0040","Pittman-Yoder","http://yu.com/","Thailand","Automated methodical methodology","2014","Translation / Localization","7955"
"1819","3129dF6b4398F1c","Durham-Shepard","http://www.romero.com/","Austria","Operative scalable matrices","1984","Legal Services","3485"
"7800","EFbd739b1e3e316","Porter, Walsh and Whitehead","http://www.fischer.com/","Cote d'Ivoire","Decentralized even-keeled database","1990","Computer Networking","2034"
"4938","FfEAB4c4d68274f","Norman-Campos","http://kane-winters.biz/","Saudi Arabia","Vision-oriented executive protocol","1997","Consumer Services","28"
"2705","fAe276cdfC7af91","Fletcher, Yates and Villanueva","https://www.mcintyre.org/","Cameroon","Reactive multi-state middleware","1997","Textiles","4410"
"5286","250a82dDB2Caf4d","Mcbride, Cox and Prince","https://www.murray.net/","San Marino","Customer-focused cohesive structure","1995","Automotive","6235"
"176","0ECCeA89de4dACe","Garza-Richardson","https://bartlett.com/","Brunei Darussalam","Virtual cohesive secured line","1982","Nanotechnology","6337"
"7482","10Dc7c5EB1bDB55","Chandler-Arnold","http://patel.com/","Libyan Arab Jamahiriya","Extended cohesive strategy","2000","Sporting Goods","493"
"2094","2CcfbC7cb3E1aB6","Vargas Inc","http://hays-shepherd.com/","Christmas Island","Persistent bifurcated hub","2003","Luxury Goods / Jewelry","7675"
"8751","173df3DE16c500E","Kane, Fernandez and Prince","http://black.com/","Bolivia","Networked contextually-based infrastructure","2007","Industrial Automation","5713"
"3492","0b49A146ae166EE","Hess-Beck","http://www.bennett.biz/","Dominican Republic","Automated value-added solution","1993","Financial Services","4693"
"1921","338aC42FBEf3e75","Crosby, Murillo and Duran","https://green.com/","Ghana","De-engineered executive interface","2014","Broadcast Media","1060"
"83","2Dd5dEf2C7DDDfe","Meyers-Roy","http://holden.com/","Australia","Fundamental zero administration system engine","2002","Fine Art","1436"
"817","CAeE4eA6a9b31b5","Rodgers Ltd","http://castro.org/","Ireland","Advanced coherent neural-net","2018","Library","2417"
"8602","c460e8a7beBAE48","Summers and Sons","https://www.hayes.com/","Saint Barthelemy","Profit-focused fresh-thinking definition","2016","Oil / Energy / Solar / Greentech","792"
"7355","4cd0DcfCBB5ff47","Vasquez, Schultz and Gordon","https://hinton.info/","Kuwait","Adaptive foreground budgetary management","2014","Hospitality","6807"
"4397","D66ABA612B9D0F9","Christian-Chang","https://www.brooks-houston.com/","Sudan","Re-engineered actuating knowledgebase","2016","Think Tanks","7356"
"9182","dA1Fd75Cf9aAd6D","Chan-Mays","http://randolph.com/","China","Profit-focused hybrid time-frame","2003","Music","9563"
"5569","FB3304aD1eBEb6C","Bowers LLC","http://www.oliver.info/","Micronesia","Multi-layered background hardware","2022","Non - Profit / Volunteering","3360"
"284","a1F0b5ABCCff67D","Williamson, Kim and Luna","https://lucero-riggs.com/","Rwanda","Integrated dynamic approach","2004","Warehousing","6225"
"4121","39EDFAA1bFc3a87","Mercado Inc","https://sutton.com/","Ireland","Customizable encompassing focus group","2007","Semiconductors","3723"
"7481","297A3355e02E3c9","Alvarez-King","http://frederick-nguyen.com/","Suriname","Switchable object-oriented architecture","2000","Food / Beverages","6117"
"610","6ffE0BBB8a8cc3C","Ochoa Inc","http://mays.org/","Micronesia","Fully-configurable dynamic forecast","1974","Computer / Network Security","3780"
"2916","fad8b8A32D2024B","Parrish-Chambers","https://www.keller.info/","Latvia","Cross-platform web-enabled strategy","1994","Hospitality","2320"
"1814","ae5A1E6BedaFab4","Soto Ltd","http://www.barrett.com/","South Georgia and the South Sandwich Islands","Stand-alone leadingedge instruction set","1983","Think Tanks","3810"
"1272","5fC967Ff9d0858f","Brock Inc","http://reilly-kerr.biz/","Ethiopia","Versatile static methodology","1987","Government Relations","9147"
"5925","5Eb5DFa6Fe8cf9d","Flynn-Sparks","https://www.rich.com/","Thailand","Decentralized 3rdgeneration open system","1988","Arts / Crafts","8468"
"9596","AD9A6fcdd976e81","Knight-Hancock","https://brennan-terry.info/","Madagascar","Re-contextualized optimizing project","1999","Legal Services","6730"
"2995","CD7Ca56D7fDaDc5","Perry, Ponce and Thomas","https://www.hancock.org/","Haiti","Enterprise-wide web-enabled open system","2013","Alternative Dispute Resolution","7589"
"7110","657FcAaedF99Fe8","Burnett PLC","http://www.buchanan.com/","Sao Tome and Principe","Object-based modular info-mediaries","1983","Pharmaceuticals","6194"
"8614","8bfBF49Fa9fACaE","Buckley LLC","https://orozco-marshall.com/","Montserrat","Progressive stable system engine","2019","Writing / Editing","2277"
"7357","52EccbdbA913CBA","Foster-Mason","https://www.marshall.biz/","Mongolia","Multi-channeled client-driven archive","2002","Sports","2149"
"2643","af16673D7bfC19c","Mata-Vargas","http://www.page.net/","Cambodia","Reactive client-driven emulation","1974","Events Services","2617"
"6554","dbCA159b1443B4F","Todd LLC","http://krueger-hampton.net/","Croatia","Profit-focused contextually-based budgetary management","1980","Executive Office","9300"
"4509","B323AE16eCCF9AD","Villarreal Ltd","http://ray.com/","Taiwan","User-centric asynchronous contingency","2012","Sports","5502"
"2306","d183acdeEa82EA8","Knight Ltd","http://www.kline.com/","Latvia","User-friendly composite challenge","2011","Civil Engineering","7055"
"6503","0E1F2dd1c1E4A86","Rosales Group","https://www.zhang.net/","Kuwait","Universal mobile emulation","2012","Warehousing","3263"
"6261","50CeDc53FbeE19d","Hensley LLC","https://morrow.com/","Djibouti","Customer-focused high-level initiative","1974","Veterinary","9805"
"4196","DA8bbDcD86AB5cB","Mckenzie Ltd","http://holloway.com/","Norway","Horizontal background info-mediaries","1999","Restaurants","6424"
"5563","431d3532Acb45e3","Bowers, Landry and Good","https://www.robbins.com/","Canada","Intuitive analyzing superstructure","2020","Maritime","1181"
"4841","6Bd9D5A3C7916f1","Dillon, Whitney and Dennis","http://www.cline.com/","Congo","Profound background access","2009","Human Resources / HR","8513"
"4656","fCF97431427f6A4","Foley, Graves and Meyers","http://www.merritt.org/","Zimbabwe","Optimized optimal methodology","1992","Human Resources / HR","9235"
"8148","EC85b461Cfbfa7C","Morris LLC","http://bond.com/","Samoa","Devolved regional core","2009","Events Services","4596"
"4169","5dbEfF5f187Ab29","Neal-Bullock","http://www.perry.info/","Chile","User-centric composite moderator","1991","Airlines / Aviation","9797"
"3850","9c19d0e3EfA9Cc4","Wiggins, Mcmahon and Hendrix","http://melendez-beltran.com/","Svalbard & Jan Mayen Islands","Fundamental mission-critical knowledge user","2000","Financial Services","9916"
"9848","C1A6e29DeeB5E10","Kirk Group","https://www.lucero-dyer.biz/","Honduras","Assimilated 4thgeneration intranet","2017","Higher Education / Acadamia","8119"
"8402","fa1E3ecBa2aF4D4","Chung-Shaffer","https://www.lowe-banks.com/","Jamaica","Grass-roots stable superstructure","2012","Government Administration","7734"
"5254","5BDd5BA7f571FA3","Morrow-Russo","https://www.walter.com/","Nauru","Automated scalable secured line","1974","Sports","7203"
"7885","AD4a55bd76898aC","Nielsen Group","https://trevino.info/","Liberia","Multi-layered reciprocal definition","2004","Glass / Ceramics / Concrete","465"
"5534","f18F47876C2fBd3","York Group","http://bates.net/","New Caledonia","Monitored 5thgeneration functionalities","2015","Medical Equipment","3757"
"2415","debFdBcdA8DCD55","Hodge PLC","http://barnes-hammond.info/","Ethiopia","Compatible asymmetric project","2018","Glass / Ceramics / Concrete","9974"
"3555","EdFD2Ce080fE115","Krause-Petty","http://www.carney.com/","Peru","Open-source multimedia projection","2015","Facilities Services","8772"
"4692","3bbcAf60CbE2c72","Russo, Briggs and Hawkins","http://burke.com/","Bolivia","Right-sized optimal encoding","1997","Plastics","7188"
"4499","f22AFfa4Ff3d042","Bray, Costa and Huerta","https://travis-cherry.com/","Slovenia","Re-contextualized logistical neural-net","2020","Oil / Energy / Solar / Greentech","2755"
"2196","5cD376DBdD9FD27","Cooley LLC","https://www.waters-kemp.com/","Lesotho","Ergonomic incremental attitude","2011","Religious Institutions","9737"
"5046","63Cf3B317A9fc51","Drake PLC","http://www.ayers-clay.com/","Dominican Republic","Function-based incremental conglomeration","1991","Management Consulting","4929"
"2601","4C17f0EeFa2dcEF","Hayes, Rangel and Vaughan","https://green.com/","Cuba","Customizable systematic utilization","1987","Investment Banking / Venture","6748"
"1519","722a6f3E3fa0E69","Randall, Horn and Buchanan","https://alvarado.net/","Kenya","Progressive fresh-thinking software","2005","Market Research","1969"
"4765","2AAebaFD8Ffa7A9","Duke, Booth and Gillespie","https://harvey.com/","Gambia","Operative content-based extranet","2002","Semiconductors","6927"
"4315","602bdB297BE66A6","Prince Ltd","https://cochran-olson.info/","Morocco","Persistent didactic circuit","2002","Graphic Design / Web Design","7324"
"3367","1e50fd9AdfADECd","Shelton Ltd","http://www.love.com/","Slovakia (Slovak Republic)","Phased didactic system engine","1971","Research Industry","7530"
"6066","dd201CC0eBE7946","Olsen Group","https://www.olsen-hensley.biz/","Iraq","Visionary 6thgeneration Graphic Interface","2021","Food / Beverages","4163"
"6583","0F1AB84E90CfdBB","Bowen PLC","http://anderson-levy.com/","Pitcairn Islands","Down-sized optimizing capability","2010","Primary / Secondary Education","3400"
"2634","1df5bB93b06dF01","Mays-Reeves","https://www.frost-gates.com/","Myanmar","Polarized reciprocal encryption","1992","Renewables / Environment","7922"
"7338","270A99F601eD8eD","Newman Ltd","https://www.clay.net/","Western Sahara","Operative human-resource moratorium","1985","Wholesale","7079"
"5634","CFAdaabEc6A2E41","Lawrence, Stewart and Sullivan","http://www.nielsen.net/","Fiji","User-centric secondary artificial intelligence","1973","Business Supplies / Equipment","5125"
"9169","00c5B463aCD4FBe","Hopkins-Harvey","https://www.williamson-caldwell.com/","Gabon","Reactive full-range moderator","2007","Industrial Automation","7877"
"8790","514A31A9dc62CB8","Brown LLC","https://parrish.org/","Indonesia","Pre-emptive clear-thinking initiative","1988","Medical Equipment","8327"
"2435","c010BFAE74baeb5","Cooke, Hines and Ward","http://www.fuller-rush.net/","Jersey","Enterprise-wide context-sensitive task-force","1992","Hospitality","1575"
"8278","1b2e947F62649bd","Pope Ltd","https://www.turner.info/","El Salvador","Quality-focused value-added help-desk","1989","Mental Health Care","7342"
"6759","26abed2D44fC2cA","Grant, Morrison and Knox","http://www.pittman.com/","Uruguay","Profound contextually-based solution","1988","Program Development","5786"
"6612","3C84A8fEE88277C","Kelley Inc","https://jenkins-wade.com/","Uzbekistan","User-centric scalable database","2010","Entertainment / Movie Production","2478"
"4521","8B48Dd2697fa5FC","Wilkins PLC","http://wang.com/","Portugal","Customizable clear-thinking instruction set","2021","Education Management","6881"
"5588","fa291D8da7Ca23d","Gillespie, Jefferson and Bush","https://gomez.com/","Western Sahara","Organic multi-state core","2002","Wireless","8721"
"3546","f468451bdef7B96","Everett-Bell","https://www.garner.info/","Trinidad and Tobago","Multi-channeled dedicated frame","1993","Real Estate / Mortgage","1037"
"5966","Da48e73cF4dbCa5","Wall, Sawyer and Gay","https://www.rowland.info/","Norfolk Island","Programmable demand-driven contingency","2003","Civil Engineering","6222"
"5993","DabdfEf00366948","Johns-Moore","https://www.garner.com/","British Virgin Islands","Phased 24hour Local Area Network","1979","Fishery","9450"
"8806","c7DeE8481B8abC4","Byrd, Macias and Dunlap","http://buckley.com/","Trinidad and Tobago","Operative asynchronous projection","1993","Government Administration","1976"
"5532","bC6CED3A1BaFAFa","Peters and Sons","https://www.norton.com/","Eritrea","Balanced mobile neural-net","2010","Mining / Metals","6428"
"5445","aE6cF5C7dC58ea6","Sellers-Liu","https://www.horne.com/","Ecuador","Networked grid-enabled toolset","1990","Wholesale","6601"
"518","bDF1067B66CDF5A","Dominguez-Rivera","http://www.tucker.com/","Tanzania","Public-key eco-centric success","1994","Package / Freight Delivery","7033"
"6111","B3001Ad53DA649c","Hutchinson-Galvan","http://www.wu-wilkerson.net/","Nepal","Cross-group neutral contingency","1981","Performing Arts","5315"
"6865","4a8a5beBeA50995","Bates and Sons","http://conner.com/","Macao","Optional high-level concept","1980","Investment Management / Hedge Fund / Private Equity","2225"
"7961","036DB38A9aC7c07","Camacho Ltd","https://www.phillips.info/","Bouvet Island (Bouvetoya)","Focused well-modulated initiative","2000","Capital Markets / Hedge Fund / Private Equity","6600"
"1416","6dEB2f4FCbdbCA8","Mahoney-Riddle","https://www.hunter.com/","Peru","User-friendly transitional customer loyalty","2017","Law Enforcement","4151"
"4665","A53bdb884E68BC3","Pratt Group","http://www.waller-meyers.com/","Mexico","Intuitive intermediate architecture","1976","Oil / Energy / Solar / Greentech","1937"
"4457","AF36e5Fbe75Bd8E","Boone-Zimmerman","https://chung.net/","Niue","Cross-platform impactful workforce","2002","Computer / Network Security","3037"
"2762","f5eB62aCab0c32A","Weeks, Wu and Middleton","http://bird-cain.biz/","Georgia","Versatile user-facing extranet","1977","Transportation","5618"
"4856","4ae2C61b4fE58C3","Rodriguez LLC","http://www.coleman-padilla.com/","Saint Martin","Business-focused scalable access","2004","Sports","3718"
"128","F2B09AD72Fc6Fe0","Macias PLC","http://bartlett.com/","Saint Vincent and the Grenadines","Distributed bandwidth-monitored collaboration","2005","Museums / Institutions","629"
"3475","DF74bf61b69D4De","Duran-Tyler","https://www.huynh.com/","Armenia","Compatible neutral leverage","1979","Wholesale","9731"
"7970","9AF83afFEa0fbEE","Barnes, Middleton and Henry","https://www.escobar.info/","Azerbaijan","Digitized clear-thinking framework","1991","Computer Games","245"
"4311","9D9c8cAdBe17572","Hester-Archer","http://www.kim.com/","Cambodia","Switchable impactful Graphical User Interface","1994","Warehousing","9027"
"2439","7Db47bCF1C2e64F","Stanton Group","https://choi-reynolds.net/","Sweden","Front-line upward-trending orchestration","1992","Law Enforcement","399"
"3766","9FDe9beDEc4aD64","Cardenas-Woodward","https://www.proctor.com/","Ireland","Function-based neutral workforce","1971","Electrical / Electronic Manufacturing","4448"
"6877","2e520ea64bF4aA1","Brown PLC","https://www.chaney.biz/","Ukraine","Horizontal incremental approach","2007","Dairy","9024"
"5897","A7c4Edd68a1Ad0c","Melendez-Orozco","https://howell.org/","Fiji","Organic full-range forecast","1999","Executive Office","2296"
"5841","ABC4A9dF065AbA6","Carson Inc","http://hubbard.com/","Nepal","Quality-focused human-resource toolset","2000","Legislative Office","2631"
"8843","BFb19bE56DF7BEb","Keith LLC","https://www.conrad.com/","Gibraltar","Customer-focused homogeneous open system","2005","Consumer Goods","8492"
"9771","1fef90abA43FF4d","Goodman, Mercer and Vincent","https://merritt-delgado.com/","Thailand","Optional cohesive product","1986","Translation / Localization","9648"
"1474","6cCbb6E3E2887fa","Leonard, Clayton and Leon","https://www.pena-lane.com/","Kuwait","Up-sized dynamic system engine","2011","Airlines / Aviation","3298"
"4822","E8E5AEBafA9AFD0","Montgomery Inc","http://yoder-chen.biz/","Saint Barthelemy","Switchable incremental moderator","1975","Recreational Facilities / Services","7626"
"6916","aB4fdaa9EADA7B7","Goodwin-Hays","http://walsh.com/","Mozambique","Right-sized dynamic task-force","1988","Sports","5927"
"3561","86F6dE68ba4d4Af","Carson, Cunningham and Pacheco","http://www.bailey-freeman.com/","Turks and Caicos Islands","Streamlined stable interface","2013","Entertainment / Movie Production","7703"
"3952","1Fc8fc7b8762dbc","Massey, Blair and Mendez","http://mcintyre.com/","Zimbabwe","Balanced 24/7 data-warehouse","2003","Fishery","8290"
"50","fC790CAFC50Aab3","Nixon, Hawkins and Monroe","https://brooks-wells.org/","Sri Lanka","Down-sized content-based support","1974","Translation / Localization","4156"
"5438","dBA5efeDE5C3F66","Meza Ltd","http://www.gallegos.com/","Luxembourg","Operative impactful adapter","1985","Maritime","1790"
"9898","e56e3f9Ef3Cfaa9","Oconnor Ltd","http://www.casey.com/","Botswana","Extended dedicated software","2009","Environmental Services","2382"
"888","BAB582Da197FEE1","Soto Ltd","http://schneider-andrade.net/","Uzbekistan","Proactive context-sensitive hierarchy","1975","International Trade / Development","6499"
"2617","DaD6efD95d203Fa","Woodward Ltd","https://www.morris.net/","Samoa","Stand-alone mobile budgetary management","1980","Non - Profit / Volunteering","1533"
"517","0eAc27F9dDFe0e5","Olsen-Rush","http://vargas.net/","Macedonia","Ameliorated user-facing time-frame","1977","Supermarkets","2220"
"3169","AEEcB7cebE3Bbf5","Mcneil-Cervantes","http://www.brooks.com/","Belarus","Organic systemic matrices","2012","Cosmetics","8807"
"2950","7bBf58AaD07090a","Barnes, Browning and Pierce","http://frederick.com/","Brazil","Reactive tangible data-warehouse","1994","Fishery","5690"
"1425","30CcdbD889d6dA2","Arnold PLC","https://www.ramsey.com/","Korea","Reverse-engineered system-worthy alliance","1994","Oil / Energy / Solar / Greentech","1303"
"140","f6D8fDAFFF3d9fC","Harmon-Donovan","http://foley.com/","Costa Rica","Business-focused non-volatile core","1981","Law Practice / Law Firms","9929"
"1925","bf921511cf25c1e","Berg, Giles and Davila","https://george.info/","Cocos (Keeling) Islands","Compatible upward-trending instruction set","2002","Medical Practice","9314"
"2379","F7032D7F88dC63e","Glover, Cooke and Watson","http://logan.com/","Brazil","Versatile zero administration open system","1970","Writing / Editing","9640"
"3198","bBEDfaA1Cc41ccd","Reese, Evans and Hogan","http://schaefer.com/","Saint Vincent and the Grenadines","Organized national structure","2015","Consumer Goods","7169"
"5132","C05B4CbC9E63721","Webster, Hawkins and Arnold","http://www.middleton.com/","Guinea-Bissau","Cross-platform radical analyzer","1988","Consumer Electronics","505"
"113","65A7d73Df8f104E","Knapp LLC","http://chandler-moses.com/","Serbia","Mandatory dedicated intranet","2018","Defense / Space","1108"
"4560","9a6D7a6eCfe98A2","Dixon-Rogers","http://www.garcia.com/","Bosnia and Herzegovina","Multi-layered full-range protocol","1976","Non - Profit / Volunteering","2630"
"4596","cAdDCb0F787A7d9","Fry, Mcmillan and Salinas","https://guzman-camacho.com/","Central African Republic","Assimilated 3rdgeneration superstructure","2022","Logistics / Procurement","8680"
"7998","ab2cbDa7ac8F0CF","Rowland-Luna","https://www.bauer.com/","Palestinian Territory","Upgradable 4thgeneration methodology","1978","Telecommunications","7032"
"3251","f4E93192F5cDdba","Roberson LLC","https://butler.com/","Burundi","De-engineered intangible success","2020","Information Technology / IT","3536"
"4691","7d39D690E411DB1","Mclaughlin PLC","http://www.edwards.info/","United Arab Emirates","Visionary bandwidth-monitored toolset","2014","Military Industry","3167"
"8116","e386Bb2Dc72fe73","Alexander and Sons","http://www.bass.com/","Gambia","Balanced cohesive standardization","1996","Textiles","2414"
"7768","4eeb408d18AA6e2","Anderson LLC","https://www.nolan-ali.info/","Tanzania","Integrated homogeneous throughput","1998","Architecture / Planning","7979"
"4547","40ddb6F6AF3ad34","Nixon-Boyer","https://www.bush.com/","Jersey","Optimized multi-tasking collaboration","2011","E - Learning","6115"
"7085","b7eDA983FAd815B","Scott-Diaz","https://www.daniels-ingram.com/","Hong Kong","Exclusive national access","1977","Individual / Family Services","8437"
"3278","916feeaFF4b0c88","Gaines and Sons","http://www.osborne.biz/","Bosnia and Herzegovina","Organic even-keeled policy","1988","Semiconductors","5227"
"7543","A5eaAf7caBBffbC","Cardenas Ltd","https://www.mooney.com/","Austria","Future-proofed background ability","2003","Veterinary","2840"
"6594","DBAa3F904F9f58A","Edwards, Padilla and Maynard","https://singleton.net/","Cape Verde","Organic local challenge","2021","Facilities Services","5806"
"4069","7FD9b2BC9b4ec04","Noble, Hensley and Potts","https://horn.com/","Hong Kong","Multi-layered heuristic database","2014","Veterinary","189"
"4409","35A47748F48A015","Beard-Villa","https://www.campos.biz/","Cameroon","Expanded exuding analyzer","1981","Law Practice / Law Firms","8285"
"8645","33d10Da48fbd8b2","York PLC","http://www.stone-hale.info/","Comoros","Universal didactic groupware","2009","Library","996"
"8589","ef584Edf77dD54D","Hancock and Sons","https://foley.com/","Saudi Arabia","Adaptive interactive capacity","2017","Education Management","6591"
"7385","Ef3Abe11aC49bab","Ayala, Wyatt and Dudley","https://www.fischer.com/","Guam","Visionary next generation protocol","1979","Professional Training","1351"
"3223","36B46B58BdAEAE9","Melton Inc","https://tyler-herrera.biz/","Guernsey","Fundamental zero-defect benchmark","2000","Outsourcing / Offshoring","6450"
"8211","46e614B1A11BdAB","Keller, Kemp and Collier","http://mack-hill.com/","Andorra","Configurable clear-thinking definition","2010","Media Production","849"
"452","D1FaC952Dd81aca","Mcintyre LLC","http://www.novak.com/","Netherlands","Mandatory uniform product","1992","Oil / Energy / Solar / Greentech","4233"
"3732","20edaCEb2319eB2","Solomon-Walter","https://steele.com/","French Southern Territories","Persistent coherent Graphical User Interface","2005","Automotive","5343"
"8954","aEA1Df130c4b174","Gallagher, Simpson and Koch","http://short.com/","Iran","Cloned non-volatile standardization","1972","Market Research","5995"
"4987","2acFDe2712e58Df","Mayer, Murray and Velez","http://www.kline.com/","Vanuatu","Compatible mobile matrix","2018","Graphic Design / Web Design","1540"
"3664","1e94A0d947cc9F0","Barnett-Bailey","https://www.gould.info/","Russian Federation","Organized optimizing moratorium","1973","Sports","1778"
"2764","FFEfFB9388A3eA0","Bradshaw and Sons","https://www.small-vega.net/","United Arab Emirates","Versatile actuating software","2013","Venture Capital / VC","4392"
"659","fA855DAcbE55F13","Griffin-Aguilar","http://guerrero-doyle.info/","Belize","Cloned interactive product","1998","Luxury Goods / Jewelry","8606"
"7679","FbcB25EcDdeaE4a","Shea-Clark","https://www.roth.info/","Colombia","Function-based real-time emulation","1971","Computer Networking","6831"
"7677","40b41Afab644Bb8","Bradley Group","http://chen.net/","Australia","Re-contextualized disintermediate array","1987","Oil / Energy / Solar / Greentech","943"
"4621","Cee7B1e5bA5DbD4","Bruce LLC","http://pratt.biz/","Greece","Reverse-engineered multi-state support","2019","Chemicals","5310"
"1000","A9cb4dceF57Ab44","Caldwell, Mcmillan and Mendez","http://beard-pearson.com/","Sao Tome and Principe","Assimilated optimal Graphical User Interface","2008","Hospitality","3556"
"390","7EFf64aFeed4fB6","Goodwin Inc","http://oconnell.biz/","Namibia","Synergized radical structure","1998","Alternative Medicine","9887"
"3408","a4F2d99C8163EA3","Daugherty, Sosa and Fleming","https://reynolds.com/","Brazil","Expanded user-facing info-mediaries","2004","Wine / Spirits","5491"
"1477","c84E19DCa1f4ED3","Glenn, Zuniga and Solis","http://www.fry.com/","Angola","Polarized solution-oriented superstructure","2019","Capital Markets / Hedge Fund / Private Equity","390"
"2241","B0ADEF6C8CabfC5","Mcclure-Vaughan","https://nolan.com/","Korea","Centralized 24/7 superstructure","2001","Broadcast Media","732"
"2387","12EC4b2B3BEC41A","Mcdowell LLC","http://www.santana.com/","Benin","Organized object-oriented intranet","1983","Chemicals","1485"
"9140","63c1ad4c3Ba5622","Dillon, Trujillo and Watkins","http://www.whitehead-blanchard.org/","Honduras","Progressive optimal data-warehouse","2003","Management Consulting","5898"
"993","fb48b6AFc0cfAc5","Jordan Group","http://www.wiley.com/","Gambia","Centralized client-driven solution","1989","Furniture","6605"
"4998","71BC5623F0b5b6F","Dyer-Kramer","https://zhang.com/","Argentina","De-engineered maximized success","2003","Think Tanks","8272"
"3923","B02b295FE89A10D","Cruz-Poole","http://www.stein.biz/","Macao","Diverse multi-state knowledgebase","1982","Higher Education / Acadamia","9654"
"2973","4A88e82AC3dB6Ef","Mcneil PLC","https://www.ward-wong.info/","Djibouti","Re-contextualized reciprocal contingency","1986","Entertainment / Movie Production","2941"
"3387","3AF61DBaee59fEA","Pitts, Lindsey and Parsons","https://tucker-ferguson.org/","Austria","Innovative modular moratorium","2018","Food / Beverages","9676"
"7886","BF511C6c77fBe29","Barry-Blanchard","http://mcneil.com/","Bahrain","Versatile 3rdgeneration function","2009","Government Administration","6316"
"8813","CB0d92bC98d29Af","Jennings-King","https://www.cooke-hancock.com/","Turkey","Seamless upward-trending open architecture","1980","Professional Training","3677"
"4770","096e5d662da9dc2","Palmer-Lester","http://carlson-swanson.net/","Seychelles","Total actuating algorithm","1989","Venture Capital / VC","5459"
"1294","adfe0c76aFFBC15","Thornton, Buck and Gamble","http://michael-andrade.com/","Martinique","Progressive clear-thinking encoding","2017","Warehousing","7985"
"1825","f2bdda19Db45b31","Green, Noble and Le","http://www.hernandez.biz/","Singapore","Ameliorated zero administration infrastructure","1996","Utilities","423"
"2874","a0Dee16ADa05c3C","Bruce Group","http://www.preston.com/","Grenada","Operative upward-trending archive","2017","Market Research","2518"
"4174","A3bAC5e0B9BCada","Brock PLC","https://payne.com/","Holy See (Vatican City State)","Virtual encompassing frame","2009","Consumer Goods","1744"
"2536","B2fC0aCebDAaAec","Hanson PLC","http://www.massey-moran.com/","Jordan","Ameliorated asymmetric moratorium","2006","Farming","5509"
"9133","84D81F51edCaC8F","Velazquez-Roberts","http://mathis.info/","Nepal","Devolved local help-desk","1997","Staffing / Recruiting","426"
"1908","dB5a8f26DA4FfDD","Hutchinson, Day and Calderon","https://www.delacruz-hahn.net/","Italy","Polarized coherent project","2004","Semiconductors","1278"
"43","Bf8BbedDaba38A3","Sheppard Ltd","http://www.bishop.com/","Morocco","Expanded didactic interface","1981","Furniture","4564"
"9492","bf2fde799870cAA","Oconnor-Mosley","https://lang.com/","French Polynesia","Adaptive regional complexity","2002","Aviation / Aerospace","2088"
"369","BCeeBaBDc9Ce224","Bridges, Fitzgerald and Fleming","https://www.higgins.com/","Kazakhstan","Enterprise-wide client-server budgetary management","1995","Management Consulting","7149"
"1152","1daCe3E106733DD","Barnes Ltd","http://waller.com/","Malaysia","Extended mission-critical array","1984","Legislative Office","9348"
"7753","caB202f9DCEd282","Chan PLC","https://www.gibson.com/","Guadeloupe","Cloned neutral algorithm","1981","E - Learning","1884"
"6359","24089EcBeC5AEee","Berger Group","https://webster.biz/","Honduras","Grass-roots intangible focus group","1987","Computer Games","8775"
"5913","DB65fbC57E4aFC6","Lynn Group","https://www.wilkerson.biz/","Turks and Caicos Islands","Distributed dedicated artificial intelligence","2016","Religious Institutions","1194"
"6508","1be00Da30AD38bC","Buchanan Group","https://jacobs.com/","Saint Barthelemy","Universal mission-critical initiative","1994","Mechanical or Industrial Engineering","5597"
"7526","f2a8Bca6EAA3fef","Murillo, Heath and Adkins","https://www.cantu.biz/","Libyan Arab Jamahiriya","Adaptive client-driven product","1997","Consumer Services","1322"
"4161","1f7C8fAC3abff94","Bruce, Barrera and Ray","http://parker.org/","Faroe Islands","Persevering analyzing database","2016","Individual / Family Services","5741"
"4288","Fe662D2CdFbEdd1","Herman and Sons","http://www.massey.com/","Canada","Profit-focused fresh-thinking budgetary management","1975","Professional Training","1220"
"7776","c0b3cEAe9b98A37","Glover, Moses and Chandler","https://www.velasquez.com/","Antigua and Barbuda","Persistent logistical Graphic Interface","2017","Events Services","1134"
"6715","b0dbde5EE45E85d","Stewart-Franklin","http://love-hurst.biz/","Ecuador","Future-proofed scalable capacity","2013","Fishery","2041"
"175","6f1d2FecF7cb890","Marsh, Hubbard and Benjamin","https://robinson.info/","Lao People's Democratic Republic","Operative dedicated secured line","2011","Market Research","2859"
"1904","F1cd17a91EDbE7D","Haney, Castillo and Kerr","http://walsh.info/","Tajikistan","Ergonomic 3rdgeneration moderator","2019","Transportation","163"
"1100","e697cd1d01460C4","Jacobs-Madden","http://cortez.com/","Latvia","Grass-roots analyzing collaboration","1981","Think Tanks","9606"
"8115","A82ebDFAb81Fa84","Gordon-Huang","https://www.peters-glenn.com/","Ukraine","Sharable zero tolerance moderator","1996","Architecture / Planning","1281"
"3409","33af2b8aAeeaeEA","Carson, Francis and Burch","https://short-wiley.biz/","Saint Vincent and the Grenadines","Stand-alone intermediate functionalities","2021","Telecommunications","7695"
"1539","9FDA2030a7b48Ce","Savage and Sons","https://mueller.com/","United Arab Emirates","Cloned zero administration definition","1977","Banking / Mortgage","1145"
"2293","cF7A6eb005a6eE2","Prince, Juarez and Davies","https://hanna.com/","Singapore","Quality-focused attitude-oriented architecture","1985","Translation / Localization","1805"
"9301","e5a8B81De6edAeA","King-Lucero","http://www.moyer.com/","Armenia","Phased incremental analyzer","1977","Accounting","1757"
"1364","C5D6DAc818019BB","Watson-Caldwell","http://lester.com/","Turkmenistan","Self-enabling disintermediate protocol","2006","Apparel / Fashion","7650"
"7189","CBECd4E5f5E379e","Meyers-Meyer","https://casey-robinson.biz/","Reunion","Enhanced exuding orchestration","1992","Performing Arts","882"
"6628","0aFcf1D45f6b419","Woodward-Oconnell","http://www.pace.com/","Northern Mariana Islands","Mandatory static project","2021","Staffing / Recruiting","858"
"5261","1CcF2dd9382C70a","Gaines, Richard and Liu","https://bryan.com/","United States Minor Outlying Islands","Switchable composite budgetary management","1995","Museums / Institutions","7772"
"6816","C49cd2b185cE785","Booker, Pierce and Cisneros","http://hunter.com/","French Polynesia","Versatile heuristic benchmark","2011","Retail Industry","1756"
"9462","BC15b2FFB2CC1b5","Romero LLC","http://www.harper-kim.info/","Liechtenstein","Centralized full-range support","2019","Sporting Goods","631"
"681","B5Bf2c1D2Bf0aB0","Patel, House and Li","http://elliott.com/","Botswana","Cross-platform tertiary capability","1994","Maritime","9447"
"9316","Dd5E4A2C6e1A07d","Forbes-Vang","https://www.villegas-davila.com/","Afghanistan","Vision-oriented systematic Internet solution","1973","Public Safety","851"
"9299","519F3A1E1EA297F","Taylor, Carson and Mendoza","http://www.blackburn.info/","Trinidad and Tobago","Horizontal uniform function","1971","Maritime","6712"
"3665","cd980c195E91BdD","Nielsen, Wilkerson and Benton","http://hill.net/","Malta","Business-focused multi-state workforce","1994","Nanotechnology","7714"
"1662","F89afbbFdD7A8fe","Rodriguez LLC","http://norton.com/","Timor-Leste","Multi-lateral directional encryption","2000","Farming","2920"
"509","eF7f11abFC4BafD","Jones, Huynh and Hess","https://pitts.info/","Nigeria","Multi-lateral heuristic focus group","1985","Computer Software / Engineering","9968"
"167","b4fa4Ae45F4AF4c","Perry PLC","https://gentry-cobb.biz/","Kenya","User-centric methodical artificial intelligence","2015","Marketing / Advertising / Sales","6599"
"5498","CcB7A04Ea87fF55","Irwin Inc","http://www.franklin.com/","Benin","Centralized composite standardization","1997","Fishery","1225"
"8300","b7bB6D5Fdd3b2F7","Peck Group","http://www.cochran.biz/","Timor-Leste","De-engineered global conglomeration","1999","Luxury Goods / Jewelry","6079"
"1007","3264a4BfB796b63","Mack, Miller and Morton","https://chapman-grant.net/","United States Minor Outlying Islands","Vision-oriented local hardware","1971","Government Administration","6946"
"9740","4C0bb24B409DAB9","Ballard, Sweeney and Ibarra","https://romero.com/","Anguilla","Synergistic demand-driven toolset","1989","Newspapers / Journalism","4185"
"1915","9de1dC2B55Ed1e6","Werner, Dennis and Oconnor","http://acosta-farley.com/","Kyrgyz Republic","Ergonomic systematic paradigm","2016","Aviation / Aerospace","9332"
"3495","4dbC537dD80cFF7","Ward-Russell","https://www.mayer.biz/","Gabon","Centralized 24/7 analyzer","2005","Non - Profit / Volunteering","4205"
"9634","CA8bCBBeA32DD38","Levy, Day and Stein","https://www.goodman.com/","Gambia","Upgradable full-range Graphic Interface","2020","Hospitality","1269"
"9751","5CE6ba7802ECfac","Price Ltd","https://www.mayo.com/","Tajikistan","Cross-group bi-directional capacity","1972","Motion Pictures / Film","806"
"6445","07AF8C5Ffe0DA3c","Mcneil-Golden","https://blake.com/","Argentina","Realigned user-facing pricing structure","1995","Higher Education / Acadamia","4224"
"4991","E8b2ABeb9A6b1C0","Yang-Peck","http://www.petty-kim.com/","Bhutan","Mandatory leadingedge flexibility","2000","Recreational Facilities / Services","3992"
"2537","5dCF6D53B82E4cA","Hebert, Newton and Jensen","https://daugherty-sanchez.org/","Nicaragua","Secured multi-tasking product","1990","Fishery","6231"
"1105","486eFE70b0A4311","Ballard, Petersen and Hunt","http://sawyer-yoder.org/","Niger","Universal intermediate middleware","1995","Architecture / Planning","589"
"3876","5CD4cb7cE8FFe7F","Horton Group","https://www.salinas.info/","Vanuatu","De-engineered logistical knowledgebase","1970","Executive Office","9531"
"7524","f43d7BAe2Def8aB","Small, George and Bautista","https://simpson.info/","Senegal","Reduced directional installation","2011","Events Services","1138"
"1753","E8c5EBbf7cB5b90","Valentine Inc","https://www.mccullough-jenkins.biz/","Tonga","Monitored grid-enabled installation","2018","Utilities","8046"
"5311","787Ba218Eb2FaC9","Larson, Guzman and Hickman","https://hoover-blankenship.com/","Botswana","Cloned systemic knowledgebase","2014","Aviation / Aerospace","2828"
"7297","E16Be5E01cA5d76","Stout-Hays","http://www.crawford.com/","Honduras","User-friendly upward-trending array","1983","Translation / Localization","4427"
"2917","afeB3C8f9D71C1F","Zhang Inc","https://www.herring.org/","Australia","Profound context-sensitive paradigm","1992","Civil Engineering","1718"
"8975","3dc243B1437859d","Moon, Lowery and Figueroa","http://www.cox.com/","Puerto Rico","Reduced attitude-oriented data-warehouse","1999","Industrial Automation","4771"
"5755","4b8Fe9BB36Fbb91","Patrick PLC","https://duarte-ho.com/","Dominica","Open-source directional definition","1985","Entertainment / Movie Production","8097"
"153","77926A929AaE2eb","Dillon, Moreno and Mcintosh","https://www.wade-walton.com/","Dominican Republic","Horizontal foreground hardware","1994","Individual / Family Services","866"
"7691","9ab086F8Ae8fC8b","Branch, White and Bauer","https://www.lynch-kline.com/","Romania","Advanced zero-defect middleware","1990","Library","7625"
"5680","CCf74108fb0BBAB","Newman LLC","https://www.levine.biz/","Namibia","Implemented grid-enabled workforce","1986","Mining / Metals","2436"
"3908","b86FdD03001C712","Ashley PLC","http://www.frost.com/","Japan","Devolved solution-oriented capability","1995","Outsourcing / Offshoring","984"
"9136","CfF07A85Ea020d2","Camacho, Frost and Barnett","https://www.rose.org/","Turkmenistan","Intuitive tangible open architecture","2003","Alternative Dispute Resolution","7975"
"2553","EFb5401Efa0e1C0","Hickman, Bishop and Matthews","http://kane.com/","Dominica","Cross-group empowering superstructure","2006","Logistics / Procurement","8461"
"2774","af7cEb73468FccE","Roberson, Daugherty and Cross","https://osborn.com/","Switzerland","Customer-focused regional moderator","1990","Legal Services","2872"
"6099","fE488a0Bc419059","Bryant, Bruce and Pratt","http://www.brooks.biz/","Cameroon","Balanced zero administration portal","1973","Textiles","9841"
"3552","eaeAa8ec7fd2e48","Mcintyre Group","https://www.avery.com/","Papua New Guinea","Right-sized zero-defect monitoring","1993","Wine / Spirits","8249"
"3723","21f16FEAe41006A","Hurley-Velazquez","http://www.weber.net/","Czech Republic","Assimilated motivating throughput","1977","Facilities Services","8749"
"9871","Ff2Ee8C83bf4287","Kirk, Juarez and Petty","http://www.donovan-hurst.com/","French Polynesia","Robust didactic firmware","1986","Philanthropy","9678"
"521","B19DD71817b8dAb","Guerra LLC","http://www.mercado-wiley.com/","Solomon Islands","Universal 3rdgeneration synergy","2011","Utilities","1201"
"8034","aE6E54E28774c8E","Bird PLC","http://everett-copeland.com/","Palau","Exclusive grid-enabled solution","1994","Computer Hardware","97"
"4539","A642ebbd51dbeAa","Kane and Sons","https://daniels.com/","Australia","Balanced national extranet","2007","Recreational Facilities / Services","4005"
"6779","497fDcb05c22677","Coleman Group","http://wiley.biz/","Angola","Advanced zero-defect projection","1991","Library","8149"
"1823","ac0ef0c447Cc536","Buchanan and Sons","http://huff.com/","Latvia","Diverse regional application","2003","Market Research","7497"
"4087","47e082bF95BE406","Stewart, Jacobson and Hancock","https://www.lester-frey.com/","Guadeloupe","Re-engineered exuding superstructure","1973","Law Enforcement","6180"
"6149","e59DF9044c80eA7","Torres Group","http://www.maynard.com/","Malaysia","Robust executive interface","1982","Logistics / Procurement","9522"
"8743","Be9C34fa3Ebd1f0","Chandler-Sanford","http://callahan-moore.org/","Somalia","Programmable human-resource encoding","2018","Individual / Family Services","2611"
"9473","ACBbf16AAFCAdc5","Choi-Johnson","http://www.figueroa.org/","Croatia","Phased mission-critical migration","2021","Farming","2326"
"7742","1F44c68CF26B7Ee","Oneill PLC","http://www.watts-cuevas.org/","Slovenia","Open-architected heuristic contingency","1998","Wireless","218"
"310","6FBaAA2aA8D1ECF","House-Park","http://www.crosby-caldwell.com/","Peru","Upgradable systematic methodology","1978","Philanthropy","4853"
"7721","6AD589B55a9FAe3","Owen, Vang and Reilly","http://www.lindsey-hendricks.info/","Mozambique","Front-line needs-based Local Area Network","1980","Airlines / Aviation","701"
"8223","eE62Fffc79fD2f9","Shelton-Spencer","https://www.key.com/","French Polynesia","Exclusive needs-based customer loyalty","2019","Import / Export","7157"
"8657","fcD1C24ec09AcD2","Schaefer and Sons","http://www.ho-rios.info/","Belarus","Robust asynchronous process improvement","2014","Newspapers / Journalism","2090"
"3600","cED88bdEd0e0BE8","Brady-Huffman","https://buchanan.com/","Dominican Republic","Streamlined secondary application","1971","Motion Pictures / Film","5713"
"3623","ffe2fE2081fc94B","Leon, Cervantes and Sanders","https://www.berg.net/","Azerbaijan","Centralized explicit customer loyalty","1973","Transportation","3840"
"3812","fead0Be9DeA0D7E","Farmer Inc","http://hebert.com/","Aruba","Devolved bandwidth-monitored concept","1986","Transportation","346"
"3451","cf7eC5a82e3Efc1","Duke and Sons","http://www.russo.com/","Iran","Focused fault-tolerant hub","1994","Machinery","7532"
"4592","fCC96eCCaB114fF","Mcguire, Forbes and Patel","http://carr-stewart.com/","Svalbard & Jan Mayen Islands","Decentralized client-server hub","1983","Library","8786"
"206","11Bf95afa2Ecdb7","Hicks-Sharp","http://lambert-compton.org/","Panama","Business-focused 3rdgeneration contingency","1974","Environmental Services","7182"
"9841","C51CAf4EA40cEfa","Griffith Ltd","https://www.arellano.info/","Fiji","Self-enabling multimedia orchestration","1994","Mental Health Care","8587"
"1136","3B1F373c81Abd97","Stafford Group","https://www.wiggins.org/","Sudan","Configurable attitude-oriented challenge","2011","Computer Software / Engineering","5621"
"9385","b0db0274acB10Cf","Trevino PLC","http://www.leach.org/","Turkey","Persevering holistic circuit","2010","Security / Investigations","7069"
"2750","C20dDcEa131633b","Barron, Cochran and Ali","http://www.weeks.com/","Saint Barthelemy","Front-line high-level Internet solution","2000","Hospitality","422"
"3614","2dBf74Fc5DD78aE","Blackwell, Morrow and Robertson","https://long.net/","Guinea","Ergonomic analyzing knowledgebase","2005","Railroad Manufacture","6487"
"306","cC57130E3F0da7c","Moreno, Caldwell and Estrada","https://graham.com/","Turkey","Future-proofed human-resource intranet","2018","Media Production","9785"
"1850","feBDb4121Ecc2eF","Cross, Shaw and French","https://bullock-jensen.net/","Bulgaria","Robust foreground customer loyalty","1999","Computer / Network Security","4631"
"7670","afDDbb6DD0dC0cd","Huang Inc","https://www.irwin.com/","Croatia","Secured static model","2004","Motion Pictures / Film","4214"
"1989","73dA94CF86fbaB9","Patel-Edwards","http://www.oconnell.info/","Ethiopia","Centralized optimizing hub","1990","Public Relations / PR","372"
"3241","41e203BecF5eBA4","Jarvis PLC","https://www.cabrera.info/","Kyrgyz Republic","Future-proofed mobile structure","1993","Railroad Manufacture","523"
"2799","3Fe9EFb4F63c0DD","Ingram-Fleming","http://horne-jenkins.com/","Italy","Virtual real-time collaboration","1981","Airlines / Aviation","6089"
"4516","6aDa56e3A4C3dD1","Ford, Horton and Cantrell","https://church.com/","United Arab Emirates","Secured uniform implementation","2002","Warehousing","9902"
"5631","250731fcDF4Ce6b","Torres Group","http://burns-valdez.net/","Nauru","Reduced exuding archive","1973","Food / Beverages","662"
"9373","8D1E3fbe7d2D01E","Long Group","http://huynh.com/","Bahrain","Front-line composite initiative","2006","Design","3241"
"3110","f1EfC7dB6759DA6","Kaufman, Lewis and Berry","http://www.haas.com/","Bahamas","Implemented discrete intranet","2020","Insurance","2366"
"4940","a9a1Fc9d61D1c8b","Benjamin-Holland","https://www.torres.com/","Serbia","Reverse-engineered tangible open architecture","1990","Chemicals","8755"
"4060","7dBcAaE57F88727","Manning-Lewis","http://ingram.net/","Botswana","Distributed upward-trending standardization","1997","Construction","7515"
"1988","AaDECEEFBbfDa7E","Lin and Sons","http://www.blake.biz/","Romania","Balanced fresh-thinking open system","2016","Public Safety","3929"
"7158","37F84E3C8bDEa7c","West LLC","https://gilbert.org/","Ecuador","Centralized clear-thinking attitude","2005","Veterinary","1560"
"8875","9CCFa0cE542CeB9","Moore-Liu","https://www.gomez.biz/","Guinea","Intuitive tertiary matrix","1984","Real Estate / Mortgage","8139"
"6614","baDabA0A29ee67C","Mccall, Cowan and Carr","http://garrett.org/","Saudi Arabia","Organic user-facing Local Area Network","2003","Motion Pictures / Film","8950"
"384","09F952fDBa8b694","Spears, Olson and Carrillo","http://www.ferrell-arias.com/","Angola","Front-line even-keeled help-desk","1990","Building Materials","4111"
"5635","9c3c2d8fFC5bFbC","Watkins-Burke","https://www.carson-donaldson.biz/","Guadeloupe","Open-source multimedia productivity","1995","Political Organization","8243"
"4308","1A9db51f704F2fE","Jacobs, Mcdaniel and Stanton","https://mcconnell.com/","Bhutan","Reactive bifurcated throughput","2003","Printing","4406"
"3389","df3B54F1FEd1275","Conrad, Wood and Grant","https://www.baker.com/","Liberia","Face-to-face systemic groupware","2021","Medical Equipment","2829"
"3157","FaC7e4d9dD9E94b","Avila Group","https://jordan.info/","Mexico","Versatile local Graphical User Interface","1993","Computer Hardware","3150"
"9996","2EE82AD1Cd045cd","Neal, Day and Wang","https://carson.net/","San Marino","Team-oriented multimedia core","2013","Import / Export","6123"
"2728","8A5B6fFFc0aFC6F","Miles-Terry","http://gillespie.com/","Botswana","Quality-focused local moratorium","1970","Oil / Energy / Solar / Greentech","9409"
"6334","027b3E5d20c8fF3","Fuentes-Bautista","http://www.hampton.info/","Suriname","Managed encompassing neural-net","1980","Gambling / Casinos","1559"
"9900","2AddfED9d4b4310","Welch, Key and Whitehead","http://levine.net/","Belize","Function-based full-range portal","2019","Government Relations","3356"
"8752","Fa3767fbD2cCD1D","Whitehead, Nixon and Ramos","http://holden-kemp.com/","Qatar","Intuitive human-resource software","2012","Program Development","7303"
"8303","cFcD0CBaB50169E","Kerr-Archer","https://donaldson.com/","Christmas Island","Centralized regional system engine","1990","Civic / Social Organization","8975"
"6038","e3B84D15f3c4f2F","Buck, Newton and Norton","http://mcintyre-lutz.com/","Gambia","Synergistic well-modulated implementation","1978","Online Publishing","32"
"3833","dEE9Ed84F15ca53","Frank, Byrd and Campbell","https://www.nixon-zuniga.com/","Netherlands Antilles","Upgradable 4thgeneration algorithm","1970","Human Resources / HR","1743"
"8918","6efFbA4062f4436","Mccann, Whitehead and Cherry","https://freeman.com/","British Virgin Islands","Realigned tertiary alliance","1971","Religious Institutions","3806"
"4777","EbeAA6e1afFea0a","Friedman, Good and Hurst","https://curry-savage.com/","Kenya","Managed human-resource function","2000","Logistics / Procurement","6983"
"4277","bC9bfeC1a4DFA35","Bruce, Holder and Valenzuela","http://benjamin.biz/","Cote d'Ivoire","User-friendly non-volatile hierarchy","2010","Printing","187"
"254","E1B08C219a450E9","Adams-Fischer","https://www.barajas-rivas.info/","Poland","Seamless client-server frame","2007","Capital Markets / Hedge Fund / Private Equity","7873"
"7896","d7F8EcB8773efD2","Logan-Blake","https://arroyo.com/","Bouvet Island (Bouvetoya)","Universal non-volatile infrastructure","1994","Sporting Goods","6466"
"9591","ff60844Fec1cd78","Gaines-Webb","https://dennis-tapia.biz/","Bermuda","Persevering uniform strategy","2010","Defense / Space","5289"
"7289","eF13dA045cDA64b","Clarke-Lara","https://king.biz/","Togo","Total homogeneous interface","1984","Logistics / Procurement","6783"
"279","888Da1e7A0392Fe","Blake-Leach","https://www.kaufman.org/","Holy See (Vatican City State)","Visionary radical middleware","1998","Maritime","6670"
"3253","bF4f118f5C10B0b","Butler-Reid","https://www.peterson-holder.com/","Belize","Up-sized uniform core","1989","Primary / Secondary Education","5127"
