"Column_1","Column_2","Column_3","Column_4","Column_5","Column_6","Column_7","Column_8","Column_9"
"9255","8d9f0EfA7902F4D","Day Group","http://wells.org/","Niue","Sharable multi-state leverage","2021","Construction","4036"
"1562","5ED3F0764c307A0","Wu Group","http://lindsey.com/","Iran","Managed grid-enabled solution","2013","Public Safety","5080"
"1671","ECbE3f0A5092f6f","Hoffman-Horn","http://www.rodriguez.com/","Estonia","Organic 24hour time-frame","2012","Wireless","4349"
"6088","df7F71Bffc5F0cC","Erickson and Sons","http://www.peters.com/","Singapore","Diverse full-range standardization","1992","Performing Arts","5000"
"6670","B281ADC25C917ec","Pacheco, Schmidt and Frederick","https://ruiz.com/","Turkey","Versatile encompassing concept","2014","Alternative Dispute Resolution","6963"
"5934","bC6Ebe1A0Ef42B2","Hebert, Ramirez and Fitzgerald","http://www.watts.net/","Costa Rica","Persistent web-enabled Local Area Network","1994","Program Development","5585"
"8830","B70ec6fCAC447ed","Kerr Ltd","http://kane.com/","Dominica","Ameliorated foreground Graphic Interface","2008","Individual / Family Services","6029"
"7946","40bebDBb05CfBec","Bullock Group","http://walsh-webster.com/","Barbados","Face-to-face explicit framework","2009","Outsourcing / Offshoring","6044"
"3509","ba5e181ff7936Da","Mccormick-Osborne","http://www.rivers.com/","Cocos (Keeling) Islands","Face-to-face coherent product","2005","Fundraising","5002"
"2003","DDdBee6ce40EDEa","Dixon-Mack","https://www.boyd-payne.com/","Malawi","Secured cohesive superstructure","1989","Philanthropy","3728"
"5867","9d9B622f3DcdF1d","Mercer, Olsen and Barnes","https://www.skinner-blake.info/","Pakistan","Open-architected dedicated interface","1982","Electrical / Electronic Manufacturing","2026"
"169","Fa2b47Df8Efac14","Whitney and Sons","http://www.clarke.net/","Gabon","Expanded even-keeled array","1999","Package / Freight Delivery","3246"
"2589","eCe7257DFdf962b","Abbott Ltd","http://www.clayton-sharp.com/","Sudan","Versatile zero administration parallelism","1996","Architecture / Planning","4787"
"5906","E2f11fa8a2d0A6c","Mosley-Rosales","https://dillon-vance.org/","Namibia","Business-focused local function","1999","Building Materials","2003"
"9530","aB1cDEFF6bBAa8b","Lucas-Spears","https://bowman.com/","Mayotte","Organic global firmware","1988","Dairy","1829"
"6385","2a4eFBaFEdA1E49","Durham, Proctor and Delgado","https://walls-gallagher.com/","Singapore","Team-oriented 3rdgeneration analyzer","2012","Individual / Family Services","2657"
"7825","7A3b62eeF67bEf9","Giles, Hardin and Hart","https://mckinney-castaneda.com/","Benin","Polarized web-enabled forecast","1982","Media Production","3661"
"9780","9c40febA1f0B706","Pace Inc","http://www.dorsey.info/","Madagascar","Phased multi-state Local Area Network","2009","Restaurants","6550"
"4630","c5996ab0A686076","Fuller-Townsend","http://www.schultz-frey.com/","Dominica","Function-based bi-directional process improvement","2018","Translation / Localization","9938"
"8561","176e1dFA65Fd64C","Johnson LLC","https://garner.com/","Tunisia","Organized dedicated methodology","2020","Legislative Office","8946"
"9292","18d3C81Ea9c3B77","Griffin, Coffey and Blair","http://www.michael.com/","Bolivia","Customer-focused scalable budgetary management","2020","Sports","3198"
"6875","BE4fe1fD161b46a","Wilson-Carlson","https://www.keller.com/","Haiti","Decentralized demand-driven open system","1991","Gambling / Casinos","5288"
"6522","697d804B8FbddFc","Harvey PLC","https://www.chaney.org/","Tanzania","Programmable grid-enabled artificial intelligence","1987","Facilities Services","8276"
"8980","3bff3a7EAEAc7aA","Hale Group","https://www.ross.com/","Guam","Monitored systemic standardization","1992","Chemicals","6829"
"6648","babae9c46eefCf3","Johns, Montoya and Ewing","http://www.gregory.com/","Maldives","Universal 24hour approach","2016","Philanthropy","8311"
"9826","9B4EE8eFaAFb7De","York and Sons","https://www.christian.com/","Burundi","Profound zero administration monitoring","2005","Veterinary","4892"
"211","DeDaBaEF7bdDcBc","Harris-Sims","http://conley.info/","Aruba","Right-sized web-enabled analyzer","1977","Government Relations","5631"
"5279","D3892ae6c3C2fFA","Mays-Nichols","https://stevens.biz/","Romania","Operative zero-defect model","1973","Food / Beverages","4352"
"1920","Df079CAbaAaE338","Lambert, Barajas and Kidd","https://www.powers-christian.com/","United States Minor Outlying Islands","Synergized full-range encryption","2015","Consumer Goods","8607"
"719","C3AFDC6DAEB1fBc","Giles-Mckay","http://www.casey.com/","Germany","Decentralized bottom-line middleware","1974","Defense / Space","4493"
"4869","040d8Dce6A4bDF6","Mcconnell-Mccarty","http://moyer-frye.com/","Brazil","Implemented well-modulated knowledgebase","2009","Executive Office","6159"
"7835","c2cB9647dAC41e8","Powell, Wilkins and Guerra","https://marshall.net/","Jamaica","Ergonomic bandwidth-monitored contingency","1996","Ranching","1749"
"1299","4C5Acc28daf8B39","Hoover and Sons","https://woodward.com/","Mongolia","Universal upward-trending open architecture","1972","Oil / Energy / Solar / Greentech","2966"
"9194","7228dBc88aE8bd4","Atkins, Wilkerson and Krueger","https://rose.com/","Mali","Upgradable tangible array","1993","Cosmetics","1131"
"4618","21Ae6ba9DDFE6eA","Coleman, Beard and Meza","https://www.holmes.com/","Saint Vincent and the Grenadines","Virtual full-range Graphical User Interface","2002","Primary / Secondary Education","3303"
"3129","AA2f7FEF78CD80D","Dudley, Juarez and Montoya","https://thomas-hayden.biz/","Northern Mariana Islands","Devolved neutral portal","2012","Legislative Office","5223"
"9796","3D94aF6275ddf7E","Delgado, Hogan and Oliver","https://leonard-sanchez.net/","Iraq","Synergistic empowering budgetary management","2003","Import / Export","8439"
"3980","A44e3A3DEba91Ad","Sexton-Figueroa","https://wilkerson-lambert.com/","Liechtenstein","Synergistic executive algorithm","1991","Automotive","8632"
"9925","f3efE0Ae688A162","Conley Group","http://www.espinoza.com/","Vietnam","Reverse-engineered system-worthy firmware","1993","Judiciary","5318"
"8318","6dDc448DcD9426A","Stephens, Bailey and Orr","https://www.moore.com/","Congo","Focused 5thgeneration database","1977","Cosmetics","2879"
"4394","296BDFee11aD2A2","Mcdowell, Downs and Bryan","http://www.valencia-santos.net/","United States Minor Outlying Islands","Grass-roots homogeneous challenge","2013","Design","7645"
"1288","47d6cCD85C5B6Ff","Marks, Cummings and Fry","https://benjamin-paul.com/","United Arab Emirates","Vision-oriented radical Graphic Interface","2011","Computer Games","3648"
"4356","9f236372fc66d9e","Stevens, Dennis and Duarte","http://www.cantrell-guerrero.com/","Macao","Total eco-centric moderator","2010","Oil / Energy / Solar / Greentech","3535"
"7014","e9B92b9E3a6C3DB","Savage-Hicks","https://buckley-moran.com/","Congo","Decentralized 5thgeneration extranet","1970","E - Learning","1757"
"3886","de931EdFe645bFA","Stevenson PLC","https://hammond.com/","Estonia","Seamless global middleware","2004","Broadcast Media","8960"
"5750","7BCCb2CEF708f16","Salazar Group","https://www.contreras.net/","Sri Lanka","Polarized value-added database","2020","Warehousing","3519"
"9170","afA5c914028C45e","Gibson, Hester and Wolfe","http://mckee-kent.biz/","Monaco","Innovative composite matrix","1983","Pharmaceuticals","3784"
"2408","BdBDc5dB6CdC3E4","Jackson PLC","https://www.cline.com/","Mexico","Focused well-modulated alliance","2009","Food Production","3531"
"2014","248C9DbeBAaAA94","Salazar-Craig","https://sims.org/","Micronesia","Mandatory fault-tolerant workforce","2008","International Trade / Development","3853"
"5154","aaAb2713b9BD09f","Schaefer Ltd","http://rush.biz/","Uzbekistan","Business-focused even-keeled functionalities","2000","Higher Education / Acadamia","4991"
"8552","44C3B50Aa9d68F8","Mcintyre Inc","http://le-mullen.net/","Saint Lucia","Function-based 4thgeneration pricing structure","1989","Political Organization","3301"
"4377","B6f135353913E21","Flynn Ltd","http://www.barrera.com/","Mauritius","Visionary incremental service-desk","1987","E - Learning","641"
"8823","5e8a82A49BA6883","Camacho-Guerrero","http://www.cowan.org/","Austria","Organized discrete time-frame","2000","Philanthropy","4229"
"4274","E8116eE250a28F8","Riggs-Boone","http://jordan-pope.org/","Belize","Switchable eco-centric migration","1984","Wine / Spirits","1855"
"5826","583A23f1bee99DC","Moses PLC","http://www.mueller.com/","Bahamas","Realigned system-worthy moderator","2018","Tobacco","6733"
"6700","828b33C4ab4EEcF","Rojas-Stephens","https://www.blankenship.com/","Cocos (Keeling) Islands","Visionary even-keeled implementation","1993","Consumer Services","9301"
"7244","a8cD3bAEd76A7A5","Pham, Dudley and Rush","https://mcclain.com/","Kiribati","Robust grid-enabled definition","1984","Consumer Electronics","7022"
"450","2b9AccAc1dd1fEB","Haas LLC","http://www.pratt.com/","Ethiopia","Reactive methodical function","1970","Package / Freight Delivery","6370"
"2228","18ab9bbb0A8f9CC","Thomas-Byrd","https://www.blackburn-orozco.com/","Hong Kong","Fully-configurable directional approach","2009","Investment Banking / Venture","3857"
"5757","Db6779F5BD2f034","Cisneros-Hodges","http://www.carrillo-small.biz/","Slovakia (Slovak Republic)","Persevering zero tolerance superstructure","1983","Design","3660"
"811","F74fcEb818FdfaF","Mann, Holt and Ellis","https://www.fowler.biz/","Zimbabwe","Re-contextualized fresh-thinking capacity","2003","Packaging / Containers","8113"
"4181","aDDCcefDD1F412e","Pennington Ltd","http://zuniga.info/","Bahamas","Multi-lateral optimizing emulation","1978","Public Relations / PR","9642"
"9001","cBf5D465A976bfD","Pope Inc","https://www.vaughan.com/","Svalbard & Jan Mayen Islands","De-engineered methodical migration","2006","Venture Capital / VC","2252"
"5439","CC902aBd89BAA3C","Liu-Miranda","https://brady-lynch.com/","Thailand","Devolved global migration","1979","Medical Equipment","4132"
"7534","4BB54E7e8eD01ff","Petersen Inc","http://sweeney.com/","Costa Rica","Integrated responsive open architecture","2001","Building Materials","1938"
"6370","4D5e1e6258cbB8E","Townsend, Cobb and James","http://www.tucker.com/","Moldova","Proactive static matrix","2016","Airlines / Aviation","5753"
"8417","ca6c3e80fB6fFcf","Crosby-Michael","https://www.vaughn.com/","Reunion","Centralized intangible budgetary management","1978","Wine / Spirits","4798"
"1478","647F2c0D7fD00D4","Hawkins, Blackburn and Stevens","https://espinoza.info/","Wallis and Futuna","Profit-focused contextually-based focus group","1973","Hospital / Health Care","345"
"1791","3F6e854F5e4ede4","Wallace, Doyle and Cox","https://www.duncan.com/","Trinidad and Tobago","Ergonomic user-facing open architecture","2020","Events Services","1887"
"2009","Dd3bb5ee0a0BE7b","Bolton, Mccullough and Conley","https://lloyd-cobb.com/","Nicaragua","Profit-focused analyzing info-mediaries","1993","Broadcast Media","7531"
"683","eccCBE69F7e34e7","Whitehead-Malone","https://howell.com/","Aruba","Visionary regional infrastructure","2003","Supermarkets","8605"
"2817","9D1EAEdfEd38F73","Henry PLC","http://www.gibson-black.com/","Korea","Multi-channeled intermediate algorithm","2019","Investment Banking / Venture","5559"
"9432","AD924DdA7d7ddF2","Parsons-Bridges","http://www.anderson.com/","Iceland","Function-based exuding matrices","2005","Political Organization","9971"
"3775","C3CbD87af5BCdDB","Wilkinson and Sons","http://parker-spears.net/","Kuwait","Managed bi-directional concept","2010","Mental Health Care","6210"
"6496","aDB5BfA192b885A","Duarte, Esparza and Cooley","http://love.com/","Bhutan","Customer-focused attitude-oriented access","1992","Civil Engineering","4932"
"8879","B48E4b87BcFca1A","Rollins and Sons","http://stuart.com/","Panama","Organic transitional projection","2017","Computer Software / Engineering","2802"
"7362","D519D87ACf19C96","Gray, Cortez and Branch","http://marks.com/","Gambia","Inverse grid-enabled hardware","2018","Accounting","70"
"8367","4f3eeB0bcdAA07d","Walter, Fleming and Pham","http://www.walton-hartman.com/","Philippines","Persevering human-resource hub","1992","Broadcast Media","4921"
"7475","E953Ad52d8b6eAA","Oliver, Leach and Hill","https://lozano-whitehead.org/","Myanmar","Triple-buffered clear-thinking project","2000","Gambling / Casinos","1755"
"47","05eE53c2daf90fC","Moses PLC","https://doyle.com/","Uruguay","Customer-focused discrete implementation","2017","Real Estate / Mortgage","1263"
"31","da750fccbe1779f","Archer, George and Sanders","http://www.ortega.com/","Russian Federation","Innovative multimedia Graphical User Interface","1994","Environmental Services","6377"
"8251","eFcabb6EE0d3A29","Suarez-Savage","http://mack.net/","Iraq","Re-contextualized regional Graphic Interface","1976","Photography","3597"
"6936","12fd42D836abded","Lyons Ltd","http://chen.biz/","Guinea-Bissau","Distributed eco-centric core","1993","Animation","243"
"1469","7C031BDb3DceD2c","Tapia, Hancock and Mcmillan","http://www.ho.com/","Tuvalu","Reactive content-based customer loyalty","1988","Media Production","9498"
"1666","8c1b2AcD0CAeFd7","Medina PLC","https://nunez-carlson.net/","Gambia","Seamless client-server Graphical User Interface","1988","Gambling / Casinos","9828"
"1417","30cb4F1CaECDF90","Hess-Haley","https://www.christensen.com/","Australia","Robust zero tolerance methodology","2008","Judiciary","9429"
"6481","7f7CCBCa49D9B23","Harris-Jacobson","https://sweeney.com/","Bangladesh","De-engineered 4thgeneration toolset","2011","Insurance","8043"
"4853","2DCaec7ED89f3ce","Beck-Stanley","http://stevenson-suarez.com/","Saint Martin","Advanced object-oriented projection","2021","Research Industry","2348"
"2471","DEB4Cee6bb3317d","Meza Inc","http://www.grimes.com/","Bolivia","Vision-oriented system-worthy interface","1980","Luxury Goods / Jewelry","1323"
"4374","9BBA5adF44cA686","English Ltd","https://dickerson-blake.net/","United States Virgin Islands","Progressive even-keeled support","1980","Computer Games","96"
"8525","8f1EBd4F95df74C","Griffin-Hunter","https://mcgee.org/","Puerto Rico","Reverse-engineered leadingedge parallelism","2002","Non - Profit / Volunteering","1508"
"430","Ca990F7B20029AD","Frye Group","http://reynolds.net/","Armenia","Function-based demand-driven portal","1990","Gambling / Casinos","6718"
"5245","973aA11eA5253FC","Pineda, Dunn and Dyer","http://drake.org/","Tunisia","Cross-group logistical task-force","1982","Primary / Secondary Education","4189"
"2120","0d3Cfd316b8B379","Prince Inc","https://www.norton.com/","Libyan Arab Jamahiriya","Up-sized 24/7 success","2014","Furniture","8815"
"386","38Df7aaEb0Cb68f","Brooks LLC","http://www.hodge-thompson.com/","Montenegro","Adaptive bottom-line attitude","1993","Investment Banking / Venture","9878"
"1946","Da69C89370A0bC3","Levy and Sons","https://fuentes-vega.org/","Falkland Islands (Malvinas)","Cross-platform executive migration","1972","Wine / Spirits","9104"
"4225","92a6f1dfb1E1DAA","Paul, Edwards and Curtis","http://huynh.com/","Kazakhstan","Devolved responsive matrix","1989","Insurance","724"
"474","f3bc96FDEcbCBB7","Wolfe-Heath","https://www.norris.net/","Tanzania","Virtual systematic system engine","1992","Philanthropy","797"
"2130","32210ad5541E2ad","Andersen, King and Orozco","http://www.sawyer-andersen.com/","Uganda","Proactive logistical customer loyalty","1990","Government Administration","1703"
"6557","79A1B57Beb2207A","Odom, Barber and Meza","http://www.carlson.biz/","Brazil","Profit-focused bandwidth-monitored hardware","2020","Real Estate / Mortgage","4658"
"6999","20344580A1a1417","Cabrera-Singleton","http://herrera.com/","Martinique","Re-engineered bottom-line access","2009","Animation","688"
"1056","8ff8c03a3bc0E20","Merritt and Sons","https://silva.com/","Italy","Quality-focused 24/7 initiative","1992","Computer / Network Security","2477"
"3275","af8fA154DBAb9a4","Rush Inc","http://mcguire-cohen.net/","Myanmar","Vision-oriented 4thgeneration task-force","2011","Financial Services","9012"
"4962","c1C4ed5DeB84CdB","Spencer Group","https://knapp.org/","Uzbekistan","Optimized attitude-oriented utilization","2003","Architecture / Planning","6384"
"5364","6Ab8231B59bc971","Patton-Barnes","http://bryant-cummings.info/","Sudan","Re-contextualized 4thgeneration paradigm","2008","Building Materials","4403"
"5817","9DEb233a835226a","Proctor, Mcintosh and Oliver","https://trujillo.org/","Iraq","Synchronized hybrid application","1984","Legal Services","9465"
"812","e9CEdeeDD3302FE","Ferrell, Wallace and Savage","http://www.mcdonald.org/","Poland","Business-focused systemic approach","2008","Civic / Social Organization","4697"
"4574","B1518208AbbddbC","Lester, Terrell and Franco","http://owen.com/","Guadeloupe","Intuitive bifurcated toolset","1980","Chemicals","7063"
"6138","66C9fEdf98cab0F","Durham, Gallagher and Cuevas","http://www.morales.org/","Ghana","Customer-focused discrete encoding","1988","Religious Institutions","8900"
"2389","87c460BA4b5C99d","Patrick Inc","http://www.norton-salazar.com/","Saint Lucia","Seamless local core","1983","Education Management","5089"
"9649","1a17054c7C4dEc1","Woodard, Bush and Steele","https://ray.info/","Canada","Intuitive incremental forecast","2018","Museums / Institutions","7093"
"6226","9a8841bB1BdFecB","Fritz, Benitez and Santiago","http://buckley.com/","Slovakia (Slovak Republic)","Front-line logistical superstructure","1989","Warehousing","8311"
"112","124EeaBFdE9Fffb","Dougherty-Harmon","https://marshall.net/","Malaysia","Stand-alone bandwidth-monitored utilization","1976","Financial Services","2687"
"8910","bEfBF3Bb74d255E","Mckay, Walters and Spencer","http://ramos.com/","Reunion","Public-key multimedia software","1989","Paper / Forest Products","8334"
"1746","d729D86cF29AC08","Chen Inc","https://thompson-rich.net/","Algeria","Pre-emptive regional productivity","1990","Mental Health Care","5007"
"7852","aD160CddDbfeb3f","Ortega Inc","https://benitez.com/","Norway","Adaptive clear-thinking projection","2007","Consumer Goods","7910"
"1453","bebb714bAf85D2A","Farrell, Mckee and Cruz","https://mcguire.org/","Grenada","Proactive modular analyzer","1984","Dairy","1600"
"320","2F0641cFfaddbc4","Nunez-Ortiz","http://glover.com/","United Arab Emirates","Virtual neutral open system","1973","Graphic Design / Web Design","3993"
"8594","bEeadB558998dae","Richardson Ltd","http://www.alvarez.com/","Uganda","Robust human-resource complexity","1987","Marketing / Advertising / Sales","9731"
"3334","bbf3D6E3d50DB6f","Mcdowell Ltd","https://larsen-cain.com/","Trinidad and Tobago","Polarized didactic policy","1978","Printing","8550"
"1923","0deCeCC0FA1Fd5C","Castillo-Perez","http://scott.info/","Panama","Re-engineered static ability","1988","Oil / Energy / Solar / Greentech","1239"
"5866","0620b8f92E7CfDd","Lawrence, Dennis and Boyle","https://neal.biz/","Russian Federation","Self-enabling global open system","1994","Market Research","9230"
"9529","7EAb8aC8a84Da78","Bean LLC","https://www.wiggins.com/","Korea","Inverse zero-defect forecast","2003","Computer Hardware","6258"
"3686","4d0EDA7Ecf9C625","Foley-Blackburn","http://wells.net/","Korea","Advanced leadingedge moratorium","2019","Primary / Secondary Education","3707"
"4276","7BeA4A26CEbf4Ed","Conner-Macias","http://www.strickland-cowan.com/","Congo","Reactive stable conglomeration","2006","Library","494"
"4890","DAE01d2e4aDAC2f","Black and Sons","https://www.livingston.com/","Australia","Sharable user-facing methodology","2008","Biotechnology / Greentech","72"
"5226","eBeeF88F5a28B40","Wilkinson, Randall and Bass","http://www.ponce.com/","Liberia","Pre-emptive well-modulated emulation","2006","Library","9457"
"7473","08Ed16fFd8ceE3E","Velazquez-Gaines","http://jennings.com/","Christmas Island","Intuitive tangible superstructure","2013","Industrial Automation","4611"
"3606","e5F91a5F1C9EbaE","Blair-Ho","https://www.blake-tyler.org/","Papua New Guinea","Grass-roots intermediate function","1971","Internet","7037"
"1053","eD6FBfeDCF0B5cB","Castillo-Best","http://www.sutton.com/","Antarctica (the territory South of 60 deg S)","Re-engineered maximized middleware","2018","Accounting","3500"
"4157","1DB8fFEC2d6ec0C","Gallagher Ltd","https://www.clarke.biz/","China","Future-proofed actuating capability","1976","Hospital / Health Care","850"
"9677","D15D8163de7e521","Neal PLC","http://mullins-goodwin.com/","Iran","Upgradable impactful circuit","2016","Supermarkets","1927"
"100","cFEDe16F4731DAD","Roman, Hicks and Cole","https://hays-kaufman.com/","Peru","Open-source non-volatile hierarchy","1988","Printing","57"
"7509","C20A60A8A4E7C49","Rocha, Pennington and Stein","http://www.lynch.org/","Western Sahara","Face-to-face cohesive analyzer","2015","Philanthropy","9827"
"1457","82D063CD93eeFAc","Rivers LLC","http://richards.com/","Uganda","Enterprise-wide disintermediate approach","1993","Leisure / Travel","7452"
"7689","d03721b5d1A09EE","Vasquez Inc","https://barajas-sharp.biz/","Swaziland","Triple-buffered tertiary database","2001","Real Estate / Mortgage","3094"
"4005","ba11BcEB344Fd3E","Hoover-Atkinson","https://pitts.info/","Kenya","Intuitive optimizing success","1991","Packaging / Containers","7465"
"6867","fD1c73ECe66EfC5","Alvarado-Allen","https://arellano.net/","Mauritania","Object-based solution-oriented superstructure","1975","Wholesale","2145"
"4510","9D801AD6eE5C44c","Swanson Ltd","http://www.richards.com/","Cook Islands","Enterprise-wide bi-directional paradigm","2006","Plastics","2550"
"3300","dcc3F0aeFB832e5","Montgomery, Kirby and Landry","http://wyatt.net/","Iceland","Configurable mission-critical archive","1982","Environmental Services","2349"
"3800","f65dE5ACBc36456","Koch-Pierce","https://diaz.info/","Syrian Arab Republic","Operative heuristic help-desk","2013","Arts / Crafts","3022"
"4282","d1EB27e55eD0dF4","Owens, Johnson and Roy","http://wilcox.net/","Bangladesh","Switchable impactful definition","1997","Hospitality","4688"
"9052","5F9cE48BFeFe30C","Fletcher, Patton and Humphrey","https://www.morse.org/","Bulgaria","Universal web-enabled success","1976","Alternative Dispute Resolution","5796"
"6463","A0DaBEF32bDcC11","Brown, Saunders and Bright","http://www.walls.com/","New Zealand","Visionary national projection","1976","Tobacco","4009"
"7913","Ee821E7d7b3BB4E","Finley Inc","http://www.vaughan-coleman.info/","Panama","Up-sized asymmetric frame","2009","Media Production","7374"
"1415","DFbf4D6ACf634A2","Li, Vincent and Pitts","http://www.martin.org/","India","Virtual discrete definition","2014","Law Practice / Law Firms","1261"
"541","B6D5F1d5deEAfD5","Nunez-Oconnell","https://pineda-salazar.biz/","Jordan","Diverse context-sensitive projection","2002","Computer Hardware","92"
"5816","7817E1c4244c150","Curry LLC","http://miranda-meyers.com/","United States of America","Networked human-resource definition","1991","Consumer Electronics","5600"
"8200","3D7b587DAfd4Eb1","Porter-Levy","https://wilkerson.com/","Guatemala","Profit-focused didactic contingency","2014","Photography","4644"
"3681","D25Bec76303CE30","Krueger, Merritt and Osborn","https://cuevas-mcmillan.com/","Cocos (Keeling) Islands","Enterprise-wide analyzing focus group","1977","Wine / Spirits","2989"
"755","09Ade8Aa0c4c2C4","Sweeney-Haas","https://www.dickson.com/","Andorra","Diverse asynchronous middleware","1984","Retail Industry","7286"
"4197","78fE2f0A8BaA6db","Edwards and Sons","http://www.estrada.com/","Mozambique","Progressive grid-enabled encryption","1979","Building Materials","2449"
"2651","34C8AABACE7B56d","Lowery, Hoffman and Best","https://dickson-contreras.com/","Vietnam","Enterprise-wide multi-tasking encoding","1992","Management Consulting","3415"
"4523","7d07FB0b8Ed6aCB","Steele Ltd","http://www.stevenson.com/","Dominican Republic","Right-sized local encryption","1993","Biotechnology / Greentech","2890"
"9520","ad836C3B679BBfB","Pierce-Browning","http://www.yu.info/","Malaysia","Virtual demand-driven functionalities","1978","Ranching","3746"
"3119","FF0E9dbbA0fD8E2","Knox PLC","http://www.wright-cooley.com/","Norway","Networked maximized methodology","2006","Executive Office","3744"
"3729","ABadcD31eAeaB0D","Foster, May and Sanford","http://curtis.biz/","Seychelles","Ameliorated exuding workforce","1979","Education Management","7217"
"3887","ABBEF17Abe87Fc1","Riggs Inc","http://www.mcdonald-johnson.com/","Uganda","Customizable coherent algorithm","1997","Biotechnology / Greentech","8172"
"7108","fa491DAb4fA7F1d","Choi LLC","http://vaughn.net/","Nigeria","Open-source context-sensitive circuit","2006","Real Estate / Mortgage","8852"
"8069","D2C781c37Fc1bEC","Grimes LLC","https://www.vance.com/","Brazil","Managed homogeneous support","1998","Broadcast Media","966"
"7326","1Ebe5CfFcef208c","Stanley Inc","http://www.mason-manning.org/","Korea","Phased mobile portal","1997","Animation","4187"
"8484","CeB78eD8C95dAEF","Garrison, Hinton and Ray","https://www.lewis.biz/","Iraq","Open-source transitional extranet","1982","Mining / Metals","4686"
"8768","ef8C25d9d0AE68e","Richard Group","https://mathis.com/","British Virgin Islands","Synchronized optimizing success","1986","Computer Networking","405"
"6501","8db30B25B8F0a9a","Hayes LLC","http://www.kramer.org/","Italy","Ergonomic asymmetric forecast","1988","Judiciary","2512"
"8427","913EF7afaB331CF","Potter-Lester","http://hammond.com/","United States Minor Outlying Islands","Implemented zero administration knowledgebase","1988","Fishery","5517"
"7964","58EEE46EdeFb640","Cooper, Mcpherson and Guerra","https://bates-alexander.net/","Azerbaijan","Down-sized asymmetric access","2017","International Affairs","3767"
"602","fF04e67DF828Cd4","Potter, Myers and Alexander","http://www.mccall.biz/","Isle of Man","Re-engineered heuristic array","2013","Computer Software / Engineering","5747"
"9250","DD47B6ECDFbFddB","Pruitt PLC","http://dawson.biz/","Portugal","Seamless mission-critical success","2013","Investment Management / Hedge Fund / Private Equity","2002"
"8920","DCC6a784008d56f","Roach-Barnes","https://mendez.com/","Saint Lucia","Organized next generation middleware","1996","Legal Services","8646"
"6815","A3Ff80DcddE5f4C","Burns, Marshall and Hanna","http://petersen.org/","Afghanistan","Synergized non-volatile paradigm","1998","Automotive","582"
"5412","e4b1CcF735e1Eed","Estrada Ltd","http://www.tanner.com/","Turks and Caicos Islands","Front-line asymmetric circuit","2007","Semiconductors","4175"
"8748","e6418F39B69B7af","Kline-Villa","http://www.blevins.com/","Monaco","Organic dedicated utilization","2017","Venture Capital / VC","7889"
"5523","0bb2Bb44616C77F","Jefferson and Sons","http://www.garrison-webb.com/","Saint Vincent and the Grenadines","Reverse-engineered optimal middleware","2008","Security / Investigations","6903"
"1045","Ac111c53baBfd72","Williamson Ltd","http://www.vargas.com/","Germany","Universal systemic capacity","1990","Renewables / Environment","8149"
"7335","C50dF8Aab1a4fDF","Villanueva, Frederick and Wu","http://oliver-garza.org/","Falkland Islands (Malvinas)","Configurable multi-state utilization","1999","Performing Arts","9296"
"1558","42C15efe07E15CB","Colon Inc","http://www.harris-bass.com/","New Caledonia","Multi-lateral neutral Graphical User Interface","1996","Industrial Automation","8256"
"3740","6C9c9eEDE9a0ccB","Morrison, Page and Grant","https://www.mccann-pugh.com/","Malawi","Self-enabling methodical moratorium","1970","Motion Pictures / Film","1889"
"3523","47Aee59ceaE4C12","Contreras-Hanson","http://www.pierce.net/","Mozambique","Secured 24/7 approach","1980","Automotive","557"
"181","dFdBBc4ddB4aCEE","Key-Norman","http://bradshaw.com/","Bulgaria","Mandatory 5thgeneration support","1983","Veterinary","5477"
"2116","c4D6ee62acCFbaa","Solis Group","https://www.evans-brock.net/","Romania","Focused homogeneous function","1992","Printing","1846"
"1700","FCadb3e1cCA521c","Whitehead-Lynch","http://www.strong-hess.biz/","Argentina","Reactive bi-directional framework","2008","Accounting","8328"
"1380","0220040Ae608F9D","Schwartz-Osborn","https://www.fritz.com/","Niger","Centralized scalable access","1983","Gambling / Casinos","978"
"7230","f99ebB116C48dB0","Kennedy-Fletcher","https://www.neal.biz/","Malaysia","User-centric optimizing adapter","1998","Higher Education / Acadamia","606"
"9144","fBe5503620D6114","Hancock, Hays and Werner","https://ramirez-mcclure.com/","Jordan","Re-contextualized logistical algorithm","1982","Professional Training","2469"
"619","87e6afd47EabeA0","Carroll-Wright","http://www.cole-daugherty.com/","Mongolia","Adaptive client-server budgetary management","1979","Hospitality","7362"
"3182","Efed7b480bfb208","Lloyd, Mckay and Munoz","http://www.webster.org/","Kazakhstan","Public-key incremental secured line","1994","Hospitality","8749"
"9852","05F29c8ab12Af06","Frederick-Rowe","http://mccoy.net/","Northern Mariana Islands","Polarized fresh-thinking access","1999","Civil Engineering","9335"
"1601","F2150eab3acFfdD","Lynch-Mcbride","https://www.black.com/","Sierra Leone","Focused encompassing architecture","1994","Other Industry","9532"
"5964","303F19EdAc0b7c8","Huerta, Fowler and Rush","http://www.fry.info/","Belize","User-centric holistic service-desk","1994","Market Research","1095"
"1616","18F1dF7D59f5D67","Stephens, Huber and Villa","http://tyler-klein.com/","Cameroon","Stand-alone background protocol","2003","Broadcast Media","8190"
"5921","79C539B450049C3","Watts and Sons","http://moses.biz/","Greenland","Inverse mission-critical Internet solution","2002","Hospital / Health Care","749"
"9592","B324Fb7deDbA9c1","Hunter Group","https://le-lynn.com/","Lao People's Democratic Republic","Sharable high-level hub","1992","Pharmaceuticals","3849"
"3892","2182fE36fD857F2","Mccarty Inc","http://sosa.net/","Netherlands","Object-based attitude-oriented customer loyalty","1983","Fishery","1259"
"2084","a92479Eed2EE5bC","Fowler Inc","https://mccall.info/","Guinea","Reverse-engineered discrete complexity","2018","Fishery","3330"
"4575","1Bbefc2abFeeaf6","Kirk-Hardy","http://bowers.info/","New Zealand","Virtual didactic system engine","1979","Recreational Facilities / Services","5323"
"5595","9C1AF3AEc4df8fE","Clayton, Mendez and Olsen","http://www.peterson.info/","Haiti","Reactive optimizing hardware","2001","Hospital / Health Care","7733"
"5122","7D019d35F1D1AEA","Fox, Ferrell and Porter","http://mccarthy.net/","Cyprus","Face-to-face secondary project","1990","Import / Export","3437"
"4588","eff289AFB39EAda","Ford PLC","http://levy-miller.com/","Saint Lucia","Balanced cohesive function","2014","Textiles","9451"
"4903","82FDF0D2b85889f","Hicks, Christian and Aguilar","http://higgins-salas.info/","Cameroon","Organic asynchronous Internet solution","1992","Plastics","284"
"8253","A86b9CBA3eee3Cf","Brandt, Mcguire and Arellano","http://stone-martinez.info/","India","Triple-buffered optimizing installation","2004","Insurance","6117"
"5917","0E3Fa2Dac82fBA5","Harrington, Bentley and Bond","http://www.acevedo-mooney.com/","Gambia","Realigned full-range groupware","1983","Human Resources / HR","2323"
"5130","a679df0aF80Da38","Armstrong-Santana","https://mccarty-marshall.com/","Kazakhstan","Assimilated logistical core","1989","Semiconductors","8771"
"8335","bbb6ee54EfcFF7F","Stone, Elliott and Crane","http://randall.com/","Ghana","Visionary human-resource process improvement","1987","Marketing / Advertising / Sales","1009"
"1919","82BF64108EF8ffa","Solomon-Stevens","https://perry.biz/","Qatar","Synchronized eco-centric encoding","1986","Higher Education / Acadamia","3278"
"8331","f36d854312DDCE5","Fletcher Ltd","http://kirk-glenn.com/","Guyana","Virtual responsive Local Area Network","1984","Government Administration","9197"
"5708","D3C83b9Ab024bEE","Hooper Ltd","http://patel-wilkins.biz/","Trinidad and Tobago","Synergistic high-level frame","2004","Legislative Office","990"
"5385","ebf4f83EBdA7fc7","Villa, Caldwell and Holland","http://www.bender.net/","Albania","Progressive 6thgeneration collaboration","1982","Executive Office","2709"
"6337","9c09C0bFC63D06E","Mcmahon, Mayo and Ware","https://carlson.net/","Uganda","Distributed executive task-force","2004","Motion Pictures / Film","4006"
"2055","bAC68f2ed0E95e9","King, Herring and Huerta","http://woodward.biz/","Saint Kitts and Nevis","Inverse bottom-line array","1978","Executive Office","6676"
"7613","cdD5DE7857Ac36b","Wilkerson-Shields","http://cohen-riley.org/","Bouvet Island (Bouvetoya)","Reactive bottom-line intranet","2014","Printing","2338"
"9210","9c1eBC0cFB7E34c","Richmond-Olson","https://leach.com/","Cocos (Keeling) Islands","Programmable multimedia matrix","2011","Pharmaceuticals","6861"
"3964","4aAAf56e1caEEbd","Bean-Raymond","http://www.clarke.com/","New Caledonia","Managed asynchronous toolset","1985","Sports","4765"
"1127","476Dc59aaEAAFca","Berger-Mosley","http://klein-burgess.org/","Romania","Reverse-engineered asynchronous neural-net","1998","Electrical / Electronic Manufacturing","2550"
"3429","AC97C2EFA92fD60","Fletcher-Jordan","https://fitzgerald-hall.com/","Japan","Quality-focused 5thgeneration moratorium","1979","Packaging / Containers","2614"
"4602","5dEdCBA0b31CA8E","Pham Inc","https://zimmerman-hodges.org/","Japan","Operative system-worthy success","1982","International Trade / Development","1915"
"3722","CacDfE11aD99ea6","Hoover, Buchanan and Brewer","https://www.munoz-kemp.com/","Japan","Mandatory high-level structure","1970","Farming","4916"
"2390","bB31CC90C4a2F42","Mahoney-Frank","https://www.marshall.biz/","Puerto Rico","Mandatory disintermediate website","1976","Judiciary","7548"
"1323","5CfB5b1386521CB","Bautista-Armstrong","https://li.com/","Kiribati","Reduced fault-tolerant secured line","2012","Non - Profit / Volunteering","3062"
"1604","98a9aCaaAfe1093","Booker-Krueger","http://www.gross-walker.org/","Lesotho","Public-key secondary encoding","1997","Performing Arts","6521"
"7225","aEB6FD060c9cE25","Fischer PLC","http://www.navarro.biz/","China","Optional intermediate circuit","1976","Internet","9167"
"7426","30CFfcfFb90aACe","Farley, Nicholson and Miles","https://www.taylor.com/","Ecuador","Networked bandwidth-monitored capacity","1987","Oil / Energy / Solar / Greentech","831"
"4337","3E7Cb2DDC275B1A","Gilbert-Livingston","http://www.dickerson.biz/","Egypt","Cross-platform tertiary toolset","1998","Newspapers / Journalism","96"
"5594","4ecBF0db8dA17FB","Dominguez, Singh and Bird","http://www.miller.com/","Reunion","Exclusive fresh-thinking secured line","2000","Media Production","3453"
"4412","E8A32A76Ef4F2d0","Wang, Black and Hart","https://griffin.biz/","Bouvet Island (Bouvetoya)","Cross-group system-worthy workforce","2014","Banking / Mortgage","5894"
"5859","6aEC1861017fa26","Marsh LLC","https://www.woodward.biz/","Barbados","Grass-roots actuating knowledgebase","1998","Farming","1094"
"9344","FB9B1bc733cbfEc","Blevins, Francis and Pierce","https://kim.com/","Azerbaijan","Implemented empowering contingency","2012","Writing / Editing","2293"
"3992","7bba32fbAd21EE1","Cortez-Kelley","http://chung.com/","Bahrain","Secured exuding methodology","2012","Oil / Energy / Solar / Greentech","146"
"6080","dDeC545AAcBCDe2","Huff-Meadows","http://www.mccormick.com/","Saint Helena","Progressive zero tolerance artificial intelligence","1992","Transportation","1343"
"1560","D770656D51FB7CD","Martin-Hale","https://www.prince.info/","Sri Lanka","Secured interactive secured line","1988","Civic / Social Organization","9040"
"4683","2AfFD2329ed0372","Cannon LLC","http://mccall.com/","Serbia","Implemented zero tolerance circuit","1971","Business Supplies / Equipment","9008"
"7558","7bb039d381319c5","Nash, Burns and Pitts","https://www.macias.biz/","Cook Islands","Reduced neutral superstructure","2002","Logistics / Procurement","9115"
"3773","3Ee75d4e37B5ACC","Cross, Liu and Mack","http://santos.net/","Guinea-Bissau","Focused national frame","2010","Construction","4931"
"8780","8d0DBAb4d12cDBE","Potts, Maynard and Nolan","https://www.schultz-hill.com/","Guinea-Bissau","Down-sized 24/7 methodology","2014","Food Production","22"
"3458","AC9cBd6eCa3eaF6","Mejia, Rubio and Robertson","https://davis.com/","Namibia","Universal well-modulated solution","1997","Venture Capital / VC","3656"
"8384","8CeA2B5b3F7fd8D","Randall, Friedman and Fitzpatrick","https://huff.com/","Madagascar","Reverse-engineered background implementation","2002","Architecture / Planning","4540"
"1355","AC7FC248CD26a2b","Harrell, Cruz and Callahan","http://www.wyatt.org/","Oman","Mandatory discrete benchmark","1981","Music","7240"
"46","A6Be954495a1Fee","Boyd, Kaiser and Sampson","https://www.thomas.biz/","Mauritania","Right-sized value-added access","1983","Internet","6087"
"9873","F4E8A4a7a5136da","Macias LLC","http://www.hammond.biz/","Syrian Arab Republic","Open-source zero administration groupware","2015","Utilities","6022"
"749","75ea68AcF233ca4","Harvey, Willis and Avila","https://www.bates-owens.com/","Dominican Republic","Pre-emptive national framework","2005","Wine / Spirits","4056"
"7918","bcf04F7B18d6257","Kirby, Mendez and Walters","http://owen.com/","Dominican Republic","Polarized heuristic approach","1987","Photography","8096"
"4242","7D51fBf2a26D6fb","Curtis-Perez","http://www.williams-parks.com/","Uganda","Secured zero tolerance portal","2007","Publishing Industry","8685"
"5629","e09F92ED7b4AbE2","Everett Inc","https://www.douglas.com/","Spain","Ameliorated discrete strategy","2018","Machinery","8888"
"4658","d1155f8cbb3fcB3","Cross LLC","http://www.cole-ali.com/","El Salvador","Exclusive human-resource data-warehouse","2018","Supermarkets","8439"
"4239","De3B026faF9Cf63","Dougherty Ltd","http://www.bernard.com/","Latvia","Ergonomic exuding customer loyalty","1979","Individual / Family Services","7012"
"3461","35CddF9e87cFcE2","Burke Ltd","https://www.fox-little.com/","Colombia","Re-engineered tertiary extranet","1971","Machinery","3057"
"7382","7Ab142FFCe632dF","Perez Ltd","http://www.randall.com/","Iraq","Grass-roots heuristic utilization","2012","Legislative Office","1190"
"5550","2DAA9FB23ccFACE","Krueger LLC","https://www.miller.com/","Western Sahara","Polarized uniform standardization","1999","Law Practice / Law Firms","8399"
"7076","6C307Fe557Deabb","Schwartz-Levy","https://wilcox.net/","Montenegro","Configurable zero tolerance policy","1985","Investment Banking / Venture","3380"
"5839","74C8c65598A0C29","Santana, Nicholson and Friedman","http://www.dillon.net/","Tonga","Pre-emptive multi-state portal","1995","Medical Equipment","2876"
"8092","F5b66be4D3B73C5","Wade, Nunez and Meadows","http://www.eaton.biz/","Grenada","Reactive asymmetric alliance","1979","Aviation / Aerospace","2333"
"5475","8c5eDDa2F7ADBD4","Gilmore, Alvarado and Logan","http://blackburn-deleon.com/","Guinea","Phased system-worthy budgetary management","2012","Philanthropy","9406"
"3615","Ad7C87c2EDBA6E6","Melendez, Giles and Gates","http://bradford.org/","Malta","Future-proofed 5thgeneration parallelism","2003","Automotive","6242"
"7502","f2f0EBB76BB267F","Parrish-Todd","https://www.werner-gates.biz/","Tuvalu","Automated actuating process improvement","1997","International Affairs","975"
"7054","4eFEAB8c0Ace769","Hinton, Small and Jackson","http://www.christian.com/","Qatar","Organic 6thgeneration data-warehouse","1983","Publishing Industry","4304"
"7368","d380cDFE70866D9","Vargas, Parks and Riggs","https://combs-turner.com/","Guinea","Synchronized multi-tasking initiative","1972","Wine / Spirits","9354"
"8020","eb8B00757Cd9327","Caldwell LLC","http://www.holden.biz/","China","Front-line empowering paradigm","2003","Investment Management / Hedge Fund / Private Equity","1669"
"9639","ac0A3aC5f61f02a","Zuniga, Mcguire and Smith","http://manning.org/","Kyrgyz Republic","Organic multi-tasking extranet","2004","Renewables / Environment","5162"
"9056","5480EE9fDbE039b","Hayes Group","http://yu.com/","Latvia","Public-key real-time definition","2008","Business Supplies / Equipment","1868"
"665","Da00f6DA5dE2BfC","Riggs-Meyer","http://sutton.com/","Timor-Leste","Profound zero administration monitoring","1996","Insurance","1284"
"2320","718721Fee9C5B99","Dean LLC","http://www.rush.info/","Northern Mariana Islands","Realigned didactic interface","2008","International Trade / Development","7954"
"3543","aE8bDdbcd70fdB3","Mccarthy Ltd","http://cunningham.com/","Maldives","Front-line even-keeled archive","1981","Pharmaceuticals","1313"
"3678","Dd51EdC5d2d9A8b","Bishop, Larsen and Caldwell","https://gallegos.com/","Eritrea","Self-enabling tangible approach","2012","Food Production","9990"
"9600","fCf14ABdCDAd4Fb","Nixon, Trevino and Neal","https://www.khan.info/","Anguilla","Focused homogeneous focus group","1980","Consumer Electronics","1250"
"3092","77fDdbF1EcF091b","Lopez, Dougherty and Duarte","https://dougherty.com/","Suriname","Down-sized web-enabled focus group","1999","Marketing / Advertising / Sales","8027"
"676","cbE4dDFe9e9cB7d","Miranda-Trevino","https://www.bowen.info/","Guinea-Bissau","Multi-lateral full-range infrastructure","1991","Consumer Electronics","4891"
"8677","48298ABdA8Ebc3c","Montoya LLC","http://www.brooks-morse.com/","Moldova","Enhanced homogeneous software","2012","Facilities Services","905"
"4885","8BbCe1012f76C0f","Freeman-Snyder","https://good.com/","Hong Kong","Persevering value-added firmware","1984","Automotive","9781"
"8080","00E09AbCEfF3de5","Richard PLC","http://www.eaton-lucas.com/","Brazil","Quality-focused reciprocal extranet","1999","Dairy","2457"
"1963","ecCdACACBC0f3df","Rocha, Ochoa and Foley","http://george.com/","Aruba","Quality-focused impactful orchestration","1984","Legislative Office","2474"
"1841","9BbEcb4aE6aDaFd","Ramirez, Ashley and Estes","http://www.berry.org/","Kyrgyz Republic","Re-engineered web-enabled attitude","1983","Graphic Design / Web Design","5800"
"7169","1cbaeadCB4aBdDb","Meadows PLC","https://www.griffin-harper.com/","Uzbekistan","Grass-roots web-enabled task-force","1986","Professional Training","4973"
"9899","BFaB8cE713f2804","Simon, Chaney and Gardner","http://oliver-todd.net/","Tanzania","Business-focused 4thgeneration time-frame","1975","Alternative Dispute Resolution","8825"
"3539","f7E8aAe4b18AE25","Norris-Esparza","https://gentry-wilkins.com/","Philippines","Synchronized interactive leverage","1970","Leisure / Travel","8549"
"8027","1f3cAB9200dAA03","Burton-Roberson","https://moss.com/","Sao Tome and Principe","Diverse incremental collaboration","2020","Furniture","3576"
"4867","Ef19ce0Aa8bba78","Conner, Carson and Norris","https://www.mcbride.biz/","Oman","Streamlined motivating groupware","1984","Defense / Space","9689"
"4175","fB40b9266cf19f1","Strong Inc","https://www.johns.com/","Fiji","Integrated 4thgeneration extranet","1994","Logistics / Procurement","352"
"8089","5727A9eDBc2c6cD","Morton-Spears","https://quinn.com/","United Kingdom","Versatile eco-centric focus group","1985","International Trade / Development","1502"
"4378","fFBd14De4790b57","Cross-Daniel","https://sweeney.com/","Sri Lanka","Down-sized dynamic pricing structure","1998","Wine / Spirits","7406"
"6212","8ec8D8eCdf69EF4","Bray, Zamora and Luna","https://www.black.com/","Liberia","Distributed multi-tasking website","2002","Public Safety","9547"
"4767","bEEEef6E15cfAdc","Jimenez, Crosby and Delgado","https://delgado-spence.org/","France","Persistent real-time collaboration","2021","Hospital / Health Care","7888"
"412","37D9C4Fa7eCA9F4","Zuniga Group","https://www.logan.net/","Macedonia","Multi-channeled disintermediate framework","1982","Staffing / Recruiting","8993"
"614","8e82D2eb3501C8C","Harrington-West","http://www.mendoza.com/","Namibia","Enterprise-wide actuating hierarchy","2006","Computer Hardware","5312"
"6127","4fAfc3b3F409fdF","Brown-Gibson","http://choi.com/","Ireland","Proactive well-modulated capability","1991","International Trade / Development","3951"
"5211","00aE580BDFD7fa7","Frey LLC","https://spencer.com/","Nicaragua","Down-sized clear-thinking secured line","1974","Supermarkets","5257"
"1431","1A2cB1b9DF4a4e9","Cuevas, Peters and Mcgrath","http://www.klein-horne.org/","Korea","Inverse 24hour interface","2007","Health / Fitness","3010"
"2426","442E5e1BAe8F9ad","Holt, Beck and Donaldson","https://sexton.org/","Taiwan","Innovative executive software","1999","Wine / Spirits","4928"
"8842","eFeA174bD1DdDa6","Shah and Sons","https://morris-berg.com/","United Arab Emirates","Managed leadingedge capacity","1998","Biotechnology / Greentech","1340"
"3834","0918deaa15536BC","Cain, Irwin and Bautista","https://wheeler-huff.com/","Saint Lucia","Self-enabling fault-tolerant functionalities","2020","Program Development","2131"
"4719","1Cb984e2f0bcC19","Gentry-Ramirez","http://hodge.biz/","Svalbard & Jan Mayen Islands","Robust directional firmware","1978","Computer Games","4902"
"7186","FEF693C08c636BF","Preston, Hatfield and Holder","https://valentine.com/","Honduras","Total cohesive productivity","1989","Investment Banking / Venture","5879"
"1418","B0C96F13321ecC1","Todd-Gates","http://watts.com/","Sao Tome and Principe","Enhanced system-worthy process improvement","2019","Staffing / Recruiting","2257"
"7200","8987De6B9EEF0f5","Curry-Higgins","http://morton-gonzales.info/","Cayman Islands","Polarized next generation forecast","1982","Alternative Medicine","5585"
"605","FE981B1d6a54556","Coleman-Mcgrath","http://foster.com/","Latvia","Optional client-driven website","2004","Airlines / Aviation","3637"
"1273","Ff5AfaE3AA9AbA2","Villegas-Burns","https://www.cole.com/","Fiji","Progressive optimal conglomeration","2010","Alternative Medicine","7302"
"3965","AC7986DFCACAb26","Fitzgerald-Kemp","https://middleton-galvan.net/","Saudi Arabia","Vision-oriented high-level customer loyalty","2006","Fine Art","7165"
"6368","211c3AebFD5aA2A","Shepherd-Brennan","https://www.cannon.org/","Liechtenstein","Face-to-face tertiary alliance","1985","Primary / Secondary Education","7775"
"8747","eD3C07dAFaAe5e8","Mcdonald-Mullen","https://www.best.com/","Seychelles","Stand-alone national hierarchy","1971","Information Technology / IT","968"
"248","6f8aA19a4CAFcC6","Herring, Huff and Morse","http://www.chapman.com/","Iran","Persistent upward-trending support","2006","Automotive","1147"
"9227","FBdCbD7E048febE","Baird-Lambert","http://www.hester.com/","Brazil","Progressive neutral strategy","1997","Plastics","2452"
"1983","463161fa74ae4EA","Cain-Hunt","https://www.mueller.org/","Honduras","Assimilated systemic archive","1972","Food / Beverages","9489"
"2836","611FbbadBfAFf10","Lucas PLC","https://www.lucero.com/","Barbados","Cross-platform executive conglomeration","2016","Security / Investigations","7495"
"5376","68dbdBcaB69946e","Cain Ltd","http://burnett.com/","Iran","Cross-platform intangible approach","2021","Logistics / Procurement","1485"
"200","c070d9E5A30BdFE","Stevens Group","https://daniels.com/","Chile","Reverse-engineered needs-based concept","2017","Medical Equipment","8426"
"486","3a0176f7Ab51c22","Foster, Obrien and Hodges","http://www.hale.com/","Barbados","Automated dedicated functionalities","2003","Investment Banking / Venture","9182"
"6084","70393100a8c06e9","Watkins, Howell and Chen","http://calhoun.com/","Swaziland","Proactive exuding parallelism","2001","Civic / Social Organization","8347"
"8957","ffd24CcCC8b5c3D","Herrera-Strickland","http://boone.com/","Ukraine","Re-contextualized asynchronous collaboration","1970","Philanthropy","1430"
"456","B8E2eA5abD3B6b0","Holmes, Blair and Freeman","https://ballard-hendrix.com/","Belgium","Re-contextualized radical benchmark","1985","Plastics","9675"
"9799","4ac691499AfB6D5","Faulkner Inc","http://www.booker.com/","Saint Barthelemy","Cross-group composite algorithm","1995","Consumer Services","5035"
"8827","6c39CCdBDBcafBA","Avila-Grant","https://andrade.net/","Kuwait","Persevering modular Graphical User Interface","2005","Banking / Mortgage","9238"
"6516","F615125Cc4BF667","Singh, Nicholson and Blair","https://mueller-yang.com/","Cuba","Configurable transitional initiative","2009","Business Supplies / Equipment","5631"
"1722","db6BaB40D35e359","Rios-Morris","https://www.allison.net/","Sierra Leone","Automated upward-trending complexity","1979","Online Publishing","7065"
"7051","9DDf9D08923EC87","Moyer, Stephens and Farley","http://hays-snow.com/","Togo","Polarized tangible flexibility","1999","Museums / Institutions","5714"
"6383","7b5fEb3B3BAfd17","Butler, Garza and Stafford","http://www.chang.com/","Cameroon","Progressive 3rdgeneration ability","1973","Marketing / Advertising / Sales","9980"
"8166","59dbAd8B470C9a6","Kelly-Gamble","http://weaver-melendez.com/","Kuwait","Self-enabling static instruction set","2010","Publishing Industry","5681"
"5768","BDba43C89AcF3a8","Hoover PLC","https://www.gillespie.biz/","Denmark","Synergized background utilization","1976","Food / Beverages","3046"
"5810","D3eDbbfEC9b61dB","Hobbs, Stephens and Jordan","http://www.case-carroll.info/","Italy","Function-based 5thgeneration instruction set","2010","Warehousing","9835"
"4627","AFE2A48768F9BbB","Lawrence, Rhodes and Reyes","https://www.duffy.com/","South Georgia and the South Sandwich Islands","Proactive didactic budgetary management","2001","Consumer Electronics","3827"
"863","beAa2FBAA427B4a","Morris, Holt and Jordan","http://www.larsen.net/","Norfolk Island","Front-line radical projection","1986","Insurance","9040"
"2095","FAFA030DA3E22Cb","Sheppard-Horton","http://www.alvarez-charles.com/","Kyrgyz Republic","Synchronized fresh-thinking architecture","2008","Research Industry","1482"
"948","0E67FCA8A3b319D","Hall Ltd","https://lester.com/","Burundi","Ergonomic heuristic collaboration","1975","Logistics / Procurement","6123"
"5642","1faD051BA5fFf4b","Riley Group","https://clay.com/","Nepal","Fully-configurable local toolset","2022","Public Relations / PR","9973"
"1445","EefD5c5473bB6Ee","Sharp-Orr","http://strong.com/","United Kingdom","Stand-alone background Graphical User Interface","2002","Machinery","3543"
"1281","f5a626ccd4BD84d","Burns PLC","http://cooke-aguirre.com/","Fiji","Progressive high-level capability","2014","Wireless","3462"
"3111","9989a35fE8CDF8d","Lloyd, Perkins and Floyd","https://nichols.com/","French Southern Territories","De-engineered fresh-thinking attitude","1977","Supermarkets","9171"
"8953","A85fCEa51cb14cE","Thompson, Park and Foley","http://www.cantu-braun.biz/","Guam","Cross-platform methodical instruction set","1978","Sports","8913"
"7610","94CEA012a5AC9fb","Keller-Chavez","http://www.woodard.com/","Vanuatu","Configurable encompassing Local Area Network","1992","Program Development","269"
"5136","5fb86cA935cbA5f","Espinoza Inc","https://daniel-gordon.com/","Niger","Automated intangible alliance","1978","Investment Management / Hedge Fund / Private Equity","8573"
"3017","Df630b6dAaFe9E9","Lucas-Miller","http://mathews.com/","Denmark","Progressive zero-defect core","1970","Government Relations","3037"
"2303","aAb49d92FdCEA08","Drake and Sons","http://www.padilla-garner.com/","Mauritania","Vision-oriented regional product","1997","Sporting Goods","1393"
"2005","e9ccBe01C6fBfF3","Holland, Henderson and Sawyer","https://meza-james.com/","Italy","Optimized hybrid synergy","1999","Mental Health Care","5453"
"4581","CfF4Ae9bc005FFc","Nichols-Humphrey","https://martin.net/","Haiti","Persevering encompassing toolset","2011","Railroad Manufacture","4801"
"8705","B0cA5bcADA42f99","Arias-Castaneda","http://hall.com/","Malaysia","Sharable web-enabled project","2012","Public Safety","2793"
"1006","C7dE87fcBDfBF3A","Richards-Mccarty","http://hebert.org/","Monaco","Right-sized zero tolerance solution","1974","Outsourcing / Offshoring","1349"
"5139","A3EE41FaC91FACE","Gutierrez, Rios and Mcpherson","http://austin-burton.info/","Swaziland","Reverse-engineered actuating secured line","1980","Architecture / Planning","8879"
"4318","32818BC2648fb3B","Madden Inc","https://perkins.com/","Aruba","Quality-focused modular methodology","1977","Consumer Goods","9989"
"6559","7daE8C5f9Dac194","Brooks and Sons","http://www.petersen.com/","Mauritania","Stand-alone stable budgetary management","2015","Banking / Mortgage","7963"
"4388","bBd1bC6ACE26DED","Gross, Evans and Barry","https://nash.net/","El Salvador","Realigned context-sensitive access","1999","Human Resources / HR","5818"
"2133","90db05345ecaA6c","Curtis-Reyes","https://www.gillespie.com/","Martinique","Optional zero-defect algorithm","1975","Computer Games","809"
"4266","d8704CA74d95CA8","Bryan, Mayo and Montgomery","http://nolan-cochran.com/","Argentina","Digitized impactful time-frame","1997","Civil Engineering","274"
"2058","4c00F590773c57b","Castro Ltd","http://www.mclaughlin.com/","Andorra","Persevering contextually-based alliance","1982","Think Tanks","611"
"5387","ED6CaCD2d101367","Villarreal PLC","https://patton.com/","Macao","Team-oriented client-driven capacity","2018","Mining / Metals","1466"
"230","651Bcd2C2BcBf4a","Farley Inc","https://wiggins.com/","United Kingdom","Balanced zero administration policy","2018","Construction","9206"
"2890","Fee60792a0C4ca5","Bennett, Yates and Yu","http://kramer.com/","Mauritania","Switchable next generation neural-net","2004","Aviation / Aerospace","323"
"4473","1EE5DaFEF14cd24","Haynes LLC","https://www.atkinson-bridges.biz/","Paraguay","Face-to-face dynamic project","1986","Primary / Secondary Education","3482"
"6065","Fcb1bA0E2E2fdaf","Wolfe, Norris and Santos","http://www.arias.com/","Niue","Profound composite policy","1972","Graphic Design / Web Design","9190"
"7925","fA7E6d27e8Fd37E","Chung, Werner and Wilkinson","https://zhang.com/","Suriname","Multi-channeled mobile help-desk","1998","Consumer Electronics","3695"
"7650","fcB994AEa0675Eb","Paul Ltd","http://www.burgess.org/","Eritrea","Open-source incremental intranet","1989","Renewables / Environment","3747"
"8382","D06aC40e8a3cfC6","Morse Group","https://tyler.com/","Switzerland","Organic discrete process improvement","1973","Medical Practice","493"
"210","7FB60de669D26F2","Hutchinson Inc","https://www.wyatt.info/","French Southern Territories","Pre-emptive attitude-oriented data-warehouse","1977","Wireless","2856"
"2759","E84997ACcA7da10","Lozano, Reeves and King","https://www.mclaughlin-moon.info/","Turkmenistan","Universal bottom-line Internet solution","2013","International Affairs","1017"
"8472","df65b513EA5c0D9","Hines-Joyce","https://chung-ramirez.info/","Tanzania","Open-source didactic matrices","1981","Paper / Forest Products","4000"
"2949","CaF9EbD8B0C6d3e","Luna PLC","https://beard.org/","Macedonia","Pre-emptive bandwidth-monitored flexibility","2013","Individual / Family Services","9195"
"7117","cc6D7b65354311E","Mcdowell, Hunter and Whitney","http://www.gonzales-ruiz.com/","Tokelau","Fully-configurable static array","2010","Aviation / Aerospace","3748"
"6331","a6E21cc3c99CADb","Nunez Ltd","https://www.callahan-hahn.com/","Svalbard & Jan Mayen Islands","Public-key composite standardization","1983","Renewables / Environment","175"
"1729","5A8325427648d7f","Robinson-Olson","https://www.montgomery-giles.com/","Iceland","Future-proofed value-added utilization","1972","Renewables / Environment","1107"
"4177","BD3aA529b238547","Pruitt, Mcclure and Forbes","http://www.lynn-randolph.biz/","United States Virgin Islands","Monitored human-resource leverage","2016","Machinery","9923"
"338","3bADa35d0a9029e","Nelson Group","http://www.welch.net/","Georgia","Mandatory client-server focus group","1977","Machinery","7223"
"4985","0Fc98efaEfD9F6B","Chen-Brooks","http://zamora.net/","Indonesia","Configurable maximized success","2013","Retail Industry","2757"
"6879","195920FCBcCB3Fc","Ruiz Group","https://ortiz.com/","Heard Island and McDonald Islands","Programmable explicit knowledgebase","1980","Maritime","6069"
"7249","D7e5fd1118362C4","Underwood, Butler and Anthony","https://www.sawyer.biz/","British Virgin Islands","User-friendly 24hour circuit","1975","E - Learning","1275"
"8453","3dC59A1C31b2fDF","Dickson-Curtis","https://robbins.com/","Germany","Fundamental attitude-oriented website","2001","Veterinary","1035"
"1227","A2fEF759F17FaaC","Carson-Barr","https://allison.com/","Suriname","Reactive reciprocal solution","1992","Information Technology / IT","2766"
"7609","0A58FaCAA8FFdd5","Bennett Group","http://www.simon.com/","Venezuela","Operative client-driven toolset","1992","Legal Services","8418"
"6828","c57E7D09b4d3CDA","Francis PLC","https://wells.com/","Uzbekistan","Advanced didactic Local Area Network","1998","Luxury Goods / Jewelry","349"
"3541","6ceb58f09f979c9","Johnston Group","http://mueller-duncan.info/","Macao","Assimilated background projection","1983","Package / Freight Delivery","2922"
"5869","AFbbAfbFefA4FFb","Soto-Archer","http://www.mueller.com/","Reunion","Realigned demand-driven Local Area Network","1973","Design","4299"
"2112","625c71aac3F0a29","Sanchez, Madden and Watts","http://www.mack.com/","Serbia","Triple-buffered intermediate methodology","1997","Medical Practice","7279"
"2692","06ADdfbBa1EaFbD","Richards Inc","http://www.little.net/","Senegal","Synergistic motivating matrices","2009","Design","2017"
"7154","fbB58BffdbAdeD4","Burns Ltd","https://www.clay-porter.com/","Lao People's Democratic Republic","Operative 4thgeneration frame","1972","Program Development","308"
"3708","21bae7cEFEc60c7","Berg-Mahoney","https://mcknight-deleon.biz/","Macao","Customizable coherent knowledge user","2007","Investment Banking / Venture","5141"
"1018","04AaeC37782a382","Hartman, Benitez and Dalton","https://price.biz/","Gabon","Distributed dedicated Local Area Network","2014","Motion Pictures / Film","9995"
"8512","556BBEcD252ccbD","Bowers PLC","https://www.reed-garner.com/","British Indian Ocean Territory (Chagos Archipelago)","Re-contextualized client-server success","1989","Banking / Mortgage","1799"
"2808","13B96e7C372aDfa","Day-Villarreal","https://www.reilly-becker.org/","Equatorial Guinea","Open-architected modular paradigm","1977","Broadcast Media","7146"
"5016","E6374Ac36feB2Bc","Pittman-Franco","http://www.dixon.com/","Ghana","Down-sized even-keeled portal","1980","Railroad Manufacture","3047"
"1929","eFfAcca7EcaaD16","Bradley, Bush and Stephens","https://www.castaneda.com/","Tuvalu","Enhanced solution-oriented model","2020","Higher Education / Acadamia","5821"
"351","7AAE3aBFAfAb9ea","Mejia, Downs and Clarke","https://jacobson.com/","New Zealand","Profound object-oriented definition","2012","Graphic Design / Web Design","8416"
"5174","E5a29DcA0DEE14E","Glass-Kaiser","http://pineda-sosa.com/","Iran","Team-oriented high-level initiative","2019","Design","4763"
"4193","CA9aFA87687bad6","Elliott-Henson","http://gregory-ingram.info/","Croatia","Team-oriented reciprocal alliance","1973","Banking / Mortgage","1137"
"1935","BAA6b48BFB0daa2","Strickland Inc","https://nielsen-swanson.com/","French Polynesia","Decentralized real-time alliance","2016","Furniture","9194"
"6902","8df9bcFdb9B65D5","Chen-Lowery","http://www.george.org/","Switzerland","Universal maximized forecast","2020","Legal Services","1877"
"4824","c11cbA7DeC4dda6","Salinas PLC","http://castro-vaughan.net/","Czech Republic","Business-focused explicit installation","1998","Law Practice / Law Firms","7651"
"565","fb3Afab0d4dFeC8","Flowers-Gillespie","http://www.waller.com/","Antarctica (the territory South of 60 deg S)","Configurable 24hour hub","1973","Market Research","5389"
"1583","bFcEAb6A0DdF105","Drake-Woodard","http://haas-martin.com/","Solomon Islands","Virtual encompassing focus group","1982","Wine / Spirits","1756"
"4695","C8BF4cD2fa0Ea23","Fernandez Ltd","https://page.com/","French Polynesia","Enterprise-wide tangible matrices","1996","Information Services","7060"
"2176","CBAAF6e30F16c8b","Santana, Horne and Swanson","http://www.carr-chaney.net/","Christmas Island","Configurable discrete infrastructure","2009","Sports","9398"
"7029","cDb0f00ccC351EA","Gonzales and Sons","http://www.glover-buchanan.org/","Western Sahara","Reduced composite monitoring","1972","Hospital / Health Care","5969"
"4881","eecBffDD3D807bC","Klein, Daugherty and Carrillo","http://www.ponce-torres.com/","Romania","Quality-focused 6thgeneration productivity","2006","Management Consulting","3033"
"2229","2bBCFbbd783cAcb","Vance Group","https://www.herring.biz/","Lebanon","Managed well-modulated alliance","2007","Publishing Industry","2748"
"1116","2ef1e9Dd2a764A0","Villegas, Spence and Little","https://olson.com/","Lithuania","User-friendly uniform flexibility","1999","Commercial Real Estate","2592"
"3127","9Cca56AF44b0b75","Meyers, Sanchez and Douglas","https://byrd.net/","Montserrat","Enterprise-wide tangible help-desk","2000","Business Supplies / Equipment","5466"
"3545","8EBDE12b8CdC3F0","Avery-Ochoa","https://black.info/","Bulgaria","Exclusive discrete middleware","1970","Information Technology / IT","3269"
"5049","C6d65bCCdA8B1F2","Morrow, Riley and Combs","https://bishop.com/","Benin","Intuitive reciprocal ability","2014","Computer Hardware","4374"
"7477","35B67DA1c024F47","Graham PLC","http://hunt.com/","Rwanda","Progressive methodical project","2016","Investment Banking / Venture","3714"
"822","0F901B7a0B0FB2B","Humphrey, Parks and Lowery","https://www.huff-love.com/","Rwanda","Intuitive systematic knowledge user","1996","Consumer Electronics","8544"
"6533","eA1c40ea6BA4aAf","Brandt-Graves","https://short-melendez.com/","Cyprus","User-centric reciprocal workforce","2001","Outsourcing / Offshoring","9504"
"2273","F9BBea80bdA5CBa","Johnston, Hudson and Kennedy","http://www.silva.net/","Maldives","Advanced grid-enabled portal","1977","Political Organization","297"
"5546","bFCe98A77Ae7aE9","Weber, Hooper and Sherman","http://mccullough.info/","Sao Tome and Principe","Vision-oriented secondary workforce","1987","Sporting Goods","5552"
"82","7d3c96Ae4d63466","Kane, Lowe and Ashley","https://barrera.org/","Cook Islands","Pre-emptive interactive standardization","2019","Financial Services","4493"
"1324","987b8A893d644eF","Blevins PLC","https://farrell-weaver.info/","Turks and Caicos Islands","Visionary static conglomeration","2006","Mining / Metals","8563"
"9406","d0EBcCfF365FdB0","Lane, Clements and Mathis","https://www.suarez.com/","Kenya","Horizontal systemic model","1989","Hospital / Health Care","3890"
