"Column_1","Column_2","Column_3","Column_4","Column_5","Column_6","Column_7","Column_8","Column_9"
"1615","f042FC85d503fff","Frey-Hurst","https://mccann.com/","Saint Helena","Function-based holistic open system","2011","Renewables / Environment","4754"
"832","E005Dc33FE115aE","Fitzgerald, Lin and French","http://herman.com/","Puerto Rico","Profound homogeneous projection","1985","Events Services","5483"
"3884","2C07eaA59fec5A4","Galloway, Berry and Fitzpatrick","http://townsend.com/","Ethiopia","Function-based zero-defect architecture","1990","Security / Investigations","3038"
"8642","aCce0bab9EbAdBF","Liu-Padilla","http://ellis.com/","Armenia","Organized intermediate artificial intelligence","2005","Music","9315"
"4465","eCD969D81Dc59c2","Clay Inc","http://www.cherry-barnett.com/","American Samoa","Seamless fault-tolerant artificial intelligence","2000","Architecture / Planning","4655"
"5340","7cfdAF6Ce39Bf49","Short-Roth","https://www.george.com/","Costa Rica","Adaptive content-based benchmark","1978","Judiciary","6092"
"8067","d2F8EED9Ce8f7D4","Russell LLC","http://www.owens.net/","British Virgin Islands","Optimized mobile parallelism","1988","Aviation / Aerospace","197"
"1650","2469E6DdeFe1bd8","Morrow-Alvarado","http://www.wood-garcia.net/","Guatemala","Networked bifurcated throughput","1971","Non - Profit / Volunteering","2875"
"4066","4bCfDFD6a4A4DbC","Howe-Choi","http://www.ramirez-yu.info/","Guadeloupe","Pre-emptive exuding approach","2001","Program Development","5371"
"9666","b22ac888E7510E3","Larsen-Lawrence","http://www.forbes-walsh.info/","Czech Republic","Secured user-facing extranet","1971","Maritime","2439"
"3039","1FBF9cCb1DF6FeC","Cabrera-Clarke","https://hayden-carey.com/","Singapore","Right-sized uniform throughput","1980","Cosmetics","9955"
"3321","6e5C426bAea6754","Hart LLC","http://weiss.net/","Guatemala","Phased modular function","2011","Religious Institutions","1800"
"7144","bFb39Ca37E1f6cF","Savage Group","http://ray.com/","Netherlands","Function-based zero-defect open architecture","1981","Outsourcing / Offshoring","9299"
"6890","ed30cD0D2CFC76D","Pace-Hanson","https://www.harding-singh.com/","Ghana","Optional 4thgeneration database","1986","Warehousing","5775"
"5093","08ee70A3CA8Ddc6","Schaefer, Stephens and Crane","http://norris.com/","Congo","Stand-alone well-modulated throughput","1988","Supermarkets","8145"
"3721","4d9a794d5A47134","Wise-Hickman","https://boyer-paul.com/","French Guiana","Devolved encompassing matrix","1981","Facilities Services","262"
"2424","eF68d99e0a3E0d3","Rodgers-Jarvis","http://galvan-conley.biz/","Somalia","Focused intermediate website","2004","Defense / Space","2198"
"750","Cee7DCCADE164e9","Washington, Adams and Bruce","http://massey.org/","Samoa","Team-oriented stable toolset","1982","Civic / Social Organization","737"
"5272","4D86dfA3fcDF397","Ochoa-Bautista","https://mueller-kline.net/","Poland","Reduced interactive monitoring","1971","Biotechnology / Greentech","2687"
"2374","CF4f7D6C05E96D0","Duke-Tyler","http://spence.org/","Tonga","Object-based encompassing projection","2006","Food / Beverages","1474"
"4694","AB2ed8bFDaA985a","Caldwell-Benson","https://nolan.org/","Equatorial Guinea","Universal asymmetric superstructure","1991","Sports","449"
"9880","F9aDbF2ebE0CF44","Stokes-Chambers","http://www.guzman-levine.com/","Saint Pierre and Miquelon","Customizable executive toolset","1988","Museums / Institutions","7462"
"8371","c82E0AbE428Ba93","Rice Group","https://terry.com/","Tajikistan","Switchable needs-based architecture","1984","Security / Investigations","7597"
"7320","1C27D9AeA2dBACf","Pruitt Inc","http://www.perkins-may.com/","Costa Rica","Grass-roots multimedia middleware","2006","Package / Freight Delivery","5469"
"4369","BFe268CeB475f27","Little, Weaver and Morales","http://dean-franklin.com/","Dominica","Synchronized global infrastructure","1978","Photography","4484"
"6786","4F9F78c5eD22F5C","Owens LLC","http://www.newton-collier.info/","Spain","Fully-configurable fresh-thinking knowledgebase","2008","Health / Fitness","9024"
"7402","453a8CfaEFb8F9B","Zimmerman LLC","https://www.glenn.info/","Falkland Islands (Malvinas)","Monitored interactive orchestration","1973","Law Enforcement","3082"
"1140","07FFDc53a749e60","Mcconnell, Reed and Lamb","http://www.allen-greene.org/","Mauritania","Advanced radical archive","2009","Shipbuilding","2792"
"7632","86e6fc1cad11C3d","Avery and Sons","https://www.hancock.com/","Svalbard & Jan Mayen Islands","Expanded secondary framework","2004","Library","7759"
"2232","cafAf9a88AC99C5","Pittman, King and Pineda","https://www.miles.net/","Cuba","Secured systemic moratorium","1984","Individual / Family Services","5387"
"2165","Bf31a41Ef36ad94","Santos, Chase and Hood","https://fischer-avila.com/","Malawi","Cross-platform mobile portal","1978","Packaging / Containers","1879"
"5218","3a4ca847Aaa909d","Dunn, Holt and Mccarthy","http://www.patterson.org/","Switzerland","Multi-lateral heuristic architecture","2010","Legislative Office","3470"
"9445","EC36D289F69A3Da","Harper, Maynard and Hunt","http://mullins.net/","Niger","Optional coherent neural-net","2009","Ranching","7856"
"9238","AA7CD98Bd5AaE7F","Decker-Walters","https://www.ross-malone.info/","Malta","Proactive impactful approach","2004","Music","3834"
"4562","1D41ED64Be0Fcc7","Delacruz, Sutton and Padilla","https://www.frye-francis.biz/","Yemen","Cross-platform system-worthy application","2014","Government Administration","59"
"1571","D7E35daf0A77C96","Cunningham LLC","http://goodman.net/","Sierra Leone","Diverse optimal capacity","2021","Real Estate / Mortgage","5529"
"173","c3dBece4f4AeB3b","Williamson LLC","https://hall.biz/","Congo","Fully-configurable client-server groupware","2007","Internet","9166"
"7164","B6fD169d0BBB8Fc","Boyd-Lucas","http://green.com/","Poland","Function-based object-oriented Graphic Interface","2007","Photography","6892"
"2088","f9E17A7AA2EF46c","Maynard, Harper and Barton","https://www.chambers.com/","Armenia","Ergonomic attitude-oriented orchestration","1997","Public Safety","8481"
"4668","b28f54B2B2C7DBA","Carlson-Meza","http://bean.com/","Burundi","Triple-buffered regional artificial intelligence","2019","Alternative Dispute Resolution","832"
"4566","BcE22947CabF1BC","Bates and Sons","https://jones.com/","Cayman Islands","Expanded dedicated core","2007","Maritime","2993"
"7090","f32a51f1503Ceba","Lara Group","https://www.combs.net/","United States Virgin Islands","Self-enabling encompassing knowledge user","1999","Internet","1433"
"6570","6dDbdce2bFc5e5c","Crawford-Barron","https://www.stein.net/","Namibia","Polarized needs-based encoding","2000","Entertainment / Movie Production","9463"
"4784","36723FEb2da7B8F","Brady, Swanson and Estrada","http://evans.net/","Philippines","Focused systematic website","1987","Investment Banking / Venture","7844"
"2685","e9d0Fd43F5fCdbf","Galvan-Solis","https://fowler.info/","Gabon","Pre-emptive contextually-based support","2007","Aviation / Aerospace","6604"
"1833","dA651dEA80f2ad8","Powers-Gallagher","https://figueroa.net/","Tonga","Multi-layered responsive paradigm","1979","Market Research","2669"
"8547","f96a1051Eb29B9F","Richmond Group","https://cochran-chandler.com/","Korea","Innovative executive frame","2003","Recreational Facilities / Services","621"
"5066","33EA5651baAeC1e","Odonnell Ltd","https://www.estes.com/","Canada","Digitized reciprocal forecast","1993","Packaging / Containers","4151"
"9131","0FbDAcEb5AEAbA0","Schmitt-Lester","https://foster.com/","Iceland","Digitized clear-thinking concept","1993","Hospital / Health Care","9508"
"9356","fb5c1098aE3C270","Hood-Holmes","http://nielsen.com/","Rwanda","Customer-focused dedicated architecture","1981","Automotive","7448"
"4413","4CD2f17FbE7CBB3","Bates Ltd","http://coffey.biz/","Ghana","Robust bandwidth-monitored time-frame","2008","Library","6569"
"7208","ed6656aFd970A88","Sullivan, Mccann and Murray","http://www.herrera.com/","Somalia","Enterprise-wide stable implementation","2020","Public Safety","9042"
"9891","E99aBE12Ed4AeAF","Russo, Mcconnell and Middleton","http://griffin.info/","Venezuela","Synergistic multi-tasking algorithm","1990","Supermarkets","1641"
"835","F075d65AF7A47A2","Gardner-Sherman","https://www.wilkinson.com/","Saint Martin","Grass-roots 5thgeneration workforce","2008","Insurance","5420"
"6822","F0E704bD7ae2bAD","Short LLC","https://www.hart-reeves.com/","Czech Republic","Virtual impactful challenge","2010","Computer Software / Engineering","1387"
"3782","670aA6A6484EbcF","Bass-Glenn","https://cervantes.org/","United Kingdom","Team-oriented motivating time-frame","2009","Professional Training","2673"
"9013","4b51028B65afeBc","Wood Inc","http://chen.com/","Cambodia","Compatible full-range portal","1975","Import / Export","1306"
"7500","cdfDF4a17a590b2","Craig, Peterson and Whitaker","http://www.horton.com/","Togo","Robust object-oriented leverage","1985","Food Production","1616"
"3425","9CbA2dec5EFabDa","Montgomery-Neal","https://www.stuart-tyler.biz/","Tuvalu","Fully-configurable contextually-based infrastructure","1999","Broadcast Media","1140"
"66","5736Cd70f5da8a7","Duran and Sons","http://www.aguilar.info/","Falkland Islands (Malvinas)","Ameliorated fresh-thinking alliance","1986","Human Resources / HR","3432"
"2964","Cb2cf0F71fb7ea1","Sharp-Valdez","http://salazar-hall.net/","Saint Helena","Triple-buffered coherent artificial intelligence","1977","Environmental Services","697"
"5670","9FFdFbb80d4ec5d","Patton Inc","http://www.mercado-wiley.com/","Togo","Synchronized explicit interface","1987","Venture Capital / VC","9402"
"8963","6ADeF5fa5F6DBee","Herman-Mcguire","https://watts-tyler.org/","Svalbard & Jan Mayen Islands","Multi-tiered hybrid moratorium","1983","Mechanical or Industrial Engineering","843"
"355","b7ca0e0845A2A5B","Douglas Ltd","https://espinoza-king.com/","Seychelles","Fundamental background open architecture","2017","Internet","851"
"8172","0bD09b5FFD3E051","Carson-Bradley","http://zimmerman.com/","Jersey","Multi-layered dynamic Graphic Interface","1993","Chemicals","4630"
"4031","6B7CFdfe224A048","Hobbs Ltd","https://www.lowe.org/","Saint Martin","Future-proofed fresh-thinking architecture","2009","Investment Banking / Venture","8002"
"8535","B7AcA830EdEbC8d","Wang-Dickerson","https://howell-golden.info/","Romania","Ergonomic executive instruction set","1997","Telecommunications","1902"
"3652","a2B8fcD063A4FE1","Monroe, Byrd and Mcknight","http://www.nolan.com/","United States Minor Outlying Islands","Switchable well-modulated software","1985","Civil Engineering","4078"
"6740","8c853cc16fBe1d0","Leon-Villegas","http://perkins.com/","Papua New Guinea","User-friendly solution-oriented matrix","2003","International Trade / Development","1428"
"3298","fFE2AC3393f002C","Fox and Sons","http://alexander.com/","Malawi","Organic systematic open architecture","2016","Civic / Social Organization","6649"
"4128","CBABcaBa204C4f9","Montoya LLC","http://www.bird.com/","Bahamas","Progressive didactic time-frame","2012","Utilities","9802"
"8044","b6F495A06d9A57B","Le, Drake and Newton","https://www.massey-nielsen.org/","Iraq","Sharable even-keeled model","1995","Mining / Metals","1540"
"4768","01dcB0bcBdDC6D1","Terrell, Floyd and Conway","https://frank.com/","Korea","Integrated disintermediate matrices","1985","Security / Investigations","3181"
"473","4157f5aaC925bc1","Santana, Scott and Pierce","http://www.ritter-raymond.biz/","Belgium","Grass-roots asymmetric forecast","1971","Medical Equipment","1034"
"3762","bE1F96A73dD43De","Rush Ltd","http://cochran-alexander.net/","Puerto Rico","Integrated context-sensitive capacity","1979","Law Enforcement","1229"
"8618","3353cdaE93fD2ee","Pugh, Riddle and Holloway","http://www.diaz.com/","Kuwait","Expanded optimal migration","1993","Judiciary","4587"
"3567","31f184bf9BaEa94","Sherman Group","https://www.greer-brennan.com/","Timor-Leste","Proactive 24/7 framework","2002","Packaging / Containers","7586"
"2761","afB8cCa27d9B3e0","Mitchell-Short","http://peterson-pace.com/","Kazakhstan","Customer-focused motivating success","1970","Wholesale","6282"
"869","8aBf0d15aCEf7b5","Barry and Sons","https://www.craig-calhoun.com/","Ukraine","Quality-focused bottom-line approach","1970","Medical Equipment","8356"
"9383","197b2CF0151eA85","Haynes-Mckay","https://www.duarte.com/","Guyana","De-engineered tangible algorithm","2009","Information Services","574"
"8689","34EcD91fA3f60C2","Randolph, Tucker and Robertson","https://mccarty.org/","Guinea-Bissau","Switchable human-resource ability","2020","Executive Office","2116"
"4053","8bdFdD7dCCEF0ca","Sandoval-Oconnor","http://marks.com/","Niger","Vision-oriented intermediate policy","1971","Capital Markets / Hedge Fund / Private Equity","8938"
"6131","BbEfFE5b5ce0fD0","Dawson-Stevenson","http://www.cowan.com/","Senegal","Reduced reciprocal hierarchy","2012","Financial Services","7034"
"3245","21FFff4Ae76c6f7","Mathis LLC","https://phillips-houston.net/","Italy","Fundamental multi-state challenge","2012","Automotive","8694"
"4843","D705B6BbF7C0fCb","Hodges-Browning","https://patrick-merritt.com/","Ghana","Synchronized contextually-based policy","1977","Banking / Mortgage","155"
"9331","80b2e9ffa01Bd96","Shepard, Wu and Booker","http://www.olsen-sanders.biz/","Saudi Arabia","Exclusive upward-trending system engine","1979","Marketing / Advertising / Sales","2665"
"5641","bbDf5E2c23CacfC","Rivers-Dodson","http://www.harmon-mosley.com/","Korea","Horizontal encompassing help-desk","1994","Government Relations","106"
"5781","e47CAEAFCFE9c47","Ferrell Group","http://krause.com/","Yemen","Business-focused zero tolerance info-mediaries","1989","Semiconductors","1334"
"8541","Ae358d8E3E7E9fb","Welch, Lee and Casey","http://snow.com/","Poland","Progressive secondary Graphic Interface","1991","Environmental Services","3648"
"1076","CCf8df7e41fDaf4","Parrish-Potter","http://www.drake.com/","Korea","Configurable mission-critical product","1978","Think Tanks","5707"
"2958","DFf1AeC0f78D839","Mcgrath Inc","http://atkinson.com/","Ethiopia","Centralized cohesive neural-net","2012","Aviation / Aerospace","4165"
"6753","e8c7A50Cbaa996d","Bryan and Sons","http://carpenter.com/","Swaziland","Organized zero tolerance task-force","2019","Religious Institutions","9357"
"8658","c5e0c32FF29bE0D","Noble, Ellis and Green","http://www.simon.info/","Iran","Universal system-worthy success","1976","Package / Freight Delivery","6901"
"7273","4dDCdB6D355C3B1","Liu Inc","https://www.sweeney.com/","Austria","Distributed zero tolerance paradigm","1973","Legislative Office","2721"
"4760","BaE5FBFa9FcF5DD","Ray and Sons","http://mcgrath.info/","Egypt","Future-proofed transitional moratorium","1999","Transportation","8717"
"4863","211f2DfE4dc3B89","Yang, Barber and Anthony","https://www.fischer.com/","Cote d'Ivoire","Sharable heuristic application","2009","Legal Services","6410"
"7026","273661278b5db6f","Hensley-Jennings","https://walsh-zavala.com/","India","Advanced even-keeled complexity","1991","Outsourcing / Offshoring","909"
"7648","FCD42FF7dE7bd64","Klein LLC","https://pittman.info/","Andorra","Advanced client-driven framework","1974","Nanotechnology","12"
"7162","5eE9Bb297Ae1B7d","Salinas, Gaines and Woodard","https://vargas.net/","Israel","Visionary bifurcated system engine","1972","Photography","7823"
"74","eC4cDc7a24B6BcD","Sherman and Sons","https://meadows.biz/","Falkland Islands (Malvinas)","Quality-focused disintermediate solution","2010","Religious Institutions","8080"
"4902","50a21A1E019d836","Young, Dickson and Kidd","https://pearson.com/","Malaysia","Devolved foreground approach","2015","Wholesale","2870"
"4376","145f93D2dDAaFe9","Mooney-Wells","http://www.woodard.net/","Malaysia","Multi-tiered solution-oriented knowledgebase","1981","Alternative Dispute Resolution","4764"
"6699","105C1BAb713BAf8","Clements Inc","http://compton-miller.com/","Turkey","Re-engineered impactful flexibility","1990","Computer Software / Engineering","3399"
"9806","caeAAe4beCc4218","Lane, Cordova and Hunt","http://www.hammond-woodard.com/","Timor-Leste","Vision-oriented full-range functionalities","2021","Computer Hardware","5921"
"1102","Dc0BaBe94884aC8","House-Joyce","http://rowland.net/","Malawi","Organized mission-critical conglomeration","1978","Sporting Goods","9910"
"9538","04A75F1bAAdEfFF","Le LLC","https://gentry.com/","Gabon","Quality-focused grid-enabled methodology","2018","Law Practice / Law Firms","3315"
"7656","3Fe337A028Cc20e","Walsh, Oconnor and Wright","http://www.fischer-simpson.com/","New Zealand","Persevering systematic alliance","2001","Research Industry","8510"
"5236","8Dcb3e51caC0ac7","Mcmahon LLC","https://swanson.org/","Afghanistan","Upgradable local access","2019","Environmental Services","8796"
"5166","ff5dCE69D43b9eC","Krause, Nichols and Hurst","https://www.pitts.com/","Slovenia","Upgradable mission-critical portal","1991","Legal Services","8647"
"119","811F32e95eAA01a","Wiggins Inc","https://dougherty.biz/","South Georgia and the South Sandwich Islands","Right-sized explicit utilization","2005","Legislative Office","6703"
"2023","bA6C29FC00dAc64","Cochran and Sons","https://holloway-dominguez.info/","Monaco","Down-sized maximized archive","1983","Fundraising","2809"
"9886","F7e4661B5e467CA","Abbott, Hurley and Flores","http://morgan.com/","British Virgin Islands","Exclusive non-volatile superstructure","2014","Legislative Office","739"
"2639","e42FDe101606a91","Orr LLC","http://wise.org/","Namibia","Fully-configurable transitional success","1976","Graphic Design / Web Design","1462"
"2035","198CEAA21D0779f","Landry, Arnold and Manning","http://clarke.info/","Ireland","Triple-buffered coherent implementation","1990","Government Relations","7733"
"2565","b76b4ebD7fB2f4e","Conrad-Medina","https://www.farley.com/","British Virgin Islands","Ergonomic system-worthy frame","1978","Computer Games","4996"
"8666","B798AEdCecB395b","Rios-Pitts","http://ochoa-gillespie.info/","Taiwan","Innovative logistical orchestration","1979","Building Materials","8651"
"3544","73aBabcf7AD8a4b","Patterson, Leon and Hogan","https://flowers.info/","French Southern Territories","Cross-platform stable contingency","2009","Furniture","6858"
"1220","c320eb4affb1bBd","Cherry PLC","http://www.brennan.org/","Bolivia","Customer-focused clear-thinking system engine","2015","Textiles","7801"
"9715","f74b3DA52E46BFA","Taylor LLC","https://everett.com/","American Samoa","Quality-focused 6thgeneration monitoring","2018","Cosmetics","6485"
"6712","DCfCDF4C82C032F","Castro, Williamson and Orozco","http://www.cherry.com/","Zambia","Multi-layered regional core","1972","Consumer Goods","9817"
"2904","E22ACa0C416ae19","Beltran-Ball","https://villanueva.com/","Svalbard & Jan Mayen Islands","Customer-focused clear-thinking synergy","1983","Museums / Institutions","450"
"3027","a9AEB6276a92e2F","Sawyer-Thompson","http://www.harvey-kennedy.com/","Jamaica","Business-focused tangible strategy","2004","Writing / Editing","8645"
"2511","fD5AeFaFbDFBCb6","Hawkins, Francis and Wyatt","https://frey.com/","Saint Vincent and the Grenadines","Synergistic solution-oriented help-desk","2013","Medical Equipment","6215"
"4202","e75eD39C4E8F91D","David, Torres and Ewing","https://www.hill-graham.com/","Anguilla","Synergistic mission-critical functionalities","2008","Photography","6810"
"3208","4044293aD50b8e4","Graves-Moreno","https://www.sweeney.com/","Uruguay","Public-key optimal firmware","1993","Aviation / Aerospace","5312"
"4490","D16DE3f1b6efB54","Dillon and Sons","http://gregory-rose.net/","United Arab Emirates","Organic logistical functionalities","2010","Mining / Metals","6546"
"2756","fAaa5dE5a7dEc1c","Mckay, Reese and Raymond","https://www.delgado.com/","Croatia","De-engineered zero-defect instruction set","2013","Performing Arts","5862"
"8890","dcfD7038eea8C33","Morales and Sons","https://www.blake.com/","Mali","Ameliorated multimedia array","2004","Fishery","390"
"178","cFE458DAbFcFaE7","Werner-Roach","http://nunez.com/","French Southern Territories","Multi-lateral local hardware","2009","Medical Equipment","5892"
"1644","a4409a10C63eAE6","Graham-Walls","http://www.rodgers.com/","Costa Rica","Synergized client-server groupware","1976","E - Learning","3419"
"9293","EbBF0ff0F1bd30b","Scott PLC","https://barron-walters.com/","Slovakia (Slovak Republic)","Enhanced needs-based ability","1975","Wine / Spirits","7445"
"3519","c7c7d8BFA7FFDaD","Blair Inc","http://www.stark.com/","Russian Federation","Business-focused interactive software","1986","Mental Health Care","3628"
"1375","55df44C331fE47D","Yoder and Sons","http://www.schaefer.com/","Estonia","Polarized contextually-based solution","2022","Individual / Family Services","3911"
"1721","C566a5Ae628c31B","Arroyo, Richard and Evans","https://vance.com/","Russian Federation","Robust bi-directional application","2014","Information Technology / IT","3621"
"3996","1898BdcBaea7Ba1","Small and Sons","http://www.brandt-santana.com/","Mayotte","Robust discrete database","2006","Defense / Space","6329"
"3689","836cAEBff1aEf1A","Cherry, Heath and Lam","http://www.cannon.com/","Sri Lanka","Reverse-engineered scalable customer loyalty","2010","Automotive","4717"
"2265","1b47cf5aAACc4AF","Mckay Ltd","http://lawson-macdonald.biz/","Lebanon","Assimilated holistic analyzer","2003","Medical Practice","5690"
"88","299F8Cf3aCD98b4","Caldwell and Sons","https://www.cain.info/","Costa Rica","Function-based grid-enabled workforce","2009","Philanthropy","9194"
"2849","eD2CbBEB2215FCB","York LLC","https://morris.info/","Bahamas","Open-source neutral customer loyalty","1978","Management Consulting","3824"
"8688","bef21562aa459d4","Oconnor PLC","http://www.blankenship.com/","Chile","Re-engineered value-added capability","2011","Think Tanks","6763"
"404","eBCA6aAdee3C5F7","Wilkinson, Holloway and Dickson","http://gillespie.biz/","Gibraltar","Visionary bifurcated hardware","2007","Other Industry","2002"
"9901","C633B6CAd50a69a","Bridges Ltd","http://rosario-nelson.com/","Georgia","Optional dynamic installation","1981","Investment Management / Hedge Fund / Private Equity","1461"
"4078","02D6cdBf9ABf8D0","Gillespie-Hurley","https://kelley.com/","El Salvador","Expanded well-modulated knowledgebase","2003","Primary / Secondary Education","3745"
"6836","cBEC8af7F8FDBF5","Sweeney Ltd","http://salas-dudley.com/","Armenia","Seamless grid-enabled hierarchy","2008","Judiciary","2339"
"6538","5CBBAca1Ad726e7","Gregory Ltd","http://www.henry.org/","Burundi","Advanced clear-thinking installation","1989","Facilities Services","38"
"2457","0DdC29DdE6C3deC","Shields, Nash and Werner","https://www.jensen.com/","Bermuda","Seamless 6thgeneration contingency","1996","Outsourcing / Offshoring","2391"
"2752","AA19fD3b04314e0","Bradshaw-Herman","https://byrd.net/","Malawi","Fully-configurable neutral pricing structure","2013","Information Services","3456"
"2215","3be03a93a087e5F","Boyle Inc","https://olsen-simpson.com/","Equatorial Guinea","Adaptive next generation neural-net","2011","Research Industry","1519"
"1028","dDdf273a34257ec","Wolfe, Mann and Mckinney","http://wiley.com/","Somalia","Organized explicit system engine","1993","Internet","7178"
"9704","Ee08EaA5BDF4685","Haney, Wood and Schaefer","http://brandt.com/","Botswana","Quality-focused analyzing matrices","2004","Commercial Real Estate","87"
"1422","6C06e9f95eAc85f","Avery, Franklin and Lee","https://www.brown.com/","Kuwait","Streamlined maximized frame","1976","Semiconductors","2899"
"2437","9A7CaC4eeB6AC14","Gill-Juarez","https://www.stanley.com/","Georgia","Innovative zero tolerance matrices","2013","Management Consulting","5200"
"4278","093F9a9C16246eF","Avery and Sons","http://www.tucker-mcdowell.com/","Monaco","Cloned executive artificial intelligence","1987","Medical Equipment","3525"
"9610","AC9E87aae3C14D2","Copeland-Rodgers","http://www.romero.com/","Sudan","Reverse-engineered leadingedge forecast","1989","Mental Health Care","7538"
"1279","29e851da20dAaC6","Henry, Hubbard and Simon","http://price.com/","Nicaragua","Robust regional leverage","2021","Industrial Automation","3939"
"6221","746A5fcCd3828C1","Richardson-Myers","https://proctor-burch.com/","United States Minor Outlying Islands","Intuitive mission-critical capability","1985","Political Organization","994"
"4908","EDe709CeC53CDf2","Sosa-Hardin","https://www.swanson.biz/","Norway","Programmable motivating matrices","2020","Events Services","1332"
"5065","5Acd843CFE8d679","Drake, Randolph and Poole","http://hines.net/","Bahrain","Cross-platform scalable framework","1997","Transportation","6481"
"1979","dcB6F3FbcB8353d","Ross Group","https://yates.info/","Sudan","Future-proofed analyzing superstructure","2019","Medical Equipment","3791"
"1062","E7Ec2AaFD58394C","Zavala-Moses","http://hancock-zimmerman.com/","Zambia","Synergistic bandwidth-monitored success","1994","Fishery","3020"
"5015","5eeb6c9Fc87adBc","Gilbert Inc","http://kaiser-hines.com/","Estonia","Expanded logistical definition","2022","Non - Profit / Volunteering","7690"
"4536","A5f23eAB8db6844","Sawyer PLC","https://crawford-mckenzie.info/","South Georgia and the South Sandwich Islands","Triple-buffered fresh-thinking superstructure","1986","Online Publishing","9627"
"6994","04FCb484A4Cbc03","Erickson Inc","https://www.morgan.info/","Greenland","Configurable web-enabled hierarchy","2009","Dairy","7712"
"9254","cEda7EefebFEb81","Foley Ltd","https://hurley-liu.biz/","Mongolia","Seamless bifurcated throughput","1975","Newspapers / Journalism","6421"
"1503","c0b8da80392D4Cb","Conway Ltd","https://www.acosta.org/","Bahamas","Versatile logistical data-warehouse","1987","Food / Beverages","6604"
"8569","2e9FD6fD8DF9DBD","Arnold, Hansen and Sparks","http://gould.info/","Lithuania","Multi-channeled contextually-based frame","1994","Legislative Office","3262"
"9315","f1F31f1fdcC45f7","Summers-Charles","http://david.com/","Montserrat","Organized executive website","2010","Design","7234"
"8837","8031FCFBDb6A032","Day, Chambers and Leach","https://caldwell-moody.com/","Korea","Total systemic groupware","1997","Warehousing","210"
"8921","E3CAB9232Dc6B5E","Berg PLC","https://baker-singh.com/","Cambodia","Robust next generation knowledge user","1982","Investment Management / Hedge Fund / Private Equity","3"
"4919","bDCFb6c81c902d2","Petty Inc","https://carrillo-riddle.info/","Kiribati","User-centric 3rdgeneration focus group","1994","Sporting Goods","6725"
"679","D8aD7cd7BE18A5B","Kelley, Shepard and Hardin","http://www.nolan.org/","Ghana","Persistent secondary hardware","2017","Cosmetics","9939"
"5077","5b7DC14dcb48a4b","Taylor-Salas","https://www.wolf.com/","Chile","Operative bi-directional info-mediaries","1986","Financial Services","1188"
"8065","6bfC475F09cFCFC","Andrade Group","http://chan-figueroa.com/","Congo","Virtual systemic functionalities","2022","Banking / Mortgage","6988"
"7569","C3692A6B96e9Ca8","Knapp, Everett and Coleman","http://cunningham-stokes.com/","Indonesia","Innovative discrete methodology","1976","Real Estate / Mortgage","5322"
"103","650A10df4Eb8A3C","Russo PLC","https://dudley.com/","Jamaica","Multi-channeled dedicated encryption","2002","Paper / Forest Products","9101"
"958","EbCE07f4DBBE3f2","Forbes-Herrera","http://davenport.com/","Peru","Open-source background info-mediaries","2014","Apparel / Fashion","6431"
"8557","bD9cad9E0A8fD66","Bond Group","http://www.haley-dodson.com/","Jordan","Vision-oriented intermediate model","2017","Sporting Goods","9980"
"3786","4da3E2be4FeEEb7","Hunter Group","http://www.zamora.info/","Egypt","Function-based leadingedge help-desk","1973","Graphic Design / Web Design","8556"
"9631","826EECdDfFf1a1a","Blevins Inc","https://www.cook-rogers.biz/","Taiwan","Customizable optimal architecture","1981","Individual / Family Services","7995"
"7174","D8cF70Df8E7CfeF","Mercado-Galvan","http://bullock.com/","Netherlands Antilles","Configurable real-time knowledgebase","1974","Mechanical or Industrial Engineering","7269"
"4044","aBAadd4cF76dBec","Conner, Hendricks and Fernandez","https://johnston-love.info/","Guyana","Robust eco-centric capability","2008","Mental Health Care","1340"
"2649","e19D92eAaC16cf6","Carlson-Huerta","https://www.wang-patterson.com/","Australia","Quality-focused national firmware","2001","Museums / Institutions","7587"
"6001","a2019dd2646E6B3","Murillo Ltd","https://www.lyons.com/","Russian Federation","Realigned well-modulated pricing structure","2012","Writing / Editing","379"
"7928","4AAAE26cDf3f8bf","Herring Group","http://www.dougherty.com/","Syrian Arab Republic","Visionary hybrid productivity","2014","Electrical / Electronic Manufacturing","4749"
"2827","dE6b88799826A72","Rice-Walker","https://stein-james.net/","Kyrgyz Republic","Organic cohesive product","1981","Chemicals","5167"
"4095","8bA0b6f627577f8","Robles and Sons","https://patterson.com/","Costa Rica","Profit-focused object-oriented open architecture","2014","Civic / Social Organization","372"
"7775","30F7aA8DfcDFab6","French Ltd","http://www.moses-madden.com/","Saint Helena","Face-to-face neutral challenge","1997","Media Production","1983"
"9259","F44FcaCCc0f4cD1","Bernard Inc","https://hanson.com/","Monaco","Enhanced intermediate secured line","1981","Events Services","8823"
"8114","948EA91c3dDE9ac","Vazquez, Barnett and David","https://www.knight.com/","Venezuela","Innovative well-modulated framework","1989","Facilities Services","6315"
"4773","363EE9a6D649Ac7","Ramos-Stark","http://moody.com/","Djibouti","Down-sized even-keeled customer loyalty","1987","Retail Industry","8494"
"1948","08Fd0536baa520b","Lester-Kirk","https://diaz.com/","Mozambique","Re-engineered context-sensitive structure","1983","Supermarkets","6248"
"6110","c23ecaD03BEBBA1","Mcintyre-Rivera","https://www.patel-gordon.com/","Saint Kitts and Nevis","Up-sized reciprocal project","1978","Construction","2967"
"2300","CDdF2CCF65cf5ce","Alexander, Martin and Vaughn","http://www.pace.com/","Pitcairn Islands","Re-contextualized asymmetric protocol","2015","Legal Services","436"
"7845","e594d1cCb3c1a87","Quinn-Elliott","https://blevins.com/","Belgium","Stand-alone intangible hub","2001","Consumer Services","9308"
"4383","CdF8B60D4EBaee7","Harvey LLC","https://garcia.com/","Montenegro","Polarized demand-driven synergy","2002","Accounting","5712"
"5426","7Bea52eB35dd168","Adams, Wheeler and Shea","https://haas.info/","Singapore","Virtual analyzing artificial intelligence","2001","Airlines / Aviation","393"
"6772","E5df38DB777EE8A","Reynolds, Small and Mccormick","http://arroyo-austin.com/","Hungary","Innovative zero administration support","2008","Real Estate / Mortgage","9178"
"8579","FE266a8fd250AA2","Ritter PLC","http://www.randolph.net/","Congo","Diverse real-time circuit","1985","Furniture","1434"
"4292","8CbfEDf75a25e1B","Hood, Patterson and Beck","http://henry-dougherty.org/","Cayman Islands","Self-enabling encompassing paradigm","1976","Health / Fitness","9726"
"529","C53ceF416cFaDb5","Watkins, Sherman and Rocha","http://mccann.com/","Australia","Quality-focused multi-state conglomeration","1983","Graphic Design / Web Design","3730"
"1234","1F69bebEEc9bCCb","Woods, Burns and Hardin","https://villarreal.com/","Pakistan","Multi-layered bifurcated matrix","2018","Accounting","4891"
"780","49E1ACB507Ad63B","Simmons-Mcpherson","http://faulkner-weber.info/","Northern Mariana Islands","Inverse clear-thinking moderator","1992","Newspapers / Journalism","2920"
"5860","dCb793797FB9CfE","Sanchez, Lawrence and Bartlett","https://www.knapp.info/","French Guiana","Realigned foreground Graphical User Interface","2015","Recreational Facilities / Services","6374"
"3060","fEC676910a15Cd0","Sanders, Sanders and Sloan","https://www.scott-burch.com/","Lao People's Democratic Republic","Monitored reciprocal emulation","1979","Venture Capital / VC","6057"
"8588","a5a7c9Af68478A5","Armstrong-Leblanc","https://www.douglas-livingston.com/","Angola","Cross-group neutral complexity","1991","Commercial Real Estate","9633"
"1861","bAFE643fD27bdfb","Downs, Zimmerman and Horton","http://valentine.com/","Bangladesh","Horizontal bottom-line artificial intelligence","2006","Computer Games","9560"
"8439","aEFF1d43C7A15dB","Travis, Webb and Stanley","https://www.tanner.biz/","Portugal","Fundamental bi-directional groupware","1980","Computer Games","5326"
"7404","E2D44fEc54cD8f2","Reeves, Wells and Simpson","http://davidson.com/","Tanzania","Monitored national toolset","2006","Automotive","3417"
"4640","D16D48C9d7eAF9b","Rosales Inc","http://dickson-melton.org/","Nauru","Open-architected responsive protocol","1984","Fundraising","4949"
"4251","FdbDF9C0375CaF3","Warren Group","http://klein.com/","Myanmar","Phased directional instruction set","1990","Animation","6625"
"1993","C3caC41Fb489eF6","Parker-Aguilar","http://wyatt.com/","Saudi Arabia","Vision-oriented explicit Graphic Interface","2014","Writing / Editing","6879"
"7380","8cF7b85ABbf0fFd","Lin, Henry and Meadows","http://haney-mcknight.com/","Senegal","Seamless homogeneous neural-net","2015","Import / Export","7228"
"7306","cc1CEC291AB87e8","Morrow-Lam","http://www.jefferson-chaney.com/","Brunei Darussalam","Managed national hub","1978","Leisure / Travel","2565"
"5304","2EA1117DbcB185d","Campos, Blackwell and Holden","https://andersen.biz/","Serbia","Intuitive 24hour architecture","2002","Information Services","1490"
"8193","dc3bCd640ADfdb1","Mcgrath Inc","http://mercer.com/","Nepal","Fully-configurable asynchronous protocol","2000","Wholesale","5207"
"7448","CeFccC0CB37777B","Sanford, Mccarthy and Simmons","http://www.skinner.com/","Barbados","Multi-tiered high-level support","1982","Legal Services","8291"
"2472","E0BCeB6a745df6a","Montoya-Page","http://www.craig.org/","Brunei Darussalam","Down-sized zero administration utilization","2014","Semiconductors","7937"
"7198","2bB1AafAf07bAc3","Morton PLC","https://www.golden-silva.com/","Puerto Rico","Multi-tiered actuating interface","1981","Chemicals","8671"
"5313","5FaEad0A0aBd4Fd","Cisneros-White","http://taylor-frank.biz/","Saint Pierre and Miquelon","Reactive directional task-force","1988","Investment Banking / Venture","9089"
"9036","FE1cbf8e6E8E7da","Curtis, Molina and Hampton","http://www.mcintosh.net/","Seychelles","Public-key system-worthy portal","1983","Public Safety","384"
"1397","ff763e4aB351A6E","Munoz and Sons","http://www.dixon.com/","Antigua and Barbuda","Synergized 6thgeneration conglomeration","1970","Logistics / Procurement","5254"
"4003","09ffEfD160fcDCd","Erickson Inc","https://www.dorsey.biz/","Saint Kitts and Nevis","Networked dedicated policy","2019","Marketing / Advertising / Sales","2893"
"5372","3efDAAcAE01d223","Snyder-Mclaughlin","https://howe.com/","Angola","Customizable non-volatile extranet","1999","Writing / Editing","1308"
"3236","aeDee5C292dD59e","Ortega, Burnett and Michael","https://huffman-blackwell.net/","Svalbard & Jan Mayen Islands","Persevering demand-driven secured line","1979","Ranching","1146"
"1043","1a9b85Ef9cC0f3f","Cisneros-Patton","https://dudley.org/","Mexico","Optimized 24/7 intranet","1983","Music","8434"
"3299","79d6a9F0eED5efe","Rodriguez-Hanna","http://shaffer.com/","Samoa","Open-architected background throughput","1997","Electrical / Electronic Manufacturing","2846"
"7257","b9307f04C89413e","Wilkerson, Dean and Kline","https://www.poole.com/","Ethiopia","Configurable zero administration customer loyalty","2001","Outsourcing / Offshoring","2552"
"258","E3CEFF7CE7bE7D3","Kramer-Key","http://www.sexton.info/","Singapore","Total 5thgeneration workforce","1998","Online Publishing","9891"
"7287","fFeFdFA07F7d42e","Shaffer-Wells","http://downs-kemp.com/","Iceland","Programmable 6thgeneration system engine","1995","Telecommunications","6285"
"8617","0ce4d9FF5810Aea","Cantu, Bautista and Lara","http://macias-underwood.com/","Cape Verde","Future-proofed secondary projection","1987","Translation / Localization","2987"
"7817","8AC52AFbB71b98B","Glenn, Owen and Harding","http://www.owens.com/","Papua New Guinea","Programmable heuristic implementation","1979","Business Supplies / Equipment","8621"
"5844","d9ccEE47D4Ac44C","Good-Fitzpatrick","https://hall.com/","Heard Island and McDonald Islands","Function-based transitional implementation","1988","Broadcast Media","9040"
"2090","ffa583232613d1F","Mcneil, Anthony and Brennan","http://www.west-brown.biz/","Japan","Adaptive coherent extranet","1998","Legislative Office","5647"
"7703","796fFb0ce8F433A","Travis LLC","http://www.martinez-conway.com/","Bermuda","Multi-channeled exuding hub","2001","Medical Equipment","1677"
"504","2F6F3aA8F0dC802","Nash-Patrick","https://bennett.com/","Cook Islands","Object-based empowering policy","1980","Sports","2779"
"5266","C33F2BbAd7e5ef5","Chung-Garza","https://www.ramirez.com/","Venezuela","Synchronized methodical matrices","1999","Pharmaceuticals","7074"
"8815","A40Ef6C8f055B8c","Jackson-French","https://berry-walker.info/","Israel","Persevering actuating success","2005","Import / Export","6602"
"1346","CC9aD0Ab6bd8033","Munoz Inc","https://www.larsen.net/","Finland","Self-enabling motivating toolset","2000","Research Industry","2175"
"8456","4C03eF6FeCdf8EA","Gilbert-Kane","https://kidd.net/","Northern Mariana Islands","Inverse tangible infrastructure","1976","Defense / Space","8590"
"5047","6fb7a6Fa4BbFCe0","Conrad-Reyes","http://www.long.com/","Oman","Fully-configurable motivating customer loyalty","2021","Capital Markets / Hedge Fund / Private Equity","7595"
"2249","E6A62beBB94DD8d","Hogan-Chandler","https://cooke.net/","Belgium","Decentralized tertiary circuit","2016","Public Safety","3514"
"4982","E59f2902Ef3BD97","Keith Group","https://www.clarke-moreno.org/","Finland","User-centric intangible open architecture","2018","Airlines / Aviation","9249"
"373","b1BaDBc5DcdaaEe","Copeland-Franklin","http://www.mccullough.com/","Venezuela","Focused leadingedge hierarchy","1989","Military Industry","6596"
"8455","78B3B2CDAFAEdc8","Odonnell-Bailey","http://singh.com/","Palestinian Territory","Reactive empowering model","2004","Computer / Network Security","3731"
"3371","5aED3F8Aa9B46b8","Bishop LLC","http://hooper-wright.com/","Argentina","Devolved holistic projection","2005","Graphic Design / Web Design","3934"
"2007","D4dEDDF439adeDA","Hopkins, Vang and Delacruz","http://www.mathis.com/","Greece","Pre-emptive multi-tasking system engine","2014","Food Production","7742"
"3657","C10e7Fe9dD47CA6","Dodson-Cabrera","http://pacheco.biz/","Madagascar","Right-sized system-worthy policy","2002","Museums / Institutions","21"
"8328","9CECEB026cCBeA7","Drake and Sons","http://lamb-villanueva.com/","Saudi Arabia","Ameliorated global neural-net","2003","Cosmetics","8911"
"7522","61987eBAaaC3b9B","Guerra, Johnson and Baldwin","https://melton-dorsey.com/","Iraq","Organized transitional interface","2009","Mining / Metals","3116"
"4002","Ab8D3ba4EBC5eb9","Mathews-Cochran","http://www.wells.org/","Kiribati","Enterprise-wide neutral interface","2011","Events Services","6801"
"6073","AD7D6DB9b28E358","Hebert Inc","http://www.thornton.com/","Libyan Arab Jamahiriya","Persevering upward-trending website","2007","Law Enforcement","8544"
"8737","907c33acFe25b1B","Barr, Mays and Riddle","https://www.wilson.net/","Puerto Rico","Open-architected web-enabled adapter","1973","Packaging / Containers","7820"
"998","c44e4CC58F5ad03","Mooney, Webster and Frey","http://www.frost.org/","Germany","Re-engineered encompassing application","2010","Medical Practice","4911"
"8180","EfEe20d403EbD8e","Horne-Hooper","https://rangel.info/","Peru","Multi-lateral incremental function","1976","Commercial Real Estate","4949"
"3291","CFC2e3E44da0aA0","Ware PLC","http://www.huffman.org/","Aruba","Fundamental next generation pricing structure","1979","Pharmaceuticals","8278"
"1177","Aa8eeae98EcEef3","Berg Inc","http://www.avila.com/","Western Sahara","Face-to-face full-range attitude","1971","Fine Art","4711"
"552","CbBA1cbE16bA4eB","Rose, Zuniga and Moses","http://scott.com/","Dominican Republic","Diverse multimedia benchmark","2016","Think Tanks","1578"
"745","9598939ba43a3d4","Wong and Sons","https://www.chapman.com/","Uzbekistan","Multi-channeled client-server monitoring","2001","Fundraising","5086"
"7224","fBFCBD0F8C23Aa1","Nguyen and Sons","http://www.pennington-doyle.com/","Korea","Expanded clear-thinking adapter","1990","Retail Industry","7661"
"4555","BfD722B87771583","Arellano-Castro","http://www.west-rowland.com/","Liberia","Horizontal well-modulated Internet solution","1981","International Trade / Development","5357"
"2860","f7904f3C71Bd536","Dyer-Massey","http://clayton.com/","Faroe Islands","Open-architected well-modulated customer loyalty","1982","Marketing / Advertising / Sales","6454"
"8821","CC5e9f6CEFefeD4","Maynard-Edwards","http://short-mathews.org/","Tonga","Seamless didactic groupware","2018","Philanthropy","2146"
"3460","8b5eDbe4A398Efa","Glover, Krause and Medina","https://www.bean.com/","Switzerland","Synergized needs-based installation","1979","Textiles","318"
"2725","cA2fB396b5fE423","Frank, Daniel and Hull","https://orr-collier.net/","Kiribati","Public-key maximized migration","1977","Computer Software / Engineering","2"
"6848","d1Af0BCBceACaa2","Shannon-Castro","http://paul.com/","Sri Lanka","Persistent demand-driven attitude","2019","Law Enforcement","8284"
"7616","F17DAbbD8F8967E","Wells-Cole","http://www.golden.com/","Tajikistan","Self-enabling asynchronous adapter","1970","Judiciary","8219"
"7548","F4dBaAA15aF35e6","Schwartz, Ramirez and Michael","https://arellano.biz/","Oman","Robust 3rdgeneration groupware","2018","Design","6500"
"9175","0b41B18f4Fdb2Ba","Wright, Hughes and Sawyer","http://howe.com/","American Samoa","Streamlined logistical projection","2017","Investment Management / Hedge Fund / Private Equity","1457"
"6394","B157E4CCAfa81ae","Lamb-Donaldson","http://sexton.com/","Antigua and Barbuda","Visionary responsive moratorium","2017","Pharmaceuticals","5257"
"5359","6d97C8F7b19E8CC","Gutierrez, Herrera and Gibson","http://www.nixon.net/","Western Sahara","Re-engineered multi-state infrastructure","1981","Furniture","179"
"9489","3e42E4EF316c9D4","Beck, Watts and Kidd","http://fields.com/","Romania","Secured national groupware","2018","Non - Profit / Volunteering","474"
"2969","cAeCADCAFeBaeDf","Callahan, Myers and Vaughn","https://www.gardner.com/","Sudan","Progressive needs-based budgetary management","1990","Food Production","943"
"694","D809cD6380be45E","Hodge-Shaffer","https://austin.biz/","Bangladesh","Vision-oriented encompassing software","2019","Other Industry","6202"
"2534","b083CA7DB879aDF","Douglas, Watkins and Kaufman","https://www.ferrell.info/","El Salvador","User-centric homogeneous protocol","2004","Transportation","3345"
"6400","428D4bfeaCA72bb","Wells-Mullen","http://www.gallegos.info/","Sri Lanka","Re-contextualized methodical methodology","1983","Civil Engineering","3599"
"983","2CC2eb8F9AbcAE4","Jackson PLC","http://www.shaffer.com/","Kenya","Synergistic mobile Local Area Network","2019","Library","6573"
"5365","0ff7CAf8bF3BaF2","Holden Group","http://www.maldonado.com/","Greece","Mandatory reciprocal extranet","1984","Government Administration","4076"
"80","74FAA2BF6f0E0ed","Mcintyre, Leach and Hernandez","https://www.villegas-schwartz.com/","Saint Pierre and Miquelon","Profit-focused scalable solution","1980","Computer Software / Engineering","9224"
"4054","d7D2da555f7aE0c","Mills and Sons","https://vance.com/","Bulgaria","Monitored discrete algorithm","2009","Entertainment / Movie Production","9899"
"6259","A92e8Fc3965AA5c","Durham PLC","http://maxwell.com/","Iran","Switchable analyzing conglomeration","1974","Graphic Design / Web Design","9776"
"9577","b23F5b2dDc3a8AB","Pugh, Gregory and Schmidt","https://oconnor.com/","French Polynesia","Monitored responsive moderator","2007","Nanotechnology","6562"
"9026","B7A3BbD6DF9BB41","Hardin-Haas","http://barnes.com/","American Samoa","Reactive value-added Local Area Network","1988","Telecommunications","7734"
"3108","cf2915bbBD9adAd","Walsh, Merritt and Glover","https://www.sharp.net/","Slovakia (Slovak Republic)","Multi-layered impactful moratorium","1996","Textiles","1822"
"3602","fb7D27aDFD087Eb","Ingram PLC","http://www.watkins.com/","Reunion","Customer-focused composite monitoring","1981","Law Practice / Law Firms","4820"
"6074","AeCbB1c9a0eBBDA","Conner, Frye and Sharp","https://jensen-mcconnell.com/","Nicaragua","Automated object-oriented solution","2013","Mining / Metals","9357"
"8127","3377E8e90ee6C5D","Allen PLC","http://terrell-frazier.com/","Macao","Versatile 24hour help-desk","1975","Textiles","9482"
"2143","A7Ecfb728Fc2dc8","Mccullough LLC","http://whitaker.com/","Chile","Visionary intangible Graphical User Interface","1996","Computer / Network Security","2450"
"6311","550e20FF8d0ca99","Wells PLC","https://tate.com/","Saint Pierre and Miquelon","Vision-oriented radical challenge","1996","Accounting","5296"
"2269","C7CCBa8A901A39F","Gross Group","https://castaneda.com/","Turks and Caicos Islands","Organic value-added Local Area Network","1998","Airlines / Aviation","4042"
"446","01Eff3ADCd63B5D","Mcguire, Case and Oneill","http://www.mendez-cohen.net/","Libyan Arab Jamahiriya","Synchronized object-oriented challenge","1993","Consumer Electronics","3661"
"4884","FCa8bE2ecf9CCEd","Livingston-Hoffman","https://vaughn.info/","Peru","Future-proofed clear-thinking neural-net","1994","Health / Fitness","8767"
"4467","F20e1fDbeCbC93F","Colon-Estrada","https://fitzgerald.com/","British Virgin Islands","Business-focused full-range website","1999","Music","9981"
"9027","0d66caBe09dB8A9","Washington, Mccullough and Chan","http://www.lindsey-young.com/","Czech Republic","Total multimedia Graphic Interface","1999","Law Practice / Law Firms","3129"
"6633","F3d0Bde62F2693a","Yang Ltd","https://holland.info/","Indonesia","Exclusive full-range standardization","2004","Insurance","9882"
"3317","59b1CA5b2C213eb","George-Hughes","http://nielsen.org/","Angola","Versatile needs-based framework","2018","Motion Pictures / Film","7046"
"1702","74CAE028A7e6CFD","Blanchard-Rogers","https://daniels.info/","Sudan","De-engineered clear-thinking synergy","2014","Biotechnology / Greentech","6918"
"2527","18e1AbcbaDD3aE8","Wright and Sons","http://www.valenzuela.net/","Zambia","Pre-emptive 3rdgeneration encoding","1991","Photography","4092"
"69","1CbbcbcE39fA9A9","Dunn-Holden","http://www.sanford.com/","Saint Helena","Mandatory modular benchmark","1970","Newspapers / Journalism","3331"
"1169","3ADC6383F8C5ea6","Morrow-Ellis","https://osborn.com/","Djibouti","Enterprise-wide composite utilization","1982","Judiciary","6387"
"49","56eA0cacdAaC961","Cooley-Harding","https://carrillo.com/","Indonesia","Expanded upward-trending orchestration","2001","Public Safety","6366"
"1054","106478AA0bA85BB","Meyers PLC","https://www.baker.com/","United States Minor Outlying Islands","Expanded asynchronous open system","2018","Tobacco","9222"
"4030","A608FC5ba5E48eA","Thomas-Mahoney","http://reynolds.com/","Venezuela","Expanded local toolset","2009","Railroad Manufacture","3849"
"881","f8Da323fAF7A8d7","Navarro-Nichols","https://www.blackwell.info/","Ireland","Enhanced maximized knowledgebase","1975","Civic / Social Organization","755"
"2652","e710d22B6Fae7b2","Hutchinson, Walsh and Bond","https://www.juarez.net/","New Caledonia","Digitized mission-critical intranet","1998","Staffing / Recruiting","3364"
"7760","0022B257Ffa127C","Humphrey, Hutchinson and Wolf","https://www.tapia.com/","Argentina","Versatile asymmetric monitoring","2001","Restaurants","443"
"2440","aEce8dAABb2d26C","Hutchinson-Dalton","https://branch-flores.net/","Korea","Enhanced contextually-based secured line","2005","Package / Freight Delivery","2941"
"4925","C1De0a4753fd9Ee","Dodson, Howe and Le","https://www.henderson.net/","Fiji","Exclusive 4thgeneration standardization","1980","Law Enforcement","8091"
"1468","B27edB0e5a82B3a","Summers and Sons","https://www.ramirez.org/","Brunei Darussalam","Streamlined empowering monitoring","1983","E - Learning","9696"
"7293","18ED4dA6C68E4a8","Li-Carr","https://www.burton.com/","Heard Island and McDonald Islands","Configurable clear-thinking solution","1976","Performing Arts","566"
"5036","CeaD84F5Edbf2f2","Blake PLC","https://everett.com/","Congo","Virtual value-added database","1971","Hospital / Health Care","9788"
"2442","bB90AEFFdB31EfF","Perez, Richardson and Snow","https://abbott.com/","Tanzania","Polarized disintermediate strategy","2018","Civil Engineering","3545"
"6555","9461AdecBD5e62d","Meyers and Sons","http://www.bradshaw.com/","El Salvador","Polarized bifurcated knowledgebase","1994","Warehousing","3100"
"231","E77df7c3BfA06CB","Whitehead, Salinas and Haley","http://www.carlson.com/","Spain","Managed static core","2002","Photography","3819"
"1321","05FCAa79cE1EEDE","Cordova LLC","https://cain-wiggins.net/","Christmas Island","Optimized client-driven software","1975","Information Services","4466"
"42","299e97aFeA5AAb3","Skinner, Carrillo and Mckay","http://www.schneider-white.com/","Macedonia","Reactive value-added middleware","2005","Gambling / Casinos","1945"
"778","0ffaCFACC89FcEA","Griffith Inc","http://www.cardenas.com/","United Kingdom","User-friendly client-server info-mediaries","1982","Law Enforcement","9888"
"8951","C0F82B8dcF66034","Wiley-Robinson","https://liu-burns.net/","Iran","Enhanced asymmetric algorithm","1992","Computer Software / Engineering","2758"
"8405","55c8E59439c90A9","Flores-Barron","https://www.schultz-glass.org/","Cocos (Keeling) Islands","Mandatory needs-based array","2018","Computer Networking","1541"
"1730","aabfAD7bb0fA5E7","Shaffer-Gray","http://moore.com/","Austria","Focused methodical project","2002","E - Learning","3163"
"3911","C82a7dD6b8cd655","Franco, Griffin and Yang","https://www.hale.com/","Ireland","Implemented static policy","1978","Real Estate / Mortgage","1323"
"580","f764ebCEFaF972a","Pacheco Ltd","http://www.wood.com/","Honduras","Customizable contextually-based Local Area Network","2002","Professional Training","102"
"9942","92DBc600865Ad6f","Bullock, Watson and Conley","http://wiley.net/","French Southern Territories","Sharable next generation initiative","2018","Health / Fitness","781"
"5840","f52FFd6b34BCe6B","Tran, Knox and Paul","https://www.harrington.com/","Congo","Fundamental client-server moratorium","2000","Facilities Services","8309"
"8272","9d5Bf2c23f589cA","Velasquez-Brennan","http://www.werner-gilbert.com/","Syrian Arab Republic","Mandatory system-worthy support","2001","Judiciary","2704"
"7276","9fd13587932D2b8","Fletcher Ltd","https://www.dickerson.biz/","Maldives","Phased composite product","1975","Banking / Mortgage","5945"
"1492","997fd6FbBa94AbB","Hensley, Mays and Mcclure","http://levine.com/","Holy See (Vatican City State)","Re-contextualized bottom-line help-desk","2015","Biotechnology / Greentech","445"
"9110","c1C6bB0E7d8CdC6","Colon, Benjamin and Terry","https://salinas-griffith.biz/","United Kingdom","Streamlined value-added methodology","2002","Medical Practice","3347"
"5611","4a8c21f4127EDbE","Hickman Inc","https://kelley.com/","Sweden","Total holistic application","2020","Religious Institutions","8700"
"62","a3E6FfB5C4CCbcf","Leach, Villa and Weaver","http://www.wood-woodward.com/","Svalbard & Jan Mayen Islands","Realigned encompassing synergy","1974","Import / Export","9935"
"5472","f8c561f2bBA5BA7","Holder-Carson","http://thomas-horn.com/","Brazil","Monitored systematic framework","1987","Paper / Forest Products","5861"
"3906","8781a3EeacFF3A8","Friedman, Koch and Carroll","http://www.cantu.com/","Albania","Cloned non-volatile frame","1991","Library","8726"
"6532","c1E1C7ef7B9B466","Nicholson LLC","https://www.benson.org/","Chile","Expanded web-enabled access","1985","Primary / Secondary Education","1886"
"403","81F723C2ED518B8","Villanueva-Lowery","http://www.allen-cline.info/","Comoros","Intuitive system-worthy utilization","1970","Philanthropy","3404"
"333","4bEdF5fcDD2Ede1","Gross-Miranda","http://mcintosh.com/","Benin","De-engineered systemic monitoring","2008","Computer Hardware","9202"
"2085","e76b9aF6e2203A1","Duran, Dunn and Wolfe","http://parrish.info/","Saint Kitts and Nevis","Fundamental asymmetric alliance","1975","Fundraising","8104"
"9558","e21Dfcc8FCBae6d","Zhang LLC","https://www.montoya.org/","Georgia","User-friendly secondary firmware","1978","Shipbuilding","1825"
"165","A3c3daB9D974Dc0","Skinner-Randolph","http://www.barajas.com/","Cape Verde","Distributed zero tolerance structure","1973","Business Supplies / Equipment","8602"
"4380","81abA9bCA2e0BEd","Huff and Sons","https://conrad.com/","Djibouti","Virtual zero-defect focus group","1999","Computer Networking","1666"
"2716","e6F0eD14cE9D4Bc","Saunders PLC","http://gross-howell.net/","Puerto Rico","Phased client-driven software","2018","Utilities","7103"
"8924","A2d9CAB40FD5a9D","Jarvis, Newton and Stewart","http://winters-barr.com/","South Africa","Reactive foreground hardware","1999","Biotechnology / Greentech","1911"
"7347","BdAeB3988f9fFaA","Palmer PLC","https://www.singleton.com/","Cuba","Reverse-engineered solution-oriented product","2019","Legal Services","8504"
"5454","c0Bf2662CE02CA0","Fernandez, Harmon and Sandoval","https://www.juarez.org/","Mozambique","Re-engineered dedicated pricing structure","2003","Railroad Manufacture","5200"
"7047","166d4eCaa3CC910","Mullen-Hampton","http://www.knox.org/","Chile","Stand-alone 5thgeneration algorithm","2002","Tobacco","5340"
"1335","d2316e7be4ebF0a","Ward-Spencer","http://www.pitts.com/","Lesotho","Object-based mobile frame","2016","Information Technology / IT","8003"
"8699","0acc0CdACFf5Fc0","Frye-Ramirez","https://www.kane.com/","France","Self-enabling mission-critical methodology","2008","Consumer Electronics","6253"
"1660","BBBBF6eDE3bEE4a","Lowe, Lawrence and Roth","https://mercer-bradford.net/","Niue","Monitored intangible installation","2015","Photography","6183"
"3579","2c7570F5A7CB244","Potter-Dominguez","http://gilmore-parker.info/","Guinea","Fundamental zero tolerance success","1976","Individual / Family Services","5141"
"754","414Be7aDc90143A","Fowler, Knight and Irwin","http://www.bender.com/","Uzbekistan","Vision-oriented leadingedge product","1990","Religious Institutions","6060"
"6585","beD6fE4D03B52d0","Gross-Flynn","https://www.monroe.org/","Saint Kitts and Nevis","Multi-tiered asynchronous groupware","1979","Wireless","5278"
"707","81a47a56fCaA748","Buck, Baker and Greer","http://www.spence-brewer.net/","Djibouti","Robust national throughput","1981","Utilities","8273"
"3015","CDD9DeEDb36fe66","Ramos, Rangel and Spears","https://www.murphy.org/","Sweden","Public-key analyzing software","1984","Construction","4097"
"8559","b979acEd9b0d050","Zimmerman-Blackwell","https://www.daniel.info/","Burkina Faso","Self-enabling multi-tasking installation","1977","Publishing Industry","3346"
"9876","701f6cfaDf6EdFd","Gardner and Sons","http://hayes.com/","Isle of Man","Up-sized bifurcated synergy","2014","Online Publishing","4699"
"9583","C14cEe8aE0dd58E","Griffith-Lee","http://mcdowell-mills.com/","Eritrea","Reverse-engineered zero-defect conglomeration","1990","Photography","6736"
"8929","623FeddcBE39D29","Sheppard-Wade","https://travis.com/","Macedonia","Customer-focused secondary policy","2010","Venture Capital / VC","2617"
"9557","F4B72FeBC91c07D","Mccarthy Inc","https://www.beck.org/","Nigeria","Intuitive global migration","1977","Leisure / Travel","8126"
"8984","Ca32e40d98aBd9b","Torres LLC","https://dorsey.net/","Malta","Profound value-added Graphical User Interface","1974","Farming","3619"
"1835","A11d307B50FDAbb","English-Carr","http://kerr.com/","Turkey","Realigned systemic help-desk","1973","Restaurants","7663"
"2997","e1361a9da203Bf8","Salas-Carter","https://davidson.com/","Netherlands Antilles","Synergistic 24/7 artificial intelligence","1977","Package / Freight Delivery","6482"
"5428","e750f3D00ebc2fc","Pennington-Lambert","http://ramsey.info/","Cambodia","Optimized modular monitoring","2012","Fundraising","8200"
"3880","8D9aAEB563dcbaE","Byrd-Strickland","http://mendez.info/","Croatia","Quality-focused regional framework","1971","Entertainment / Movie Production","8343"
"7157","B959dee0B80c53D","Patton LLC","https://weber.biz/","United Arab Emirates","Open-source dedicated throughput","2005","Sporting Goods","7481"
"5082","dBDC45089abaC68","Alvarado-Blake","http://www.morgan.com/","Nigeria","Right-sized systematic website","2009","Commercial Real Estate","8868"
"9115","cED30Ffee8E9bAD","Cox, Carson and Buckley","http://mclean.com/","Saint Pierre and Miquelon","Fundamental tangible knowledge user","1981","Internet","2908"
"7245","B2d99f5Bf5EcbCb","Patel-Morse","https://www.fernandez.com/","Wallis and Futuna","Operative mobile neural-net","1990","Package / Freight Delivery","2828"
"5401","FB8Ff3a5e7C4CE4","Blair-Hall","https://www.carroll.com/","Hungary","Future-proofed value-added Local Area Network","2022","Think Tanks","3747"
"5396","10E6e64b0E39e7C","Mata LLC","https://herrera-francis.info/","Chad","Assimilated national frame","1989","Government Relations","9705"
"9428","DC39FF15D18A7A2","Abbott-Morrow","https://www.gaines.com/","Saint Pierre and Miquelon","Programmable zero administration info-mediaries","1983","Architecture / Planning","8973"
"2247","ECAC7dADC7Ae98a","Gross-Sanford","https://fields-good.info/","Puerto Rico","Exclusive object-oriented alliance","1978","Executive Office","1625"
"836","BE3Ca58A31Bae0D","Hayes-Moon","https://gillespie-rivers.biz/","Holy See (Vatican City State)","Focused web-enabled task-force","2006","Logistics / Procurement","4571"
"8395","59DB073037EFB1C","Castillo, Bowers and Warren","https://www.huffman.com/","Greenland","Seamless optimal Graphical User Interface","2008","Supermarkets","9407"
"9043","9d978Bf6AdD6C4A","Campos-Rivera","https://mcgee.com/","Cambodia","Synchronized contextually-based focus group","1999","Retail Industry","517"
"433","FBD1cA0AFF043df","Berry-Koch","http://www.campos.net/","Guinea","Cross-platform impactful analyzer","1988","Transportation","3212"
"3379","D6b6aCC73a4060d","Le, Andersen and Duffy","http://www.hinton.biz/","Morocco","Mandatory discrete portal","1992","Alternative Medicine","3831"
"6818","FBaDB934bd38Bda","Clarke, Park and Vance","http://stephens.com/","Lesotho","Multi-lateral holistic info-mediaries","2006","Industrial Automation","6632"
"8132","B9Af40f0EE67a7e","Shannon-Duncan","http://zamora.com/","Moldova","Re-contextualized modular protocol","2008","Government Administration","8760"
"9622","29AFADE784aCeb9","Rivers-Richards","https://moss.info/","Kuwait","Future-proofed bandwidth-monitored implementation","2014","Utilities","3296"
"6067","22CAbe6c76a8Ac3","Morrison-Lam","https://www.contreras.com/","Zambia","Right-sized 24/7 ability","1975","Maritime","9336"
"1194","D1Df68903Cb64f3","Cherry PLC","http://powell.com/","Bosnia and Herzegovina","Cross-platform background task-force","2005","Computer Software / Engineering","6819"
"6935","5F70b07Cac7fa1c","Hebert LLC","http://cantu.com/","Micronesia","Decentralized actuating capacity","1981","Graphic Design / Web Design","4418"
"5462","Dfc6833AAD8373e","Morton LLC","http://reeves.com/","Netherlands Antilles","Customizable 3rdgeneration database","1971","Accounting","5759"
"3072","94135EFEEAB0f31","Walton LLC","http://vance-lamb.com/","Congo","Ameliorated bottom-line paradigm","1990","Consumer Goods","9254"
"3045","F51A6001CbcBEcA","Compton, Rollins and Davies","http://www.mcgrath.com/","French Southern Territories","Multi-layered coherent database","2015","Capital Markets / Hedge Fund / Private Equity","8830"
"3264","fEc1Bc4FBad8cC9","Sosa Inc","http://melendez-mora.biz/","Afghanistan","Ergonomic mobile definition","2000","Recreational Facilities / Services","3753"
"2730","37FFA3c3E921695","Roy, Sanchez and Chung","http://sellers.com/","Bolivia","Customizable coherent array","1973","Fishery","5740"
"3434","b3af4b6B7835CbF","Livingston-Garrison","http://www.riggs.com/","Macedonia","Diverse encompassing matrix","1997","Tobacco","4624"
"434","8aEa9A19068f77E","Mccall Ltd","http://www.glover.com/","Tonga","Implemented heuristic toolset","2008","Other Industry","3498"
"3273","E07dde2a5896Ecc","Copeland-Bernard","http://gibbs.com/","Panama","Fully-configurable exuding adapter","2021","Motion Pictures / Film","5027"
"7002","f22AAA2AA3EAbFc","Stout-Kidd","http://lamb.com/","Aruba","Adaptive cohesive frame","2013","Human Resources / HR","3419"
"9727","fcCc15ddDf251e3","Vaughan-Terry","http://www.bradford.com/","Saint Kitts and Nevis","Universal neutral customer loyalty","2004","Government Administration","9029"
"105","A8F647a5Bb86598","Malone, David and Santos","http://www.kirby.com/","Honduras","Extended heuristic implementation","2015","Government Administration","8341"
"3316","1eFD001277C4dCA","Scott, Leach and Pearson","https://peters-stewart.info/","Germany","Configurable high-level hub","2018","Judiciary","3332"
"1657","cFbCdebA57CDE40","Peterson-Tapia","https://farley.com/","United States of America","Self-enabling user-facing framework","1973","Tobacco","9004"
"1534","08F25CbB3DEdbbf","Stanley, Garcia and Chambers","http://www.hudson-huerta.org/","Belize","Customer-focused 24/7 orchestration","2000","Retail Industry","7644"
"4681","EF9749eD6164A3E","Harrison-Chang","https://www.orr.com/","Portugal","Inverse intermediate focus group","1975","Graphic Design / Web Design","4999"
"8814","fdA04Aa3DA7B82D","Duffy, Mayo and Burton","https://crane.org/","France","Balanced bi-directional hardware","1998","Civil Engineering","3332"
"9003","858DCe7b6AeEeA5","Ferrell-Moyer","http://www.brooks-miller.com/","Malaysia","Balanced discrete archive","2008","Mental Health Care","1161"
"6623","bBF40F7CD636cf0","Mclaughlin, Ryan and Forbes","http://www.clarke-castro.biz/","Montenegro","Customer-focused mission-critical approach","1989","Fundraising","4418"
"1444","783E2A4eAfcb101","Welch and Sons","http://www.duarte.biz/","Libyan Arab Jamahiriya","Persistent zero-defect approach","1999","Logistics / Procurement","140"
"215","CfdEFEBe37a3ACC","Sharp, Garrison and Pineda","http://macdonald.net/","Hong Kong","Down-sized clear-thinking forecast","1981","Internet","1542"
