"Column_1","Column_2","Column_3","Column_4","Column_5","Column_6","Column_7","Column_8","Column_9"
"3960","FA7C5Bbc617dff5","Benson-Robinson","http://www.ware.net/","Korea","Compatible demand-driven capacity","2019","Government Relations","3345"
"2948","444bdcdfa0cBEf7","Kemp-Chase","https://www.hunt.biz/","Cambodia","Intuitive zero tolerance archive","2011","Aviation / Aerospace","3853"
"6644","F4CcAB6B7b4C6F7","Mcfarland-Page","https://www.woodard.com/","United States of America","Robust dedicated installation","1974","Insurance","6318"
"5175","FAf4c5BABf2ba1d","Adkins Ltd","http://www.clayton-booker.com/","Brunei Darussalam","Re-contextualized incremental implementation","1984","Retail Industry","6428"
"6842","B2efacAe2C3500f","Durham Inc","http://huffman.biz/","Malta","Public-key heuristic policy","2000","International Trade / Development","1838"
"8299","2Dfb7cda1a12Ba9","Terry-Daniel","https://pace-kaufman.com/","Liberia","Re-engineered web-enabled info-mediaries","1992","Warehousing","7208"
"3587","6fCe393dBB5E614","Henderson, Lowery and Dixon","http://www.ferguson-dougherty.com/","United States of America","Automated regional throughput","1982","Railroad Manufacture","805"
"9229","Fc2188D4adb79FE","Donovan, Ramos and Morton","https://www.ashley-decker.biz/","Paraguay","Ergonomic foreground task-force","1973","Medical Practice","4331"
"7989","699FFbeFF742E4C","Allison Group","https://www.tucker.net/","Estonia","Optimized modular infrastructure","1972","Computer Software / Engineering","8637"
"2564","0F8f42c91a2D2B6","Floyd-Mercado","http://lynch-horne.com/","Falkland Islands (Malvinas)","Switchable didactic capability","1995","Warehousing","3791"
"2631","DdE0dCD5Fb4fC51","Bond, Cline and Trujillo","https://padilla.org/","Myanmar","Triple-buffered system-worthy Internet solution","2013","Alternative Dispute Resolution","5954"
"3191","2458a914748C11a","Schultz Group","https://horne.org/","Kiribati","Balanced well-modulated function","1973","Government Relations","2818"
"7779","2a60e89E7bEa2B8","Sexton, Maldonado and Schaefer","http://fernandez.net/","Bahrain","Reduced 4thgeneration artificial intelligence","2004","Venture Capital / VC","4474"
"7646","BDDbBecBDFDBCaa","Bishop-Silva","http://roman-charles.com/","Singapore","Open-source hybrid encryption","1999","Chemicals","1909"
"5037","a92A3EF8f1A1964","Pennington, Irwin and Finley","http://www.esparza.com/","Tokelau","Distributed asymmetric collaboration","1984","Accounting","6125"
"1081","f4BFAdF0410d0F1","Reeves, Pearson and Dyer","http://www.burns-blake.com/","Cameroon","Proactive client-driven product","2021","Package / Freight Delivery","6864"
"4284","e9CAa04f475b601","Moses-Velez","http://www.conway-pacheco.com/","Cambodia","Inverse homogeneous capability","1973","Philanthropy","9172"
"9712","d94ed8a8EaB8C46","Duncan-Willis","https://byrd-harvey.com/","Paraguay","Balanced tertiary productivity","1992","Shipbuilding","7252"
"7086","Ac8ae32522a7cE6","Hoover-Wright","https://guerrero.info/","Belize","Digitized incremental complexity","1978","Real Estate / Mortgage","9093"
"2086","3B6BBC5AFc447BA","Norman-Bell","https://lam.net/","Kiribati","User-friendly user-facing infrastructure","1983","Machinery","687"
"6346","488ceD7B89C3DAB","Perkins, Hines and Blackburn","http://www.spencer.com/","Mongolia","Secured 4thgeneration adapter","1999","Consumer Electronics","7254"
"2453","b63dBB7e9AF0ef2","Saunders-Fields","https://www.gillespie-franco.net/","Taiwan","Programmable transitional forecast","2007","Motion Pictures / Film","1053"
"4967","A955252ef8c8d7F","Mcmahon Group","http://www.odonnell-meyer.net/","Germany","Robust responsive interface","1985","Machinery","5732"
"2024","CdCAFbFcBD07Aef","Greene-Graves","https://vance.biz/","Kyrgyz Republic","Streamlined didactic benchmark","1998","Medical Equipment","3162"
"8072","8b0d5c5b757FEe5","Schmitt, Sutton and Hughes","http://hobbs.org/","Indonesia","Business-focused static Internet solution","2004","Real Estate / Mortgage","3177"
"8988","fa4EbADEd3BC10e","Garrett, Atkins and Prince","http://www.lucero-novak.com/","Armenia","Object-based logistical customer loyalty","1985","Construction","39"
"8719","712FBAF1Bbc283e","Davidson Group","https://www.parrish.com/","Sao Tome and Principe","Versatile 24/7 help-desk","1984","Tobacco","8899"
"7322","6Aeea0D14035ceF","Wilkinson-Snyder","http://www.wiley-bruce.com/","Nepal","Operative dedicated functionalities","1981","Luxury Goods / Jewelry","6821"
"227","dD9aCf52e3Df9e8","Middleton Inc","https://esparza.com/","Thailand","Synergistic local adapter","2010","Security / Investigations","4598"
"1014","CeF78c2e7881Ba6","Owen-Gay","http://mcmahon.net/","Botswana","Open-source actuating structure","1993","Ranching","8226"
"6680","97dD472Fbb97d8D","Patterson-Dickson","https://harris.org/","Sri Lanka","Versatile content-based info-mediaries","1983","Consumer Goods","8931"
"1930","568f2ADFF5c0Cc7","Faulkner Ltd","https://www.schmidt-graves.biz/","Nauru","Realigned national success","1996","Motion Pictures / Film","1262"
"1044","7b076eB3deCC182","Mcintosh, Huynh and Cruz","http://zavala.com/","Burundi","Reduced 5thgeneration adapter","1982","Legislative Office","8980"
"5252","1ADbFbCEB1dFEeE","Lee-Love","https://ayers-odom.com/","Vietnam","Inverse mobile workforce","1971","Publishing Industry","9444"
"1405","CFEe35B6E1fa221","Hester-Fleming","https://martin.com/","Suriname","Grass-roots demand-driven moderator","1979","Apparel / Fashion","6080"
"2180","6d8Dd5aaeba5b9c","Fry Inc","http://howell.com/","Uzbekistan","Business-focused homogeneous synergy","2017","Business Supplies / Equipment","5250"
"698","460Dc28EE3A4F57","Merritt, Beltran and Leblanc","https://pacheco.com/","Venezuela","Integrated scalable focus group","1994","Food / Beverages","2648"
"1125","8a85a6Dfe8AfF10","Brock PLC","http://www.padilla.com/","Portugal","Streamlined grid-enabled challenge","1970","Financial Services","9814"
"7379","1ddDd6bfA0BeC16","Bowman-Santos","https://www.may.biz/","Yemen","Object-based directional parallelism","1982","Program Development","5346"
"3896","B4b375DDEAE55f1","Frederick PLC","https://walls.com/","Norfolk Island","Synergistic local strategy","2021","Publishing Industry","7399"
"8218","0abec087Bd5fEBC","Berg, Floyd and Haley","https://www.frey-grant.org/","Mexico","Assimilated client-server workforce","2012","Electrical / Electronic Manufacturing","2672"
"5111","FD277e8613Fbb01","Thornton, Carey and Sawyer","https://rangel-barron.info/","Ghana","Exclusive interactive core","2015","Maritime","4956"
"1779","c0b8d9bd75c3f21","Stewart PLC","http://richards.com/","Colombia","Function-based human-resource complexity","2016","Law Enforcement","6240"
"7787","e8dD5FabB3E88Da","Pratt, Perez and Andrews","https://case.biz/","Nepal","Extended heuristic utilization","1974","Insurance","9673"
"2635","f49c149bA310E17","Robbins Group","https://www.brooks.com/","Afghanistan","Advanced 24hour solution","1979","Paper / Forest Products","8020"
"7188","3e215cEcfCc54AB","Robertson, Santiago and Frazier","https://www.nolan.com/","Papua New Guinea","Extended intangible policy","1993","Design","3331"
"7545","0edBfcac1e4d7Fd","Hughes Inc","https://bennett.com/","Cape Verde","Digitized bottom-line superstructure","2019","Photography","2305"
"7605","0eEd6467E01C10F","Henderson, Washington and Romero","http://www.hanna.com/","Burundi","Grass-roots mobile extranet","1983","Financial Services","1295"
"3490","cd126EDacD9ad1C","Mendoza, Williamson and Olsen","https://www.wright-mcdonald.com/","Barbados","Profit-focused regional customer loyalty","2009","Broadcast Media","2974"
"8260","C1A5fbDc0Dfb63B","Drake, Sweeney and Peters","https://lindsey.com/","Algeria","Organized incremental product","1987","Religious Institutions","1462"
"1038","660779DDEEB97B0","Harrington Group","http://howe-waller.biz/","India","Sharable system-worthy collaboration","2011","Railroad Manufacture","5693"
"6094","Dbb5ed30Ee29e01","Boyd Group","http://bauer.com/","Pakistan","Exclusive cohesive solution","1993","Public Relations / PR","9232"
"2257","3C2E8aea1820b34","Duffy, Barr and Webb","https://www.lindsey.net/","Belgium","Multi-tiered heuristic protocol","1990","Paper / Forest Products","3191"
"8189","D89BC4Dc9Ca9Fd5","Campbell, Singh and Estes","https://www.patel.com/","Samoa","Programmable asynchronous open system","1976","Furniture","1129"
"2614","2A3CB7CE2A61Fa5","May-Archer","http://www.curtis.com/","Timor-Leste","Decentralized clear-thinking circuit","2011","Management Consulting","9857"
"314","D06f4A7F5Cd6ecB","Luna, Mcmillan and Kaufman","https://www.dixon-lara.biz/","Somalia","Intuitive asynchronous Graphic Interface","1987","Online Publishing","7649"
"2650","D58fBff5E0dCE0C","Shannon-Yates","http://www.goodman.info/","Hungary","Synchronized upward-trending migration","2015","Health / Fitness","9432"
"2282","4DaD0ae8ed4DEbB","Sanford, Huang and Robinson","http://www.shepard.info/","Trinidad and Tobago","Business-focused well-modulated encoding","1985","Biotechnology / Greentech","8170"
"6742","E4b76Fc3a2B3d68","Kelly, Rose and Atkinson","http://reid.com/","Suriname","Team-oriented exuding flexibility","2003","Chemicals","1663"
"2980","27Df042B36Cb5ec","Fitzgerald-Molina","https://ryan-sampson.com/","Saint Helena","Re-contextualized client-driven frame","2013","Consumer Goods","8009"
"2548","941E0c20DEb151E","Strong-Chapman","http://yoder-horne.biz/","Timor-Leste","Cloned zero-defect focus group","2015","Translation / Localization","4546"
"5513","134c91FbF4cFDb0","Wiley Ltd","https://www.huynh.org/","Burundi","Diverse interactive middleware","1973","Warehousing","9472"
"5133","b2c82dE9CDe9Ed8","Yang, Daniel and Decker","http://www.marsh.com/","San Marino","Organized scalable portal","1974","Pharmaceuticals","3380"
"2160","ebf42C43E98125e","Ingram and Sons","https://holder.com/","Honduras","Balanced asymmetric application","2002","International Affairs","4690"
"7081","81dcFA8cF8e62C5","Marquez, Lowe and Shea","http://www.stewart.com/","Faroe Islands","Progressive system-worthy superstructure","1997","Real Estate / Mortgage","2457"
"3138","b5881Db36C8FDB5","Wyatt, Leon and Medina","http://www.cobb.biz/","Slovakia (Slovak Republic)","Triple-buffered even-keeled info-mediaries","1975","Telecommunications","6786"
"9080","DcD71fbfeBFBe98","Rosario and Sons","http://shea-dorsey.com/","French Guiana","Virtual web-enabled algorithm","2020","Staffing / Recruiting","3946"
"5851","9C0Ed7debe4E8Db","Strong, Oneal and Vaughan","https://jennings.net/","Reunion","Optimized background process improvement","1970","Electrical / Electronic Manufacturing","4067"
"9866","F68BC0b7a40baCE","Lee-Morse","https://www.thomas.com/","Cook Islands","Secured asynchronous paradigm","1980","Broadcast Media","444"
"6446","B01Cc1af6E3558b","Ortega Group","https://www.mccormick-macias.info/","Cambodia","Multi-lateral impactful focus group","1971","Sports","6790"
"3968","aDFAB6EF6A91Ae6","Carson PLC","http://carey.com/","Latvia","Cloned system-worthy info-mediaries","1980","Think Tanks","9244"
"1429","809FfAE7273550a","Montes, Stone and Torres","http://www.mckenzie.net/","Holy See (Vatican City State)","Visionary explicit projection","2000","Nanotechnology","6239"
"8423","bC05cDbb7F19bBF","Cantu-Knapp","https://jennings.net/","Nicaragua","Fully-configurable asynchronous matrices","2012","Higher Education / Acadamia","5651"
"2521","c68CD5BF90BC39B","Bradshaw and Sons","http://evans.org/","Afghanistan","Implemented hybrid analyzer","1974","Computer Hardware","538"
"7838","Ae4FDe500073a30","Hendricks Inc","http://www.gilmore.com/","Lebanon","Expanded 3rdgeneration product","1995","Arts / Crafts","132"
"4970","631Ee399dAbbfF5","David, Anderson and Armstrong","http://www.jackson.com/","Libyan Arab Jamahiriya","Re-engineered interactive policy","1989","Mechanical or Industrial Engineering","4452"
"1856","cE8B4C98Eeb0caB","Dillon, Mack and Arroyo","https://chaney.com/","Azerbaijan","Optimized asymmetric protocol","2000","International Trade / Development","4486"
"8885","51fe73eDc63Edc4","Brady, Shields and Goodman","http://yu.com/","Namibia","Configurable bi-directional solution","2012","Arts / Crafts","4054"
"5603","Ebdeadaeaf1B520","Mullins, Deleon and Adkins","http://edwards.info/","Solomon Islands","Grass-roots user-facing instruction set","1990","Animation","2255"
"9345","1e4ef4aaA1aE76C","Mccormick-Doyle","http://ferguson-holloway.com/","Korea","Synergistic object-oriented instruction set","1978","Staffing / Recruiting","9784"
"9869","A1AECEeA73ccdE6","Valentine, Fitzgerald and Hendrix","https://barron.net/","Zimbabwe","Extended 24hour superstructure","2000","Maritime","6552"
"449","03dF209D36dDEbB","Owen, Villanueva and Baird","http://www.deleon.com/","El Salvador","Enterprise-wide leadingedge firmware","1996","Veterinary","2878"
"7704","AccBab8DbF3D24e","Craig-Johnson","https://www.simpson.com/","Palau","Polarized empowering application","1991","Motion Pictures / Film","3002"
"1285","4a8AEe52Dbb59aD","Skinner PLC","http://www.english.info/","Israel","Integrated multimedia concept","2019","Information Services","4959"
"5996","4D1cD8AFAdbE04C","Wyatt, Franco and Vaughan","http://www.sandoval.net/","Pitcairn Islands","Down-sized coherent projection","2004","Farming","3569"
"7900","d4CECcBC8cdC4ca","Cameron LLC","https://rivas.com/","Morocco","Adaptive heuristic strategy","2020","Legal Services","3628"
"3728","5e4b654d6FdC260","Whitehead PLC","http://greene-faulkner.net/","Greece","Operative non-volatile forecast","1972","Veterinary","2669"
"7354","aC374bC1ebFCd8F","Hicks-Morrison","https://abbott-bradford.info/","France","Operative actuating algorithm","1984","Cosmetics","6625"
"362","195Bd8fbD1a52fe","Hansen, Dalton and Nelson","http://forbes-lambert.com/","Jamaica","Quality-focused zero-defect complexity","1996","Fishery","5052"
"6280","5CACaCDd5FAa744","Terrell, Montgomery and Pennington","http://www.hawkins.com/","New Caledonia","Sharable value-added Graphic Interface","1999","Political Organization","178"
"5231","025c5bB0fcC1E8D","Pierce-Woodward","https://rhodes.com/","Guinea-Bissau","Enhanced optimizing info-mediaries","1997","Utilities","8956"
"8943","BD82bd2dcFd7bE4","Wyatt Ltd","https://www.singleton.biz/","Barbados","Reduced homogeneous info-mediaries","2002","Wine / Spirits","6743"
"7296","2Ae7E845695A940","Stout Inc","https://barajas-gates.biz/","Zambia","De-engineered dedicated hub","1999","Financial Services","361"
"8892","ad0Fc051AEf9fBd","Frank-Torres","http://williamson.org/","New Zealand","Distributed eco-centric data-warehouse","1988","Glass / Ceramics / Concrete","3167"
"7535","dc5837e397BaFB0","Neal PLC","https://www.spence.com/","Saint Vincent and the Grenadines","Customer-focused mission-critical firmware","2004","Utilities","305"
"6252","9c9CF1790Cc9E6F","Gaines PLC","https://osborne.biz/","Rwanda","De-engineered multi-state Local Area Network","1972","Civil Engineering","969"
"5927","FAF4Bf6fd153b9e","Kline-Todd","https://harper-sherman.com/","Libyan Arab Jamahiriya","Profit-focused exuding Graphical User Interface","1986","Program Development","4891"
"5150","ec6Bf68fFba9CF8","Greene, Mason and Ramos","https://richardson.com/","Estonia","Object-based holistic service-desk","1989","Paper / Forest Products","607"
"2461","61dA0FcC8baB8cc","Wang-Estrada","http://hansen.com/","Vanuatu","Future-proofed local instruction set","2000","Program Development","1391"
"23","EDb2DAef8a234B0","Ramsey Ltd","https://www.wheeler-pratt.info/","Yemen","Universal web-enabled help-desk","1998","Investment Management / Hedge Fund / Private Equity","3670"
"2067","e1f37e4bdDc3EAA","Mendoza-Mullins","https://www.kaiser-franco.info/","Liberia","Synergistic composite benchmark","1984","Political Organization","5679"
"1654","b1f87fA7e111840","Wilkinson Inc","https://www.avila-landry.com/","Kiribati","Business-focused 6thgeneration ability","2014","Accounting","1866"
"703","EB3bfF0B7B70fAD","Barry-Hooper","http://davies-holden.com/","Albania","Monitored reciprocal functionalities","2009","Consumer Electronics","5668"
"8491","d4a0dAb521C6835","Cowan and Sons","http://andersen.com/","Marshall Islands","Future-proofed clear-thinking standardization","2021","Professional Training","6771"
"2744","DfcddBD12fAC9d7","Hughes, Watts and Boyer","http://weeks.org/","Solomon Islands","Stand-alone asynchronous projection","2003","Library","5248"
"1377","B568eeeDe5Ea0a8","Saunders, Gross and Zavala","http://www.becker.com/","France","Function-based non-volatile artificial intelligence","2018","Online Publishing","8555"
"1725","67A8e566Fec8eFB","Sanford, Webster and Kline","http://www.lam.com/","Central African Republic","Business-focused full-range definition","2010","Medical Practice","3677"
"2469","fcCb2a1B8bf31d7","Barron, Delacruz and Villa","https://long.info/","Saint Barthelemy","Upgradable 24hour collaboration","1992","Public Safety","914"
"3755","30C4f7F97CC6AfC","Haley-Lester","https://callahan.net/","French Guiana","Cross-group coherent alliance","2022","Insurance","4841"
"2326","5DCcAdddCc7Ff6F","Sheppard and Sons","http://www.campos.com/","Saudi Arabia","Virtual clear-thinking conglomeration","1970","Legislative Office","78"
"461","CB7cF4DB6456b8A","Mccoy, Malone and Johns","http://www.briggs.com/","Philippines","Synergistic client-driven artificial intelligence","2013","Oil / Energy / Solar / Greentech","9846"
"5164","ad1c00dbC9eFfFB","Becker-Collins","https://www.vazquez.com/","Belize","Quality-focused client-server structure","2004","Events Services","5697"
"4184","d0a1aBfF737ADC7","Houston Group","https://www.rogers-hess.com/","Gambia","Multi-channeled stable intranet","2022","Writing / Editing","399"
"5527","0a2fCeE066DCe0B","Knapp Inc","https://www.mccarty.org/","Vanuatu","Progressive user-facing migration","1982","Photography","7571"
"4083","184a3F2F3a0eDBc","Estes, Mendoza and Mays","https://www.bridges.com/","Samoa","Right-sized foreground product","1970","Executive Office","1174"
"1487","F296F2E8924101d","Vaughn, Lambert and Cherry","http://weaver-peters.biz/","Saint Helena","Advanced foreground paradigm","1985","Civil Engineering","1953"
"3679","6143ad2d5B8b2C7","Freeman, Davies and Morrison","http://armstrong.biz/","Trinidad and Tobago","Optimized dynamic open system","1997","Entertainment / Movie Production","3556"
"283","bF6f9df073fFed5","Giles Group","http://www.hicks-werner.info/","Mexico","Devolved systemic encoding","2012","Construction","8599"
"6580","381d80eE235fd00","Cline, Weiss and Rios","https://www.carpenter.com/","Bulgaria","Extended grid-enabled Local Area Network","1994","Executive Office","953"
"4559","c9E566D0DeE2CD5","Hughes, Montoya and Cole","https://hernandez-vasquez.org/","Guadeloupe","User-centric even-keeled instruction set","1991","Animation","5182"
"4309","af79dB130579aAf","Wagner-Clark","http://bolton.com/","Congo","Object-based executive flexibility","2004","Events Services","3649"
"6685","26fAAe276efea3B","Yoder, Bender and Hale","http://www.vang-raymond.info/","Mozambique","Total motivating adapter","1994","Information Technology / IT","6290"
"4866","aA11BeaFAe68DcE","Terry and Sons","http://www.atkinson-mayo.info/","Costa Rica","Versatile 4thgeneration system engine","2013","Commercial Real Estate","3307"
"3538","8Fc44010F4EBf6a","David-Villanueva","https://tanner.biz/","Morocco","Reverse-engineered regional function","2006","Design","1867"
"3869","b0f634c89Db6b34","Mclean PLC","https://www.dyer-martinez.com/","Andorra","Phased logistical groupware","2015","Political Organization","2825"
"7004","2eC0BA2abf95Fb7","Olsen, Schneider and Stark","http://www.mcconnell.com/","Fiji","Centralized heuristic access","2013","Hospitality","6269"
"2582","60b6401Ff8bFBdA","Tucker LLC","https://www.barajas-cabrera.net/","Costa Rica","Enhanced systemic product","1985","Plastics","117"
"1369","CD248339b6bEa20","Wood LLC","http://mendoza.com/","Seychelles","Progressive transitional open architecture","1992","Law Enforcement","9668"
"9470","CAb62Fa7ab9c54f","Bradley, Blankenship and Gonzalez","https://esparza.com/","Macao","Upgradable value-added matrices","1974","Individual / Family Services","995"
"8198","7bcf3EfF25cFbfC","Coffey and Sons","https://www.bird.com/","Bosnia and Herzegovina","Re-engineered mobile contingency","1973","Maritime","9631"
"598","27580e90BAe5cDF","Morrow-Stevens","https://www.villegas.biz/","Micronesia","Universal content-based neural-net","2011","Luxury Goods / Jewelry","9316"
"4352","0B9dECE233cBbFd","Bauer, Fritz and Burton","http://www.turner.com/","Japan","Synergistic multimedia budgetary management","2021","Computer Hardware","222"
"6347","1C9b1bA9c55C3b2","Huffman PLC","https://herman.com/","Benin","Synergized directional knowledge user","1989","Security / Investigations","5800"
"8977","3D4dDDF5EA85FCF","Suarez, Davis and Colon","https://www.price-snyder.com/","Angola","Virtual bifurcated customer loyalty","2015","E - Learning","2164"
"6380","5EDAA3A3dA2ec7f","Pierce-Montgomery","https://www.washington.net/","Belize","Progressive bandwidth-monitored data-warehouse","1997","Maritime","3011"
"4759","b76BCC40c24bD20","Diaz-Elliott","http://caldwell.net/","Papua New Guinea","Down-sized disintermediate system engine","1984","Cosmetics","6939"
"647","db3FAF43EcABd64","Holt, Warner and Morrison","https://forbes.com/","Guyana","Vision-oriented bottom-line definition","1994","Gambling / Casinos","7499"
"6382","a9e1a7CE9a4e773","Moss PLC","http://proctor-ferrell.info/","Congo","Reduced zero-defect workforce","2006","Outsourcing / Offshoring","2309"
"7528","D88dEa6A2CC2A73","Torres Ltd","http://hopkins.net/","Niue","Integrated interactive service-desk","2014","Legislative Office","9252"
"9698","e30a7fc7725DA18","Wall-Pacheco","http://rosario.com/","Svalbard & Jan Mayen Islands","Proactive empowering initiative","2010","Real Estate / Mortgage","4271"
"6024","Eed20a49bbAe1d7","Winters LLC","https://www.gutierrez-jackson.info/","Suriname","Horizontal zero-defect moderator","1990","Telecommunications","6377"
"7955","bFc105712d48e8F","Manning Group","http://www.newton.biz/","San Marino","Programmable directional open system","1999","Gambling / Casinos","2449"
"7166","66D29479fC1AA65","Moreno-Robinson","https://www.larsen-friedman.com/","France","Total zero tolerance hierarchy","1999","Newspapers / Journalism","5546"
"3469","A8cbC25dbFe7cAe","Braun-Erickson","https://www.mclean.biz/","Solomon Islands","Profit-focused empowering toolset","1980","Restaurants","9234"
"7798","Db1f4dC8d2EeBF7","Arnold, Cunningham and Sandoval","https://james-blackwell.biz/","Denmark","Operative methodical project","1992","Military Industry","4058"
"7698","aCc7F3c02CeFCE9","Holt-Bullock","https://www.mann.org/","Oman","Profound real-time capacity","2021","Food / Beverages","7417"
"2991","818deB59a1Ebe4d","Velez Group","http://www.davis.org/","Malta","Persistent stable customer loyalty","2009","Law Enforcement","1541"
"9408","eCEa7D8DFc4b5E6","Villa-Trujillo","https://tyler.com/","Costa Rica","Intuitive optimizing database","1996","Architecture / Planning","8829"
"4876","59f8f50DAA1E467","Reese Inc","http://price-lopez.com/","Palestinian Territory","Operative neutral collaboration","1972","Transportation","9153"
"2545","56b7A355f4ff730","Hart Group","https://hays.org/","Holy See (Vatican City State)","Balanced optimal database","1980","Food / Beverages","6349"
"8596","22fcAEfaD6B5CAE","Dillon and Sons","http://www.haney.biz/","Mexico","Implemented methodical knowledge user","2013","Ranching","8180"
"5342","6ac9ff4Ab6DE7BC","Davidson-Travis","http://mcgrath.biz/","Palestinian Territory","Face-to-face optimal circuit","2021","Airlines / Aviation","5687"
"1568","efAe96DeceA3dFC","Meyers Ltd","https://randolph.com/","Guatemala","Extended bifurcated software","2013","Environmental Services","9278"
"9995","2bcAF96772Da39f","Dickson-Golden","https://waller.com/","Heard Island and McDonald Islands","Customer-focused actuating array","1996","Security / Investigations","9716"
"4067","FAB7cFdf00Bbe9b","Leon-Ball","https://morrow.com/","Martinique","Cross-platform mission-critical success","2010","Ranching","275"
"3989","aADD2d099DBF7Bb","Proctor-Branch","http://www.guzman.com/","Cuba","Cross-platform client-server success","2011","Airlines / Aviation","2696"
"7032","682a4A5C0B1A98d","Ross, Murillo and Carlson","https://www.morgan-gentry.com/","Latvia","Polarized object-oriented synergy","1981","Chemicals","2246"
"2161","10f34d11dc46dab","Morgan-Hopkins","https://kennedy.com/","Tuvalu","Multi-channeled fresh-thinking capability","2016","Building Materials","8092"
"686","9F7226F6cCACfCf","Brooks-Owen","http://bryant-beltran.com/","Mauritania","Progressive logistical toolset","1997","Sports","1328"
"7603","91Bf886Fdee59E4","Black, Sawyer and Velez","http://schaefer.com/","Ukraine","Re-contextualized motivating challenge","1992","Media Production","6115"
"7785","eb1bfc93baAccE6","Fernandez Ltd","https://www.cooper-blevins.com/","Canada","Realigned actuating adapter","2018","Investment Management / Hedge Fund / Private Equity","1900"
"3244","93a68DbDa4CA121","Calhoun-Zamora","http://www.weiss.com/","Myanmar","Triple-buffered bottom-line time-frame","1986","Photography","832"
"5845","9Ff90bbeb1dEf3A","Anthony-Woodard","http://mccall.biz/","Argentina","Digitized upward-trending hardware","1991","Financial Services","7848"
"9220","C13DeDf41f5B25A","Ball Ltd","http://murillo.biz/","Kazakhstan","Secured clear-thinking alliance","1972","Luxury Goods / Jewelry","149"
"2462","1F28C3fB7a9c10d","Russell, Mcintosh and Noble","http://www.henderson.com/","Qatar","Innovative mobile interface","2008","Automotive","6185"
"4084","8c7c63f451D1D7C","Day, Mitchell and Roach","http://www.ball.com/","Turks and Caicos Islands","Digitized solution-oriented Local Area Network","1986","Non - Profit / Volunteering","6490"
"2838","1aB111E79FA821e","Higgins, Robles and Mckinney","http://valenzuela.biz/","Heard Island and McDonald Islands","Grass-roots 4thgeneration middleware","2010","International Affairs","2417"
"3698","F7D95aD59cCCF01","Dickson Inc","http://ibarra.biz/","Heard Island and McDonald Islands","Decentralized client-server leverage","1976","Renewables / Environment","7440"
"7129","0FFd455C880b1AB","Gentry and Sons","http://www.mcpherson.com/","Singapore","Progressive static circuit","2017","Civic / Social Organization","5072"
"6268","DC5Fb80Aca36f9d","Luna LLC","http://hogan-herrera.info/","Northern Mariana Islands","Reverse-engineered cohesive standardization","1979","Wholesale","6640"
"4942","A1da19ECE0f97EE","Benjamin, Castillo and Herman","http://marshall-johns.com/","Yemen","Pre-emptive uniform application","1991","Information Technology / IT","6976"
"5947","5Be521ecfEbd6CF","Mejia Group","http://benson-whitaker.biz/","Georgia","Pre-emptive explicit Graphic Interface","1995","Translation / Localization","4838"
"4584","3d2AdeeeEBf37CB","French, Peters and Sheppard","http://koch.com/","Congo","Cross-platform contextually-based software","1991","Human Resources / HR","1311"
"5785","e3DADC8bDD186dd","Lowery-Oneal","http://spears.com/","Nepal","Adaptive 24hour hub","2017","Public Relations / PR","6321"
"4041","BfdB17F55f60EbA","Massey, Ortega and Drake","https://www.hutchinson.net/","Canada","Adaptive radical challenge","1976","Railroad Manufacture","5131"
"2231","0DC3Aafb93501ad","Olsen-Snyder","https://www.caldwell-clements.com/","Niger","Seamless eco-centric middleware","2019","Marketing / Advertising / Sales","1473"
"7570","16084dAE39DdD00","Farrell, Larsen and Baxter","http://www.huff-chung.com/","Liberia","Optional analyzing Graphical User Interface","1992","Accounting","680"
"936","0A387Fc7eD98d24","Baldwin-Sexton","http://www.lara-reynolds.com/","Antarctica (the territory South of 60 deg S)","Streamlined non-volatile process improvement","2008","Fundraising","2747"
"2321","23b4DB4B9beBDDc","Hughes and Sons","http://fitzgerald.com/","Palestinian Territory","Devolved leadingedge open system","1970","Food / Beverages","5985"
"4879","5dd02338fA9AE1A","Snyder Group","https://ray.info/","Lao People's Democratic Republic","Front-line full-range orchestration","1993","Medical Practice","7029"
"522","141ba1CCC6463EB","Moody PLC","http://www.cuevas.com/","Ukraine","Upgradable methodical Graphical User Interface","2013","Hospitality","8422"
"523","336976f5C4FdE9e","Gallegos, Clements and Wang","http://www.pitts-terry.com/","Denmark","Customer-focused upward-trending encryption","2013","Arts / Crafts","4566"
"5346","BA6eBAaA1C32Ae6","Doyle Ltd","http://mcguire.info/","Israel","Secured explicit matrices","1984","Civic / Social Organization","8169"
"9877","beC269C3d37bB30","Villanueva PLC","https://franklin.biz/","Bermuda","Customer-focused national firmware","1985","Photography","8166"
"3360","dc60ccC91ed8CA0","Beck LLC","http://sutton-johnston.com/","France","Multi-lateral non-volatile utilization","2011","Retail Industry","943"
"1312","91F5C0E50dd2dEC","Watson Group","http://harrison.com/","Pitcairn Islands","Progressive multi-tasking hierarchy","1990","Consumer Goods","260"
"3984","fEfBFa6F72F6cB3","Stokes, Thornton and Hanson","http://www.benitez.com/","Azerbaijan","Stand-alone motivating Local Area Network","2010","Hospital / Health Care","8558"
"6495","1D2D4464ce87Fa8","Shannon and Sons","https://www.burch-ashley.com/","Brazil","Advanced static product","2016","Medical Equipment","8885"
"9561","D8D6A62C530C9b0","Rodriguez, Sparks and Flores","https://atkinson.com/","Costa Rica","Inverse context-sensitive circuit","2015","E - Learning","982"
"1717","D5fDad8d13FEd73","Alvarado-Lane","https://martin.com/","Equatorial Guinea","Compatible bottom-line definition","1982","Investment Management / Hedge Fund / Private Equity","9489"
"781","5b7AfefB6e9A76E","Sherman Inc","https://www.bennett-hardy.org/","Somalia","De-engineered bandwidth-monitored product","2014","Outsourcing / Offshoring","6098"
"8799","76b245dF4f583D9","Hanson, Rogers and Solomon","https://www.chaney.biz/","Luxembourg","Reactive real-time collaboration","1992","Telecommunications","7691"
"8232","4AcDAaC8118623a","Henderson-Nash","https://leach.com/","Burkina Faso","Open-source methodical model","2015","Government Administration","4451"
"5608","eD7Ae3a3fB71d53","Armstrong LLC","https://jordan-davila.com/","Liberia","Front-line context-sensitive policy","2014","Animation","3194"
"5979","3eADB37A24fe3AE","Moyer-Shannon","https://www.melton.com/","Kazakhstan","Streamlined neutral success","2010","Business Supplies / Equipment","5329"
"652","7A69FCAD24Dc44d","Crawford, Mcmillan and Clay","https://www.bowers.com/","Greenland","Progressive heuristic throughput","1984","Individual / Family Services","4448"
"3748","f5c062C1D0a1bf6","Wiley-Nicholson","https://www.foley.com/","Cocos (Keeling) Islands","Visionary regional orchestration","2010","Textiles","2575"
"2197","cbD7b0D8f86F2ee","Wyatt PLC","https://conway.org/","British Indian Ocean Territory (Chagos Archipelago)","Optional heuristic functionalities","2012","Retail Industry","4204"
"8419","14d70B98874D4cD","Bowman-Bell","http://figueroa.com/","Jamaica","Distributed modular toolset","2018","Mechanical or Industrial Engineering","2951"
"370","74957342e92B8B7","Serrano, Nash and Whitaker","https://franco.info/","Cook Islands","Business-focused static toolset","1993","Security / Investigations","5810"
"9885","2b94e13fB099eB7","Le-Yates","https://russell-keith.net/","Congo","Ergonomic zero-defect complexity","1975","Cosmetics","6270"
"8006","C797A5C6c214b37","Orozco-Collins","http://meadows.com/","Argentina","Expanded value-added strategy","2020","Non - Profit / Volunteering","9564"
"4215","e24fAacA03F70eA","Escobar Group","https://mccarthy.com/","Finland","Operative radical parallelism","1987","Writing / Editing","2854"
"378","fdc14C48DC2188D","Burch, Blake and Weber","https://www.mcintosh.info/","Botswana","Self-enabling tertiary data-warehouse","1975","Civil Engineering","8094"
"9447","22e706EDe5Dffb7","Nicholson, Carpenter and Schneider","https://www.melendez.com/","Panama","Right-sized user-facing neural-net","2021","Consumer Services","2939"
"2217","22ea94D7055deE2","Russell-Williamson","http://www.paul-mann.com/","Austria","Face-to-face web-enabled model","2002","Alternative Medicine","1881"
"8683","9182bd670C8DABc","Aguirre Group","https://www.chavez.com/","Romania","Automated non-volatile success","1985","Alternative Medicine","3054"
"1614","3917bfEcE490B8c","Casey and Sons","https://gill.biz/","Senegal","Function-based content-based extranet","1976","Fishery","706"
"6980","EBaC66e1C68f41a","Nixon, Keller and Guerrero","http://mora-flores.com/","Lebanon","Streamlined composite intranet","1990","Performing Arts","3018"
"7550","C2DCfc8cC819811","Fox-Huffman","http://rosario.com/","Italy","Intuitive national emulation","1993","Alternative Medicine","4293"
"1828","9418BF5fe08F456","Dougherty Inc","https://www.mercer.com/","Portugal","Decentralized interactive database","1999","E - Learning","6369"
"3633","f3Cf8CFddBA7a0A","Horne PLC","https://frye.com/","Wallis and Futuna","Open-source secondary solution","1984","Apparel / Fashion","1564"
"963","fe92fE86f9DadC8","Henson-Velasquez","https://morgan.com/","Tanzania","Extended value-added instruction set","2010","Medical Practice","261"
"2994","7DFd6abF33Db9E9","Pitts Group","http://www.huerta.com/","Greece","Grass-roots context-sensitive emulation","1978","Semiconductors","2240"
"6607","a455C242D9AC38a","Raymond Inc","http://www.roy.com/","Hungary","Ergonomic demand-driven infrastructure","1988","Judiciary","889"
"9673","CB7ca4D5BFA4A62","Mccall, Armstrong and Ochoa","http://willis-mcbride.com/","Vanuatu","Profound local emulation","1984","Primary / Secondary Education","3337"
"2377","9Ada6DF5B2c47ba","Mcneil PLC","https://mathis.com/","Zimbabwe","Enhanced upward-trending encryption","1986","Electrical / Electronic Manufacturing","8192"
"8881","D7bdAaCFBc735Fc","Good-Graves","http://www.contreras.com/","Central African Republic","Enterprise-wide tertiary synergy","2020","Packaging / Containers","8445"
"360","bEFb736dd2DfDeB","Hartman Ltd","https://craig-bautista.com/","Iran","Proactive logistical budgetary management","2011","Paper / Forest Products","4730"
"3840","2cd5D6aAFd38A30","Rose PLC","http://gentry.com/","Central African Republic","Horizontal non-volatile benchmark","1993","Commercial Real Estate","2727"
"8185","E689cd6E717FCeD","Patel Group","http://shaffer.com/","Indonesia","Progressive web-enabled focus group","2006","Business Supplies / Equipment","1855"
"1247","dbC7E11839e7fd0","Pineda, Roy and Dyer","http://www.scott.com/","Russian Federation","Exclusive didactic analyzer","2006","Think Tanks","1886"
"7505","7E68c2aeE2A2e2C","Rangel, Villa and Shepard","http://hall-hurst.com/","Cook Islands","Adaptive global process improvement","2004","Mining / Metals","1056"
"8350","EeFBAe3549b21e4","Walls, Montoya and Rush","http://www.sloan.net/","Sri Lanka","Fundamental fresh-thinking implementation","1975","Environmental Services","8803"
"6512","61BCd2e3bB7C736","Franco, Hale and Galloway","http://www.barnett.com/","Ireland","Synergized bandwidth-monitored conglomeration","2001","Alternative Medicine","3335"
"5088","e12e0dA0Cde3fd1","Knapp, Harrington and Cooper","http://solis.com/","Macao","Pre-emptive 4thgeneration solution","2022","Consumer Electronics","9357"
"3695","Bd849bf32fEF5fd","Mcgee Inc","https://www.powers-novak.com/","Paraguay","Profound incremental concept","1989","Writing / Editing","6645"
"1574","b3AFD62d8a20a00","Becker, Tyler and Massey","http://www.bernard.info/","Saint Kitts and Nevis","Grass-roots asymmetric task-force","2014","Ranching","7331"
"6282","784a8C67c212E98","Herring, Bautista and Randall","https://www.powell.com/","Indonesia","Open-architected attitude-oriented strategy","1996","Hospitality","4155"
"5440","02Da448716fBcEA","Kent, Pollard and Lindsey","http://nicholson.org/","Guinea","Polarized asymmetric open system","1974","Capital Markets / Hedge Fund / Private Equity","3472"
"2568","d6a806336dF16Fc","Monroe-King","https://pham.com/","Mayotte","Focused 3rdgeneration policy","1995","Pharmaceuticals","5405"
"3424","aea9C55F0d71bC8","Miranda, Barker and Riley","http://trujillo-zavala.com/","Bolivia","Operative heuristic database","1990","Venture Capital / VC","8662"
"2038","2da6F9ef45d1CFF","Mejia, Gordon and Robbins","https://www.santiago-heath.com/","New Caledonia","Persevering 24/7 open architecture","1978","Political Organization","4101"
"9244","8FA008B2DD5962c","Le Inc","https://lester.biz/","Saint Martin","Expanded holistic complexity","1995","Political Organization","704"
"773","C7294fFbFE1C622","Mccormick Group","https://key.com/","South Georgia and the South Sandwich Islands","Horizontal clear-thinking Local Area Network","2019","Computer / Network Security","8349"
"5381","eE8F799f8ecA2AB","Wang-Mcmahon","http://murphy-murillo.biz/","Norfolk Island","Synergized zero administration monitoring","2012","Consumer Services","2715"
"9569","A784A1B180ebc8E","Flowers and Sons","http://park-cannon.org/","Switzerland","Team-oriented leadingedge utilization","1973","Animation","7626"
"3563","7a4FA40EAd8c0FC","Terrell Inc","http://www.grant-shah.com/","Mozambique","Multi-lateral holistic budgetary management","2008","Information Technology / IT","3051"
"563","CecB35bEeEAAf3A","Harvey, Little and Leon","http://carpenter.net/","Niue","Digitized full-range data-warehouse","1978","Market Research","6164"
"6684","fe840b78c9AADff","Mccall, Boyle and Reilly","https://www.huang-watson.org/","Niue","Front-line 24hour extranet","1976","Food Production","768"
"2547","7f822A250EDCBE0","Robinson, Rodgers and Beltran","http://rice.org/","Morocco","Up-sized maximized emulation","2015","Furniture","6473"
"5511","60fDD7c8f1FDbb7","Warren Inc","https://harrison.net/","Heard Island and McDonald Islands","Pre-emptive impactful access","1978","Oil / Energy / Solar / Greentech","716"
"5331","3ab3e5be9E5eBAE","James-Stafford","http://ramos.net/","Mayotte","Triple-buffered 24/7 monitoring","2008","Shipbuilding","9630"
"9668","AbD4A9F9E22FAdF","Richard, Bennett and Nolan","https://www.duffy.com/","Niger","Robust incremental paradigm","1998","Motion Pictures / Film","9480"
"4532","e4ae7B66Cd6Fd9C","Morris-Castillo","https://mcneil-houston.com/","Thailand","Seamless tertiary paradigm","2000","Biotechnology / Greentech","2663"
"1675","C27AB5e3cD8A18c","Ortiz, Johns and Richards","https://www.johnson.net/","El Salvador","Intuitive 6thgeneration superstructure","2018","Aviation / Aerospace","5262"
"7396","13E74eFdFAf2Ba9","Lester-Kaiser","http://berry-benson.com/","Algeria","Reduced client-driven access","1990","Environmental Services","1191"
"366","5eb7C0AD54fc35A","Glenn, Chase and Ross","http://tate.com/","Mozambique","Vision-oriented interactive database","2018","Machinery","2543"
"8017","Ca676fE9FC97e3C","Yates-Jefferson","https://www.harrison.com/","Benin","Visionary multi-state service-desk","1980","Venture Capital / VC","8207"
"9377","038CEAb7feeFd59","Khan-Douglas","http://www.kidd-lin.net/","Senegal","Universal mission-critical parallelism","1988","Public Relations / PR","1061"
"4328","ba11AA7fB92C4d1","Sherman Inc","http://velazquez-christensen.com/","Guatemala","Horizontal bi-directional encryption","2008","Biotechnology / Greentech","6535"
"9984","DaDa6Ebd7DA9E85","Meyer, Clay and Odonnell","https://www.hogan-fry.com/","Tuvalu","User-centric modular benchmark","1999","Consumer Electronics","9143"
"148","77Ad6aD09988Fff","Crawford-Sims","https://www.blackburn-hale.biz/","Sri Lanka","Front-line actuating system engine","2005","Motion Pictures / Film","8106"
"1669","6E03feB599B4e16","Herrera and Sons","http://www.branch.com/","Montenegro","Organized secondary matrices","1991","International Trade / Development","8477"
"3089","6f892d6d1294ddC","Patel PLC","https://rich.com/","Malaysia","Inverse multimedia matrix","1980","Business Supplies / Equipment","178"
"8845","53C60cdd563dB4e","Osborn, Hull and Blackburn","http://www.navarro-jimenez.com/","Georgia","Ameliorated tertiary capability","2008","Philanthropy","433"
"7651","fBCCcCE2d4f9fEE","Dyer, Crane and Brown","http://www.dunn.net/","Micronesia","Re-engineered disintermediate Graphic Interface","1987","Consumer Electronics","8128"
"408","1815f1Cb7FF26DC","Bates LLC","https://www.juarez.info/","Liberia","Adaptive high-level emulation","1994","Executive Office","3648"
"9585","8d63CFB9ed65c4e","Hogan Inc","https://www.wiley.com/","France","Proactive static adapter","1991","Oil / Energy / Solar / Greentech","2277"
"7789","bDbCc26f3907EAa","Caldwell-Combs","https://molina-ferguson.biz/","Seychelles","Monitored national monitoring","1974","Think Tanks","8043"
"3457","Df089Bb4C8ec89E","Morton, Gould and Harper","https://www.mayo.com/","United States of America","Monitored neutral interface","2006","Mining / Metals","6188"
"6187","bC5c6daeE7655A2","Mckenzie-Krause","https://bauer.biz/","Colombia","Pre-emptive bandwidth-monitored capability","2021","E - Learning","3363"
"4183","1cEfEfd0253ce26","Patton, Horn and Ayers","http://www.short-hester.net/","Saint Pierre and Miquelon","Advanced bandwidth-monitored array","1989","Marketing / Advertising / Sales","4785"
"3577","c4FBD4daB10DFC3","Garrison PLC","https://www.harper-hancock.net/","United States Virgin Islands","Profit-focused attitude-oriented standardization","1971","Government Administration","1599"
"3272","b0DAC23f06a5a35","Cannon Ltd","http://www.stuart.com/","Guinea-Bissau","Business-focused fault-tolerant framework","1979","Market Research","7143"
"4941","5BefC2478B1877E","Villa Ltd","http://franco-schneider.com/","Saint Lucia","Configurable 4thgeneration Graphical User Interface","1984","Oil / Energy / Solar / Greentech","8600"
"1032","2FC51c1DCeD6Eb4","Wallace, Schultz and Walter","http://www.bowen.org/","Slovenia","Multi-layered foreground system engine","1999","Civic / Social Organization","4533"
"8873","DB2DA28fEaf7C90","Mcfarland, Dunlap and Hopkins","http://harmon.info/","Iceland","Centralized 6thgeneration Local Area Network","1982","Warehousing","4457"
"6231","cBf94A9caACaAA7","Knight and Sons","http://www.george.com/","Dominican Republic","Fundamental asymmetric info-mediaries","1979","E - Learning","6111"
"6593","bAdB9edA2DA0bFa","Kennedy-Page","http://odonnell-pittman.org/","Cayman Islands","Phased empowering service-desk","1978","Security / Investigations","2577"
"8907","1adC8b28D0e12c3","Santos-Holden","http://www.maldonado-shaffer.com/","Samoa","User-centric bandwidth-monitored infrastructure","1972","Civil Engineering","4971"
"9812","7DcCB536AF94eB5","Bates and Sons","http://pollard.org/","British Indian Ocean Territory (Chagos Archipelago)","Diverse content-based definition","1976","Computer Networking","7008"
"6725","73f8d97ad1Fb6DC","Collins, Carlson and Greene","https://dyer.com/","Philippines","Mandatory cohesive intranet","1997","Writing / Editing","497"
"8030","a0B3bAdEbfF7e37","Hicks Ltd","http://www.mitchell.com/","French Guiana","Future-proofed secondary matrices","2005","Photography","4618"
"8053","410eF68876eE135","Walton Inc","https://berry-blanchard.com/","Macedonia","Virtual intermediate throughput","2000","Alternative Medicine","7897"
"856","3db7fAb335fDfEa","Suarez LLC","https://www.howe.com/","Central African Republic","Future-proofed even-keeled secured line","1995","Restaurants","2146"
"3927","34ffbEB29D1Af3c","Blevins, Webster and Bautista","https://peterson-osborne.info/","Gambia","Ergonomic user-facing task-force","2008","Government Administration","9080"
"8548","FE52B5DBa13aBc3","Gibson-Hughes","https://www.ware.com/","Colombia","Upgradable disintermediate flexibility","2005","Alternative Medicine","3974"
"79","84717afdA7D7F02","Weber Ltd","https://www.scott.com/","Portugal","Multi-lateral optimal data-warehouse","1975","Oil / Energy / Solar / Greentech","9629"
"7089","bF52E0ab40a8d73","Savage-Leonard","http://www.lawson.com/","Egypt","Multi-layered bifurcated concept","1972","Executive Office","1844"
"2248","EACD0682A7Ec1Ba","Mayo, Roman and Case","https://ryan.com/","Liechtenstein","Reduced next generation model","1995","Building Materials","3586"
"8264","CDE3b010C5Af3F0","Benton and Sons","https://krueger-martinez.net/","Madagascar","Right-sized object-oriented application","2013","Medical Practice","5945"
"4027","59EBDe0Cb6FaFaD","Mcguire-Lozano","http://www.morrison.com/","Timor-Leste","Profound empowering core","1978","Architecture / Planning","8308"
"9950","eDd37eDFC0D3d63","Bryan, Hobbs and Jennings","http://www.hill.com/","Greece","Front-line global middleware","1972","Entertainment / Movie Production","4004"
"9572","6fd18490FeB40aF","Morales LLC","https://www.shelton.com/","Tonga","Team-oriented fault-tolerant instruction set","2012","Ranching","8601"
"9296","E84db52Fdf0540f","Delgado and Sons","https://stevenson.biz/","Dominica","Upgradable motivating installation","2013","Sports","3806"
"715","BaAb6610f7FD576","Velasquez, Raymond and Horne","http://oliver-hays.com/","British Indian Ocean Territory (Chagos Archipelago)","Inverse content-based middleware","2019","Automotive","6506"
"7452","cCF25cBAD9e4f71","Calhoun and Sons","http://www.allison.net/","Yemen","Cloned disintermediate matrix","2014","Farming","3799"
"789","F471FA8D1bbaFA0","Waller and Sons","http://golden.biz/","Bolivia","Automated full-range strategy","2013","Investment Banking / Venture","2760"
"2280","bd40FbdF51eaCC9","Curry-Calderon","http://www.ewing.com/","Bolivia","Advanced intangible policy","2012","Business Supplies / Equipment","315"
"4096","e9Df1e6c1eF46f7","Cantu, Lin and Campos","http://www.bonilla.net/","Sao Tome and Principe","Synergistic background project","2015","Renewables / Environment","2949"
"3898","3b2d9dDfF18478d","Edwards-Roberson","http://www.bird.com/","Saint Helena","Enterprise-wide executive framework","1983","Sports","7149"
"7945","26FfA85eBcA9955","Fernandez PLC","http://blevins.com/","United States Minor Outlying Islands","Object-based needs-based functionalities","1998","Events Services","6252"
"7178","BaD740fFbE2d1F9","Wilcox, Preston and Gonzalez","http://howell-vincent.info/","Eritrea","Fundamental homogeneous application","1995","Paper / Forest Products","6586"
"9077","9FFAcAF7f2Ba53f","Mendoza-Perez","https://perez.org/","Indonesia","Multi-channeled bottom-line utilization","2020","Publishing Industry","1306"
"9453","B2444Bdfb7C5c52","Sexton, Rocha and Sexton","http://www.king.info/","Somalia","Customer-focused asymmetric emulation","1995","Renewables / Environment","7831"
"3632","ec0Cb2aFffbc0Fd","Blankenship, Rasmussen and Shannon","http://www.reese.biz/","Slovakia (Slovak Republic)","Right-sized bi-directional help-desk","2022","Nanotechnology","5271"
"8625","D9cFc0A3db28369","Smith and Sons","https://long.net/","France","Quality-focused fault-tolerant encryption","1995","Program Development","7524"
"7298","4f2Bce511fAccCD","Riley Group","http://www.logan-jennings.com/","Paraguay","Stand-alone empowering implementation","1970","Apparel / Fashion","9493"
"6273","5B8FCe5Ea30C2Ca","Frost, Caldwell and Jones","http://gonzales.com/","New Zealand","Visionary homogeneous solution","1977","Legal Services","5895"
"425","8bF93Ebee6e5BCe","Bray Inc","http://wells.net/","Kazakhstan","Object-based incremental frame","1999","Sports","610"
"393","2ABF546F50AE7AC","Mahoney-Friedman","https://www.rich.com/","Antarctica (the territory South of 60 deg S)","Visionary human-resource functionalities","1991","Photography","7158"
"3192","FB35A17B26CFbEc","Hatfield, Bauer and Murillo","https://padilla-reynolds.com/","Malawi","Enterprise-wide encompassing success","1993","Consumer Goods","5384"
"17","fD4BD3662B6F92D","Rich-Kelly","https://www.fowler-glenn.org/","Colombia","Triple-buffered exuding forecast","1994","Investment Banking / Venture","4263"
"6336","7aBaFfDFdF4c818","Huffman-Odom","http://www.pena.com/","Costa Rica","Self-enabling fault-tolerant moratorium","2020","Library","7640"
"4201","7EBeebBc860981d","Chavez-Dawson","http://hardin-bradshaw.com/","Egypt","Re-contextualized web-enabled approach","1998","Public Relations / PR","9254"
"2673","ACad618a9cB34c4","Skinner, Powell and May","http://morris-hunter.com/","Myanmar","Persistent neutral process improvement","2004","Education Management","3223"
"2445","7cD81aBf93dABa3","Leon LLC","http://www.hensley.com/","Papua New Guinea","Configurable cohesive capability","2015","Education Management","5991"
"6698","cbDEC1443aa2bdB","Gibbs Group","https://www.gaines.info/","Lithuania","Optional methodical product","1973","Alternative Dispute Resolution","9693"
"6165","06Dc72D573bBe79","Nunez, Fisher and Glover","http://carroll.com/","Turks and Caicos Islands","Reverse-engineered disintermediate alliance","2011","Online Publishing","5596"
"2602","0D8Beb3BB41dF6a","Sloan, Barrera and Riggs","https://www.cisneros.org/","Honduras","Realigned real-time pricing structure","1981","Construction","9742"
"3494","Faa0ca5fB5DCf1E","Patrick Inc","http://saunders.info/","Norway","Realigned demand-driven structure","1980","Biotechnology / Greentech","9923"
"6045","D6Aa2DdbeBC45B2","Kemp, Stephens and Crosby","https://douglas.com/","Cote d'Ivoire","Assimilated even-keeled hub","1976","Fishery","4061"
"1460","Beb72dAFedcC3f5","Schroeder LLC","http://www.patterson.com/","Philippines","Open-source holistic service-desk","1976","Dairy","9995"
"3805","Af44faefb4Af37f","Haley, Hendricks and Long","https://www.chang.net/","Malawi","Self-enabling content-based application","2004","Capital Markets / Hedge Fund / Private Equity","3957"
"9846","Ce496746bc24F21","Harmon and Sons","http://barajas.com/","Panama","Mandatory empowering standardization","1993","Executive Office","3631"
"7395","caEA98a49FF96B2","Castillo, Jarvis and Mccormick","https://dickerson.com/","Vietnam","Integrated full-range core","1982","Aviation / Aerospace","1528"
"4840","f99cAb49E9Abfd6","Pennington and Sons","http://benson.com/","Palestinian Territory","Public-key optimizing Local Area Network","1981","Music","2185"
"8112","B1110C7C29A38b9","West LLC","http://www.edwards.com/","Marshall Islands","Up-sized asymmetric benchmark","1982","Recreational Facilities / Services","5598"
"3836","6dF284E9bdFaee9","Sims, Byrd and Prince","http://www.strickland.net/","Brunei Darussalam","Optional 24/7 matrix","2004","Leisure / Travel","7718"
"9314","81c3af85f6E430a","Delacruz-Schaefer","https://www.arroyo-strong.com/","Ecuador","Mandatory fault-tolerant application","2003","Entertainment / Movie Production","8971"
"5684","d7aBEb7bF0fe9A1","Middleton, Macias and Scott","http://www.willis-adams.com/","Germany","Re-contextualized tertiary concept","1970","Law Enforcement","7845"
"8749","F2BAC3Bd25F99Fc","Macdonald-Dodson","https://www.schneider.com/","Trinidad and Tobago","Streamlined attitude-oriented encoding","1990","Events Services","2524"
"5828","64bB1E2Db4E4DB6","Pitts Group","https://www.ayers.com/","Cameroon","Synergistic encompassing capacity","2004","Mining / Metals","9900"
"9749","872eb4bE5Ed7a5c","Barnes, Hess and Ward","https://olsen-brown.info/","Ireland","Phased fault-tolerant array","1995","Commercial Real Estate","6111"
"4725","bEbBA979EEEc0FB","Powers-Cohen","https://www.alexander.info/","United States of America","Right-sized client-driven database","2005","Package / Freight Delivery","9506"
"8760","dcFBa4ED63A6B1B","Wilcox-Flynn","http://www.charles-hendrix.com/","Ethiopia","Multi-tiered systematic website","1993","Legislative Office","4005"
"5888","283aBEc690aB6Ce","Summers Inc","https://www.crawford-lowery.com/","Saint Pierre and Miquelon","Customizable multimedia help-desk","1971","Investment Banking / Venture","5581"
"2356","E655c8CdF0c0Ba2","Wilson, Cross and Ochoa","https://day-clements.com/","Guernsey","Multi-tiered bandwidth-monitored strategy","1973","Philanthropy","4321"
"6037","eebca06EB26bceD","Hoffman-Farmer","https://wiggins-obrien.com/","Costa Rica","Business-focused global architecture","1997","Computer Networking","2167"
"4799","4BA3F143FFfA5Ac","Hogan-Acevedo","http://travis.com/","Japan","Focused global emulation","1983","Information Technology / IT","9545"
"2443","295C1cd64A3ffaE","Henry PLC","http://wilson-calderon.com/","United Kingdom","Persevering solution-oriented Graphical User Interface","1982","Plastics","8507"
"8646","bDa034eECdeDBB0","Dunn-Thomas","https://www.olson-cuevas.com/","Burundi","Networked web-enabled algorithm","1978","Dairy","5134"
"4593","f5b3aAAc504F39A","Cisneros, Gallegos and Pugh","https://www.tate.com/","Malaysia","Automated tertiary attitude","1993","Museums / Institutions","9579"
"8773","1F7DFd9CDa3EEF2","Terrell-Waller","http://leblanc-reese.info/","Sudan","Devolved contextually-based help-desk","1996","Public Safety","6158"
"465","bD8a2a8fF966446","Cervantes, Carson and Dudley","http://haley.com/","Saudi Arabia","Multi-tiered zero administration knowledge user","1990","Textiles","8519"
"164","4fdeB14c1CFadfF","Freeman, Andersen and Huerta","http://coleman-edwards.biz/","Saint Lucia","Persistent uniform contingency","1984","Marketing / Advertising / Sales","2681"
"9262","A1D87a52693AaBB","Fowler-Murray","https://www.vaughan.net/","Nicaragua","Synchronized secondary hardware","1976","Photography","1611"
"9434","3caCeE9BdBaF23c","West, Gregory and Barrett","http://www.ramsey.com/","India","Multi-layered needs-based neural-net","2006","Supermarkets","6473"
"8406","Fa63B58A95EB68F","Frank, Carter and Brock","https://curtis.com/","Denmark","Profit-focused dedicated encoding","1975","Consumer Goods","1589"
"9778","f880F7Fa87aB20E","Harrell PLC","https://barnes.com/","Denmark","Assimilated directional capability","2017","Oil / Energy / Solar / Greentech","8044"
"9479","7567fce5443eEd1","Dominguez-Shea","http://woodard.biz/","Armenia","Decentralized holistic knowledgebase","1985","Wireless","2212"
"7381","2dAA295bad2b5df","Mosley, Yang and Alexander","https://www.stevenson.com/","Benin","Multi-tiered asymmetric secured line","1985","Printing","5109"
"6637","B0d0A5b0A35CBbc","Pope Ltd","http://www.landry.net/","Dominica","User-centric zero tolerance website","2005","Hospital / Health Care","9300"
"242","bA3Aa8dE6D96EAF","Harrison-Mullins","https://www.mcintyre.com/","Guadeloupe","Robust web-enabled productivity","2004","Individual / Family Services","1920"
"2010","B3bdfBdad13189B","Kaiser-Melendez","https://www.ball.com/","Netherlands","Cross-group mission-critical encoding","2000","Public Safety","7347"
"6357","F159a0Bb5a7E827","Goodwin-Richards","https://www.wilkerson.com/","South Africa","Seamless bottom-line capacity","2006","Law Enforcement","9141"
"3085","bDaa5B0bf9531b7","Reilly-Rodgers","http://taylor.com/","Mexico","Visionary human-resource utilization","1991","Semiconductors","9418"
"6209","BfE23E267Fe56A4","Mcneil and Sons","https://www.forbes-maddox.com/","Saint Vincent and the Grenadines","Managed secondary system engine","1974","Veterinary","3697"
"901","8Bc09Ca1b985B64","Evans, Mcintyre and Cannon","http://www.barrera.info/","China","Profit-focused interactive system engine","1988","Consumer Services","9386"
"5543","cC5fcDf5f508B5c","Fletcher-Esparza","http://www.rowland-cooley.com/","Indonesia","Ergonomic 4thgeneration policy","1971","Think Tanks","9468"
"6008","4fA09B15C0AFF7A","Meyers, Wright and Ford","https://www.holmes.org/","Burkina Faso","Customizable responsive paradigm","2002","Primary / Secondary Education","8479"
"7639","2Ced5a4Bf6aafcb","Castro Ltd","http://www.ball-randall.org/","Syrian Arab Republic","De-engineered zero-defect functionalities","2015","Museums / Institutions","3779"
"6794","BC752cA65Ff19BB","Davies-Hardy","https://www.yang.com/","Dominican Republic","Decentralized mobile capability","1981","Transportation","4217"
"8870","c6564F4ca9FbAf0","Peters Inc","http://ross-buck.org/","Micronesia","Proactive mobile orchestration","2008","Renewables / Environment","8658"
"7759","Fc473d823CEee23","Bean Group","http://powers.info/","Cook Islands","Advanced asynchronous challenge","2018","Education Management","3888"
"4838","fFbfedc0F5f0f4F","Benjamin, Padilla and Bullock","http://www.thomas.org/","Kuwait","Grass-roots neutral Local Area Network","1973","Government Administration","6799"
"2294","7C2c11cce8afcBD","Pittman and Sons","http://www.snow.com/","New Zealand","Open-architected optimizing Graphic Interface","1996","Design","9817"
"6549","BbDCf5d2bDC6BAf","Hoover Inc","http://hess.com/","Niue","Optimized didactic throughput","1976","Philanthropy","931"
"7899","c595722d8ED7CfA","Thompson and Sons","https://chaney.com/","Gambia","Managed dynamic emulation","2005","Aviation / Aerospace","4630"
"7978","beE691aacc07A3C","Gross-Moore","http://christian-potts.org/","Pakistan","Open-source systematic synergy","2000","Textiles","7971"
"4482","C9a5D4B44C69c1b","Palmer LLC","http://padilla-baker.org/","Antarctica (the territory South of 60 deg S)","Open-source bifurcated collaboration","1994","Automotive","5801"
"5303","CD9C34d7f2d222e","Mills-Waller","https://www.cantrell-kidd.biz/","Nepal","Versatile empowering model","2005","Fine Art","1049"
"4606","9E57C7417A9AA1D","Spears LLC","https://cooper.com/","Congo","Managed leadingedge artificial intelligence","1990","Paper / Forest Products","7943"
"3717","052c26bBF467Dfb","Zhang-Riley","http://www.simon.com/","United States Minor Outlying Islands","Exclusive national model","1976","Aviation / Aerospace","5335"
"9072","E692c56FB22FEDA","Pruitt PLC","http://www.hughes.com/","Uzbekistan","Reduced contextually-based parallelism","1984","Alternative Medicine","9357"
"6141","1Bb2E2C92DbDc8d","Robbins, Rosario and Sampson","http://www.pennington-abbott.biz/","Seychelles","Adaptive radical installation","1992","Chemicals","3093"
"1765","09CB97b8F1ceef6","Bird Group","https://french.info/","United Arab Emirates","Organic optimal moratorium","2021","Political Organization","9261"
"6599","bcfB3CF81a21fB8","Martin, Bonilla and Crawford","https://www.ibarra.com/","Burundi","Triple-buffered logistical solution","1991","Facilities Services","2815"
"1550","ff6BB8A0Dc0B293","Gilbert Ltd","http://liu.net/","Lesotho","Persistent multimedia standardization","1977","Legislative Office","2512"
"3030","9aAB4941B3822f1","Frey-Roberts","https://mcintosh.com/","Croatia","Synergized 4thgeneration approach","2005","Sports","1701"
"8654","fdA05F15345d544","Maddox Group","https://reed.com/","Mauritius","Profit-focused asymmetric data-warehouse","2019","Animation","958"
"6299","CecdF22bBD420Ce","Bates-Coleman","https://www.rangel-bonilla.com/","Saint Helena","Customer-focused scalable neural-net","1987","Arts / Crafts","1426"
"6663","a37531d7BFBE1B2","Huffman, Hanson and Hartman","https://landry.com/","Belize","Grass-roots uniform infrastructure","1986","Electrical / Electronic Manufacturing","1719"
"6627","b4cadEDC4EB8D5E","Solis, Mcknight and Ortiz","https://ali.com/","South Georgia and the South Sandwich Islands","Grass-roots systematic circuit","1985","Utilities","7756"
"2045","7E73a8fbDcDe0E9","Colon and Sons","https://cannon-rasmussen.net/","Niger","Intuitive 6thgeneration instruction set","1977","International Trade / Development","3463"
"768","cBc4099F7A52d7b","Hawkins-Nichols","https://harrington.biz/","Colombia","Devolved mobile array","1997","Entertainment / Movie Production","1765"
"5694","1BA6C07bc67fF20","Fleming, Macias and Harrison","http://www.jenkins.net/","Croatia","Phased disintermediate framework","2021","Dairy","8772"
"7871","bAfBe88C71bEB2a","Travis Group","http://nielsen.biz/","Peru","Intuitive grid-enabled knowledge user","1980","Electrical / Electronic Manufacturing","299"
"7796","D388ea8CfEaB64b","Davis-Aguirre","http://www.choi-wade.com/","Western Sahara","Adaptive 4thgeneration encryption","1976","Insurance","3514"
"1509","a08f2E1f0be6E86","Jensen-Juarez","https://gay.net/","Bouvet Island (Bouvetoya)","Sharable radical architecture","1993","Capital Markets / Hedge Fund / Private Equity","3534"
"7231","796f178A0b47BAC","Swanson, Dodson and Friedman","https://pierce.com/","Falkland Islands (Malvinas)","Enhanced high-level productivity","2002","Sporting Goods","1169"
"7858","afAC7D37dB8D53D","Mcclain, Acevedo and Jenkins","http://macdonald.com/","Congo","Upgradable maximized challenge","2020","Staffing / Recruiting","7394"
"3303","fcaFB432F26ad7c","Snow, Miranda and Mccullough","http://acevedo.org/","Norfolk Island","Customer-focused foreground Graphic Interface","1988","Facilities Services","6711"
"4518","15C16FF09b9F51C","Sampson PLC","http://www.huff.info/","Chad","Compatible actuating capability","1970","Tobacco","6184"
"4220","d93bFB1fB1B6B8C","Hodge, Wallace and Mcneil","http://www.gallegos-kirby.com/","Vanuatu","Organic exuding definition","2018","Telecommunications","4792"
"9079","d428746f2384C61","Guzman, Liu and Finley","https://www.wells.com/","Slovenia","Persevering client-server capacity","1998","Human Resources / HR","2233"
"9941","C2be794f5AfC2Aa","Chung Ltd","https://www.shah.org/","Trinidad and Tobago","Automated disintermediate conglomeration","2003","E - Learning","4070"
"3293","e4024A0ccEE1d3E","Randall PLC","http://www.stein-rodgers.biz/","Afghanistan","Distributed encompassing throughput","2008","Gambling / Casinos","9444"
"820","8D5FBa361509E04","Holder Ltd","https://burton-dougherty.biz/","Guam","Persistent homogeneous throughput","2007","International Affairs","7441"
"1404","FF6AE3c07236A5a","Davies Group","https://gibson.info/","Niue","Multi-channeled impactful hardware","1985","Real Estate / Mortgage","4616"
"1383","d88C12A1ee33705","Reed-Welch","http://www.west.info/","Turkey","Focused high-level project","2015","Dairy","5101"
"2149","3cB3dB2dFF29bDb","Robertson PLC","http://knapp-wood.biz/","El Salvador","Re-contextualized analyzing orchestration","1999","Consumer Goods","9874"
"6929","7Bb96690a25aCEa","Pugh Ltd","http://holloway-sanders.com/","Guatemala","Grass-roots even-keeled extranet","1994","Internet","7290"
"5672","308dd8dF1eDFF50","Barker-Barrera","https://guerra.net/","Nepal","Ameliorated disintermediate structure","2017","Computer / Network Security","1644"
"1639","BA5b1B182D95E31","Ballard, Williams and Manning","http://www.hahn-stephens.com/","Italy","Persevering encompassing customer loyalty","1986","Packaging / Containers","1991"
"5892","366A3AbDEcDF2aA","Baird, Neal and Roberson","https://www.lang.biz/","Trinidad and Tobago","Fundamental regional budgetary management","1977","Fine Art","4873"
"7428","Fd9ED72942Bae14","Henry-Olson","https://www.park-boone.com/","Nicaragua","Synergistic multimedia matrices","1981","Railroad Manufacture","8039"
"609","9c16E83774A55ff","Odom-Melendez","https://fuentes.biz/","Tonga","Object-based executive adapter","2013","Broadcast Media","9656"
"6908","99DCE3CB17B3d63","Rangel-Drake","https://duarte.org/","Lebanon","Stand-alone foreground implementation","1998","Legal Services","207"
