"Column_1","Column_2","Column_3","Column_4","Column_5","Column_6","Column_7","Column_8","Column_9"
"5509","A00dAC30b41E73c","Ball, Gibson and Floyd","https://www.english-leon.com/","Gambia","Networked value-added encoding","1989","Public Safety","9763"
"7430","D8E0C13764B767C","Spencer, Mcintosh and Martinez","http://price.com/","Nicaragua","Synchronized even-keeled firmware","1981","Textiles","5075"
"372","bd8C0Db70Dc4eA7","Baxter Ltd","http://nicholson.com/","Antarctica (the territory South of 60 deg S)","Monitored discrete support","1995","Cosmetics","7333"
"6297","9345abb9132910b","Cain, Foster and Roberts","http://roberts.com/","Martinique","Ergonomic web-enabled forecast","2001","Motion Pictures / Film","7645"
"5552","aC9E504CBED4898","Goodman-Mcdowell","http://baldwin-vargas.biz/","Saudi Arabia","Object-based disintermediate capability","2020","Maritime","9503"
"5724","c02E851FC890E7a","Leach, Ritter and Berry","https://valentine.com/","Norway","Organized impactful hardware","1990","Legal Services","3480"
"5900","AaDAe4D111c6eA6","Cherry-Ballard","http://perry.com/","Portugal","Front-line attitude-oriented attitude","1984","Financial Services","6473"
"9288","4a41e483B9Ac8ce","Livingston PLC","http://wise-munoz.com/","Singapore","Phased client-driven project","2019","Arts / Crafts","466"
"7872","Ea530eecAFdF202","Kirby and Sons","http://ruiz-walls.com/","Ethiopia","Customer-focused intangible migration","2018","Construction","3880"
"2365","e52affDABBb11EC","Mccall, Ritter and Moss","http://www.lawrence-levine.info/","Australia","Upgradable intangible archive","2001","Packaging / Containers","666"
"3214","E6b0FCeda5642bA","Liu-Cunningham","https://www.velez.com/","Spain","Networked mission-critical algorithm","1970","Insurance","8284"
"912","93304FeE7A75e8b","Boone-Poole","https://cruz.info/","Bulgaria","Total mobile archive","1988","Ranching","4855"
"9048","A2412eFddf2Cf47","Roth-Cortez","http://neal.com/","American Samoa","Customizable background workforce","1977","Online Publishing","4295"
"9791","27c6D4b1bAc73A7","Maddox, Morrison and Jennings","https://www.mullins.com/","Bouvet Island (Bouvetoya)","Organic impactful access","1989","Hospital / Health Care","9405"
"7290","61d7EcAed6Be7Ac","Walton-Patel","https://powell.net/","Nepal","Ameliorated system-worthy analyzer","1973","Restaurants","439"
"9959","63cD0dd71Ec5f9f","Fischer, Browning and Thornton","https://www.hanna.org/","Bolivia","Centralized stable intranet","1996","Retail Industry","5374"
"6537","E244A3ad26E229a","Shea, Walker and Lloyd","http://www.conner.com/","Andorra","Persistent background success","2012","Animation","41"
"9193","5CA64EEBaa0C74a","Hansen, Mcpherson and Vaughan","https://www.montes.info/","India","Focused empowering portal","1995","Telecommunications","6422"
"1424","8cF1cC811Cbf9B0","Boyd Ltd","http://dougherty-bonilla.com/","Maldives","Triple-buffered mission-critical database","1999","International Trade / Development","628"
"9808","2e8f99BAbFfaC02","Warren, Schneider and Christensen","https://esparza.com/","Libyan Arab Jamahiriya","Automated web-enabled portal","1973","Political Organization","864"
"480","A815de62e9399d4","Mahoney Inc","https://good.com/","Cote d'Ivoire","Virtual 4thgeneration concept","1999","Information Technology / IT","8033"
"663","fA1f04c1F41246d","Bentley-Moore","http://tyler.com/","Pakistan","Function-based bifurcated adapter","2004","Airlines / Aviation","4094"
"4477","B2e7bCe19a87a62","Oconnor Group","http://johns.com/","Japan","Decentralized dedicated access","1998","Market Research","4526"
"8983","ffBdAFE18F909bA","Woodard LLC","https://murphy.com/","Liberia","Stand-alone 3rdgeneration orchestration","1998","Law Enforcement","8841"
"8078","c6dDE34F3eDCfCF","Lynch-Lewis","https://www.lewis.org/","Korea","Optimized interactive solution","1997","Arts / Crafts","6588"
"2989","0d4Cd76b5Bc2B17","Clark, Boone and Oconnell","https://owens.com/","Costa Rica","Future-proofed empowering hardware","1972","Restaurants","1756"
"1120","aD2a6dD815f8C93","Velazquez, Michael and Friedman","http://www.ho-manning.com/","Cote d'Ivoire","Focused motivating migration","2019","Building Materials","605"
"2777","c34ED2F592F872F","Mcknight LLC","http://www.wheeler-jefferson.org/","Tajikistan","Multi-channeled leadingedge task-force","1992","Computer Software / Engineering","8115"
"9836","DA031e5c9abBb4f","Schaefer Ltd","https://estes-bauer.net/","Argentina","Reverse-engineered multimedia encryption","2004","Civil Engineering","3718"
"5004","Ef580e4f9d5Ddc9","Higgins-Barton","http://www.buckley.com/","Germany","Programmable homogeneous instruction set","1972","Civic / Social Organization","7167"
"6650","C92deD69d668026","Grimes-Mccarthy","https://www.cervantes-owens.com/","Dominica","Secured radical model","1977","Telecommunications","5516"
"7255","d5ec9AAefECBCa8","Dyer, Ferrell and Banks","http://newton.biz/","Azerbaijan","Fundamental multi-tasking hierarchy","2013","Recreational Facilities / Services","9177"
"4428","A81F5F7Db403B2f","Boyle PLC","https://pace-becker.com/","Heard Island and McDonald Islands","Reverse-engineered fresh-thinking definition","1983","Biotechnology / Greentech","1081"
"7432","f64fD5Bfdd5aA37","Ewing-Sandoval","https://gilmore.com/","United Kingdom","Universal multimedia pricing structure","2006","Higher Education / Acadamia","2736"
"3982","2C3dB86B2df92b7","Meadows LLC","https://jenkins.biz/","Ukraine","Optional mission-critical array","1988","Graphic Design / Web Design","2530"
"6352","b8A1e639fCbCcce","Blackburn, Travis and Wilson","http://casey-mcmillan.net/","Saint Lucia","Vision-oriented fault-tolerant budgetary management","1999","Broadcast Media","6028"
"2894","30aDcc06386fEc8","Barker PLC","https://house.info/","Mongolia","Inverse client-server array","1973","Online Publishing","5725"
"2670","Cc7dcAEbeaD5eDA","Roberson Ltd","http://nunez.com/","Macao","Synchronized exuding time-frame","2000","Restaurants","4700"
"3978","17725a071D8Ce4E","Santana, Mcdaniel and Sawyer","https://pittman.com/","Papua New Guinea","Total clear-thinking contingency","2003","Think Tanks","840"
"5260","8DCdA2842Ad0Dfb","Petty-Davis","https://castro.com/","Congo","Fully-configurable 24/7 matrix","2016","Alternative Dispute Resolution","2313"
"280","aFda399eDeaeaaF","Chandler, Mcmillan and Manning","https://www.meza.com/","Andorra","Open-architected explicit open architecture","1974","Research Industry","693"
"6731","cdaEc4E8DcA20FB","Gallagher-Fox","https://www.calderon.com/","Gabon","Open-architected modular success","2001","International Trade / Development","1166"
"6105","2053D219Ea89833","Owens-Wang","https://www.harrington.info/","Barbados","Monitored asynchronous model","1987","Cosmetics","621"
"7021","B51Ba8dDFC1EE5a","Patel-Kelley","https://gutierrez.net/","Trinidad and Tobago","User-centric directional support","1989","Recreational Facilities / Services","8722"
"1695","a19a564BfCf2f36","Glass-Poole","https://tanner.biz/","Poland","Adaptive tertiary website","2014","Biotechnology / Greentech","290"
"8913","e6C8a84E688EB60","Jimenez-Curry","https://skinner.com/","United Kingdom","Extended systematic flexibility","2020","Law Practice / Law Firms","9439"
"3480","11B2D1AA94EAEc7","Schmitt-Mendoza","https://www.hull.com/","Turkey","Pre-emptive transitional leverage","2003","Maritime","2027"
"4417","B2F187Cf10E2708","Burton, Suarez and Shaffer","http://www.lawrence.com/","Tokelau","Innovative system-worthy analyzer","1982","Consumer Services","7817"
"7593","Ee64EA3fc97f80E","Ruiz Inc","http://www.benson.com/","Holy See (Vatican City State)","Exclusive clear-thinking groupware","1988","Printing","9087"
"6283","27c9Afc0DCdcE6E","Garcia Ltd","https://www.marquez.com/","Colombia","Front-line upward-trending benchmark","2003","Public Safety","6626"
"5604","1372Ca806BB6Bda","Melendez-Andrews","http://www.weiss-alvarado.com/","Mozambique","Function-based needs-based encryption","2005","Wholesale","684"
"8620","443FaDBf9bd83BE","Houston-Oconnell","https://www.shea.com/","Saint Pierre and Miquelon","Up-sized context-sensitive model","2007","Restaurants","6637"
"7781","21AECefCA39af34","Burke and Sons","http://www.ramos.biz/","Estonia","Configurable leadingedge frame","1980","Design","4943"
"4297","f9287fABDe67Cc1","Frye-Krause","http://vasquez.org/","Maldives","Synergistic interactive paradigm","1999","Information Technology / IT","8046"
"4594","AD8F5fbACABe58b","Choi, Schwartz and Klein","http://ochoa-everett.net/","Madagascar","Open-source empowering synergy","2000","Airlines / Aviation","6288"
"4845","1e15A95Ab2Ca54a","Kim, David and Clarke","http://www.durham-davenport.com/","Benin","Distributed optimizing forecast","1970","Education Management","8816"
"2210","22ddA95cB2b96C0","Hutchinson, Nixon and Williamson","https://www.stephens-christian.org/","Togo","Phased mobile support","1993","Oil / Energy / Solar / Greentech","8899"
"7606","ab065602dBa7F61","Deleon-Lam","https://www.cantrell-kerr.com/","San Marino","Integrated homogeneous software","1994","Translation / Localization","8945"
"5502","39dDBFCf9ECC6fE","Miranda, Bonilla and Flores","http://www.mcneil-small.com/","Cameroon","Assimilated national infrastructure","1979","Market Research","6146"
"185","4d99EF63d9eA80d","Acevedo and Sons","http://www.rice-whitaker.com/","Latvia","Sharable client-driven alliance","2000","Alternative Dispute Resolution","6238"
"4801","b3dCF6e322441A5","Mann-James","https://www.wiley.com/","Malaysia","Self-enabling high-level architecture","2017","Legislative Office","4620"
"4846","ff3B9C7AC06f53a","Griffin-Gomez","http://morton.biz/","Micronesia","Automated real-time matrices","1998","Pharmaceuticals","7128"
"2351","4c39Dd5f85D6d1C","Buck and Sons","http://www.webster.com/","Jersey","Fundamental analyzing installation","2013","Arts / Crafts","2659"
"554","63C7B5fD1Df84AD","Mathis, Payne and Bell","http://www.berg.com/","Congo","Synergistic empowering process improvement","1991","Online Publishing","2127"
"1398","De5aE07fc2d775b","Dixon, Li and Bean","http://kaufman.com/","Greece","Persistent optimizing secured line","1998","Staffing / Recruiting","8465"
"1385","e9Aa3474B9F5adE","Flynn Inc","https://stanton-schneider.info/","Slovakia (Slovak Republic)","Managed optimizing implementation","2016","Staffing / Recruiting","3784"
"9183","faA0185edAa6027","Proctor Ltd","https://mercado-kelley.biz/","British Virgin Islands","Phased fault-tolerant application","1976","Marketing / Advertising / Sales","9436"
"9818","5B8B69eBCDFa2D5","Lin Inc","https://www.hess-hopkins.com/","Rwanda","Future-proofed value-added firmware","2019","Computer Games","2681"
"298","6DAADe610Adf0BB","Melton, Bautista and Bradley","https://rivas-oliver.com/","Afghanistan","Cross-group analyzing function","1994","Marketing / Advertising / Sales","9377"
"444","410C2Ce5803eFdB","Henry, Savage and Frey","https://odom-savage.org/","Jersey","Universal intangible architecture","1993","Program Development","4905"
"7339","15C7AAce0FA0C8B","Miller, Neal and Little","http://michael.org/","Samoa","Multi-layered zero tolerance leverage","2021","Renewables / Environment","1166"
"2078","f8B2EAFdAD15dDf","Conley Ltd","https://stanley.com/","Zimbabwe","Multi-lateral directional contingency","1975","Online Publishing","3980"
"7816","744a6C455ADFAe7","Villegas PLC","http://www.diaz.com/","United Arab Emirates","Automated encompassing adapter","2013","Non - Profit / Volunteering","33"
"2230","282FFf1ce5Bc94d","Cortez-Shaw","http://www.rojas.com/","Montenegro","Implemented asynchronous neural-net","2015","Hospital / Health Care","6631"
"2843","589eDCEc40aFEEe","Mcdaniel Inc","http://miranda.biz/","Mongolia","Visionary stable contingency","2005","Building Materials","3050"
"2538","e2EDe220b59A435","Mcgee LLC","http://www.novak-chaney.com/","Morocco","Public-key directional intranet","2019","Information Services","3781"
"8146","BaE5fD45aF227b4","Mata, Shaffer and Rowe","https://www.krueger.com/","Pakistan","Compatible dynamic paradigm","2018","Sports","2596"
"9537","a7121bd0D2a6ED5","Yu-Salas","http://cunningham.org/","Solomon Islands","Open-source intermediate neural-net","2005","Luxury Goods / Jewelry","9188"
"6444","755B8eF7b2515Ee","Oconnor LLC","http://villarreal.info/","Samoa","Polarized static capability","1997","Industrial Automation","8564"
"3368","eAc86D7bF4bC349","Soto, Huang and Pearson","http://www.spencer-knapp.com/","Cuba","Grass-roots responsive array","1990","Ranching","1221"
"4487","edA58eac284D1ba","Sloan-Becker","https://www.holder.com/","Burundi","Multi-tiered multi-state matrix","2005","Veterinary","7525"
"2579","8AEC4d14Bf780ee","Jefferson, Floyd and Beasley","http://tucker-payne.com/","Argentina","Inverse cohesive architecture","2003","Glass / Ceramics / Concrete","5953"
"1132","cB8605B3fa9d916","Long-Graham","http://alexander-norman.com/","Iraq","Multi-layered systematic hierarchy","1998","Capital Markets / Hedge Fund / Private Equity","5378"
"4819","fab5bA04658B35b","Alvarez-Schmidt","http://ali.com/","Timor-Leste","Synergized regional secured line","1977","Events Services","1667"
"321","BB6A1aAc3346762","Holden, Gordon and Yu","https://roberts-ramsey.com/","Belgium","Diverse mobile initiative","1984","Sporting Goods","6378"
"1372","D9d67C0d57DFAB1","Bowers PLC","http://mata-cannon.org/","French Polynesia","Object-based full-range ability","2018","Capital Markets / Hedge Fund / Private Equity","6860"
"4043","DC1abF9aDA3CCfc","Lloyd, Vaughn and Lam","https://www.browning.com/","Sri Lanka","Advanced client-server frame","1979","Public Relations / PR","6204"
"9126","45CBa412bee46Aa","Gaines-Wagner","https://camacho-durham.com/","Gibraltar","Horizontal background paradigm","1994","Writing / Editing","4757"
"5146","E2307FFbAB5dFE3","Hudson, Osborne and Harrington","https://www.lynch-travis.com/","Papua New Guinea","Robust zero tolerance function","2015","Judiciary","6619"
"908","8F3F9Aa750A4f7F","Saunders Inc","http://www.shields.com/","Ukraine","Open-architected systematic analyzer","1992","Market Research","292"
"9427","6612cf9bdBa60EC","Drake, Cooke and Fuller","https://marquez.com/","Marshall Islands","Optimized global productivity","1981","International Trade / Development","925"
"3951","fC2f56DA5bae16D","Hunter-Schneider","https://larson.org/","Jersey","Organic systematic approach","1982","Consumer Goods","1940"
"6146","3E02F25f49ecd57","Holden Ltd","https://gilmore.biz/","Slovenia","Virtual fresh-thinking complexity","1988","Cosmetics","4630"
"8887","E4B9B7b70534fcB","Foley-Mcdowell","https://allen-salinas.com/","Congo","Enhanced transitional collaboration","2018","Utilities","7502"
"6696","8F84F27DBD22f3a","Ruiz and Sons","http://www.mcdowell.org/","Liberia","Implemented bottom-line protocol","1974","Religious Institutions","3547"
"4978","55306B9dB1bCBf3","Hensley Inc","http://ayers-tanner.com/","Slovenia","Digitized hybrid system engine","1994","Government Relations","219"
"6093","47Ce73e0aCcC430","Jefferson, Schneider and Levy","http://casey-strong.com/","Libyan Arab Jamahiriya","Function-based homogeneous encryption","1973","Business Supplies / Equipment","5163"
"8409","d1d59b6aDCd84DF","Mcdowell Group","https://www.church.com/","Burundi","Innovative cohesive standardization","1992","Investment Management / Hedge Fund / Private Equity","465"
"927","45fAB3Bbe4a629d","Cook Inc","https://pham.com/","Turkmenistan","Switchable bifurcated groupware","1973","Legislative Office","9810"
"6144","AEfcF17e5E1af3b","Mendoza-Bright","https://carter.com/","Cote d'Ivoire","Open-source regional knowledgebase","1976","Shipbuilding","7596"
"16","2B6c7b5bEDdeD8d","Lindsey Ltd","https://logan-mckee.com/","Canada","Profit-focused optimal time-frame","1981","Chemicals","6477"
"144","cc6147b2DdC8B5d","Sims, Valenzuela and Esparza","https://dorsey.com/","Vanuatu","Mandatory multi-tasking monitoring","1983","Mining / Metals","9676"
"2364","Ce5Cfb3Bf06AA7a","Rangel Inc","http://www.ali.com/","Germany","Object-based mobile extranet","1990","Government Administration","3469"
"130","ad71a2fCeF22c9B","Burch Ltd","http://www.contreras-riley.com/","Monaco","Up-sized responsive architecture","1988","Food / Beverages","2108"
"1162","DF7A30eD1B90ADC","Dougherty and Sons","https://duncan.net/","Tunisia","Cross-group foreground software","2019","Transportation","3975"
"7552","29FfCa7c71E97bA","Woods and Sons","http://www.robles-riley.com/","Samoa","Diverse logistical algorithm","1989","Human Resources / HR","6869"
"6130","670D354E9bdd7f7","Moran, Gardner and Henderson","https://liu-swanson.com/","Estonia","Optional uniform time-frame","1972","Museums / Institutions","8687"
"4666","cdb597FC0755BdE","Henson-Fleming","https://www.santiago.com/","Botswana","Future-proofed transitional forecast","1983","Legal Services","8466"
"5661","aB5a3a861449cC8","Duran-Tate","https://wells-escobar.biz/","Netherlands","Reverse-engineered intermediate superstructure","2004","Judiciary","8338"
"6461","E3dc10dDD1B07c1","Figueroa, Jefferson and Whitney","http://mcdaniel.net/","Holy See (Vatican City State)","Versatile explicit project","2005","Plastics","5819"
"1877","E99e5f9aEc2e63e","Silva and Sons","http://www.macdonald.net/","Azerbaijan","Diverse tertiary collaboration","2004","Consumer Goods","6377"
"2489","3dcBaB38cBea0E6","Liu Inc","https://www.wheeler.info/","Jamaica","Visionary non-volatile extranet","2020","Public Relations / PR","3821"
"5328","E0e716Dc2396FdB","Park, Yang and Pham","https://howe-osborn.com/","Tuvalu","Managed contextually-based framework","1989","Philanthropy","2574"
"9362","de6D05E8371500c","Andrade-Irwin","http://fitzpatrick.biz/","Monaco","Ameliorated scalable synergy","2015","Maritime","4532"
"1183","B74eb2eb6DBb45a","Juarez, Chan and Soto","https://www.winters.biz/","Tonga","Up-sized reciprocal ability","1988","Plastics","516"
"6136","fFf00EDD8B1ceb9","Curtis, Park and Bell","http://riggs.com/","Antarctica (the territory South of 60 deg S)","Ergonomic bifurcated ability","1992","Railroad Manufacture","5163"
"6378","B3cFaa8130a4Fd3","Walker, Woodard and Hess","https://hunt.com/","Lebanon","Virtual intangible implementation","2001","Commercial Real Estate","3598"
"1171","cAccDd7Bd2BE41F","Williamson, Vance and Mora","http://nolan-mcconnell.org/","Saint Martin","Grass-roots fresh-thinking contingency","1990","Non - Profit / Volunteering","6942"
"2183","347dcAC702F8F11","Stanton, Chandler and Craig","http://padilla.com/","Holy See (Vatican City State)","Configurable mission-critical productivity","2003","Environmental Services","9554"
"3372","bBEd9bffA29A24c","Foster-Mcintyre","http://schmidt.info/","Russian Federation","Synchronized scalable projection","1995","Investment Management / Hedge Fund / Private Equity","6038"
"8041","F6FF9D74a2D2ECd","Pittman-Parsons","http://www.patel.com/","Madagascar","Managed system-worthy ability","1988","Alternative Medicine","137"
"1860","8dbDCF6B5F3ba04","Gilbert, Krueger and Mayo","https://www.mcgee.net/","Korea","Diverse systematic info-mediaries","2021","Food / Beverages","9672"
"4861","d8D8DFCE70FB7bD","Avila-Schroeder","https://watts.biz/","Norfolk Island","Stand-alone grid-enabled portal","1999","Printing","6564"
"9256","C2a7F3cb2eDe1cf","Wallace and Sons","http://www.ellis.info/","United States of America","Multi-channeled even-keeled customer loyalty","1985","Computer Hardware","9838"
"8346","efE208Bf4fcCe07","Jarvis Ltd","https://chung.com/","Peru","Versatile optimizing product","1977","Consumer Goods","8170"
"7348","25454e03eB4eF15","Simmons, Shields and Burgess","http://holt.net/","Tunisia","Realigned explicit matrices","2021","Fishery","2774"
"4865","395aD3eFEd5ddc2","Salazar-Berger","https://www.suarez-barton.com/","Saint Lucia","Advanced optimizing support","1973","Hospitality","3300"
"9887","B3b59bCD5Ef7BFC","Ferguson PLC","http://wagner.net/","New Zealand","Secured grid-enabled contingency","2020","Mental Health Care","2657"
"6389","CeE8a007EB171AD","Durham-Benjamin","http://jennings.com/","Nauru","Decentralized full-range alliance","1981","Military Industry","9307"
"3122","b4F10D669C3F2ae","Fischer Ltd","http://www.morris-mckinney.net/","Gabon","Optimized executive complexity","2011","Farming","8034"
"388","d5cfbFaA0D8B43D","Mcguire PLC","http://lester.com/","Guam","Extended incremental benchmark","1993","Paper / Forest Products","6046"
"7786","E0A1e255Cd8A00E","Allen Ltd","https://www.gamble-holden.info/","Korea","Future-proofed context-sensitive neural-net","2004","Hospital / Health Care","3151"
"1033","CC2b03ba0D3abeb","Mclaughlin Group","https://valdez-eaton.com/","Holy See (Vatican City State)","Universal stable framework","2016","Program Development","7009"
"7853","4a45db48d044E2c","Fitzgerald-Kirby","http://www.odonnell-odonnell.com/","Morocco","Sharable homogeneous architecture","2000","Tobacco","3013"
"5419","65E5fa418BAbbB2","Holland, Mccall and Serrano","http://chung-morrison.biz/","Slovakia (Slovak Republic)","Exclusive bandwidth-monitored focus group","2021","Military Industry","4668"
"932","0fc8BfddccaEEaC","Conner-Ayala","https://gamble-cook.org/","Monaco","Universal exuding access","2004","Music","1920"
"4020","f732b92B6753f4a","Wright Ltd","http://chung-lindsey.biz/","Nepal","User-centric multi-tasking toolset","1993","Packaging / Containers","5362"
"692","9AAcEeF5A80A7E4","Shields-Mcclain","http://www.villegas.com/","Mali","Upgradable tangible groupware","2007","Law Practice / Law Firms","6910"
"5299","8e85831dBfCEBFC","Bell-Sutton","http://www.olson.com/","Mali","Optional modular conglomeration","1986","Legislative Office","2205"
"6659","fF9A04390c052a1","Hooper-Becker","http://www.nunez.com/","Israel","Extended multi-state Internet solution","1998","Medical Practice","4754"
"830","eAbAEb3AA4a370A","Odonnell Ltd","http://drake-navarro.biz/","Liechtenstein","Assimilated background website","1992","Furniture","316"
"3499","aDB55E1439EFb44","Gentry-Holloway","http://francis.com/","Cyprus","Open-architected full-range capacity","1999","Animation","2851"
"2082","55BaBBeF4fEdCbD","Mercado-Dyer","https://calderon-andrews.net/","Sweden","Profit-focused eco-centric standardization","1979","Shipbuilding","9916"
"9441","cFC7E644338ba9e","Payne-Fitzpatrick","http://hansen.info/","Zambia","Enhanced bottom-line portal","1990","E - Learning","1305"
"45","0DfEC3aFBeAda4A","Randall and Sons","http://brady.info/","Lesotho","Decentralized non-volatile emulation","1987","Commercial Real Estate","3133"
"3940","1fDba5DaAFCdd57","Patrick-Pacheco","http://www.parrish.com/","Nepal","De-engineered asynchronous toolset","2009","Import / Export","4640"
"5258","ECB6F3aAf1a2aca","Mcintyre Inc","https://richardson.com/","Sierra Leone","Robust multi-tasking website","2009","Design","5684"
"8438","1DDeB43BaDd4e6B","Houston, Nichols and Poole","https://mcguire-campos.info/","Iceland","Reduced grid-enabled productivity","2007","Information Technology / IT","6057"
"4320","54C0dBfbE4A3c20","Shepard, Morris and Brooks","http://johnston-blackwell.org/","Barbados","Proactive fresh-thinking time-frame","2014","Law Enforcement","2605"
"2966","5ccdc09a826f2fF","Bolton, Richardson and Jensen","https://www.reed.org/","Uzbekistan","Multi-layered even-keeled collaboration","2013","Investment Management / Hedge Fund / Private Equity","6392"
"3970","2DDfdDf6efa98af","Jackson, Harding and Schmidt","https://lowe-pace.com/","Dominica","Progressive analyzing Graphical User Interface","2005","Banking / Mortgage","9564"
"1188","8FaeAc1dFaD60F3","Vang, Garner and Golden","https://salinas.com/","Iraq","Progressive client-driven application","1976","Arts / Crafts","9412"
"285","e5C7b184FAFc7cc","Gillespie-Burch","http://herrera.com/","Cambodia","Multi-channeled coherent success","1977","Printing","8346"
"8874","ffA533D85Dc4Ff1","Holder-Vang","https://rodriguez.com/","El Salvador","Multi-tiered fresh-thinking portal","2016","Renewables / Environment","8330"
"4160","C8ffD5BaAC06cB8","Hansen, Perkins and Floyd","https://liu.org/","Turks and Caicos Islands","Self-enabling 4thgeneration access","2009","Public Relations / PR","5725"
"3093","5c6B1f4cf4A294e","Avila Inc","http://www.calderon.info/","Jordan","Right-sized methodical firmware","1999","Philanthropy","9054"
"4557","C554BAd6B4357E5","Meyers-Odonnell","http://www.hawkins.biz/","Somalia","Persistent didactic data-warehouse","2014","Hospitality","8133"
"4585","4348ecAF8E42599","Duffy, Thomas and Beasley","http://braun-carney.com/","Nigeria","Multi-layered holistic software","1980","Glass / Ceramics / Concrete","6815"
"4324","E2bbC3EBa34363a","Acevedo-Campbell","http://cain.com/","Madagascar","Seamless exuding monitoring","1995","Religious Institutions","6061"
"5505","A2628BcE7EBFe22","Hanson Ltd","http://www.pena.com/","Jordan","Visionary client-driven algorithm","1995","Consumer Services","2470"
"7075","7cD0BdB4ACB9c7B","Vaughan LLC","http://dixon.com/","Timor-Leste","Profound incremental conglomeration","1978","Health / Fitness","3702"
"3365","8CEfDca4C69e115","Black-Ramsey","http://ferrell-robinson.com/","Heard Island and McDonald Islands","Operative logistical architecture","2003","Alternative Medicine","4251"
"8026","61e2a3Eb7be06Fb","Delacruz, Horne and Chandler","http://www.brock-leblanc.com/","Gambia","Vision-oriented asymmetric policy","1990","Human Resources / HR","6478"
"3196","57F93040dC1A38B","Sherman, Hickman and Mathews","https://www.wilkinson-briggs.com/","Croatia","Persevering executive analyzer","2016","Renewables / Environment","438"
"8811","4Adb1D41a0A650f","Huynh LLC","http://weaver-roach.com/","Tuvalu","Decentralized mobile projection","1976","Defense / Space","4219"
"970","F8Cdd1dE5a95227","Cardenas-Cummings","http://faulkner.org/","Barbados","Up-sized incremental solution","2019","Package / Freight Delivery","6359"
"3735","fF4A6b4ca01a36f","Lam-Lambert","https://coffey-todd.com/","Indonesia","Assimilated content-based collaboration","2001","Semiconductors","8609"
"926","7d9Ef237e1e17Db","Schroeder-Bradford","https://cardenas.biz/","Eritrea","Automated bi-directional intranet","1992","Restaurants","2370"
"9497","E01832Eb958cba7","Mcpherson Inc","https://sherman.org/","Martinique","Reverse-engineered upward-trending conglomeration","2019","Military Industry","9173"
"6452","3933cd0425d0d37","Rush-Bridges","http://frederick-jarvis.com/","Algeria","Progressive contextually-based capability","2000","Automotive","2033"
"8798","BFFe9E8999ede91","Gill, Adkins and Finley","https://bennett.com/","Romania","Digitized intangible access","1977","Mechanical or Industrial Engineering","2576"
"2852","5fd70a9Ab84BE08","Mccall Ltd","http://www.aguirre-sparks.biz/","Singapore","Re-engineered contextually-based array","1975","Staffing / Recruiting","1911"
"5181","48Cf5241e30A0DD","English Ltd","http://anderson.info/","Congo","Advanced dynamic utilization","2001","Logistics / Procurement","6161"
"6724","1193c974B4FaAf2","Wagner Group","http://beasley.info/","Macao","Object-based multi-state system engine","2011","Public Relations / PR","8893"
"9323","4cFeAe6CCAd2584","Flowers Inc","http://watkins-perry.com/","Morocco","Distributed disintermediate Local Area Network","2011","Computer Software / Engineering","2105"
"7811","dd86cd3F358dD79","Cervantes Inc","http://www.moon.com/","El Salvador","Managed neutral toolset","1986","Food / Beverages","4906"
"4472","77D8dC15466aaF1","Cain and Sons","http://www.williamson.com/","France","Distributed attitude-oriented model","2020","Consumer Services","4817"
"5169","DDBA8900c91f5d7","Castaneda Inc","https://beltran-anderson.info/","Togo","Synchronized composite functionalities","1981","Import / Export","7041"
"4349","E42DE7a442E45e8","Small-Rios","https://fields-hale.com/","French Guiana","Compatible bottom-line focus group","1984","Airlines / Aviation","8719"
"7904","a7dADB1dBD31CF2","Wagner-Choi","https://www.gillespie-nash.net/","Saint Lucia","Stand-alone non-volatile middleware","2000","Nanotechnology","8412"
"3627","C74B4ff7A48e274","Rivas, Hogan and Patton","http://hays.com/","Heard Island and McDonald Islands","Synchronized disintermediate task-force","1977","Environmental Services","7379"
"1790","CAECd1A091594cc","Estrada, Mendoza and Mcneil","http://zavala-walton.info/","Niger","Team-oriented cohesive service-desk","1971","Civic / Social Organization","2116"
"8294","ba8B5DBD144EC29","Whitaker, Boone and Washington","https://hooper.com/","Bouvet Island (Bouvetoya)","Quality-focused mobile intranet","1991","Wireless","7505"
"2060","4a1C78cb0Fd58fe","Pacheco, Palmer and Friedman","http://trujillo.com/","Morocco","Diverse cohesive firmware","1980","Tobacco","6129"
"4014","57CfF75F79CfAAf","Brooks, Larsen and Valentine","https://alvarez.com/","Portugal","Multi-layered homogeneous toolset","2006","Law Enforcement","563"
"1903","00bFb71Ff6c0fFd","Jackson PLC","http://www.esparza-butler.net/","Romania","Optional intangible complexity","2007","Automotive","1483"
"5574","4d1e8A73ed3a0eA","Mills, Hall and Christian","https://www.mccoy.com/","Bolivia","Diverse high-level frame","1988","Civic / Social Organization","6940"
"6926","9FbCE04ea844A73","Gamble PLC","https://www.heath-mullins.com/","France","Innovative neutral complexity","1991","Insurance","6923"
"76","64ccBF8FDeDeFba","Green Ltd","http://baker.com/","Turkmenistan","Persistent secondary budgetary management","2008","Individual / Family Services","1371"
"2346","E147d69f0Debc46","Freeman PLC","https://www.payne-morris.info/","Sudan","User-centric user-facing monitoring","1972","Graphic Design / Web Design","6623"
"5485","E7bDC64edeBaCB2","Abbott, Colon and Andersen","https://valenzuela.com/","Wallis and Futuna","Seamless 6thgeneration hub","1994","Translation / Localization","1387"
"431","2BAbd14b15E6b73","George-Knox","http://www.sullivan-bautista.biz/","Australia","Networked tangible process improvement","2021","Leisure / Travel","29"
"4587","CAED401cf39e5FD","Kelley PLC","http://www.ross.info/","British Indian Ocean Territory (Chagos Archipelago)","Diverse systemic paradigm","1979","Arts / Crafts","791"
"8100","1e6d7637Ec8A6db","Flores, Bailey and Zuniga","http://www.gillespie.com/","Saint Helena","Profit-focused uniform success","2007","Education Management","9497"
"8458","F5BCDbFe2AFdcad","Brooks-Proctor","https://hopkins.com/","France","Mandatory fresh-thinking standardization","1970","Sports","8750"
"8157","009a9Ca1E9a2f32","Mayo, Yates and Weaver","https://www.bush.org/","Maldives","Innovative regional ability","1970","Industrial Automation","9847"
"7894","D1ef9bc2bBda5ba","Blankenship-Gould","https://ramsey.com/","Saint Pierre and Miquelon","Down-sized dedicated secured line","1987","Public Relations / PR","2624"
"1554","0A171BD79Ca15CF","Benitez PLC","http://www.levy.net/","Equatorial Guinea","Pre-emptive real-time info-mediaries","1982","Biotechnology / Greentech","948"
"241","fcbB87dB3871fCb","Golden Inc","https://austin.info/","Austria","Stand-alone reciprocal toolset","2019","Defense / Space","8513"
"784","6c772Bf2fe9c66B","Holder, Pope and Holt","https://galvan.info/","Pakistan","Face-to-face holistic hub","1994","Apparel / Fashion","2735"
"3067","40a6EbD060D8d5F","Holder PLC","https://price.com/","Estonia","Fully-configurable bifurcated project","2006","Human Resources / HR","741"
"978","d7AA6c9eD5daDeD","Alexander, Todd and Park","https://boyer.com/","Cook Islands","Ergonomic cohesive throughput","1996","Information Technology / IT","472"
"2942","3Af8cDE68AaC628","Trevino, Aguilar and Miranda","http://contreras.net/","Guinea","Horizontal human-resource knowledgebase","2004","Sports","5068"
"5378","345710b1BAEDFde","Dillon-Monroe","https://johns-schmidt.net/","Saint Vincent and the Grenadines","Reverse-engineered actuating software","2004","Mining / Metals","3730"
"4731","d15EAa49B6bE9BD","Stone, Larsen and Pope","https://www.benitez.com/","France","Enhanced foreground adapter","1980","Railroad Manufacture","2814"
"1621","ed8e8D42191516f","Frazier, Carr and Villa","https://maddox.net/","Guadeloupe","Object-based system-worthy methodology","2005","Gambling / Casinos","1650"
"2147","B89E1BDA3BB6b68","Fox-Rivera","https://valenzuela-dawson.com/","Zambia","Profound radical customer loyalty","1977","Transportation","5660"
"1802","0159F7ceeE103b8","Conner, Shaw and Buckley","http://hardy-solomon.org/","Mongolia","Team-oriented interactive structure","2005","Farming","3530"
"2096","5De6A3e5f18e3Df","Frost-Dougherty","http://www.pierce.com/","Finland","Assimilated contextually-based core","2006","Philanthropy","6255"
"6075","9dFC5acB3b7Eb7B","Griffin-Braun","https://keith-brooks.com/","China","Customer-focused exuding standardization","2009","Legislative Office","993"
"5246","3B84751e5c0D8aF","Lawson, Rocha and Leon","https://www.wyatt.com/","French Guiana","Managed directional policy","1994","Recreational Facilities / Services","370"
"1358","3d7B6C03E6DC6DB","Keith-Poole","https://www.wallace.info/","Belize","Public-key uniform capacity","2017","Machinery","5085"
"8064","B6C4bFeEEfb6972","Hayes PLC","https://mccann.com/","Guinea-Bissau","Upgradable eco-centric open system","1982","Warehousing","6455"
"6051","ad5C07fE3B8FFFA","Wilkins-Howard","https://www.mayo.com/","Sierra Leone","Assimilated methodical application","1985","Hospital / Health Care","5353"
"8369","bDFB771Fb4Aac54","Jefferson, Levine and Perkins","http://www.hendrix-parks.net/","China","Monitored content-based productivity","1982","Defense / Space","1820"
"6018","9fFb7B6beceaDd8","Blair, Leonard and Brown","https://kemp-wagner.com/","Rwanda","Public-key disintermediate contingency","1987","Outsourcing / Offshoring","2921"
"9932","bB7a60B1CE7BD1a","Cardenas, Mcconnell and Ross","https://holmes.org/","Thailand","Multi-channeled value-added contingency","2007","Judiciary","898"
"8770","aEA9d2A92eeE25f","Michael, Caldwell and Joseph","https://www.solis.com/","Turkmenistan","Sharable attitude-oriented contingency","1983","Financial Services","7887"
"7504","48542405e78cb2f","Wolf-Beltran","http://www.campos-hamilton.com/","Lesotho","Reduced bottom-line data-warehouse","1981","Chemicals","7759"
"1610","060ab8Dac1ed7BB","Steele, Arias and Bray","https://joseph.biz/","Slovenia","Robust non-volatile definition","2003","Military Industry","7070"
"3097","e364e2dF9a1fd0D","Skinner, Long and Mcgrath","http://www.duran.com/","Mauritania","Robust discrete utilization","2012","Military Industry","6901"
"9772","D5FD3fCe76Fa0ae","Walker, Yoder and Miller","https://lucas.com/","Bangladesh","Customer-focused 3rdgeneration throughput","1975","Events Services","3798"
"2416","4f8eb0b1eFFEc58","Clark-Page","http://mosley-hamilton.com/","Tuvalu","Universal radical Graphic Interface","2006","Airlines / Aviation","8399"
"2018","bDaC4C2f5d3B2f1","Sellers, Allison and Shields","http://www.mcpherson.com/","Korea","Focused stable open architecture","1993","International Affairs","1064"
"6019","A6CCF7B38cC96ED","Colon, Christian and Duarte","https://www.cunningham-boyer.org/","Austria","Ameliorated maximized portal","2017","Arts / Crafts","8131"
"4126","DE8e0A8b767dBFB","Pollard, Lynch and Fritz","https://zamora.info/","Uzbekistan","Profound 6thgeneration protocol","1999","Computer Software / Engineering","3807"
"9803","83ABfaFEB385d1d","Lawrence, Gregory and Farrell","https://burns-ponce.info/","Maldives","Self-enabling secondary infrastructure","2002","Military Industry","1249"
"3247","AF1d9D76CAe34d7","Hopkins Inc","http://lane.net/","Antigua and Barbuda","De-engineered content-based toolset","1977","Chemicals","6949"
"125","Fb6CFE03c1AFfD0","Schneider Ltd","https://savage-mann.com/","Kenya","Secured optimizing instruction set","2010","Library","2601"
"6426","5f57a98264DBCA2","Hebert PLC","http://rojas.com/","Netherlands Antilles","Polarized explicit moderator","1981","Think Tanks","8733"
"5309","DA1143Ae073fa45","Hogan Group","http://www.gamble.net/","Czech Republic","Team-oriented high-level complexity","1971","Health / Fitness","9810"
"7464","d7C85D3dE1A08Ba","Cameron, Marks and Herrera","http://henderson.net/","Congo","Optional zero-defect interface","1994","Tobacco","1890"
"9158","7AAdcbfCF917C06","Cortez LLC","http://watkins.org/","Ireland","Switchable 4thgeneration encryption","2018","Motion Pictures / Film","6739"
"3342","bCB1A658bD58AcE","Avery Inc","https://www.brock-sampson.info/","United Kingdom","Monitored 6thgeneration focus group","2016","Biotechnology / Greentech","8345"
"599","1f535A7FDFb28af","Stuart-Dunn","http://www.cardenas.org/","Saudi Arabia","Universal exuding complexity","1973","Environmental Services","327"
"2124","0B22e09DC6B741C","Carr, Garner and Frye","http://www.rosario.net/","Myanmar","Extended motivating groupware","1971","Hospital / Health Care","871"
"9499","d9A4Ba3b9da65ff","Holland-Bates","http://beard-hogan.com/","Andorra","Object-based high-level migration","2005","International Affairs","6257"
"7686","0Ef5f5EF693bdaa","Collier-Lutz","http://www.flores.com/","Mayotte","Organic 6thgeneration hardware","1981","Public Safety","8252"
"7050","7B70FABbef5bCaE","Copeland-Fox","http://www.kline.com/","New Caledonia","Switchable tangible website","2007","Environmental Services","140"
"9662","42ee7a34A4a5F61","Medina-Krause","https://www.garrett.com/","Kenya","Public-key reciprocal challenge","1990","Packaging / Containers","5978"
"2198","8a6261bD1EC6ad3","Villegas Group","http://www.hayden.com/","Thailand","Seamless asymmetric migration","2019","Leisure / Travel","9889"
"4052","82C6cA77b79A0AB","Carter, Carey and Conner","https://lang-jacobson.org/","Saint Pierre and Miquelon","Visionary stable budgetary management","1971","Real Estate / Mortgage","1450"
"6055","E2B6Edae13c10Ac","Morales and Sons","https://www.preston.com/","Afghanistan","Polarized system-worthy ability","1992","International Trade / Development","9118"
"3363","E1ffB65bAB4fBf3","Gaines-Aguilar","https://le-calderon.net/","Brunei Darussalam","Synchronized composite circuit","1972","Outsourcing / Offshoring","8739"
"6852","20D4b77d6eb6C07","Chen, Gordon and Fisher","http://www.cochran.biz/","Sao Tome and Principe","Profit-focused foreground conglomeration","2014","Arts / Crafts","240"
"726","F728B55f91aaE1c","Frye and Sons","https://trujillo.org/","Wallis and Futuna","Function-based real-time customer loyalty","1988","Broadcast Media","4435"
"4935","Da90d4d1B0f9D6a","Deleon-Duran","http://oconnell-holt.biz/","Senegal","Monitored 5thgeneration database","1973","Library","5074"
"979","26d3fA30aa8eC2E","Valenzuela-Watts","http://www.braun-greene.info/","Tajikistan","Total real-time projection","2012","Food Production","4275"
"809","E5622E438b9218A","Richmond-Marshall","https://www.coleman.com/","Cambodia","Optimized stable data-warehouse","1983","Tobacco","196"
"9604","2dA2C912aA24bC1","Hoffman Ltd","http://roberson.net/","Mali","Cross-group encompassing migration","1970","Shipbuilding","2701"
"1476","E4aDdb1cfa6Bfa4","Summers PLC","https://buchanan-weber.com/","Dominican Republic","Ameliorated tangible Graphical User Interface","2008","Utilities","8433"
"5936","b2c3cDaFcee2Ce6","Burgess, Gamble and Mora","http://proctor-weeks.net/","Saint Lucia","Function-based analyzing task-force","2011","Primary / Secondary Education","9640"
"9037","919D1B38fb39E07","Beltran and Sons","https://www.salazar.org/","Bermuda","Grass-roots human-resource artificial intelligence","1987","Design","8608"
"7336","332C8B634B1e735","Vasquez LLC","http://www.hahn-clay.info/","Malawi","Robust 5thgeneration info-mediaries","1993","Wholesale","756"
"3963","f19dC60dbC7EbB6","Hurley-Luna","https://www.sherman.biz/","Italy","Enterprise-wide solution-oriented artificial intelligence","2016","Human Resources / HR","1375"
"6423","ac1441Bf7efdE9F","Carney-Crosby","http://carney.org/","Indonesia","Public-key motivating model","2016","Legislative Office","5485"
"4906","e22C21c05DDa617","Simmons-Terrell","https://www.dillon-mcneil.biz/","Venezuela","Ergonomic even-keeled benchmark","1986","Medical Equipment","5305"
"1236","34de0453f220dfe","Parks-Boyle","https://www.jefferson.com/","Cote d'Ivoire","Configurable modular hub","1975","Think Tanks","4878"
"1226","01EBcFfadFBFD6B","Hurst Group","http://glass.net/","Solomon Islands","Focused 5thgeneration knowledgebase","1984","Luxury Goods / Jewelry","6789"
"8050","eB07be6cea4eD4e","Dalton-Bautista","http://christensen.org/","Cuba","Open-architected clear-thinking groupware","1994","Food / Beverages","2121"
"9279","B33de09Bee2DAfb","Maddox, Cherry and Singh","https://finley-powers.net/","Reunion","Customer-focused composite encryption","2005","Consumer Services","6251"
"8672","fEc3e33EdEBDFaF","Price, Armstrong and Dudley","http://www.rose.org/","Canada","Implemented user-facing neural-net","2000","Writing / Editing","1045"
"5230","080fa5deCB8E429","Parks, Rowland and Velasquez","https://www.atkins.com/","Faroe Islands","Operative 5thgeneration methodology","1995","Tobacco","6762"
"6951","cC5b5151e28b06C","Davenport, Leon and English","https://www.beasley.info/","Netherlands","Team-oriented mobile conglomeration","2004","Financial Services","9344"
"3218","B7deED5EEDADaE3","Wise, Thompson and Davenport","https://www.beck.com/","Guyana","Robust neutral approach","1980","Graphic Design / Web Design","8968"
"288","e0c2f9CdA120F00","Chang, Mullins and Gilbert","https://andrade.com/","Turks and Caicos Islands","Advanced optimizing attitude","1993","Graphic Design / Web Design","815"
"5024","0eB20ADE69Fdb02","Salas, Mccann and Conley","http://www.buchanan.net/","Kiribati","Networked 5thgeneration frame","1993","Management Consulting","6843"
"2967","81e9dB27fcFDDDD","Acevedo PLC","https://novak-stone.org/","Argentina","Multi-tiered zero tolerance contingency","1970","Shipbuilding","2808"
"3165","50e1ddFbBdE1baB","Sheppard, Tucker and Ryan","https://www.english-gamble.com/","Indonesia","Visionary empowering emulation","1979","Writing / Editing","6445"
"6004","6aA7d272e3bE9dd","Morse PLC","http://armstrong.info/","Guinea-Bissau","Upgradable responsive productivity","2022","Nanotechnology","5314"
"8888","572dc7CACAD68b8","Vargas-Ramsey","http://davenport.net/","Guatemala","Configurable actuating archive","1989","Staffing / Recruiting","4054"
"1658","50B8bFE1Fd4e276","Raymond, Ward and Davila","http://roberts.com/","Estonia","Reverse-engineered optimal protocol","2019","Security / Investigations","4403"
"1976","A0Cafe7173d1B73","Ray and Sons","http://www.dunlap-grant.net/","Burkina Faso","Multi-layered fresh-thinking moratorium","2006","Media Production","1220"
"2398","dEFa224CEfFce9c","Bryant Group","http://www.galvan.com/","Heard Island and McDonald Islands","Object-based explicit help-desk","1993","Media Production","2946"
"453","3CFCEA517928d6f","Kirby-Boyd","http://sutton.net/","Congo","Optional secondary policy","1978","Tobacco","4539"
"8031","DfAE41a3cbEcbAE","Stout, Gillespie and Pierce","http://bowers.org/","Liechtenstein","Seamless disintermediate capability","1999","Architecture / Planning","9519"
"4697","8A2A722FD4a7FBA","Guerra, Dunn and Gregory","http://nunez.com/","Kyrgyz Republic","Reduced system-worthy circuit","1978","Staffing / Recruiting","9802"
"3682","f5BE14cC6A3ACDB","Rose-Mclean","http://www.simmons-neal.com/","Paraguay","Diverse client-server benchmark","1984","Professional Training","1161"
"423","A6cBe57CDbc87c2","Hull Ltd","http://raymond.org/","United Arab Emirates","Face-to-face user-facing function","1983","Venture Capital / VC","8174"
"9726","5E9964Aeb588bCC","Poole, Lopez and Hensley","https://everett.info/","Malaysia","Intuitive 24/7 policy","1997","Oil / Energy / Solar / Greentech","4010"
"658","168e54aBe0ad889","Richard-Oconnor","https://www.hurley-king.com/","Slovenia","Networked impactful standardization","1982","Automotive","1808"
"3302","E0949eA5E9d42CF","Vaughn, Orr and Larson","https://riggs.com/","Slovakia (Slovak Republic)","Managed multi-state database","1997","Security / Investigations","5709"
"6395","f8208cA0E1AFB6b","Wallace Inc","http://compton-fisher.com/","Falkland Islands (Malvinas)","Synergistic actuating monitoring","1972","Information Services","3951"
"2846","71b17cefAdD0c4D","Sparks-Guerra","http://oneill.com/","Guernsey","Fully-configurable dynamic groupware","1992","Staffing / Recruiting","2230"
"8292","DD3fedA14eC67C5","Fritz Ltd","http://foley.com/","Canada","Virtual intangible framework","2009","Design","2978"
"7498","FbB77f7d2e6DE5b","Holland, Mcneil and Hayden","https://kim-peck.info/","French Southern Territories","Distributed web-enabled extranet","1985","Supermarkets","3921"
"1002","34De04E270DEfD6","Castaneda-Pierce","https://www.mercado.com/","Indonesia","Integrated 24/7 extranet","1981","Insurance","2911"
"4199","fE3edc5CEd76Aca","Villa, Mccann and Church","https://bowman.biz/","Switzerland","Decentralized disintermediate structure","1987","Oil / Energy / Solar / Greentech","516"
"2419","bda52d6bfb6F825","Grimes-Garza","http://phelps.com/","Antigua and Barbuda","Cross-platform client-server secured line","2003","Cosmetics","8862"
"7483","bbB01BF89d053C9","Lozano and Sons","http://phillips.org/","Brunei Darussalam","Grass-roots disintermediate info-mediaries","2007","Individual / Family Services","7417"
"5707","9eF1FE40eDA475a","Carroll, Weaver and Fox","http://contreras-hardy.com/","Bermuda","Cross-platform regional initiative","1993","Furniture","5390"
"3848","3C3C6aCd3CcfDfE","Glenn-Hodges","http://www.francis-hinton.com/","Botswana","Devolved holistic challenge","2001","Mental Health Care","1307"
"962","A1a56FBa3bE1AAF","Hensley-Terrell","https://knight.net/","Brunei Darussalam","Assimilated radical moderator","1980","Aviation / Aerospace","1380"
"1581","F0CD31ed72124fe","Cooke, Howe and Maxwell","http://www.cameron.info/","Mauritius","Balanced analyzing Graphic Interface","1988","Ranching","6051"
"5008","a6ad8DDa4Ace2eb","Barr Ltd","https://www.rice-newman.biz/","Kuwait","Visionary explicit alliance","1984","Sporting Goods","2618"
"2207","2C8e88bf4303e86","Rose Ltd","http://collins-golden.org/","Iraq","Reverse-engineered multimedia frame","1979","Outsourcing / Offshoring","5997"
"6313","e4B7e1d49ff6cE8","Weaver PLC","http://vincent-dalton.com/","Niue","Innovative heuristic capability","2002","Consumer Services","1340"
"9563","E14D451E1c5527b","Sullivan-Nguyen","https://www.hampton-rojas.com/","Guam","Future-proofed intangible parallelism","1997","Farming","3330"
"4232","458Fdb3e898d149","Buck-Nash","https://ho.biz/","Wallis and Futuna","Up-sized background superstructure","1988","Photography","3371"
"758","43265Be5c20a2eb","Hall-Novak","https://cummings-glover.com/","Honduras","Cross-platform contextually-based knowledge user","2003","Warehousing","5112"
"2285","a10dF2a8eAB7122","Foley-House","http://jordan.com/","Jamaica","Robust uniform strategy","1982","Media Production","6581"
"6664","cC670CDef6bbcF3","Griffith Inc","http://parrish.biz/","Turkey","Pre-emptive system-worthy help-desk","2015","Furniture","2245"
"4756","5BBc2DFA38F6eEb","Swanson, Freeman and Bishop","https://mccoy.info/","Mexico","Robust bi-directional website","1998","Non - Profit / Volunteering","3808"
"8212","eCB09a35caDa8d2","Mclaughlin-Sweeney","http://www.carrillo.com/","Tokelau","Inverse impactful instruction set","2014","Insurance","5023"
"808","4b3cc300Ba7ebB9","Moreno-Mosley","http://www.velez.org/","Swaziland","Reactive secondary approach","1977","Commercial Real Estate","6546"
"6576","CdCaCCA2380A65F","Walters LLC","http://wilkerson.org/","United States of America","Managed reciprocal algorithm","2021","Renewables / Environment","2694"
"7720","b0EaeC38E45bFb3","Duarte-Hicks","http://humphrey.com/","Uzbekistan","Switchable leadingedge benchmark","2001","Outsourcing / Offshoring","530"
"1957","f732dFDCA66f8Bf","Ibarra Group","https://www.spencer-davila.com/","United Arab Emirates","Synchronized solution-oriented installation","1984","Museums / Institutions","6917"
"2446","532B166E93d3e75","Ballard and Sons","https://www.crosby.com/","Sao Tome and Principe","Reduced bi-directional framework","2003","Music","8896"
"5876","60ecDCeADb69BfD","Mitchell LLC","http://knox-stewart.com/","United States Virgin Islands","Multi-channeled logistical open architecture","1985","Design","2639"
"8164","96FD37cB7d4637F","Hines-Drake","http://www.soto.com/","Ireland","Centralized transitional productivity","2003","Insurance","2513"
"6139","7fFA8e055614E42","Blackburn-Berger","http://kramer.org/","Holy See (Vatican City State)","Sharable leadingedge knowledge user","2016","Biotechnology / Greentech","1354"
"2403","FC5Dd8F35B74384","Molina, Golden and Bennett","http://www.petersen.com/","Guatemala","Multi-tiered background architecture","1977","Veterinary","5999"
"1074","025A3099C7beb66","Raymond-Blake","https://www.palmer.com/","Singapore","Reactive regional policy","1973","Telecommunications","4057"
"6558","9BfcCAE6ECdee4a","Lucero, Barnes and Gilmore","https://www.burke-cochran.biz/","Togo","Phased heuristic application","1978","Food Production","7129"
"4241","5BD9c1301F7ca1c","Bernard, Woodard and Shannon","http://www.horne.net/","Greenland","Configurable interactive Internet solution","1974","Textiles","5586"
"8510","fdCA3B66167E93E","Brady-Cain","https://arnold-sullivan.com/","Cyprus","Vision-oriented grid-enabled moderator","2001","Semiconductors","4739"
"2092","5CF903797FD54dA","Villa Group","http://www.pugh.net/","Turkey","Sharable bifurcated moratorium","1986","Translation / Localization","4524"
"4528","7354aA6Ac5CD6AA","Ewing-Molina","http://nguyen.com/","Saint Barthelemy","Inverse value-added monitoring","2010","Hospitality","2858"
"7203","3aB0BC1bb98Da35","Glass-Gilbert","http://rose.com/","Ukraine","Organic dedicated emulation","1971","Architecture / Planning","7715"
"6796","1Ea6bdb5B12BEFC","Guerrero, Thomas and Mccarthy","http://wheeler.info/","Malaysia","Right-sized transitional function","1978","Public Safety","5602"
"7238","b2b49eeF2A0fFc7","Peck Ltd","http://miranda.com/","Djibouti","Diverse modular Internet solution","2015","Arts / Crafts","6939"
"7423","CD39aA04E53AdCB","Roman-Johnson","http://huynh.com/","Macedonia","Streamlined zero-defect forecast","1987","Textiles","2301"
"6850","63faeff422abF29","Wilkerson, Castro and Levy","http://www.carter-farrell.com/","Korea","Total optimizing capability","2010","Semiconductors","1084"
"6837","75Ba3F2A5e6f9eD","Benitez, Logan and Mercer","https://meza-gonzales.org/","Timor-Leste","Open-source global process improvement","2003","Program Development","3807"
"1004","EbB7Ecf173a9b10","Carson-Wiggins","https://www.ruiz.com/","Pitcairn Islands","Networked systemic collaboration","1995","Packaging / Containers","9635"
"9100","Dc3ACeBcbE6BFCe","Harper-Obrien","http://www.burgess.org/","Mozambique","Implemented responsive encoding","1986","Museums / Institutions","8253"
"6563","89650BF37Bc5DED","Hood and Sons","https://cantrell-rasmussen.info/","Niue","Advanced local knowledgebase","1990","Computer / Network Security","9312"
"5615","BBbD52c1fEca3A4","Davies-Summers","https://bartlett-newman.com/","Bahrain","Operative methodical open architecture","2006","International Trade / Development","6387"
"4652","eabE63ba0c21fED","Espinoza PLC","https://small.com/","Tajikistan","Integrated hybrid attitude","1972","Wireless","176"
"5314","D215c4eE0E3308E","Davila, Crawford and Mccarthy","https://www.raymond-rodgers.com/","Libyan Arab Jamahiriya","Fundamental national analyzer","1993","Railroad Manufacture","7631"
"1486","534b359F6aebe9E","Meadows-Chang","http://www.kirk.net/","Saint Martin","Fundamental zero-defect analyzer","2006","Electrical / Electronic Manufacturing","2889"
"7608","c79afBcabF12cc3","Burke, Olsen and Dillon","https://bolton.net/","Belarus","Team-oriented intangible synergy","1990","Paper / Forest Products","3053"
"1412","E6ca715fbC634b2","Montoya-Maynard","https://crane-forbes.net/","Macao","Optimized national installation","1982","Executive Office","7445"
"9304","39Cf94D7B6DEd34","Harrington-Shaffer","http://www.foster.info/","Maldives","Sharable incremental leverage","2006","Utilities","1128"
"710","eE00c0A19f5edD6","Donaldson-Glass","https://macdonald.org/","United States Virgin Islands","Synergized eco-centric hardware","2003","Events Services","2371"
"9807","FC1AfC5865b59d3","Carey-Wong","http://mercer-vaughan.com/","Jersey","Future-proofed multi-tasking encryption","2010","Library","497"
"8043","Fe0Fd49bbA3970B","Oliver PLC","http://elliott.com/","Indonesia","Object-based logistical benchmark","1984","Chemicals","5808"
"7212","d5ABc459692cCC0","Mahoney and Sons","http://www.byrd-richardson.com/","Israel","Fundamental multi-tasking customer loyalty","2020","Judiciary","1058"
"3077","FBb0b5cf6Aa0dd3","Castillo Inc","https://www.underwood.com/","Norway","Synergized well-modulated concept","1973","Chemicals","9444"
"8315","99F5fdD96B3FBc9","Frank-Fields","http://abbott.net/","Mauritania","Configurable analyzing throughput","2010","Warehousing","9914"
"4102","00a5464cCb71Ecb","Salinas and Sons","http://hays.com/","Pitcairn Islands","Enhanced well-modulated paradigm","2014","Human Resources / HR","8011"
"5115","1cBcC2fFc49bEd0","Pitts, Ortiz and Golden","http://www.hamilton.com/","Gibraltar","Monitored directional artificial intelligence","2007","Architecture / Planning","7305"
"2723","ee4C37B7fAcF2C7","Finley, Chung and Woodward","http://www.small.com/","Poland","Multi-tiered web-enabled array","1976","Utilities","4208"
"9360","5d97D11569EB66A","Phillips, Trevino and Lee","https://www.leach.com/","Seychelles","Robust directional customer loyalty","2000","Retail Industry","5399"
"1269","772e0BDbaFCaE3C","Blackburn-Carlson","http://www.scott.com/","Lao People's Democratic Republic","Persevering dynamic time-frame","2013","Internet","4714"
"2463","9799a2457bFAEA2","Willis LLC","http://www.ayala.net/","Grenada","Total user-facing parallelism","2007","Package / Freight Delivery","7047"
"5465","adc0C8bAfe3Fca4","Merritt, Walls and Huber","https://hensley.org/","Bhutan","Enhanced hybrid secured line","2011","Business Supplies / Equipment","6107"
"269","0cc7a6aeA3e1E08","Moreno-Saunders","http://butler.net/","Grenada","Exclusive 6thgeneration instruction set","2017","Computer Games","722"
"3581","d1fF4c4Ae89D5FE","Murillo-Nash","https://collier-washington.org/","Cayman Islands","Assimilated regional process improvement","2006","Accounting","3015"
"5350","C57441CBF694997","Frey PLC","https://www.burgess.com/","Burundi","Face-to-face mobile task-force","1985","Photography","8900"
"7291","8bFbf45A22483e5","Yang Inc","http://www.hopkins-novak.com/","British Indian Ocean Territory (Chagos Archipelago)","Multi-tiered intangible hierarchy","2019","Building Materials","3324"
"5158","cC249A9559f984A","Barnes-Andrade","https://parks-johnston.info/","United Kingdom","Multi-lateral uniform focus group","2004","Consumer Services","7250"
"6602","3ed2ab61b0b5107","Wyatt Group","http://rich.com/","Trinidad and Tobago","Balanced zero administration Graphical User Interface","1973","Judiciary","8471"
"2822","6edCbDcda6F4dCC","Gutierrez, Zuniga and Haas","https://www.robinson.com/","Micronesia","Organized background customer loyalty","1982","Railroad Manufacture","8059"
"5808","F27abC6C27d4F10","Christian-Goodman","http://campbell.com/","Chile","Automated discrete artificial intelligence","1972","Capital Markets / Hedge Fund / Private Equity","8351"
"590","2c83D0f7ccca676","Ramsey-Franklin","http://randall.com/","Western Sahara","Polarized cohesive Local Area Network","1999","Warehousing","3749"
"5956","73DcbCe5C2203b2","Mcfarland, Galvan and Daniels","http://www.kane.com/","Holy See (Vatican City State)","Customizable national knowledgebase","1993","Glass / Ceramics / Concrete","365"
"5255","Fa2A6244D4563a2","Dennis-Collins","http://www.cruz.info/","Guinea","Operative zero tolerance knowledgebase","1970","Gambling / Casinos","6983"
"6662","80b65E57ccAcCaa","Lawson PLC","http://www.campbell.com/","Palestinian Territory","Advanced static algorithm","2014","Utilities","8226"
"7657","0FBE7EA1Af1D495","Bradford-Nielsen","http://anderson.net/","Guam","Triple-buffered national focus group","1973","Alternative Dispute Resolution","3551"
"8726","85feB3bE93bAa4D","Rogers Group","https://www.winters.org/","New Zealand","Programmable homogeneous encryption","2011","Electrical / Electronic Manufacturing","973"
"6897","0a8acE433bC03C5","Day and Sons","http://www.houston.com/","Lesotho","Ergonomic high-level orchestration","1993","Education Management","8730"
"7595","E0911307B1b4dEa","Powers, Hughes and Estrada","https://www.cochran.com/","Venezuela","Multi-channeled holistic standardization","2015","Education Management","4226"
"2029","B2AF3Cfed10B8f7","Doyle-Pierce","https://hull.info/","Saint Vincent and the Grenadines","Pre-emptive actuating solution","2013","Medical Equipment","2308"
"6819","7eb51Bb9c9Ac634","Turner, Burton and Beltran","http://www.watson.com/","Norfolk Island","Exclusive explicit open system","2018","Industrial Automation","9227"
"678","9d37dAcBC7FdfAa","Werner Ltd","http://www.silva-hester.org/","Bolivia","Organized foreground methodology","1974","Management Consulting","5008"
"5764","f2EE4c4eAC9396F","Burton, Suarez and King","http://hurst-gentry.com/","Taiwan","Expanded heuristic moderator","2020","Investment Management / Hedge Fund / Private Equity","3312"
"1233","aD4B0d4465ECe1E","Haynes Ltd","http://daugherty-taylor.com/","Tonga","Open-source transitional data-warehouse","2014","Tobacco","2466"
"5297","040aec19deEb9Fe","Lyons Ltd","http://www.browning.com/","Namibia","Triple-buffered actuating benchmark","2018","Public Safety","8387"
"7104","8fab7Ac8FF78cE5","Mccall, Curtis and Dickson","http://www.morgan.org/","Bahrain","Ergonomic dynamic throughput","2002","Online Publishing","4801"
"5035","bf89efcA22eABBA","Keller and Sons","http://arroyo.com/","Armenia","Profound fresh-thinking hierarchy","1999","Venture Capital / VC","6546"
"5453","B971cc453f24Ac3","Lam Group","https://www.richardson.biz/","Netherlands Antilles","Future-proofed mission-critical analyzer","2006","Publishing Industry","7650"
"2433","BcEB3F45DdA460D","Gross, Ellis and Cobb","https://www.pineda.info/","Algeria","Fundamental intermediate time-frame","2014","Information Technology / IT","8779"
"6320","a5ebCc9fFD8cEFe","Mooney-Gentry","http://melendez.info/","Dominica","Exclusive reciprocal pricing structure","1973","Higher Education / Acadamia","5844"
"6120","eEFaeBFCaDEE7bB","Fowler-Shepard","http://rivas.info/","Western Sahara","Networked composite matrix","1998","Information Services","6771"
"9159","633EBBCaa733a7E","Foster-Lin","http://dudley-greer.info/","Iraq","Reverse-engineered didactic knowledgebase","1989","Military Industry","1479"
"9954","e41cA686c1aCBdC","Macdonald Inc","http://www.lynn.org/","Saint Vincent and the Grenadines","Cloned analyzing open architecture","1973","Professional Training","592"
"897","016edF9bD6Cf976","Kaiser Ltd","https://stephens.info/","Brazil","Ameliorated incremental hierarchy","1990","Wireless","5794"
"1612","13d229D03cF0FdB","Sawyer Inc","http://gibbs-cline.net/","Singapore","Cross-platform mobile knowledge user","1993","Museums / Institutions","9244"
"6475","f645B10cFf1bE45","Moses LLC","http://huber-parsons.net/","Saint Pierre and Miquelon","Right-sized modular analyzer","1974","Tobacco","1893"
"7662","ddb20EEE6cee607","Garcia, Murray and Atkinson","https://stokes.com/","Tanzania","Optional asynchronous toolset","2004","Retail Industry","6276"
"7461","9b7EA4396bA5DE3","Hood, Stevenson and Riggs","http://acosta-barajas.info/","Madagascar","Upgradable bifurcated middleware","2003","Logistics / Procurement","1773"
"3807","CCEfe09a5a963DB","Schroeder Inc","https://www.santos.com/","Israel","Grass-roots methodical encryption","2003","Printing","1278"
"8274","CA4e11eB0c6a4de","Costa and Sons","https://www.hoffman.com/","Iraq","Cross-group mission-critical open architecture","1992","Motion Pictures / Film","3385"
"9452","d8baDDEC67d209d","Gentry, Weiss and Rasmussen","http://robertson.com/","Taiwan","Optional multi-state conglomeration","2003","Broadcast Media","519"
"4702","aeA001bBd4E4A7F","Humphrey Group","https://coleman-moon.com/","Benin","User-centric non-volatile capacity","2009","Internet","9957"
"3962","4ffF465cedBaBac","Solomon, Travis and Matthews","https://barrera.org/","Saint Lucia","Pre-emptive upward-trending capacity","1998","Civic / Social Organization","4622"
"5418","611fcB69Ed5B5ea","Sanchez-Graves","https://waller.org/","South Georgia and the South Sandwich Islands","Ameliorated intermediate hub","2009","Philanthropy","9786"
"891","f46fb1C5e2b9Bd2","Marsh, Henderson and Watts","http://welch-cook.com/","Kenya","Realigned upward-trending frame","1974","Fishery","7957"
"5000","C2CEcdE2A3A13bA","Mitchell LLC","https://hebert.net/","Croatia","Decentralized multi-state conglomeration","1970","Newspapers / Journalism","5304"
"7507","FD9ed6CA54149b5","Bailey Ltd","http://holder.com/","Nigeria","Streamlined client-server utilization","2005","Think Tanks","7013"
"7882","e844cc96a2a1f9c","Cunningham-Ellison","https://stein.net/","Norway","Total didactic moderator","2009","Hospitality","5152"
"5096","0FffCCcF0fb0aA1","Wang-Archer","http://www.ibarra.info/","Dominica","Mandatory explicit productivity","1977","E - Learning","6027"
"6933","De00dd5D7db8e18","Kerr, Hogan and Robertson","http://frank.com/","Vanuatu","Cloned optimizing concept","1979","Computer / Network Security","6945"
"9618","Ad86F0B738cb8aa","Jensen Ltd","http://brooks-bruce.com/","Kuwait","Inverse needs-based middleware","2004","Graphic Design / Web Design","1089"
"2800","6b718Ae3098CD15","Bowman Group","http://woods.com/","Slovakia (Slovak Republic)","Advanced mobile open system","1975","Alternative Dispute Resolution","2958"
"585","81bd6b7c02634CC","Petersen PLC","https://www.mckenzie-phelps.net/","United States of America","Focused executive groupware","2022","Design","4180"
"3269","ab5a661cDcc8d9c","Bentley, Good and Kelly","http://meadows-carrillo.net/","American Samoa","Virtual asynchronous application","1980","Packaging / Containers","8033"
"3933","bA8581bCf5AbEe5","Solis, Rivera and Sweeney","http://www.padilla-pittman.com/","Somalia","Visionary 6thgeneration moderator","2003","Real Estate / Mortgage","1515"
