"Column_1","Column_2","Column_3","Column_4","Column_5","Column_6","Column_7","Column_8","Column_9"
"1145","16217fAA734E34e","Lara Ltd","http://www.carney-benjamin.info/","Iran","Balanced executive ability","2003","Construction","3071"
"4249","C2b7EFAC02D54B4","Holland-Kaufman","https://www.beltran-bentley.com/","Bolivia","Fundamental context-sensitive support","1990","Newspapers / Journalism","2172"
"4111","F5DedB3CA4C455f","Goodwin, Hobbs and Haley","https://bell-watkins.com/","Andorra","Sharable responsive parallelism","1993","Renewables / Environment","3999"
"463","9DDedAdEcced809","Zamora LLC","https://donaldson.com/","Austria","Secured optimal superstructure","2001","Textiles","2711"
"2933","32Dc0b2aacAAFC7","Dunlap-Gregory","https://garcia.com/","South Georgia and the South Sandwich Islands","Upgradable fault-tolerant encoding","2000","Fine Art","9110"
"4624","E0A5D57504b2D5c","Page-Frost","https://www.michael.net/","Uzbekistan","Up-sized fresh-thinking functionalities","2004","Mining / Metals","4010"
"3814","F15622Edd70fB7E","Holden-Ewing","https://jacobs-guzman.com/","Cocos (Keeling) Islands","Programmable attitude-oriented hierarchy","1970","Recreational Facilities / Services","5145"
"6309","5D160413CFcCFe7","Underwood-Ibarra","http://www.oliver.com/","Timor-Leste","Profit-focused 4thgeneration intranet","2009","Building Materials","6553"
"4342","C0cCCaffBfdCC9e","Joyce-Guerra","https://www.scott.com/","Heard Island and McDonald Islands","Organic directional initiative","2019","Automotive","9778"
"5301","3eC6DB29Bd6ad0f","Clark-Gomez","http://www.jackson-sims.com/","Chad","Customer-focused optimizing definition","1996","Library","809"
"6805","bE4DEeD47a7cc9B","Mejia-Hunt","https://www.fisher.com/","Russian Federation","Right-sized eco-centric orchestration","2005","Fundraising","5078"
"3283","87e8E4dAd1Da40C","Browning, Lamb and Roach","http://flores.info/","Cote d'Ivoire","Grass-roots secondary conglomeration","1995","Medical Practice","6067"
"2575","4eab670d6b1c1A0","Maynard, Gonzalez and Mejia","https://www.lowery.com/","Tunisia","Phased 4thgeneration project","1995","Public Relations / PR","9296"
"7962","beC9B740988eC53","Perkins-Crawford","http://www.vang.net/","Holy See (Vatican City State)","Devolved executive middleware","1980","Food Production","510"
"7880","a2A4DAFEE971Dd0","Shannon PLC","https://bean.com/","France","De-engineered radical product","1990","Computer Games","4256"
"829","8Aa0641B30D45Ce","Donaldson Inc","http://hogan.info/","Cook Islands","Quality-focused disintermediate synergy","1997","Research Industry","1744"
"6487","490C0E8e0435f7B","Harris, Weber and Velez","http://peck.com/","Cameroon","Synergized grid-enabled collaboration","1982","Market Research","9379"
"7600","0d1491A7ac1ac52","Arnold, Murillo and Rose","https://booth-maxwell.com/","Reunion","Triple-buffered actuating customer loyalty","1987","Law Enforcement","7538"
"2541","B062B97A11eA33e","Mills-Craig","http://ballard-johns.net/","Tokelau","Integrated human-resource intranet","1994","Mechanical or Industrial Engineering","855"
"5747","0CCA3e166A98B3a","Moss, Finley and Morales","http://www.palmer.com/","Cape Verde","Enhanced tangible flexibility","1984","Research Industry","251"
"8527","77E5CE77DFA28da","Dickerson, Rich and Strong","http://moss.com/","United States Virgin Islands","Sharable discrete Local Area Network","2016","Performing Arts","2391"
"9567","A19DCfC1C91ab29","Collins Inc","http://www.bell-day.com/","Slovakia (Slovak Republic)","Multi-tiered bi-directional application","1986","Import / Export","6502"
"3743","cfFEeBc5aCeFe17","Wolf Ltd","http://www.ortega.biz/","United States of America","Vision-oriented disintermediate service-desk","1992","Chemicals","9003"
"7499","Cd3EFD53fd95efC","Adams PLC","https://www.harris-callahan.com/","Niger","Multi-lateral mission-critical access","1984","Facilities Services","7987"
"3525","70c2Fb9965a9bEa","Becker, Zhang and Goodwin","https://www.johns.com/","Cameroon","Seamless intermediate pricing structure","2009","Performing Arts","6218"
"21","aeCF5B129e7De7d","Watkins-Gibson","https://keller.com/","Malta","Pre-emptive demand-driven Graphical User Interface","2004","Online Publishing","6796"
"1916","edfC8E4BFD7b1ff","Lam-Benson","http://www.wright.info/","Seychelles","Function-based optimizing workforce","2007","Furniture","6187"
"6572","055feAd66D2d39C","Ibarra-Ramsey","https://www.diaz-norris.com/","Bolivia","Reactive 6thgeneration collaboration","2009","Aviation / Aerospace","3699"
"9019","07FDdE6dcF1c9d8","Short Inc","https://sullivan.com/","Gibraltar","Synchronized local artificial intelligence","1989","Research Industry","4225"
"2013","7faa0A4fd7eF08f","Benton-Holmes","http://www.mejia-turner.com/","Gabon","Phased 5thgeneration budgetary management","1998","Retail Industry","5252"
"5406","cf4Dc1f2c48a887","Rowe, Mckee and Schwartz","https://meyers.com/","Pitcairn Islands","Up-sized fresh-thinking installation","2002","Program Development","8608"
"1296","ce045B0B29cC0e9","Stephens, Wright and Allen","http://www.gaines.org/","Anguilla","Inverse intangible pricing structure","2015","Plastics","6694"
"3746","05aA4B72D664AdF","Stanton Ltd","http://www.bowman.biz/","South Georgia and the South Sandwich Islands","Self-enabling optimizing concept","1979","Executive Office","1153"
"592","aF44e6E555b3f8D","Charles-Cochran","https://fritz-spence.com/","Norfolk Island","Public-key motivating benchmark","1975","Other Industry","624"
"1407","A0D4fD40cd564fE","Trujillo, Huber and Calderon","https://bird.com/","Tonga","Vision-oriented methodical moderator","1976","E - Learning","2974"
"222","FbB1B439C81c411","Sims, Gibson and Humphrey","http://palmer.com/","Argentina","Total incremental installation","2011","Fishery","7683"
"5618","1FcB0473EA3f43e","Leach, James and Silva","http://www.yang-clark.com/","Belarus","Devolved content-based projection","1985","Information Services","5587"
"6249","f9eBe09B36ffeAc","Hanna Group","http://www.taylor.info/","Pitcairn Islands","Pre-emptive zero-defect frame","1983","Political Organization","8370"
"4419","510ce94e0D8802F","Evans-Daniels","http://bautista.com/","Austria","Re-contextualized fault-tolerant focus group","1998","Construction","3369"
"859","3884aF7889A3104","Montoya LLC","http://www.thomas-woods.info/","Burkina Faso","Front-line client-server conglomeration","2020","Museums / Institutions","788"
"1784","911BAa2e1493a6f","Williams Inc","http://www.sawyer-hood.net/","Svalbard & Jan Mayen Islands","Secured exuding model","1992","Environmental Services","1151"
"7260","c1DaEC8c0bb17df","Snyder, Kaiser and Cardenas","https://lynch.info/","Cape Verde","Mandatory reciprocal archive","2008","Computer Networking","2848"
"6857","D10Db64f3Ec3E25","Herman, Drake and Brooks","https://www.barber.com/","Kazakhstan","Devolved intangible instruction set","2007","Events Services","3208"
"1955","FDDFCBEf7c10630","Wagner PLC","http://lynn.biz/","Liechtenstein","Managed dedicated knowledge user","2020","Translation / Localization","2278"
"1747","bac5E0C3c62094B","Lewis-Mercer","https://www.pineda.com/","Dominica","Diverse zero tolerance hardware","2000","Computer Hardware","9965"
"3133","1DECdbc24C5ddf8","Mcmillan Inc","http://higgins-rangel.biz/","Dominica","Centralized modular collaboration","2021","Entertainment / Movie Production","707"
"8037","f32048E2b4BCC1d","Ochoa-Campos","http://www.wilson-arroyo.com/","Cuba","Persistent tertiary migration","2020","Non - Profit / Volunteering","5787"
"8851","fC989f6AFFEba7b","Ritter-Silva","http://www.singleton.com/","Chad","Focused mission-critical data-warehouse","2014","Arts / Crafts","8508"
"995","6bacBDEBcCfB91B","Parsons-Castro","http://www.hayes-johnston.org/","Sri Lanka","Object-based directional secured line","1975","Arts / Crafts","8994"
"6109","fFba13ba78a3da0","Golden, Day and Harrington","http://www.zimmerman-moran.com/","Marshall Islands","Multi-channeled contextually-based moratorium","1987","Music","8632"
"731","c33FC8e6fD0A6c1","Paul-Glass","https://www.reyes.biz/","Lao People's Democratic Republic","Organic optimizing matrices","1992","Leisure / Travel","9293"
"6975","53Cac5AE2f83033","Goodman and Sons","http://gentry.com/","Finland","Compatible non-volatile attitude","2003","Cosmetics","8937"
"6274","DaBFA9f6B8AA0e8","Wise, Blair and Bell","https://cook-mckee.biz/","San Marino","Mandatory cohesive structure","1998","International Trade / Development","5687"
"6752","3d3a4Ecfe9A6494","Maddox, George and Moses","http://trevino-ellis.org/","Saudi Arabia","Programmable grid-enabled neural-net","1982","Import / Export","2327"
"3510","031bC96a25CA69a","Sheppard, Calhoun and Singleton","http://mckinney.com/","Angola","Multi-channeled contextually-based portal","1989","Pharmaceuticals","8039"
"3534","1DDED0Db76D625C","Duke-Skinner","http://www.grimes-galloway.biz/","Chad","Optimized optimal adapter","2017","Nanotechnology","4616"
"2514","cAAAc80Cb87B1fa","Mcdaniel, Pena and Murray","http://murillo-doyle.net/","Albania","Customer-focused needs-based customer loyalty","1978","Fundraising","7107"
"5437","14aAB4478A2aD8f","Oneill Inc","https://www.owen.com/","Korea","Reduced directional service-desk","2009","Industrial Automation","5003"
"3626","Ca0703aA811Bc95","Chapman PLC","http://gillespie-bray.com/","Bouvet Island (Bouvetoya)","Enhanced heuristic customer loyalty","1970","Information Technology / IT","1225"
"466","F7dEDF9a849cd0f","Mahoney, Mcneil and Bradford","http://www.chen-walker.com/","Aruba","Synergistic logistical frame","2012","Marketing / Advertising / Sales","2835"
"6756","c84EF4f6efa512d","Crane, Sampson and Alvarez","http://simmons.com/","Bulgaria","Quality-focused even-keeled system engine","2019","Wholesale","4541"
"6760","D64DF12Ba1EC858","Dillon, Holder and Clarke","http://moran-lin.biz/","Bahamas","Optimized content-based analyzer","2018","Medical Equipment","7327"
"7992","849F28E375CC410","Booker-Ware","https://mooney.biz/","Gambia","Quality-focused clear-thinking Graphic Interface","1998","Biotechnology / Greentech","7603"
"158","5e274E3EE74c981","Pope, Keith and Jacobson","http://www.anderson-kelly.biz/","Seychelles","Reactive next generation database","1976","Textiles","8003"
"3961","0C6beF84f19edEC","Pruitt, Rangel and Molina","http://www.holloway-phillips.com/","Netherlands Antilles","Assimilated grid-enabled data-warehouse","2022","Venture Capital / VC","2010"
"8833","5390a210dfeBDdC","Maynard-Bolton","http://buchanan-glass.com/","Cook Islands","Fully-configurable tertiary encoding","1984","Paper / Forest Products","2283"
"5471","21d6A0DC1975FCE","Henson, Cuevas and Wilkerson","https://www.bautista.com/","Cape Verde","Distributed actuating concept","2004","Nanotechnology","1431"
"186","64dD5a69f0E27c0","Proctor and Sons","https://martin.com/","Greenland","Exclusive static array","2017","Alternative Medicine","4052"
"1003","D4a011CD045Ca16","Houston and Sons","http://avila.net/","El Salvador","Optimized dedicated toolset","2010","Financial Services","166"
"9509","740E660FF9DBAeB","Cooke, Hull and Barnett","https://bright.biz/","Denmark","Multi-tiered fresh-thinking support","2001","Market Research","1938"
"5624","9Dd95C74FEBe488","Romero, Hughes and Bauer","https://russo.net/","South Africa","Virtual grid-enabled firmware","1974","Higher Education / Acadamia","8466"
"401","7aebCcC3eDD31F6","Hale, Larsen and Hodges","https://www.morton.org/","Lao People's Democratic Republic","Upgradable well-modulated project","2012","Think Tanks","8277"
"6241","dcE7fc4fEdA40B4","Harmon-Moran","https://www.wood-davila.com/","Togo","Decentralized actuating success","2006","Chemicals","704"
"8941","94efAB84C2B5Ecf","Hopkins, Forbes and Banks","http://www.marks-roy.com/","Guadeloupe","Pre-emptive 3rdgeneration capacity","2009","Legislative Office","2670"
"9933","BdE665F32148FFa","Cohen-Dean","https://www.parker.com/","Kuwait","De-engineered system-worthy groupware","2013","Mental Health Care","5201"
"7343","5e085F47AcF2ACe","Gonzalez, Fletcher and Mccarthy","https://bradshaw-perkins.com/","Syrian Arab Republic","Adaptive scalable database","2020","Security / Investigations","3353"
"9833","947c4EA1Ed621bB","Burch LLC","http://buchanan.com/","Bulgaria","Upgradable scalable ability","2001","Tobacco","9142"
"8467","b3F8ba61c3Bf9f0","Bartlett-Hays","http://www.dickerson.com/","Congo","Upgradable zero-defect data-warehouse","1982","Think Tanks","6033"
"8757","BC0aEFDc3b3B836","Hancock PLC","http://duran-bowers.com/","Vanuatu","Optimized zero administration policy","1970","Maritime","3969"
"7959","b6D0D34Eede0cF0","Valdez, Meyer and Page","https://www.farrell.com/","Iraq","Ameliorated dynamic algorithm","1982","Non - Profit / Volunteering","3933"
"1251","eAA859E92bbaEcc","Gill, Mosley and Suarez","http://yates.org/","Kyrgyz Republic","Total intangible matrix","2017","Security / Investigations","2224"
"3144","3aCdF5A05BecFE5","Bentley Inc","https://levine.net/","Macao","Expanded maximized matrices","2003","Computer Games","5083"
"7431","47d2D78E2A3EC34","Mullen, Oconnell and Mcgee","http://www.clayton.com/","Micronesia","Decentralized bottom-line archive","1975","Legal Services","7443"
"60","A4c3f2fADD9848B","Morales, Haas and Hunter","http://velazquez.biz/","Uzbekistan","Universal methodical support","2009","Individual / Family Services","1210"
"7856","Ce8ba4cc20e60c7","Smith-Morrison","https://www.larsen.com/","Finland","Object-based eco-centric leverage","2017","Aviation / Aerospace","5580"
"1114","B2c5CeE5745AaB7","Ramsey-Shepard","https://moss.com/","French Polynesia","Switchable real-time secured line","2009","Warehousing","9462"
"3058","Ca9dD1cC1Abb983","Ponce-Hudson","http://arnold.biz/","Korea","Sharable exuding Local Area Network","2008","Information Technology / IT","7100"
"9570","cFAb36CAF0D362b","Kidd and Sons","https://gregory.org/","Italy","Total local frame","2011","Wireless","2445"
"1329","3f68D6583ecBDDF","Petersen-Hatfield","https://www.lawson.net/","Cook Islands","Stand-alone hybrid emulation","2015","Airlines / Aviation","4806"
"4996","02Abe4De5cD45eF","Wise-Snow","https://www.dillon.net/","Saint Helena","Self-enabling zero administration function","1973","Executive Office","5795"
"6683","1e902FBfbB5CEd7","Young, Owen and Phelps","https://www.acevedo.org/","Kazakhstan","Customizable context-sensitive intranet","2021","Legal Services","4280"
"2073","E2BBeceea4875e2","Nguyen, Castro and Logan","https://www.dunn-ware.com/","Philippines","Business-focused cohesive toolset","1970","Performing Arts","3526"
"4794","fC7D7af4b467B3C","Cooper LLC","http://nunez-ruiz.com/","Bangladesh","Multi-tiered logistical orchestration","1978","Media Production","9723"
"6830","1eDEE7b8CA5de7a","Padilla, Baldwin and Marquez","http://www.ochoa-gaines.com/","Congo","Team-oriented national functionalities","1977","Recreational Facilities / Services","3427"
"9630","Dec6eca2D0c0Ff9","Pollard and Sons","https://key.com/","Anguilla","Universal bifurcated process improvement","2006","Writing / Editing","6054"
"8219","6EAfDEb0F81dE02","Koch-Steele","http://www.rivas-levine.info/","Philippines","Visionary didactic matrices","1986","Motion Pictures / Film","2386"
"7568","74deeA772Dfc4B0","Arias PLC","http://johns.net/","Andorra","Synchronized analyzing toolset","1986","Wine / Spirits","5479"
"5923","C2Aab12929A24Ff","Moon-Pineda","https://pratt-arellano.info/","Eritrea","Streamlined intangible focus group","2012","Supermarkets","5391"
"1551","2A0bE226BaAfF10","Huang, Navarro and Mclaughlin","https://shepherd-jacobson.com/","Comoros","Enterprise-wide client-driven firmware","2001","Real Estate / Mortgage","1848"
"1010","46d5D19fA2A2d59","Ayala, Haney and Marks","https://morton.com/","Oman","Universal zero tolerance contingency","1983","Market Research","603"
"3756","Ecbd0fbc2cD174c","Rivers, Roman and Carter","http://weeks.com/","Kenya","Stand-alone upward-trending project","1980","Public Safety","6270"
"8682","3C587BFddE91a3A","Jordan-Jordan","https://www.whitney.info/","Pitcairn Islands","Diverse 24/7 standardization","2002","Construction","6782"
"9343","C8af7AE3F637aAd","Acevedo, Bird and Copeland","https://www.finley-mosley.biz/","Botswana","Fully-configurable dynamic archive","2016","Aviation / Aerospace","709"
"8010","692d5B1e6cf9aBc","Evans-Hess","https://www.leonard.com/","Mozambique","Multi-lateral radical emulation","1996","Legislative Office","3423"
"3861","A901e9AaAff3AdC","Wilson, Holt and Lopez","http://www.norman.info/","Lao People's Democratic Republic","Upgradable 6thgeneration complexity","2009","Accounting","7875"
"3149","eEaFec3bAda9Bdf","Cole, Reese and Sutton","https://www.rivas.biz/","Uganda","Re-engineered high-level project","2013","Public Relations / PR","4003"
"2520","Be791DCFc163670","Mosley and Sons","https://anthony-molina.com/","Namibia","Sharable heuristic matrices","2006","Utilities","3223"
"3128","AaC3Ed30aC94f07","Marshall-Costa","https://www.henry.net/","Bouvet Island (Bouvetoya)","Enterprise-wide regional utilization","1991","Newspapers / Journalism","1908"
"9085","68dFcBCDca0C9cA","Savage, Villanueva and Gibson","http://www.morris.info/","Croatia","Adaptive local circuit","1986","Government Relations","8084"
"5317","4c9ADDdFDa1C7ef","Odonnell-Macias","http://grant.com/","Belize","Total clear-thinking hardware","1992","Packaging / Containers","1236"
"1196","C92AbBC0d65BD24","Vance Inc","http://www.briggs-mueller.com/","Dominica","Realigned zero tolerance forecast","1996","Computer Games","8184"
"9051","e06ef906fcD0f6f","Donovan-Morton","http://www.sanders.com/","Falkland Islands (Malvinas)","Customizable dynamic workforce","2008","Human Resources / HR","4669"
"880","2a7548eF5553c22","Watkins Inc","http://www.zavala.com/","Tokelau","Down-sized maximized open system","2009","Political Organization","4104"
"6990","3B7C5056d1A4b0A","Wright-Henson","http://www.zhang.com/","Haiti","Monitored optimizing protocol","1974","Utilities","7976"
"2488","BeaB303F2C8D79a","Maxwell-Williams","https://www.duarte-vaughan.com/","Georgia","Customer-focused fresh-thinking customer loyalty","2021","Design","5165"
"2841","FA661E6Af36Baf5","Short-Bentley","https://www.english-bradford.org/","Togo","Re-engineered systematic time-frame","2010","Judiciary","8739"
"4330","E4C5FB733CcCE5a","Parsons Group","https://summers.com/","Cayman Islands","Persistent disintermediate service-desk","1984","Information Technology / IT","2229"
"2931","BDC43e0f3c9Fa2B","Crane Group","http://www.terry-lucas.biz/","Falkland Islands (Malvinas)","Grass-roots attitude-oriented initiative","2002","Think Tanks","1885"
"6425","1dcaA4E369A78ba","Riley, Pace and Zamora","https://www.webster.com/","Japan","Future-proofed human-resource architecture","1988","Alternative Medicine","377"
"2486","6Ec62fcfeBd3999","Clay-Valencia","https://guerrero.com/","Norfolk Island","Decentralized incremental customer loyalty","2015","Financial Services","7529"
"5748","7Be39fB3e7Ae1Ca","Jefferson Ltd","http://cortez-snow.com/","Saint Martin","Business-focused modular model","1999","Recreational Facilities / Services","8300"
"884","9CADCBAC7cE5f82","Odonnell Inc","https://www.farley.net/","Grenada","Optional asymmetric info-mediaries","1983","Shipbuilding","1671"
"4915","88d01d48AfCDd95","Church, Reid and Fry","https://mendez.com/","Indonesia","Implemented demand-driven functionalities","1988","Veterinary","3106"
"6211","decCBbfA2Df14f2","Hurley-Cobb","https://www.crane.com/","Germany","Front-line analyzing benchmark","2004","Political Organization","5508"
"9579","ebDFEb26AeadDEA","Arroyo-Wilson","http://hinton-fritz.com/","Svalbard & Jan Mayen Islands","Business-focused encompassing workforce","1975","Animation","6025"
"212","88b208bCae81aDA","Bruce LLC","https://pope.info/","Guatemala","Assimilated needs-based installation","1996","E - Learning","4355"
"2276","786bBDa4D50b10d","Moss, Rios and Bradshaw","http://www.barron.net/","Brunei Darussalam","Intuitive client-driven task-force","1982","Investment Management / Hedge Fund / Private Equity","6776"
"2329","29a4DcA7037AFAD","Pope, Nelson and Massey","http://wells.org/","Lithuania","Decentralized 6thgeneration concept","1984","Library","9411"
"4951","f0CC5CAf4d503B7","Ward, Rojas and Anthony","https://www.weeks.com/","Spain","Customer-focused bifurcated open system","2009","Alternative Dispute Resolution","8515"
"3320","BCC80Bd5FFb5cCA","Copeland-Best","http://kidd.info/","Jamaica","Intuitive responsive strategy","1979","Alternative Medicine","5533"
"9835","A859a21FDf6b175","Lucero-Glenn","http://www.farmer-calhoun.biz/","Burkina Faso","Triple-buffered neutral system engine","1972","Library","9408"
"4608","D7Ff639CAF6b317","Stewart-Lowe","https://leach.com/","Libyan Arab Jamahiriya","Cross-group encompassing application","2008","Nanotechnology","9292"
"1439","3EE76d4bDFBDad4","Meyer-Sloan","http://cameron.com/","Benin","Optional full-range artificial intelligence","1976","Legislative Office","5343"
"468","7C57DCecFBe8D90","Smith, Davenport and Whitney","https://wright-acevedo.com/","Norfolk Island","Implemented next generation orchestration","1986","Government Administration","9239"
"5467","fFBCfEc79d0571F","Le-Ruiz","http://www.hart.biz/","Tajikistan","Multi-tiered contextually-based Internet solution","1998","Import / Export","9979"
"3330","8F79A64FFAeBbD5","Cisneros PLC","http://sherman-hays.com/","Jersey","Seamless optimizing Graphic Interface","2002","Judiciary","9165"
"5829","49bE9c31A8EF7AF","Browning PLC","http://stanton.com/","Cyprus","Customizable context-sensitive superstructure","1998","Automotive","4412"
"8608","cbF85A66Edb0cAB","Maynard-Rivas","https://lopez.com/","Libyan Arab Jamahiriya","Universal bandwidth-monitored data-warehouse","1977","Fishery","1279"
"697","DE13eF82DE2dD3d","Roach and Sons","http://www.reid.info/","Morocco","Progressive methodical infrastructure","2007","Electrical / Electronic Manufacturing","9401"
"7268","19aC44122DCBCCd","Hobbs, Vaughan and Cochran","https://www.tate.org/","Nicaragua","Reduced user-facing portal","1999","Staffing / Recruiting","3058"
"9145","6dEE242bf32b957","Ewing and Sons","https://www.calderon.info/","United States Minor Outlying Islands","Function-based transitional migration","2003","Legislative Office","9167"
"8181","Ef04C3FEF5799f6","Campos Inc","http://www.rowland-jordan.com/","Poland","Ergonomic 4thgeneration capacity","1985","Civic / Social Organization","4853"
"9939","Dfb50daBB7F97B8","Gross Group","https://www.evans.org/","Kazakhstan","Polarized bifurcated forecast","1974","Defense / Space","9129"
"1315","d86329C7EbED5F9","Weaver LLC","https://gomez-mccarthy.com/","Jamaica","Ameliorated value-added adapter","2018","Airlines / Aviation","3195"
"2302","251Ec0E7f78cE2a","Bright-Sherman","http://mcgee-sosa.com/","Norfolk Island","Function-based intermediate interface","1984","Automotive","2555"
"2040","3C5c3BaA3b340A1","Coffey LLC","https://www.richards.com/","Christmas Island","Networked regional migration","1999","Research Industry","2906"
"7109","2B1d6DC5DCBD6AD","Lutz, Bullock and Waller","https://www.valencia-lindsey.net/","Solomon Islands","Grass-roots neutral installation","1980","Hospital / Health Care","9003"
"3667","6FfC70cf42bFF3e","Garcia, Santos and Winters","http://www.daugherty-houston.org/","Isle of Man","Expanded tangible info-mediaries","1970","Primary / Secondary Education","6495"
"915","b54FeD5887a4CCD","Pittman PLC","https://lee.com/","Morocco","Switchable national alliance","2001","Financial Services","5824"
"13","849CEAb2f65c439","Gaines-Vang","http://www.levy.com/","Thailand","Compatible web-enabled array","2021","Online Publishing","3135"
"8584","C6aa6da21B20A77","Roberson, Santana and French","https://dudley.com/","Turks and Caicos Islands","Customer-focused needs-based orchestration","1973","Civic / Social Organization","1574"
"6428","82CFC82AD1B7aCb","Hodges-Kaufman","http://www.west-leach.com/","Burkina Faso","Secured neutral benchmark","1994","Renewables / Environment","2051"
"1537","bFC5A0b1345e48f","Best Inc","http://thornton-reynolds.biz/","Bahamas","Universal didactic firmware","1980","Building Materials","1867"
"737","f2C9Db0FE6f4e2C","Ray Ltd","https://www.aguilar.net/","Bermuda","Sharable attitude-oriented policy","2013","Consumer Services","6737"
"8202","bE5E62816C3e1BF","Frazier, Sampson and Gibson","https://everett.com/","Nigeria","Business-focused high-level Local Area Network","2003","Legal Services","4864"
"8653","cf4FaE5FBeEBBF9","Edwards, David and Hinton","http://www.bryant.com/","British Virgin Islands","Synchronized demand-driven archive","1990","Civic / Social Organization","6237"
"454","54522BA477384fE","Berry, Payne and Parrish","https://www.snyder-vazquez.biz/","Angola","Sharable encompassing conglomeration","1994","Electrical / Electronic Manufacturing","3636"
"4346","9B49EfE5ABF4605","Parks and Sons","https://www.george.com/","Brunei Darussalam","Right-sized directional challenge","2012","Accounting","8876"
"928","5EdFC0267A74A0B","Gates Inc","http://www.valentine-lewis.com/","Korea","Centralized exuding approach","2003","Industrial Automation","3934"
"6292","63F3E7A83fC9981","Lamb-Holt","http://www.guzman.info/","Pakistan","Mandatory dynamic open system","1989","Venture Capital / VC","168"
"8282","Ae241bFFA4c2bdB","Mcconnell Inc","https://www.valenzuela.com/","United States Virgin Islands","Programmable 4thgeneration superstructure","2002","Individual / Family Services","4072"
"8723","A1e049c7D6653a8","Marquez-Merritt","http://hicks-pratt.biz/","Suriname","Enhanced homogeneous system engine","2020","Automotive","7639"
"6474","041cdf2a2dFd73B","Massey Inc","https://byrd-lyons.org/","India","Front-line actuating capacity","2003","Machinery","7679"
"38","F5E75Fb6cB90ffE","Brandt, Vasquez and Kennedy","http://riggs.com/","Andorra","Proactive next generation moratorium","2019","Cosmetics","7372"
"5771","e04912107987Cf4","Gutierrez-Hancock","http://www.daniels-frazier.net/","Saudi Arabia","Mandatory mobile capacity","2007","Research Industry","1304"
"2555","88BdCcC23DDB40a","Schwartz, Benton and Moreno","http://www.henderson.biz/","Senegal","Total background task-force","1980","Import / Export","1236"
"7633","D5D0269ABF1e0De","Brooks, Bush and Perry","https://www.galvan-lowe.net/","Japan","Centralized logistical Internet solution","1976","Online Publishing","8246"
"9999","01D2539e270CEbd","Wolfe-Mckee","http://www.parks.com/","Togo","Balanced value-added ability","1975","Environmental Services","2505"
"6621","82fbBaeDe23f842","Costa-Finley","https://www.mays.org/","Senegal","Re-engineered user-facing software","1987","Defense / Space","9999"
"941","08CDd2bBe86FbFb","Ramirez Inc","http://www.jacobs.net/","Palau","Networked local core","1974","Staffing / Recruiting","6089"
"7399","9CBb321aDd75ee7","Delgado Group","https://www.woods-barton.net/","Malta","Extended neutral infrastructure","1991","Food / Beverages","9460"
"6129","5CeacF08CC2018f","Mcneil Group","http://www.calderon-webster.com/","British Virgin Islands","Customizable stable throughput","2000","Utilities","4198"
"9830","F9a4Fbc5Aa1b8B6","Nunez, Avila and Ingram","https://valenzuela-kramer.com/","Reunion","Multi-layered explicit framework","1984","Public Safety","6510"
"2681","cbF69c3c5A90CEe","Myers, Ellison and Molina","https://www.nixon.info/","El Salvador","Fundamental bifurcated Graphical User Interface","1995","Alternative Medicine","6328"
"4355","aFAB4BB5480cf35","Haas-Chase","https://www.ramsey-blake.com/","Saint Helena","Self-enabling clear-thinking frame","2011","Printing","3856"
"3059","7bB19eF73cce651","Sweeney-Fitzpatrick","http://www.king.com/","Niger","Pre-emptive 4thgeneration alliance","1996","Import / Export","6204"
"7881","c4E5BbafeD46adD","Robles Group","http://fernandez.biz/","Mauritius","Grass-roots asynchronous customer loyalty","1977","Defense / Space","9874"
"739","175fFB5Bd89DCBF","Salazar-Lee","http://www.decker.org/","French Guiana","Expanded bifurcated parallelism","1980","Media Production","9953"
"539","88c08C78D1dA9Cb","Martinez PLC","https://norman-gay.net/","Guinea","Total fault-tolerant algorithm","1978","Package / Freight Delivery","5381"
"3326","3Ba1a8bC1D0765f","Marquez Group","https://www.lara.com/","Botswana","Extended dynamic collaboration","1993","Judiciary","577"
"4240","1215EC2620EDCE0","Smith, Mcdaniel and Bender","https://chan.com/","Belarus","Synchronized composite contingency","1971","Government Administration","4257"
"1401","BbdD2B7ebF22ebc","Small LLC","https://fuentes-hicks.com/","Denmark","Robust clear-thinking workforce","1975","International Affairs","8808"
"4047","Ed53C70Ad9630Dc","Moore Ltd","http://www.oconnor-griffin.biz/","Belarus","Reactive system-worthy leverage","2000","Plastics","1299"
"5138","15A844bFfDb6658","Herring LLC","http://parks.com/","Jordan","Multi-tiered next generation approach","2003","Other Industry","5331"
"4230","C3E7B71eDac7Eb9","Cannon, Weaver and Shepherd","http://larsen.com/","Suriname","Upgradable directional architecture","1973","Plastics","8045"
"4192","E9ddF8511d3CcbB","Patton-Golden","https://www.hartman-kline.com/","Jersey","Assimilated zero-defect hierarchy","2012","Broadcast Media","7619"
"9143","CAc49aa01b0c084","Richards-Cunningham","http://www.bradley.com/","Equatorial Guinea","Diverse value-added data-warehouse","1993","Computer / Network Security","1474"
"5539","ad8dFBDfff7cfBC","Farmer and Sons","https://www.hall.com/","Trinidad and Tobago","Streamlined heuristic collaboration","1972","Newspapers / Journalism","5110"
"2693","cfd16a34222af9b","Frazier-Schwartz","http://rivas.com/","Greece","Reduced local concept","2010","Sporting Goods","1652"
"5341","1fA011Fd307090E","Stokes, Garza and Reid","http://www.farmer.com/","United States Virgin Islands","Function-based clear-thinking implementation","2004","Individual / Family Services","6232"
"9918","503CF78E0C2eeaC","Sharp LLC","http://www.tyler.net/","Timor-Leste","Adaptive systematic policy","2007","Computer Networking","9737"
"7671","36BD8fBd81252f7","Kent LLC","https://www.bryant-gomez.com/","Bolivia","Universal system-worthy firmware","2013","Construction","7049"
"9174","3CCB8F8bc6ff4B3","Esparza PLC","https://www.boyle.com/","Turks and Caicos Islands","Multi-layered national data-warehouse","2017","Public Safety","2093"
"1808","4D76944A3d9fFBF","Cross LLC","http://braun-townsend.com/","Papua New Guinea","Down-sized multimedia circuit","1978","International Affairs","5516"
"5112","a1CC1a0dDe97bFD","Davidson Inc","http://parker-moon.com/","Maldives","Synergistic impactful infrastructure","1980","Airlines / Aviation","8342"
"3990","01447Dd5CD266bF","Hall Group","http://graham.net/","Timor-Leste","Virtual interactive hierarchy","2002","Public Safety","4373"
"3456","BFDaD88dDbfdceA","Shannon LLC","http://gill-farmer.biz/","Tonga","Extended interactive moratorium","2009","Mental Health Care","5390"
"2908","Df6bDe9ec84fec5","Mcdaniel Group","http://www.wolfe.net/","Norfolk Island","Mandatory user-facing info-mediaries","1997","Hospital / Health Care","155"
"6652","1eceaEBaa94d9b3","Pugh Ltd","http://www.munoz.com/","Macedonia","Future-proofed high-level array","1985","Think Tanks","1460"
"8288","B7221c6eaF7C9fF","Flores LLC","http://www.bowman.com/","Liechtenstein","Self-enabling coherent architecture","2002","Alternative Medicine","3705"
"6245","cDeCC57915b81Ba","Ford-Fleming","https://www.simon.com/","Mozambique","Right-sized fault-tolerant collaboration","2002","Music","4352"
"2698","b3A98C231b9Bbc6","Clayton-Guzman","https://www.dean.info/","Korea","Reverse-engineered stable toolset","1994","Information Technology / IT","7673"
"4017","6FD8FEAc79dbf48","Gould Inc","http://www.fletcher.org/","French Guiana","Profit-focused demand-driven groupware","1978","Civil Engineering","8470"
"4340","CAEFD57c9BE1aaE","Benitez, Nicholson and Washington","http://www.wyatt-meadows.com/","Vietnam","Future-proofed dedicated challenge","2018","Hospitality","47"
"4646","1f794154b5a39Df","Price-Aguirre","https://www.villegas.info/","Poland","Right-sized context-sensitive workforce","1992","Judiciary","5037"
"7740","017e8417D8fa103","Nielsen-Krueger","https://www.chung-coleman.info/","Hungary","Organized intermediate database","1984","Photography","3334"
"7092","bFD5e0Db1444B56","Buckley LLC","http://www.cummings-gross.org/","Lao People's Democratic Republic","Implemented reciprocal task-force","2022","Import / Export","2430"
"4693","Dc30E2A6DB1Cfac","Preston, Ritter and Fernandez","http://www.ramirez.biz/","Congo","Visionary explicit strategy","1989","Legal Services","7092"
"1740","bED70c6a52adAed","Townsend-Duran","http://adams.com/","Yemen","Fully-configurable client-driven circuit","2007","Information Services","5772"
"5407","DCcd4590AB5E7C1","Eaton LLC","http://velazquez-valencia.com/","Poland","Extended homogeneous hardware","1976","Investment Management / Hedge Fund / Private Equity","1962"
"4589","Cb9c12402dB75Cf","Grant, Vincent and Dudley","https://www.cabrera-reilly.com/","Guadeloupe","Object-based disintermediate productivity","1983","Library","3751"
"3126","bA320C3B4118208","Williamson and Sons","http://benitez-mosley.org/","Thailand","Diverse impactful focus group","2005","Supermarkets","8953"
"2158","97e6f22AfA6a0D1","Trujillo, Murillo and French","https://www.maynard.biz/","Estonia","Virtual object-oriented database","1990","Motion Pictures / Film","4753"
"5334","99857a39aDFC39B","Cantu Group","https://www.rowe.com/","Denmark","Object-based dynamic capability","1978","Medical Equipment","4531"
"8637","f14012E1DFD89fA","Baker, Olson and Collins","https://yates.com/","Peru","Ameliorated heuristic concept","1980","Telecommunications","417"
"1826","9FCAdaeb5E4b3a8","Reynolds-Gregory","https://cardenas.com/","Norway","Synchronized zero-defect methodology","2007","Wireless","8073"
"4231","13564BA9e4ab2e3","Jarvis-Reed","http://www.andrade-downs.com/","Malta","Open-architected client-server collaboration","2012","Packaging / Containers","9030"
"3488","02Be8AA2CEde2DA","Atkinson-Meyers","https://www.maxwell.org/","Pakistan","Right-sized 24/7 open system","1997","Animation","5279"
"9054","c8FaD7852edCe9C","Rice Group","http://porter.com/","Jamaica","Synergistic uniform help-desk","1994","Recreational Facilities / Services","422"
"9769","B4B99eEcDD06c2B","Warren, Moss and Craig","https://solomon.com/","Finland","Streamlined fault-tolerant functionalities","2005","Fundraising","9220"
"3648","ABDE8dcc7e5f98F","Proctor-Douglas","https://www.rivers.biz/","Romania","Synergistic dedicated policy","2019","Consumer Electronics","113"
"5903","cb8E4F4Fa2a2D43","Barnes PLC","http://ball.com/","Bahrain","Focused heuristic neural-net","1983","Public Safety","3111"
"6386","5DCd50cdddc1617","Trevino, Roy and Leon","https://ibarra.com/","Togo","Exclusive transitional toolset","2010","Venture Capital / VC","3403"
"5639","C232Bd9AfAb4Aff","Valencia, Briggs and Livingston","http://www.rocha.info/","Falkland Islands (Malvinas)","Programmable encompassing utilization","1973","Biotechnology / Greentech","4286"
"6424","742061C6F521CBf","Marks, Hawkins and Davidson","http://kaufman.com/","Greece","Vision-oriented static superstructure","1972","Veterinary","1202"
"7827","9BF754e0e450d7b","Pierce-Fletcher","http://www.gilmore.net/","Angola","Versatile grid-enabled database","2001","Facilities Services","3604"
"7744","0E43f46B4Aa5bB6","Travis, Webster and Sherman","http://monroe-abbott.org/","South Africa","Open-architected systemic software","2005","Restaurants","8496"
"3013","6FFF9393A3f192C","Dunlap-Meyers","https://www.nelson.com/","Malaysia","Cross-platform 4thgeneration focus group","1994","Arts / Crafts","1307"
"7672","CEd12dABD9CeBE0","Moreno-Huffman","https://www.avery.org/","Belize","Synergized contextually-based hierarchy","2005","Defense / Space","2661"
"9549","8dB36A3daaA04aa","Newman-Banks","http://www.madden-odom.com/","Russian Federation","Horizontal non-volatile workforce","1972","Health / Fitness","9079"
"9978","288EFEA2AE906e6","Price, Burch and Cummings","https://www.atkinson.com/","Singapore","Cloned content-based Local Area Network","1978","Restaurants","6648"
"3081","3939F1ff4Bf598a","Ortega-Macdonald","https://palmer.com/","Singapore","Organized disintermediate focus group","1993","Market Research","205"
"3521","B677Ce0FF5E63aa","Hickman-Greene","https://butler-archer.org/","British Virgin Islands","Multi-tiered 3rdgeneration secured line","1971","Information Technology / IT","2454"
"4979","20BE4eBfF823edc","Cross and Sons","http://www.chase.info/","Gabon","Customizable heuristic utilization","1997","Leisure / Travel","2276"
"7620","C4113144d5dAF6E","Hobbs LLC","http://www.walker-chang.com/","Israel","Cross-group didactic structure","2021","Consumer Electronics","3646"
"4348","eBDc4D319fadE0d","Trujillo-Orozco","https://heath.com/","Rwanda","Pre-emptive 6thgeneration matrix","1977","Dairy","5306"
"8441","86d24Cc8ACD31EF","Wong, Williamson and Mcneil","https://www.kirby-melendez.com/","Armenia","Face-to-face asynchronous system engine","2010","Health / Fitness","9676"
"1347","bf4a3c6F02DADAa","Liu-May","https://cowan-carrillo.com/","Saint Kitts and Nevis","Robust background project","2011","Arts / Crafts","8285"
"7088","b1C610341E7578b","Stokes-Reyes","http://hawkins.com/","Kazakhstan","Robust fault-tolerant utilization","1996","Restaurants","2608"
"8948","679e8CDe4CABf50","Contreras, Small and Rubio","https://mendez.com/","China","Organic contextually-based toolset","1971","Pharmaceuticals","1641"
"5652","6f27EC6dA147F7F","Meyers-Cameron","http://www.benson-berry.com/","Algeria","Synergistic bi-directional orchestration","2003","Venture Capital / VC","8410"
"8082","47c5Eb88A4608Ec","Whitney-Hamilton","http://barron.org/","Ethiopia","Pre-emptive eco-centric installation","2015","Facilities Services","298"
"1792","35Bb6aA7d951EfC","Mccarty, Faulkner and Zhang","https://schwartz.com/","Marshall Islands","Fundamental fresh-thinking complexity","2006","Events Services","7915"
"7429","DAeeBD9e81D92Da","Payne, Melendez and Gamble","https://www.parks.org/","Fiji","Compatible optimizing conglomeration","2000","Information Services","6883"
"9580","cFCC78f9fA4B4e3","Jones Ltd","https://graves.biz/","Mauritius","Fundamental background adapter","1999","Media Production","5379"
"9960","1Cf18adCfF60D15","Casey, Frey and Ochoa","http://blackwell.com/","Netherlands","Balanced system-worthy firmware","2010","Aviation / Aerospace","7403"
"2271","F841ACD82d96DDe","Pearson, Hancock and Orozco","https://www.cross-collins.biz/","Suriname","Stand-alone eco-centric frame","1970","Shipbuilding","6258"
"9767","DFedDDE0CBc14B3","Richard, Love and Erickson","http://www.barnett.com/","Ghana","Triple-buffered multi-state standardization","2002","Mental Health Care","2212"
"2956","949BD98ddfCB4c9","Flores LLC","https://www.mahoney.com/","Equatorial Guinea","Intuitive web-enabled policy","2004","Newspapers / Journalism","4610"
"3444","994EfCA0eb632ed","Frey, Suarez and Stark","http://www.cooke-hart.biz/","Kyrgyz Republic","Decentralized homogeneous synergy","2020","Wine / Spirits","7144"
"7736","995187de3D611Dd","Gallegos Inc","https://www.peterson.biz/","Cambodia","Sharable even-keeled interface","2015","Alternative Dispute Resolution","5765"
"834","05DAd813EefEEa9","Warren-Mathis","http://gordon.com/","Papua New Guinea","Progressive actuating frame","1981","Wholesale","4070"
"6499","91bA2E4Ba5A7eFa","Jefferson and Sons","https://www.schneider.com/","Maldives","Adaptive context-sensitive portal","2003","Computer Hardware","3031"
"2992","47dA6d99cdBFEF9","Townsend-Beard","http://www.ross-howard.com/","Qatar","Programmable eco-centric superstructure","1989","Museums / Institutions","7629"
"7793","dDCBab6Eb4aeFf5","Huang LLC","http://www.byrd-willis.com/","Trinidad and Tobago","Persevering methodical challenge","1973","Publishing Industry","6552"
"2151","Ddda2BeDEeA2Dc6","Osborne Inc","https://www.reese.com/","Liberia","Focused analyzing structure","1977","Maritime","5531"
"4023","fc7Eeba7c428Ac3","Spence, Nielsen and Fitzpatrick","http://www.arias.org/","Guinea-Bissau","Down-sized zero tolerance monitoring","1994","Other Industry","2123"
"7615","B59704F58FEc9c6","Horne and Sons","https://www.hall-myers.biz/","Slovakia (Slovak Republic)","Devolved heuristic algorithm","2008","Mining / Metals","5308"
"6124","d73E687F9aa0B45","Khan Ltd","https://mcdowell.net/","Turkmenistan","Up-sized regional Graphical User Interface","2006","Capital Markets / Hedge Fund / Private Equity","7123"
"3339","9b0e7b976B280eE","Martinez-Morgan","http://monroe-shepard.biz/","Italy","Vision-oriented leadingedge adapter","2018","Real Estate / Mortgage","204"
"4344","e8C4df453B5aBF2","Harrell-Andersen","http://www.lester.info/","Libyan Arab Jamahiriya","Fully-configurable optimizing success","1991","Airlines / Aviation","7147"
"4464","f75255589BF8D9E","House, Avila and Cohen","http://www.pham.com/","United States Virgin Islands","Face-to-face regional moratorium","1994","Farming","9476"
"2376","77952AAa8472BBf","Joseph, Bond and Walton","https://www.ballard-doyle.com/","Djibouti","Progressive human-resource protocol","1988","Paper / Forest Products","2999"
"9044","eb8Dde83ACe23B4","Espinoza Ltd","https://www.hardy.net/","Bosnia and Herzegovina","Team-oriented directional success","1983","Judiciary","5561"
"5571","8CacdBAdEdD7FCe","Haas, Liu and Boyd","http://glover.com/","Saudi Arabia","Enterprise-wide executive approach","1980","Executive Office","9634"
"8599","2FD7Fc10B60818F","Sampson-Camacho","http://www.harrell-salinas.org/","Montenegro","Ameliorated asynchronous analyzer","2012","Electrical / Electronic Manufacturing","8637"
"8504","ad1FffA26F39dcd","Berger and Sons","https://www.weeks.com/","Saint Vincent and the Grenadines","Profound 3rdgeneration firmware","1993","Fundraising","3103"
"8880","0EBdFCcEFbAe76E","Holmes, Blair and Conway","http://www.cox-blair.com/","Holy See (Vatican City State)","Implemented encompassing system engine","2001","Mental Health Care","9496"
"1887","bc93ddB74b47FaA","Huerta, Bond and Brennan","http://kent.com/","Chile","Sharable 6thgeneration conglomeration","1974","Public Safety","6400"
"1198","f53EE2288c700B0","Anthony PLC","https://www.fitzpatrick-knapp.com/","Tonga","Stand-alone heuristic extranet","1979","Package / Freight Delivery","9372"
"6427","4def9EAFC23fDec","Conner-Friedman","https://www.schultz-christian.org/","Tanzania","Reduced tangible protocol","1971","Wine / Spirits","2049"
"8911","DEF09cB2DDFa77d","Clay-Merritt","https://www.simmons.net/","Mayotte","Synergized disintermediate groupware","1998","Industrial Automation","8641"
"2936","A1f6009612c336E","Willis Inc","http://walsh.com/","Tonga","Integrated multimedia Graphical User Interface","1971","Photography","8428"
"6342","260aAD261eCDe1D","Chung Group","https://jacobs-murphy.com/","San Marino","Versatile explicit info-mediaries","1974","Mechanical or Industrial Engineering","2166"
"1430","be5c066ED1d0A27","Hancock and Sons","http://www.petersen.info/","Nicaragua","Business-focused multimedia structure","2019","Non - Profit / Volunteering","2319"
"6307","39425baac1969B4","Petty Group","https://www.fowler.com/","Togo","Streamlined 6thgeneration implementation","1994","E - Learning","7895"
"3650","744F86BA0C74b5c","Montes, Holmes and Maldonado","https://www.fischer-olsen.com/","Cape Verde","Right-sized solution-oriented hierarchy","2005","Food / Beverages","8142"
"1938","86C3EDd46C55a88","Macdonald Inc","https://rangel-haley.com/","Western Sahara","Seamless motivating project","2000","Graphic Design / Web Design","2584"
"5172","C91b1EdeCceCAa0","Miranda, Farmer and Stark","http://www.cisneros.com/","Slovakia (Slovak Republic)","Optimized impactful encoding","1976","Outsourcing / Offshoring","731"
"7764","7e375C963721f5B","Ball Ltd","https://valenzuela.com/","Portugal","Multi-channeled multimedia utilization","2005","Fishery","6565"
"6393","Ade71cf4E3Aa2f6","Thornton, Gardner and Reilly","http://day.biz/","Poland","Open-architected web-enabled concept","2000","Hospitality","4747"
"1154","d191ccadf771f5f","Yoder, Watson and Decker","http://www.braun-mccarty.com/","Malaysia","Realigned coherent superstructure","1977","Electrical / Electronic Manufacturing","4354"
"6250","CaE2A4b77AcBAf0","Solomon-Zimmerman","https://www.reese.info/","Brunei Darussalam","Balanced discrete analyzer","1976","Environmental Services","3232"
"7037","EfE25a29B2C0f5F","Rivers-Mcmillan","https://www.swanson-jacobson.com/","Armenia","Profit-focused composite project","1997","Commercial Real Estate","4143"
"4229","251650E650ebAbf","Mata, Bean and Logan","http://levine.com/","French Southern Territories","Polarized content-based policy","2000","Law Practice / Law Firms","5890"
"4975","1FE67d9d3b5F64C","Hahn Ltd","https://www.thornton.info/","Suriname","Face-to-face fresh-thinking system engine","1988","Luxury Goods / Jewelry","3736"
"6401","E43b85AaD1B43cb","Brown, Herman and Gibbs","https://www.blankenship-bowers.com/","Montenegro","Exclusive national application","1983","Package / Freight Delivery","9829"
"3640","da179ebdCfBBcAD","Thomas Ltd","https://www.morales-patel.com/","Cameroon","Progressive upward-trending structure","1995","Information Technology / IT","2248"
"3972","e216B931e7C59BE","Barr, Moody and Shields","http://www.arroyo-noble.biz/","Ecuador","Streamlined national archive","2011","Printing","836"
"9594","84082Af99CC43c3","Powers LLC","https://mcguire.com/","Morocco","Team-oriented empowering success","1995","Supermarkets","8802"
"3376","8Cba92dAb4C6C5b","Benton LLC","https://ruiz.org/","Norway","Realigned upward-trending intranet","1987","Package / Freight Delivery","3566"
"2487","aa6f1718feEC9d6","House and Sons","http://schneider.com/","El Salvador","Adaptive exuding implementation","2016","Automotive","7928"
"6954","b59e33BE0aF7Ab3","Hahn Inc","https://www.bowers.biz/","United Arab Emirates","Cross-platform bottom-line parallelism","2018","Translation / Localization","73"
"606","f1D5927fa5A4855","Valdez, Dickerson and Brooks","https://www.valenzuela-chavez.com/","Gambia","Total context-sensitive customer loyalty","2000","Logistics / Procurement","2225"
"7444","C06Aa66fb8c153f","Cantrell Inc","http://www.cervantes.net/","Denmark","Monitored non-volatile open architecture","2003","Law Enforcement","5941"
"5928","AEf22BDdCaec478","Moreno Ltd","http://www.cardenas.com/","Colombia","Expanded global forecast","1990","Furniture","2840"
"2454","940001b43fb4Fb2","Taylor Inc","https://cisneros.com/","Mongolia","Diverse national toolset","2015","Education Management","3448"
"3609","b6bBD43f3dC6Daf","Barrett, Williamson and Larson","http://massey.com/","Panama","Object-based mobile interface","1973","Dairy","383"
"1484","C6F0BA49DBee7A4","Lang, Erickson and Osborne","https://www.callahan.com/","Luxembourg","Public-key real-time project","1982","Apparel / Fashion","990"
"4519","8Cd229AAAbAd6Ea","Reyes-Lester","https://www.vazquez.info/","Cambodia","Advanced object-oriented software","1981","Renewables / Environment","9277"
"3038","352813E322FDaAc","Cuevas Ltd","http://figueroa.com/","Niger","Intuitive system-worthy paradigm","1996","Marketing / Advertising / Sales","9659"
"9352","e3CA69Cc84eC40C","Charles-Martinez","http://rios-cochran.com/","Vietnam","Cross-platform mobile system engine","2008","Photography","362"
"7692","dEeDeBaa2D1bf15","Thompson-Miles","http://randall-munoz.info/","Timor-Leste","Distributed value-added interface","2003","Investment Management / Hedge Fund / Private Equity","5791"
"4116","3febcD7Efb3CEA2","Goodwin, Potts and Parsons","https://www.nichols.info/","Guadeloupe","Seamless analyzing definition","1981","International Affairs","3591"
"1427","D10ecDfcD4CBbA4","Davila Inc","http://weiss.com/","Malaysia","Polarized scalable implementation","2013","Food / Beverages","8034"
"497","00DdBda1Ee4609F","Mills, Baird and Johnston","http://www.deleon.net/","Cambodia","Front-line logistical hub","2001","Luxury Goods / Jewelry","3612"
"3353","8Da3BBa0aBDfA24","Vang-Petersen","https://www.caldwell.com/","Cuba","Reduced zero tolerance protocol","1984","Real Estate / Mortgage","6354"
"8794","ecABF366DFfd22c","Ortega-Schmidt","https://www.todd-wilkins.com/","Oman","Diverse clear-thinking customer loyalty","1983","Environmental Services","2949"
"759","8b4bBB7eF79eDB0","Eaton-Glenn","http://www.murray.com/","Chile","Balanced secondary service-desk","1993","Consumer Goods","2531"
"838","bdCEE36dedAB3A6","Wu Ltd","http://williamson.net/","Burkina Faso","Implemented neutral capacity","1985","Packaging / Containers","2658"
"4327","AE56edd6AacBac3","Manning-Santos","http://hinton-spears.com/","Fiji","Compatible asymmetric parallelism","2001","International Trade / Development","3820"
"2128","d3aC93a8F1D699b","George and Sons","https://mayer.net/","Faroe Islands","Total multi-tasking service-desk","1989","Commercial Real Estate","1578"
"1023","DfB6715bc8f1FeE","Kaiser-Duarte","https://www.atkinson.info/","Uruguay","Team-oriented explicit Graphical User Interface","2006","Semiconductors","5707"
"8762","2fA05DE6dcd6dF0","Farley-Mcintosh","http://www.parrish.com/","Russian Federation","Expanded multi-tasking protocol","1995","Political Organization","1019"
"5614","c0Bd33D5855bdC2","Costa LLC","https://www.salinas.com/","Indonesia","Upgradable real-time open system","1977","Professional Training","504"
"5581","10D5Fb9fcE04B74","Brennan LLC","https://rich.com/","Egypt","Configurable radical projection","2010","Public Safety","7469"
"1058","839029E95765Eaf","Glenn, Parker and Mcpherson","http://www.luna-young.com/","Mexico","Cross-group bi-directional encryption","1984","Import / Export","6505"
"9542","24752aD83CFcBdF","Bonilla, Ryan and Doyle","https://hodge.com/","Jersey","Persistent global adapter","1981","Nanotechnology","473"
"6856","8Bb1461eCa45e4c","Brandt PLC","https://www.vincent.net/","Belgium","Team-oriented client-server utilization","2021","Music","1387"
"7349","60De04BAFEcE80b","Meza-Greene","http://www.russell-christensen.com/","El Salvador","Function-based static Graphical User Interface","1994","Building Materials","1079"
"9045","da0d2228e2FAb6b","Pacheco, Mathis and Hartman","https://www.lowery-webb.net/","Canada","Cross-group mobile definition","2019","Think Tanks","6405"
"2129","9c5dDc47d10bDB6","Harrington Inc","http://www.watts.info/","Pakistan","Virtual system-worthy orchestration","2020","Translation / Localization","3792"
"2767","DE86f1d9fEdEddb","Cunningham-Avila","https://peterson-rich.com/","Cameroon","Reverse-engineered upward-trending frame","1985","Civil Engineering","6847"
"2109","CF21Cc8bcF7EBC1","Pena and Sons","http://www.neal-gardner.org/","Tonga","Implemented holistic orchestration","1983","Recreational Facilities / Services","3134"
"3617","df88EDeEF1AaB7b","Vaughn-Huynh","http://www.foster.com/","Sweden","Inverse local help-desk","1996","Machinery","9249"
"1545","Da2Fd754Fa48C70","Vance PLC","https://melendez-elliott.biz/","Saint Martin","Customizable system-worthy Graphical User Interface","2012","Airlines / Aviation","3680"
"6914","CBc8C779FFEcda7","Hunter, Curry and Collins","http://www.wang-melton.com/","Qatar","Intuitive client-server contingency","2016","Insurance","7818"
"1719","556e2E5389F5bC2","Fitzgerald Ltd","http://ramsey.com/","Pakistan","User-friendly composite interface","1999","Commercial Real Estate","46"
"7435","42eC23C47b93A0D","Gomez, Good and Pearson","http://www.quinn.com/","Bhutan","Profound holistic definition","1974","Animation","8432"
"7365","6a66E8BcA75F374","Solomon, Frye and Hodges","http://www.foley-west.net/","United Kingdom","Fully-configurable national collaboration","1976","Glass / Ceramics / Concrete","6771"
"6235","B645ABD60ccDCEb","Kim Ltd","http://www.hanson.net/","South Africa","Total eco-centric definition","1981","Luxury Goods / Jewelry","650"
"725","B67F0078Bcc5e6f","Moore-Trevino","https://www.ball.biz/","Serbia","Object-based secondary productivity","1973","Consumer Services","1691"
"6673","0e2faeFdCd4c81B","Clayton, Horne and Lindsey","http://coffey-peck.info/","Ethiopia","Centralized homogeneous orchestration","2021","Fishery","8669"
"8029","AEa1BacacBA6889","Mcdaniel-Forbes","https://gates.com/","Congo","Customizable attitude-oriented standardization","1990","Capital Markets / Hedge Fund / Private Equity","986"
"5492","cE268cA50dC9f07","Baker, Estrada and Lee","https://townsend-wells.net/","Poland","Implemented context-sensitive moderator","1983","Maritime","5891"
"1128","d9EFF1f9c7Eb74f","Gallegos-Wiley","http://www.gutierrez-fuller.net/","Lesotho","Streamlined local encryption","1980","Philanthropy","2544"
"2957","e1Fe2E7Be2Af0EF","Henson-Knapp","https://www.welch.info/","El Salvador","Phased foreground workforce","1997","Internet","3524"
"5156","afbC9ffEF3B6D17","Ochoa-Benjamin","http://www.wright.com/","Tokelau","Multi-tiered executive software","1993","Utilities","4595"
"4817","B570Ac02dD56eC0","Casey, Glover and Foster","http://rivera.com/","Belize","Switchable reciprocal algorithm","2000","Biotechnology / Greentech","5169"
"6202","A351e2c24E173C2","Arnold, Fritz and Hayden","https://house.com/","Norfolk Island","Ergonomic even-keeled budgetary management","2004","Facilities Services","2197"
"6224","BAdf40D9E7D18e5","Wilson, Beard and Morales","http://franklin.com/","Lebanon","Focused client-driven Graphical User Interface","1992","Information Technology / IT","4721"
"8686","A7A9a9CECF84F3A","Grimes-Huang","https://www.mcdowell-curtis.com/","Gibraltar","Open-source empowering initiative","2008","Glass / Ceramics / Concrete","8675"
"7114","3152BEF64A9F8D9","Thompson and Sons","https://terry.com/","South Africa","Innovative mobile Local Area Network","1993","Package / Freight Delivery","9086"
"5275","E7F7f55bFd78016","Andrews-Dennis","http://www.villegas-castaneda.com/","Uzbekistan","Object-based attitude-oriented hardware","1998","Business Supplies / Equipment","2487"
"8536","a8F449E461ECaDb","Lang, Atkins and Beltran","http://english.info/","Ecuador","Organized web-enabled groupware","2018","Computer Hardware","9580"
"3044","cb27CFb3B4De3dF","Craig, Barton and Terry","https://www.hansen.info/","Qatar","Team-oriented eco-centric definition","1991","Cosmetics","4051"
"6912","bAa8feE8F8D2ca6","Henderson and Sons","http://owen-leonard.net/","Central African Republic","Centralized uniform Internet solution","1999","Investment Management / Hedge Fund / Private Equity","5238"
"150","4D196aF8Fca6af1","Riley-Potts","https://www.costa.com/","Japan","Self-enabling tangible emulation","2012","Furniture","4100"
"7574","BcA20e5036d089E","Pearson-Khan","http://www.waller.biz/","Fiji","Centralized 24/7 synergy","1988","International Affairs","3829"
"4206","4705FbB95F55e4d","Aguirre, Wilkins and Wise","http://richard.com/","Bhutan","Reduced reciprocal access","2014","Primary / Secondary Education","8121"
"5493","A47261DFEb2237F","Morgan Ltd","http://mendez.com/","Central African Republic","Versatile user-facing projection","2019","Utilities","5613"
"2690","c2FEcdA0f3B8CFf","Barber, Carlson and Castro","https://www.smith.com/","Saint Barthelemy","Switchable client-driven infrastructure","1992","Machinery","3441"
"4221","4bC645dB759184c","Baker Inc","http://www.zavala.com/","Antarctica (the territory South of 60 deg S)","Optional asymmetric array","2011","International Trade / Development","7710"
"9102","dbFa051eDed5d4E","Munoz, Barron and Huang","https://navarro.com/","Cameroon","Adaptive modular extranet","2021","Food Production","6445"
"842","9abfab26Ff5968E","Mayo, Mcneil and Haley","https://www.oliver.com/","Antigua and Barbuda","Multi-lateral multimedia toolset","1996","Broadcast Media","7444"
"8137","C9e27cffD516FAb","Berg-Merritt","https://cherry.com/","Tanzania","Open-source hybrid encryption","1975","Museums / Institutions","7743"
"6438","DF17924c143e6eD","Cherry and Sons","http://chavez.biz/","Bangladesh","Monitored responsive Graphical User Interface","1983","Transportation","655"
"9700","A8Cabcbad282D14","Maxwell-Joyce","http://www.herman.com/","Mexico","Profound human-resource approach","1985","Publishing Industry","659"
"6200","18AFcDB66Af158A","Sampson Ltd","https://stevenson.com/","Saint Helena","Fundamental static website","1977","Market Research","2949"
"2795","C7DA4103fEEBA7e","Marshall-Hull","https://www.harrison.com/","Hong Kong","Up-sized cohesive knowledge user","2022","Think Tanks","890"
"7626","AEF107a5b4Bb2e9","Aguilar, Murillo and Coleman","http://boyer.com/","Oman","Profound interactive portal","1987","Food Production","4872"
"8475","8389fBEfF7BB96A","Hays-Schaefer","http://bell.com/","United Kingdom","Synergistic asymmetric algorithm","1976","Commercial Real Estate","432"
"7890","55Bfd62d4415e4d","Chaney-Cowan","https://www.rhodes.com/","Congo","Front-line reciprocal installation","2005","Biotechnology / Greentech","8945"
"6608","8F7bA75b12aa821","Parsons-Ferguson","https://www.keith-cole.com/","France","Fundamental non-volatile adapter","1970","Investment Banking / Venture","9453"
"9195","f5a0eafcE70112E","Vega Inc","https://wells.com/","United Arab Emirates","Optional actuating product","1988","Apparel / Fashion","5729"
"8248","E205Fc9eB6D310F","Crawford and Sons","https://www.baird.com/","Dominica","Inverse didactic flexibility","2006","Defense / Space","6624"
"1393","cC854eBFbc92Dfc","Herman, Ross and Copeland","https://hale.com/","South Africa","User-friendly interactive service-desk","2012","Logistics / Procurement","6821"
"1922","9DBCe87393Ec8Ef","Cantu Group","http://www.rich-meyers.org/","Uganda","Multi-lateral 24hour ability","1985","Transportation","4337"
"7019","9cFBbAcBB0EeF40","Montgomery-Stein","https://roth.com/","Ecuador","De-engineered tangible workforce","2016","Other Industry","5769"
"3622","D3EF3B2E3506886","Sandoval-Brooks","http://www.ortega.com/","Belarus","User-centric static model","2013","Veterinary","3226"
"4849","B03f45dbFBE8dFE","Morales, Fitzgerald and Hubbard","https://deleon-peterson.com/","Saint Martin","Horizontal scalable protocol","1991","Education Management","7159"
"2292","8a14ebD20eA8D7A","Watson LLC","http://noble.com/","Italy","Secured modular attitude","2000","Computer Software / Engineering","8775"
"2134","01dbBfd1391fB4E","Stafford PLC","https://powers.com/","Tajikistan","Implemented homogeneous forecast","1992","Shipbuilding","5935"
"551","deFaecD7Fc9dA70","Murillo, Turner and Arroyo","https://rodriguez.com/","Fiji","Multi-layered discrete contingency","1985","Facilities Services","9304"
"1741","f5A1E5faFe984cA","Decker PLC","https://www.vega.com/","Cyprus","Stand-alone disintermediate monitoring","2008","Transportation","6444"
"5290","5a9E2DEdE42dc17","Nixon, Bentley and Stone","http://www.johns-bentley.com/","Cayman Islands","Synchronized homogeneous framework","1981","Government Relations","808"
"1818","Caedbf3c5A29bAC","Whitaker, Wise and Booker","https://www.acosta-schmitt.biz/","Chad","Organized composite website","1971","Defense / Space","6036"
"4699","A652468b3fAEbf7","Parsons, Vega and Camacho","https://huff.net/","United States of America","Extended heuristic toolset","1974","Professional Training","9634"
"5182","BbAcB52e9c4e560","Baxter, Coffey and Perry","https://donovan-nixon.com/","Peru","Open-source 6thgeneration alliance","1991","Defense / Space","7853"
"3019","048254e87F3DDc9","Lin Ltd","https://www.leonard.org/","Tunisia","Ameliorated dedicated circuit","2020","Research Industry","7756"
"18","3F2A9d9c44af88f","Solis PLC","https://gomez.com/","Suriname","Stand-alone zero tolerance algorithm","2004","E - Learning","2546"
"1771","DFe2B25B9B9957D","Snow, Jennings and Huynh","http://www.rowe.com/","Montenegro","Synergized stable firmware","1988","Railroad Manufacture","926"
"1889","c8f3BcDb9C5B9bf","Hale-Moyer","http://www.kirby.com/","El Salvador","Optimized discrete extranet","1983","Paper / Forest Products","7309"
"2153","85C22bD8abdFcBf","Evans-Frederick","https://combs-davenport.com/","Cook Islands","Grass-roots asymmetric utilization","1973","Government Relations","6370"
"1643","DbD5C0a5D7471e7","Montgomery-Bradley","https://garrett.com/","Cote d'Ivoire","Public-key client-server encoding","2006","Machinery","910"
"7847","181EbfA81cEd51B","Hays, Mullins and Knight","https://mayer.org/","Gabon","Automated leadingedge standardization","2013","Automotive","3127"
"4194","bDF30EFfc99DbF7","Garrison-Rogers","https://weiss-fox.info/","Hungary","Implemented eco-centric ability","1970","Supermarkets","8663"
"9433","0C9Bc7Ffbbbbbae","Evans, Velazquez and Liu","https://www.schwartz.com/","Myanmar","Switchable dynamic migration","1972","Paper / Forest Products","493"
"8899","e175831c559eb8A","Roberson Group","http://www.barrett-howell.com/","Seychelles","Reverse-engineered interactive software","1981","Hospitality","1819"
"534","3A4Bff9Adf85f7D","Zimmerman, Dyer and Frazier","http://www.montes.info/","Tonga","Synergized full-range secured line","1972","Glass / Ceramics / Concrete","6889"
"133","0aD44EFabF3fced","Espinoza Group","https://www.small.com/","Poland","Polarized interactive capability","2018","Hospitality","1984"
"7723","FceaF4EeafdEfb8","Ferguson, Huber and Kerr","https://www.thompson.com/","Cameroon","Public-key multi-tasking complexity","1984","Graphic Design / Web Design","8913"
"8459","Ef4f37D8daE4Bdc","Quinn-Ortiz","https://estrada.biz/","Uruguay","Devolved hybrid secured line","2008","Political Organization","208"
"965","6222Dd867DeDe1a","White Inc","https://sloan.biz/","Italy","Multi-channeled leadingedge contingency","1987","Public Relations / PR","9032"
"8720","5ECae9985950A2A","Clark, Sampson and Cantrell","https://www.melton.com/","Ethiopia","Integrated 24hour ability","1991","Market Research","5650"
"6413","6e35893F63a7E3f","Weber-Hatfield","http://ford.biz/","Russian Federation","Diverse client-driven functionalities","2001","Recreational Facilities / Services","9657"
"8286","58FA1ef3C5cb9ba","Robles-Morris","http://randolph.com/","Norway","Self-enabling upward-trending budgetary management","2001","Program Development","1322"
"7854","fF3d8A454f1DACc","Riley LLC","http://hensley.biz/","Saint Kitts and Nevis","Reduced scalable emulation","2018","Legislative Office","9743"
"1096","53ef158ac6fc9aE","Gaines-White","http://spencer.com/","Iran","Function-based coherent ability","1991","Wireless","4099"
"6930","AE027DaDe48e7Db","Mullins LLC","https://becker-ortega.org/","French Polynesia","Focused heuristic ability","1999","Ranching","4812"
