"Column_1","Column_2","Column_3","Column_4","Column_5","Column_6","Column_7","Column_8","Column_9"
"2674","ac05C9CD72112C1","Michael, Madden and Gutierrez","http://schroeder-bean.com/","Sao Tome and Principe","Seamless static encoding","1999","Arts / Crafts","4258"
"7017","224D55dEfA0d012","Haynes PLC","https://www.ayers.com/","Rwanda","Multi-lateral homogeneous function","1971","Motion Pictures / Film","9322"
"8721","4dc0fE78418A059","Parsons-Owen","https://guerrero.com/","Slovenia","Enterprise-wide 4thgeneration product","1985","Consumer Electronics","6617"
"8850","0B4fa6fACD8fa8f","Hess-Cordova","http://www.lester-yang.net/","Hong Kong","Team-oriented composite data-warehouse","1996","Gambling / Casinos","579"
"4813","F9A43b5f79eBa43","Moreno-Peterson","https://www.turner.biz/","Thailand","Open-source executive synergy","2003","Pharmaceuticals","2048"
"1085","2F1e1D92e63c81D","Carey, Levine and Best","https://cohen-spears.net/","China","Stand-alone contextually-based service-desk","2004","Think Tanks","8418"
"4984","8Ecb7b2921710e7","Mccarty, Hancock and Hensley","https://navarro-vaughan.net/","Equatorial Guinea","Reduced zero-defect matrices","2012","Writing / Editing","3860"
"7156","97c6a275dBDf36B","Kennedy, Deleon and Reynolds","http://wiley-norton.net/","Uruguay","Phased demand-driven parallelism","1995","Aviation / Aerospace","7753"
"2885","EEFde4dfa5EbD43","Andrews and Sons","http://www.orr.com/","Mexico","Distributed 4thgeneration projection","1975","Executive Office","9205"
"334","48754CaAADeEdBf","Moore, Garcia and Marshall","http://wilkerson.org/","Timor-Leste","Multi-layered even-keeled benchmark","2001","Plastics","2504"
"7205","817Cb26da9f541c","Robbins-Archer","http://levine.com/","Mauritius","Managed mission-critical data-warehouse","2019","Paper / Forest Products","3069"
"4368","A9Cf9a299B0eBB2","Floyd-Guerrero","https://www.wyatt.info/","France","Integrated motivating complexity","1997","Wireless","4975"
"3080","6bcf83Fc8FfA4ee","Mccall, Padilla and Acevedo","http://www.costa-eaton.com/","Nicaragua","Reverse-engineered interactive definition","2022","Information Technology / IT","5787"
"7204","8Eef38F20B6eEaB","Rangel-Mitchell","http://www.ramsey.com/","Singapore","Phased value-added synergy","1974","Alternative Medicine","8386"
"9910","03982572F8E5f31","Choi-Shah","http://oconnell.org/","Falkland Islands (Malvinas)","Up-sized optimal database","1999","Logistics / Procurement","3547"
"8865","76A5EA6Bb6820fA","Stuart, Duncan and Cardenas","https://www.castro.com/","Western Sahara","Automated content-based capability","1970","Individual / Family Services","724"
"264","FE3a8F6c2960EF6","Little-Cook","https://www.chandler-peck.com/","Finland","Face-to-face 4thgeneration knowledge user","1985","Package / Freight Delivery","6853"
"4338","3EaFD18EdA5035f","Cruz-Cameron","https://www.petersen.com/","San Marino","Object-based zero-defect matrix","1999","Capital Markets / Hedge Fund / Private Equity","3107"
"8896","7E7A2898A3c1aE3","Gaines Inc","http://www.moyer.biz/","Indonesia","Expanded systemic productivity","2001","Sports","1599"
"8448","e1b92A81FcabfBf","Villa Ltd","https://nichols.com/","Mauritania","Profound value-added function","1983","Alternative Medicine","1819"
"5904","AE74cCfabEe78E8","Benton and Sons","http://www.kemp.com/","Yemen","User-centric demand-driven circuit","1991","Luxury Goods / Jewelry","7484"
"1499","4F661e9fC037c46","Cantu Inc","http://www.ayers.org/","Panama","Virtual maximized capacity","2006","Machinery","6133"
"4191","7A4F62Cfb670FFF","Schroeder, Mcgee and Goodman","http://www.mcgrath.com/","Canada","Self-enabling leadingedge customer loyalty","2014","Machinery","3833"
"7486","aa9F7380c3FDb8c","Molina Ltd","http://stafford.com/","Russian Federation","Optimized background installation","2003","Ranching","4679"
"9644","d67Eb24cd833FAA","Wright PLC","http://www.butler-melendez.net/","Norway","Balanced grid-enabled hierarchy","2019","Chemicals","1778"
"8311","8482B5FBBAcc0De","Spears, Day and Stevenson","https://carrillo.com/","Poland","Operative well-modulated artificial intelligence","2006","Medical Equipment","5849"
"7591","76726B1770B90e9","Huerta and Sons","http://www.griffith-haley.org/","Lithuania","Face-to-face stable attitude","1975","Legislative Office","2352"
"501","C325157dfE064b8","Roy, Harper and Owens","https://www.wang-saunders.com/","Bahamas","Compatible global Local Area Network","2005","E - Learning","7705"
"9156","6cbE91CeeD7fdD5","Esparza, Stevenson and Villegas","https://berger.biz/","Ghana","Multi-layered systemic analyzer","1986","Sporting Goods","8926"
"9415","0BcDF5DF8bACfee","Gentry-Cummings","http://www.dorsey.com/","Tanzania","Ameliorated encompassing instruction set","1976","Computer Software / Engineering","6333"
"3096","C40d8E597bbABbE","Farmer-Hart","https://stanley-sellers.com/","Mexico","Horizontal content-based installation","1988","Electrical / Electronic Manufacturing","4734"
"4632","53eb2Df0CCdbdae","Valencia, Wilkins and Boyd","http://www.thomas.com/","Ukraine","Realigned optimizing model","2002","Apparel / Fashion","8461"
"368","47dB0D67e9e2C16","Case LLC","https://www.james.com/","Tuvalu","Persistent maximized conglomeration","2009","Restaurants","5737"
"4059","6fDe469Fcde8E58","Mayer LLC","http://www.vance.biz/","Ethiopia","Extended background conglomeration","2009","Fine Art","9648"
"8175","eC1875Ff2Bc8fd5","Huynh, Mcknight and Kaiser","http://www.mcgrath.com/","Puerto Rico","Horizontal logistical solution","2009","Health / Fitness","4415"
"4631","e0d9BD3B6eeCDea","Kirby-Mack","http://mejia.info/","Dominican Republic","Synergistic 3rdgeneration time-frame","1980","Environmental Services","5056"
"6071","ca5CACCf2eF54d6","Frederick, Banks and Melendez","https://www.jimenez.com/","Chad","Triple-buffered bifurcated moderator","1974","Museums / Institutions","2614"
"2665","100ABBEAd1D79dc","Holden-Rush","https://www.elliott.com/","Malaysia","Vision-oriented homogeneous strategy","1999","Primary / Secondary Education","7129"
"1027","f20fBa51ACAEa9f","Davidson, Beasley and Wang","http://solis.net/","Aruba","User-friendly well-modulated contingency","1977","Hospital / Health Care","8415"
"5909","8B19E1edBFAca79","Solomon, English and Lin","http://www.brennan-travis.org/","Nicaragua","Synergistic real-time circuit","1990","Printing","2164"
"5051","EE4A3bFc4054bbE","Santana, Burch and Garcia","http://www.mccullough.com/","Taiwan","Synchronized mobile service-desk","2014","Fine Art","3700"
"6329","32805DEEE5BD3FA","Berry, Bolton and Stevens","https://lam-mcpherson.org/","Jordan","Seamless zero administration Internet solution","2021","Food / Beverages","4170"
"9734","c2BCEF8a2C7FE00","Friedman, Parks and Colon","http://ryan.com/","Philippines","Triple-buffered optimizing focus group","1992","Staffing / Recruiting","1708"
"1692","f9c1C88C732c925","Hardin-Acosta","https://www.brock.org/","Saint Helena","Function-based human-resource application","1978","Government Relations","5346"
"674","d6ADb220b045E6c","Jacobson, Acosta and Dodson","http://www.barrera.info/","Estonia","Persistent asymmetric monitoring","1978","Plastics","651"
"5573","D35Fc8cc4DD6DFf","Frazier-House","http://conley-torres.com/","Cape Verde","Multi-tiered intermediate adapter","1974","Mining / Metals","3252"
"5767","a4DbfcddBdBBdba","Farmer-Gallegos","https://bowen.com/","Montserrat","Re-engineered system-worthy project","2012","Fishery","8062"
"5157","0Dfd0ca4CdCfEE9","Kelly, Larson and York","https://pugh.com/","Nepal","Switchable radical focus group","2014","Defense / Space","6423"
"734","589Ea03f646E0Fc","Diaz-Hancock","http://petersen-howe.com/","Guernsey","Horizontal optimal Graphic Interface","1975","Farming","7535"
"3527","49FaDD97Cd2d9f5","Buckley-Kane","https://www.downs.com/","Spain","Sharable fault-tolerant solution","2011","Think Tanks","1093"
"569","0aeC66ED930cE62","Mcmahon, Schultz and Lynn","http://www.edwards.biz/","Iraq","Horizontal explicit orchestration","1978","Environmental Services","8944"
"9188","9D16eFceB31FA1F","Patton PLC","http://www.le.org/","Christmas Island","Integrated maximized benchmark","2007","Graphic Design / Web Design","5899"
"2923","10BD04be56A1Df3","Larson Ltd","https://melton-oneal.com/","Maldives","Managed real-time budgetary management","1973","Pharmaceuticals","6879"
"7912","f6b233E71AfF0F6","Burch-Figueroa","http://www.hill-bowers.biz/","Lithuania","Compatible hybrid pricing structure","1975","Investment Banking / Venture","2239"
"1559","AF133fADb51cF3B","Hamilton, Oneal and Henderson","http://www.mann.com/","Comoros","Diverse multimedia portal","1991","E - Learning","2171"
"102","b983aCf8878Cba5","Wolfe-Whitehead","https://www.mayer.info/","Sri Lanka","Cross-platform asynchronous artificial intelligence","1996","Defense / Space","9471"
"3008","23905205feBE2E2","Norman, Lambert and Bennett","http://www.edwards-carney.net/","Madagascar","Compatible foreground flexibility","1989","Internet","4591"
"7202","ebBdDafeD22aF3f","Clarke and Sons","https://chaney.info/","Korea","Front-line bandwidth-monitored application","1988","Mining / Metals","3923"
"304","6BefF001efcDA0e","Mercer, Bowers and Rowe","http://alvarez.info/","France","Switchable global focus group","1981","Food Production","1168"
"77","Af5a9AC8Dbc1963","Hays, Villa and Wall","https://little.com/","Korea","Sharable value-added core","1999","Marketing / Advertising / Sales","2286"
"6755","dfcec880f058Bf2","Melton-Garrison","http://carrillo.com/","Peru","Organized 24/7 alliance","1991","Health / Fitness","6405"
"8630","1adf4f1A6e20aE2","Fisher, Peters and Bauer","http://www.wise.com/","Palestinian Territory","Right-sized content-based capacity","1995","Gambling / Casinos","6441"
"1209","c9D38c0912c2ADb","Gaines, Horne and Solis","https://salazar-solis.com/","Thailand","Switchable heuristic project","2012","Marketing / Advertising / Sales","1162"
"7743","8ECcF5f5cdacc5D","Kerr Group","https://www.hanna.biz/","Solomon Islands","Adaptive client-driven superstructure","1988","Management Consulting","7796"
"8215","dEda57FDd0C20cC","Arias, Maxwell and Navarro","https://www.hays.com/","Nepal","Integrated context-sensitive project","1981","Motion Pictures / Film","5963"
"8945","5FCaE2a612DcF7D","Frost LLC","http://carpenter.com/","United States Minor Outlying Islands","Configurable 6thgeneration infrastructure","2022","Shipbuilding","2281"
"8414","50B33b3f7dEc093","Hendricks-Bauer","http://www.gaines.info/","Austria","Proactive systemic paradigm","2014","Veterinary","6228"
"1776","a9bDD7f4Ab853a0","Davenport, Ford and Hanson","https://finley.com/","Qatar","Advanced static emulation","1997","Maritime","4328"
"3474","68C9C09161CCede","Marsh-Carroll","http://taylor.com/","Malawi","Fundamental next generation superstructure","2017","Museums / Institutions","5037"
"484","Af4D8BaB4aA1a5E","Blake, Parsons and Contreras","http://www.olsen.com/","Kenya","Streamlined 24hour synergy","1986","Fishery","3944"
"2190","8B349ffdE4ccfEF","Goodman Inc","http://www.landry-hanna.com/","United States Virgin Islands","Reactive holistic Graphic Interface","1992","Computer Hardware","4541"
"347","ecBC2aC0094C296","Ochoa-Hardy","http://benton.com/","Oman","Total responsive installation","1987","Consumer Goods","3231"
"5482","f7af0Da48FBC96e","Castro Group","https://www.kramer-hicks.com/","Nauru","Profound motivating superstructure","2020","Investment Banking / Venture","2411"
"8362","Fe41EFFF4A11E94","Murphy, Hogan and Ballard","https://mcfarland.com/","Ukraine","Universal human-resource orchestration","2001","Online Publishing","9643"
"1473","40D7fDf422F8A3d","Moore-Galvan","https://www.mcgee-keller.com/","Dominica","Intuitive multimedia framework","1974","Consumer Goods","6486"
"5101","70C4891CEC8f7dD","Kim and Sons","http://www.maynard.com/","Czech Republic","Exclusive client-server productivity","1998","Transportation","3368"
"6766","A2DB708aDA78F31","Stout-Blair","http://dougherty.biz/","Oman","Diverse 4thgeneration moratorium","1973","Performing Arts","6575"
"8707","6Bc6eafe9be7DFf","Johnston-Dalton","https://huynh.net/","Guyana","Open-source asynchronous success","1991","Warehousing","4600"
"4930","Eb380fB51045d1e","Bond-Mendoza","https://english-hines.com/","Mozambique","Innovative scalable access","1974","Paper / Forest Products","8183"
"6330","44067cCefeeeAf8","Duarte LLC","http://webb-vargas.biz/","Tuvalu","Seamless homogeneous ability","1987","Mental Health Care","3532"
"2610","4c95C0A6cBd1c26","Walsh, Preston and Sexton","http://www.frye.info/","Guam","Phased demand-driven throughput","1971","Apparel / Fashion","373"
"4","9D234Ae8Cc51C1c","Parrish, Osborne and Clarke","http://salazar.info/","British Indian Ocean Territory (Chagos Archipelago)","Fully-configurable next generation concept","1989","Supermarkets","5422"
"2214","842f1DEcdA80dD5","Mills Inc","https://www.lowery.org/","Mexico","Progressive didactic Graphical User Interface","1974","Leisure / Travel","8409"
"4828","8EecaD0774C4020","Villa-Drake","https://savage.com/","Venezuela","Multi-tiered interactive moratorium","1980","Supermarkets","2148"
"857","EE2c813eE246F5a","Mccann, Mcclain and Salas","http://www.landry.org/","Reunion","Profound client-server service-desk","1998","Real Estate / Mortgage","3079"
"6978","C46Fe5bf3205BEB","Jensen-Castro","https://heath.com/","United States Minor Outlying Islands","Reverse-engineered real-time orchestration","1970","Publishing Industry","6434"
"5886","8F7D0a069BfCAD8","Mejia LLC","https://rosario-gamble.com/","Argentina","Open-architected optimal collaboration","2009","Broadcast Media","3170"
"625","CF4C8a37BF1B4cb","Payne and Sons","http://ryan.com/","Taiwan","Assimilated clear-thinking ability","1988","Cosmetics","8191"
"291","91F270DEC9AE910","Howe, Decker and Frye","https://www.copeland.biz/","Finland","Re-engineered web-enabled frame","1971","Shipbuilding","5138"
"2019","64Cbe89DCb8F77C","Mcgee-Cisneros","https://www.guerra.info/","Christmas Island","Synchronized asymmetric moratorium","2001","Leisure / Travel","3326"
"669","de13b8c4494f647","Marshall Inc","https://sexton-foley.com/","Liechtenstein","Customer-focused systemic adapter","1976","Consumer Goods","231"
"8922","fb5faEC7eA0ea44","Gibbs, Riggs and Meadows","https://www.snyder-lee.com/","Philippines","Sharable incremental challenge","1995","Higher Education / Acadamia","8203"
"8265","cAe9de2F6222b36","Powers, Mendez and Walters","http://www.mcdonald.net/","Bahrain","Re-contextualized radical task-force","2007","Media Production","8514"
"9697","d8f5AfC12a00996","Lopez, Barr and Cross","https://www.yoder-gamble.biz/","Tajikistan","Public-key cohesive process improvement","1973","Education Management","6421"
"1632","0ff3cc239cb8818","Benitez-Maynard","https://www.arroyo.com/","Tunisia","Diverse national functionalities","2010","Broadcast Media","7290"
"5171","DD2CBD4B5310cBE","Krueger Group","http://www.robertson-hammond.com/","Bhutan","Business-focused contextually-based circuit","1988","Legislative Office","9540"
"7206","4feC5C03Ae475aF","Conway, Oneill and Gallagher","http://alvarado.com/","Saint Kitts and Nevis","Total value-added analyzer","2011","Investment Management / Hedge Fund / Private Equity","7370"
"2523","7dd86748d718A71","Rush-Watkins","http://tucker.com/","Greenland","Upgradable grid-enabled functionalities","1972","Online Publishing","879"
"2216","24DeAAdfD903b07","Turner and Sons","http://burgess-vega.com/","Haiti","Synchronized maximized groupware","1981","Translation / Localization","329"
"6969","b2Ea149487Cd236","Calhoun, Lowery and Brennan","https://www.tyler.com/","French Guiana","Inverse intangible collaboration","1991","Legal Services","7261"
"6497","8fB6A7E75aF9Ce2","Weiss-Yu","https://www.carson.biz/","Kuwait","Front-line explicit hub","2017","Defense / Space","4548"
"6214","61838C71c5173a1","Walton-Roth","http://www.prince.biz/","New Caledonia","Open-architected holistic moderator","1975","Restaurants","2453"
"7033","0AbCDad7CB7DBEF","Cantrell Inc","https://www.shields-novak.com/","Pitcairn Islands","Progressive motivating secured line","1979","Public Relations / PR","1720"
"7421","3d8421DaDaC44Bd","Griffin, Grant and Walker","https://www.padilla-mcneil.com/","Mayotte","Reduced intermediate toolset","1975","E - Learning","4053"
"1108","dBFc49def6F727b","Case, Montes and Horne","http://spencer.net/","Qatar","Sharable optimal monitoring","1996","Farming","5340"
"451","2F059FbDC95a8e7","Sanford, Christensen and Callahan","https://www.mcdowell.com/","Micronesia","Re-contextualized neutral info-mediaries","2011","Civil Engineering","4452"
"6290","78CC65aE7FFE5E5","Fernandez, Norman and Navarro","http://www.moreno.com/","Kazakhstan","Secured high-level moderator","2017","Defense / Space","8811"
"9967","B9566BBAbe78D7F","Fitzpatrick-Ayala","http://www.mccormick.com/","Indonesia","Object-based holistic matrices","1990","Information Technology / IT","2435"
"136","E28CeE0c73B74DB","Bass Inc","http://perry.com/","Indonesia","Focused hybrid throughput","2011","Investment Management / Hedge Fund / Private Equity","8245"
"1786","2F0c99aBa06c5ab","David Inc","http://roberts.org/","Swaziland","Multi-layered regional model","1992","Automotive","2710"
"3405","b59aBADDf7fb4dc","Maynard-Chandler","http://fry.com/","Liechtenstein","Customer-focused explicit middleware","1978","E - Learning","7012"
"2907","BC4Da0D6C036CDd","Frye-Leblanc","http://www.jordan-byrd.biz/","Singapore","Realigned systemic system engine","2003","Wholesale","6260"
"8305","B5Ca57dEEeCce8e","George Ltd","http://eaton.info/","Central African Republic","Object-based next generation strategy","1975","Computer / Network Security","5367"
"7493","f8371A60Aaf64f1","Weber-Miles","http://pineda.com/","Honduras","Centralized 24hour encryption","1996","Graphic Design / Web Design","2096"
"6101","a1fEB218acD8f70","Atkinson, Wood and Erickson","http://www.powell-cook.com/","Niger","Business-focused intangible groupware","2017","Human Resources / HR","7193"
"4505","a6F63579bd8429d","Richmond-Vincent","http://www.hall-lam.info/","India","Devolved non-volatile conglomeration","1989","Civil Engineering","4573"
"5054","0eB99dab875Edc9","Graves, Skinner and Pearson","http://house.org/","Korea","Optimized national pricing structure","2001","Aviation / Aerospace","4599"
"5206","26Bc5e42F7DBC81","Copeland, Pollard and Buckley","https://zamora.info/","Saint Barthelemy","Multi-tiered systemic standardization","1972","Sports","6508"
"4081","FC453Fa9cCc5E66","Mccarthy, Gordon and Drake","http://www.wang.org/","Nauru","Operative uniform initiative","2005","Environmental Services","4525"
"6919","68A4Ec7ec4d7D34","Skinner Group","https://armstrong.net/","Mali","Reduced bottom-line capability","2013","Program Development","4205"
"6803","DfFC8c00C5f0bd6","Pierce LLC","http://gaines-randolph.com/","Tunisia","Open-architected attitude-oriented data-warehouse","2003","Building Materials","5392"
"5207","1fFB3cC30c6CbDa","Wise LLC","http://krueger-quinn.com/","Myanmar","Object-based non-volatile instruction set","1970","Consumer Services","7065"
"533","0DEa3A3bfFD4de5","Carrillo Ltd","https://green.com/","Svalbard & Jan Mayen Islands","Cross-group bandwidth-monitored challenge","2016","Building Materials","6465"
"4831","CE1136FE5f2B6bD","Ramos, Odom and Mack","https://www.alvarado.info/","United States Minor Outlying Islands","Optional high-level projection","1982","Consumer Goods","2599"
"4039","ceaCdA156A14B4C","Ball-Sandoval","http://www.boyd-bautista.org/","Macedonia","Innovative logistical productivity","1984","Nanotechnology","7786"
"4085","53cC3fEebf175b8","Yates, Griffin and Stark","http://www.larson.com/","Lesotho","Public-key transitional core","2001","Medical Equipment","471"
"3205","67390b1CDd359e8","Glenn Inc","https://cabrera.org/","Germany","Reduced hybrid structure","2014","Computer Hardware","8025"
"7111","DAa8D0e3A2697b0","Acosta, House and Krause","http://galloway.com/","Isle of Man","Cross-group actuating functionalities","2012","Oil / Energy / Solar / Greentech","2638"
"331","765DFAcF476Ae6B","Arroyo Ltd","http://francis.com/","Saint Vincent and the Grenadines","Cross-platform modular product","2021","Photography","4931"
"4958","AaCC9b1443feCBC","French Inc","http://www.cuevas-marquez.com/","Cape Verde","Switchable motivating project","2000","Automotive","11"
"3034","204aef18b54d53C","Villa-Davidson","http://burns.com/","Armenia","Distributed exuding functionalities","1996","Veterinary","4867"
"7685","08E9Ef068C19833","Lynch Ltd","http://www.burke-lee.com/","Colombia","Extended incremental array","2014","Tobacco","2800"
"1598","858eBBAEd8EFC9a","Anderson and Sons","http://www.waters-cruz.com/","Palestinian Territory","Secured needs-based instruction set","1993","Facilities Services","7539"
"9920","ac42457A297F888","Caldwell-Rivas","http://bonilla.com/","Georgia","Innovative optimal monitoring","2011","Tobacco","8281"
"3598","FF22BefA4bc9fD1","Cooke-Barry","http://www.lowe.com/","Korea","Distributed intermediate Local Area Network","2003","Apparel / Fashion","1092"
"9039","D6FbE7BaFBFCF4D","Barr-Garcia","https://watts.com/","Libyan Arab Jamahiriya","Down-sized explicit database","1998","Law Practice / Law Firms","5775"
"8002","e3Bb0Ff3Aa9bb9a","Fitzgerald Inc","http://simmons.biz/","Benin","Programmable disintermediate moderator","2001","Computer Software / Engineering","1427"
"591","b0D6A5dAb2246dC","Hurley, Butler and Jordan","https://harrington.biz/","Guernsey","Open-source tertiary orchestration","2006","Defense / Space","5888"
"648","0DdB95efcad5815","Rose Ltd","http://keller-harrington.org/","Japan","Object-based multimedia hardware","2012","Information Technology / IT","5572"
"9103","eF331A76E79E8cE","Knox, Farley and Parker","http://yoder.com/","Turkmenistan","Total static capacity","1976","Marketing / Advertising / Sales","7158"
"8016","a8B2F196dCF1c16","Manning, Franco and Aguirre","https://bell.com/","Australia","User-centric upward-trending customer loyalty","2007","Program Development","528"
"3772","Cdaa54786CfFaA0","Caldwell-Hood","https://www.rivera.com/","Russian Federation","Configurable clear-thinking projection","2021","Fundraising","7566"
"9040","Fc99A8DA2eC0EcD","Patton Inc","https://mercer.com/","Tanzania","Organic modular database","1977","Consumer Services","163"
"5083","7CC024920ADeE8a","Oliver, Glover and Stanley","https://www.villegas-nelson.com/","Georgia","Reactive stable analyzer","2009","Alternative Dispute Resolution","2173"
"7883","d50fc378cf59F6b","Norton, Ritter and Stark","http://owen.biz/","Kenya","Cloned web-enabled analyzer","1988","Marketing / Advertising / Sales","3933"
"9363","E7a35B27Ab91c4E","Parker PLC","http://christensen-kemp.com/","Tanzania","Ameliorated composite budgetary management","1984","Mental Health Care","5388"
"4211","48A4F8a1B85e66F","Frederick, Barrett and Morales","http://mckee.net/","Cote d'Ivoire","Visionary asynchronous definition","1999","Professional Training","7829"
"8835","FCb0d0bFb11CAbb","Dean-Barnett","http://hayes-dunlap.net/","Equatorial Guinea","Right-sized heuristic model","1998","Executive Office","4950"
"8700","345a12D37545681","Haynes Inc","https://russo.org/","Azerbaijan","Networked user-facing project","2018","Music","197"
"1796","a27fF2DFDaADeBc","Brown-Chambers","http://russell.com/","Taiwan","Realigned bifurcated contingency","1978","Information Technology / IT","6606"
"2587","1d7e7df4a4D0eee","Riley Inc","https://graham-molina.biz/","Canada","Future-proofed static hub","1988","Automotive","7295"
"8356","07B280fAFa2b4Fd","Turner Inc","http://hale.com/","Iceland","Profound user-facing contingency","1992","Mechanical or Industrial Engineering","2463"
"2317","220cf0eAe5D0855","Hardin, Massey and Petty","http://www.welch.org/","Tajikistan","Realigned zero tolerance info-mediaries","2000","Program Development","4375"
"4186","81dece0A0224818","Padilla, Davies and Pope","http://oneill-acosta.com/","Tanzania","Grass-roots responsive budgetary management","1983","Research Industry","7331"
"8828","Dbc16476a04CB2A","Allison-Crawford","https://www.skinner.com/","Syrian Arab Republic","Multi-tiered hybrid strategy","1986","Internet","7668"
"7073","CcBBD2AE16fc62b","Johnson, Mclean and Chase","http://weeks-ballard.org/","Mayotte","Organized zero tolerance attitude","1985","Military Industry","9878"
"5235","b38E01F3B0BcBA8","Perkins, Duncan and Hawkins","https://www.davila.com/","Antigua and Barbuda","Integrated clear-thinking website","2002","Environmental Services","9897"
"8744","78B67dfF848E9F8","Charles, Tanner and Boyer","http://hendricks.com/","Bouvet Island (Bouvetoya)","Organic homogeneous interface","1982","Building Materials","3409"
"8671","B72EA24eEefEc48","Simon Group","http://gibson.com/","Tuvalu","Robust system-worthy product","1995","Non - Profit / Volunteering","7220"
"4769","c4CA21fc8EecDDf","Pittman-Marquez","https://chaney-pena.com/","Benin","Cross-group responsive hardware","1994","Civil Engineering","2553"
"9973","fA8cda9fD955b4B","Werner Inc","https://www.miller-mosley.com/","Nicaragua","Customizable methodical conglomeration","1983","Consumer Goods","4273"
"7145","724Cbd4cBF8b9ec","Moran-Sharp","http://schultz-robertson.com/","Hungary","Profit-focused fault-tolerant algorithm","1979","Events Services","1654"
"2914","AbAbE5383E71b4d","Anderson-Armstrong","http://www.rangel-hobbs.biz/","Poland","Optimized context-sensitive info-mediaries","2016","Graphic Design / Web Design","1792"
"9872","ED8C3754D229A8D","Frazier-Curtis","https://church.com/","Antigua and Barbuda","Persevering static moratorium","1976","Market Research","9452"
"9894","e8ecd5B87F9BAA4","Stafford, York and Carroll","https://roberson-baird.com/","Pakistan","Ameliorated analyzing contingency","1979","Music","9990"
"2076","2Bec84E8Aa0FC04","Leach, House and Vaughn","https://www.tucker.com/","Korea","Ergonomic interactive utilization","1977","Warehousing","2158"
"4303","b9F4D57B5b10a2b","Tucker-Walker","http://www.miller.biz/","Angola","Synergized client-driven initiative","1996","Aviation / Aerospace","51"
"5823","b2d1Cde2FeffaEA","Ochoa-Austin","https://mcpherson.com/","Korea","Open-source zero-defect standardization","2003","Airlines / Aviation","8460"
"2150","B5D7D7ad5ED34F1","Chang Inc","http://www.obrien.biz/","Italy","Down-sized dedicated system engine","1996","Entertainment / Movie Production","2304"
"145","91cD7feaED0082C","Pennington, Meadows and Lowe","https://www.mendez.com/","Saint Lucia","Vision-oriented fault-tolerant collaboration","2003","Religious Institutions","6468"
"4964","bdFAab8e7Dcad25","Mcclure LLC","https://www.blankenship-potts.com/","Lebanon","Mandatory non-volatile contingency","2011","Information Services","2740"
"8160","b497d6c5A9f3eeA","Joseph-Sullivan","https://www.andrews.com/","Yemen","Business-focused next generation time-frame","2021","Apparel / Fashion","9581"
"9031","Fbd0BffBE9efD87","Lloyd, Barton and Sims","https://mcmahon.com/","United States Minor Outlying Islands","Fundamental intermediate success","2004","Pharmaceuticals","5223"
"4776","3EF041BF4B020fc","Harper-Valdez","http://www.rios-blankenship.info/","Tonga","De-engineered didactic groupware","1979","Higher Education / Acadamia","3261"
"8934","EA056a8032c4B2B","Franco-Myers","http://www.short-woods.info/","Anguilla","Organized real-time customer loyalty","2018","Food Production","800"
"7750","d964FF6e4eC1aA3","Mcintyre, Kennedy and Williamson","https://www.shelton.info/","Bolivia","Networked secondary attitude","2018","Investment Banking / Venture","7425"
"9829","85Faed8d3cDe2Fd","Vang, Pruitt and Collier","http://www.english.com/","Mayotte","De-engineered local middleware","1977","Environmental Services","6748"
"9215","36fdb5b8BBf8C96","Mcknight-Daugherty","https://stevens.info/","Montenegro","Reduced zero tolerance capability","1974","Mining / Metals","2828"
"6061","f7AeFecaB717B5f","Stephenson-Nolan","https://beard-nash.com/","Iran","Compatible actuating challenge","2005","Electrical / Electronic Manufacturing","8619"
"9476","A697afa4C7699Ef","Bright-Fleming","https://holt.com/","Guinea-Bissau","Proactive zero tolerance functionalities","1991","Telecommunications","8839"
"6410","9C7eD1ebd87f3EC","Hanna LLC","http://www.dean.biz/","Isle of Man","Organic zero tolerance infrastructure","2020","Aviation / Aerospace","5698"
"3318","09Edf98E1cC12FF","Kennedy Group","https://floyd-rhodes.biz/","Jordan","Extended maximized pricing structure","1981","Telecommunications","8694"
"7465","Fe2932EDB8f318D","Berger-Rose","http://www.walker.biz/","Svalbard & Jan Mayen Islands","Synergized optimal core","2005","Environmental Services","715"
"3062","7b0A09fEE6a9bF9","Carr-Gould","https://www.vincent-ibarra.com/","Christmas Island","Open-source modular conglomeration","1970","Package / Freight Delivery","4035"
"1356","d26e47FC39efbce","Montgomery-Cohen","https://watts.com/","Cape Verde","Reverse-engineered logistical customer loyalty","2019","Higher Education / Acadamia","1648"
"4515","1eE1dEB543ac230","Huber-Haynes","http://sherman.com/","South Georgia and the South Sandwich Islands","Front-line interactive task-force","1979","Human Resources / HR","7770"
"5506","aa6F86B119ffcfe","Mathis and Sons","http://gibbs.com/","United States of America","Ergonomic multi-state ability","2015","Law Enforcement","1666"
"5251","efEbBa13cBd4aC8","Haney, Lloyd and Eaton","http://alexander.com/","United States of America","Quality-focused object-oriented circuit","2003","Warehousing","8943"
"4512","c585c764BA8B74A","Schwartz, Frederick and Garcia","http://shah.org/","Singapore","Extended regional encryption","2009","Think Tanks","1572"
"1731","33Faf5f1bEFAad0","Bennett, Mcknight and Alvarez","http://larsen.com/","Gambia","Compatible next generation process improvement","1991","Translation / Localization","143"
"1759","5b200ED6483Bab8","Baker, Santiago and Atkinson","https://orozco.net/","Myanmar","Upgradable composite time-frame","1978","Security / Investigations","4728"
"6651","61413F1DD4aefAc","Sullivan-Castro","https://www.curtis-carter.com/","Ghana","Enhanced stable Graphical User Interface","2014","Gambling / Casinos","6158"
"6647","6A1a24D86DAf8B2","Duke, Weber and Carson","http://mendez.com/","Benin","Re-engineered 5thgeneration synergy","2018","Information Technology / IT","9294"
"9861","A5dd1199DB17dfe","Mcdaniel-Lopez","https://www.moon.biz/","Malawi","Compatible heuristic artificial intelligence","1987","Human Resources / HR","9804"
"4140","69D4dd0b5d2EBAF","Nixon Inc","http://atkins-shepherd.com/","Luxembourg","Business-focused actuating hub","1971","Semiconductors","8402"
"9394","4A1EAaC6cBcFEF0","Key Ltd","http://bray-roach.com/","Cuba","Cloned systematic functionalities","1989","Dairy","5802"
"5124","7319BefDCBd4Ec9","Watson, Beard and Prince","http://www.fisher.net/","United States of America","Public-key bandwidth-monitored superstructure","1981","Wine / Spirits","648"
"1","522816eF8fdBE6d","Mckinney PLC","http://soto.com/","Sri Lanka","Synergized global system engine","1988","Dairy","3930"
"1865","eff2aa3becD84b9","Serrano, Mcfarland and Phillips","https://petty.com/","Uzbekistan","Secured needs-based utilization","2003","Import / Export","414"
"544","FB206249ECa7c96","Tran, Reyes and Blake","http://cooke.biz/","Palau","Expanded context-sensitive neural-net","1992","Primary / Secondary Education","789"
"350","ddC5fD92E50CFEc","Stokes, Larson and Cummings","http://www.estrada.net/","Malaysia","Persevering modular synergy","1996","Animation","6691"
"6907","77E27Af83F72Ab1","Clarke-Carey","https://www.higgins.com/","Comoros","Enhanced mobile hierarchy","2000","Animation","4727"
"9766","5EABaf71E1674Ef","Ashley, Summers and Mccormick","https://davies.com/","Burundi","Object-based leadingedge model","2016","Import / Export","1489"
"2524","8CCA384e2abAddD","Weiss-Mclean","https://baldwin.biz/","Madagascar","Fundamental hybrid task-force","2020","Defense / Space","6176"
"3465","462483CbaDe780E","Baldwin and Sons","http://robertson-vega.com/","French Guiana","Managed local attitude","2017","Capital Markets / Hedge Fund / Private Equity","3624"
"458","0C7643a6b76Df07","Hays LLC","https://www.rodgers.net/","Slovakia (Slovak Republic)","Intuitive even-keeled synergy","2006","Wireless","3654"
"3024","EEed0A26219C595","Andrade-Jacobs","https://kline-olsen.com/","Afghanistan","Profit-focused bi-directional installation","1986","Commercial Real Estate","1329"
"7262","dEd475dE1dfea14","Blanchard Inc","https://www.watson.org/","Romania","Public-key interactive process improvement","2003","Food Production","9539"
"9516","eCbDBAADcAeFCe6","Mckay, Rosario and Rollins","https://www.archer-melendez.com/","Mozambique","Mandatory zero tolerance synergy","1975","Chemicals","7360"
"7873","9Bad4A9dE9D29FE","Reynolds Group","http://donaldson-moran.biz/","South Georgia and the South Sandwich Islands","Future-proofed real-time flexibility","1971","Media Production","3811"
"6626","8C04DBEbbc7FfbA","Wilkinson-Shields","https://galloway-erickson.org/","Netherlands Antilles","Reactive human-resource definition","2021","Printing","6309"
"2535","F52BCDE16B5CA4d","Maldonado-Hull","https://www.graves.com/","Saint Barthelemy","Decentralized needs-based project","1979","Wireless","1932"
"132","2840220621B524b","Shelton LLC","https://www.castaneda-odonnell.org/","Tonga","Switchable analyzing structure","1978","Semiconductors","1544"
"3705","DDEA807aeFEc54c","Mercado-Sweeney","http://santos.biz/","Western Sahara","Up-sized discrete forecast","1984","Financial Services","7909"
"1373","89a36AfC3AAfd36","Reeves, Krueger and Bray","https://www.peterson.com/","Bulgaria","User-friendly clear-thinking website","1992","Accounting","7720"
"6201","90aCaCcC51c6f14","Casey, Cardenas and Guerrero","https://www.nichols-stone.com/","Sao Tome and Principe","Networked high-level support","2022","Translation / Localization","5070"
"4857","A7dA79bF0a8eFDC","Blackwell Group","http://chase.com/","Uzbekistan","Organized optimal secured line","1972","Wine / Spirits","4898"
"4713","aB5993d44DD7583","Hatfield-Christensen","http://perkins.com/","British Virgin Islands","Automated didactic Graphic Interface","2020","Insurance","6302"
"5545","3fE3AcCBB8b4CAc","Fox-Parrish","https://www.ballard.info/","Slovakia (Slovak Republic)","Inverse responsive interface","2003","Photography","6405"
"1414","E7c0CFB40FDBDec","Stewart Inc","https://www.mack.org/","Colombia","Organized impactful solution","1996","Architecture / Planning","3874"
"4114","1Ef8D4F4851Dd2a","Rasmussen LLC","http://gardner.biz/","Antigua and Barbuda","Expanded coherent hub","2006","Information Services","2652"
"656","B2a04bC378cEc0e","Kim, Ray and Zavala","https://www.knox.com/","Guam","Organic scalable archive","1993","Transportation","2131"
"8138","EFaf5971C5a8eAd","Estes-Fitzpatrick","https://faulkner.com/","Bulgaria","Re-engineered eco-centric projection","2018","Market Research","190"
"4099","BbFcBb0C5ac7BbD","Chang Ltd","https://haley.com/","San Marino","Exclusive stable system engine","2017","Fundraising","80"
"593","506eceaBCCAad0a","Curry, Mccarthy and Fisher","https://www.vance.com/","South Georgia and the South Sandwich Islands","Seamless static info-mediaries","1980","Restaurants","8194"
"8709","E2D9dB90C88Dbc9","Rowe-Tate","https://hawkins.com/","Malaysia","Implemented context-sensitive artificial intelligence","2005","Computer Hardware","5716"
"3124","fD28Ce47da21Eca","Dudley-David","https://elliott.com/","Saint Kitts and Nevis","Networked web-enabled focus group","2009","Logistics / Procurement","999"
"3048","C67fFAd03c2ec43","Parrish LLC","http://www.andrews.com/","Martinique","Total systemic installation","1971","Outsourcing / Offshoring","9803"
"3888","92c0cfbDf751C9D","Gibson-Ray","http://www.mcclain.com/","Dominica","Re-engineered solution-oriented support","2021","Recreational Facilities / Services","2462"
"5736","c9CeF6559A7A26c","Crawford Group","http://larsen.com/","Dominican Republic","Visionary homogeneous application","2020","Government Administration","6176"
"2185","c291C5B81cf2B1F","Cardenas LLC","https://www.booker.com/","United States of America","Self-enabling reciprocal installation","1991","Photography","9705"
"2146","7E45FD006C1Aca9","Archer-Villa","https://mckenzie.com/","French Southern Territories","Front-line foreground function","2009","Banking / Mortgage","2407"
"7048","a02fc7ccB4cd15D","Singh, Berg and Sanchez","http://www.harmon.org/","Uruguay","User-centric content-based service-desk","1998","Computer / Network Security","274"
"3106","18C1dcC0CcE1Ffe","Singh, Burton and Hunt","http://hull.net/","New Zealand","Balanced homogeneous attitude","2012","Leisure / Travel","3604"
"9234","EB0BFe873ABAfd4","Fuentes-Lane","https://evans-chapman.com/","Iceland","Object-based fresh-thinking help-desk","1974","Staffing / Recruiting","2906"
"9097","8aA520cf4ceE8d1","Dillon PLC","http://www.bautista.com/","Benin","Grass-roots incremental matrices","1993","Wholesale","6593"
"2770","03E04cD0873D027","Myers, Arnold and Fernandez","http://www.henson.com/","Macao","Extended content-based data-warehouse","2017","Non - Profit / Volunteering","950"
"5222","43e640fa95e68FC","Wheeler-Underwood","https://www.colon.com/","Singapore","Pre-emptive transitional protocol","1981","Real Estate / Mortgage","1291"
"5834","EFdef91E58b6d83","Glass, Horne and Cisneros","http://www.coffey-mora.com/","Antarctica (the territory South of 60 deg S)","Face-to-face multimedia firmware","2010","Law Practice / Law Firms","3605"
"1733","28B37639b5F10fe","Estrada, Donovan and Pham","http://www.arnold.net/","Mauritania","Upgradable cohesive concept","1972","Investment Banking / Venture","6571"
"266","6361963EBCFC30B","Conrad, Trujillo and Blanchard","https://ewing.biz/","Korea","Extended next generation forecast","2000","Paper / Forest Products","4336"
"5145","3018fEdDd984dAd","Newton, Brooks and Boyle","http://carrillo.org/","Uruguay","Profound clear-thinking pricing structure","1975","Museums / Institutions","7285"
"8268","F08B240AE20C1C1","Landry, Cain and Ortega","https://nichols-cummings.com/","China","Down-sized discrete alliance","2001","Consumer Goods","1827"
"3938","FC4261BfA78BD7e","Rodriguez-Potts","https://shelton-mays.org/","Thailand","Cloned intermediate artificial intelligence","1979","Dairy","8647"
"762","7A59c664aa55205","Carlson PLC","http://www.huerta.biz/","Chile","Optimized bandwidth-monitored pricing structure","1986","E - Learning","9270"
"7221","6BfaCb94C5d9A83","Orozco-Jones","https://conley.com/","Mexico","Polarized clear-thinking attitude","1984","Political Organization","1391"
"8440","CAE3d47DCCcfC06","Bolton, Stokes and Mcconnell","http://marquez.com/","Cyprus","Digitized disintermediate standardization","1996","Political Organization","4665"
"3258","Ce8c82764F149eA","Walter-Herring","http://www.rush.com/","Antarctica (the territory South of 60 deg S)","Adaptive needs-based hardware","1985","Telecommunications","495"
"4339","dDF1cBEfC37697A","Mendez and Sons","http://www.powell.info/","Mozambique","Vision-oriented heuristic protocol","1982","Human Resources / HR","6389"
"4363","Fd9ab1faF20D7cd","Campbell Inc","https://sawyer.biz/","Micronesia","Persistent analyzing protocol","1972","Civil Engineering","3930"
"317","CFAfF509Df6CDDb","Fowler, Blackwell and Wang","http://reyes.com/","Slovakia (Slovak Republic)","Open-architected secondary customer loyalty","1976","Animation","1931"
"8070","e5DdC6e8D63DDfc","Townsend-Forbes","https://www.ibarra-strickland.com/","Bermuda","Assimilated system-worthy hierarchy","2006","Hospital / Health Care","6979"
"1852","F40bAaD3dDCc808","Barton, Duarte and Braun","http://www.hampton-levy.com/","Austria","Robust stable hardware","1981","Airlines / Aviation","9646"
"2485","ed4E2Ecf1d7eDb7","Howe-Harmon","http://www.fernandez.net/","Congo","Operative empowering matrix","1976","Hospitality","2603"
"9874","e3e51Cca6dd4BFA","Castillo PLC","http://www.osborn.com/","Hong Kong","Cross-platform optimizing matrices","2017","Pharmaceuticals","4481"
"9575","1aE53Aaa1dbEFE9","Rodriguez PLC","http://riddle.com/","Turkey","Networked zero-defect utilization","2021","Newspapers / Journalism","512"
"1079","1C8fC0B240cc634","Richard-Ellison","https://www.norris.com/","Djibouti","Inverse even-keeled policy","1971","Civic / Social Organization","517"
"8359","ACEebB7CA53BaeD","Garza-Whitney","https://www.hughes.com/","Central African Republic","Multi-channeled composite installation","1995","Wireless","2817"
"7334","648b4d4E1e4bBeB","Ortega PLC","http://hicks-murphy.com/","Andorra","Ergonomic well-modulated firmware","1982","Banking / Mortgage","2117"
"1072","5B20DEeCcFbB6fF","Everett-Boyle","http://www.hood-benson.info/","United Arab Emirates","Reduced bi-directional synergy","2016","Fishery","7132"
"104","cdAaC1adDa67fce","Kaiser-Long","http://oneill.net/","Uganda","Exclusive systemic policy","1977","Human Resources / HR","247"
"5749","8Dae5DF47bFd95A","Randolph, Gregory and Lloyd","http://mckee.org/","Comoros","Customer-focused didactic encryption","2004","Architecture / Planning","3496"
"1419","0cAA98C1B45F6F7","Schaefer, Forbes and Baxter","http://norton.com/","Fiji","Focused 3rdgeneration hardware","2000","Primary / Secondary Education","8840"
"1659","246EffCc2961F36","Knapp, Harrington and Thornton","http://galvan-madden.net/","France","Balanced static hub","2020","Glass / Ceramics / Concrete","2203"
"5285","8F9D01A3d8b8cEa","Russell and Sons","http://www.madden.biz/","Singapore","Sharable eco-centric migration","2001","Venture Capital / VC","2484"
"1150","F97120b5a6f9ffF","Schaefer, Mercado and Pugh","https://benitez.com/","Timor-Leste","Secured tangible function","1981","Maritime","4022"
"7151","697FCEb7fcAEc9d","Flores, Nicholson and Page","https://warren.com/","Jordan","Total 4thgeneration database","1980","Retail Industry","3082"
"1569","D952FdCCA3e44fA","Liu and Sons","https://molina-miles.com/","Nauru","Stand-alone fresh-thinking projection","1974","Alternative Medicine","9301"
"1088","8bB2A19BEB2468F","Torres-Jensen","https://gould.com/","Algeria","Horizontal optimal strategy","2008","Paper / Forest Products","7020"
"6086","38Ff38D0e6C2d7D","Ross-Donaldson","http://ball.biz/","Kiribati","Focused leadingedge projection","2004","Import / Export","3614"
"8675","3C0b65A2fFF0aaD","House-Compton","http://www.lowe.com/","Egypt","Face-to-face optimal firmware","1987","Aviation / Aerospace","6336"
"8342","bCa7D74De2fe5A9","Henson LLC","http://horn-boyer.com/","Germany","Synergized disintermediate capability","1977","Biotechnology / Greentech","4745"
"7812","aC164d8b0Fa97aC","Brock-Hickman","https://www.beasley-walls.com/","El Salvador","Organic executive contingency","1993","Computer Networking","1419"
"6085","B6fDa84A02999c2","Chavez and Sons","http://peterson-sullivan.com/","Turks and Caicos Islands","Up-sized analyzing projection","1974","Media Production","2238"
"8774","5578e0AEf0Ab0ac","Pham LLC","https://www.good.biz/","Turkey","Horizontal mission-critical process improvement","1970","Philanthropy","4773"
"8758","d73F59A094B45cE","Carson-Kaiser","http://david.info/","Burundi","Implemented scalable knowledgebase","2009","Semiconductors","968"
"1693","21e8B7ACd78A96A","French, Wall and Lyons","http://herrera-shepherd.com/","Niue","Ameliorated 5thgeneration product","1985","Military Industry","2456"
"4735","86dC5d446F5508E","Khan LLC","http://burns.com/","Ghana","Re-engineered value-added synergy","2016","Industrial Automation","467"
"3388","ee1A5e74A74B3Cf","House, Berger and Bell","http://little.biz/","Panama","Monitored bi-directional contingency","2022","Banking / Mortgage","4943"
"3647","e35Bf5ab0ffe0d7","Church Inc","http://hale-warren.com/","Martinique","Self-enabling user-facing capability","1988","Computer Hardware","6940"
"1684","9A321E9bb789EfB","Massey-Yang","http://www.lloyd.com/","Svalbard & Jan Mayen Islands","Ameliorated methodical capacity","1977","Veterinary","9726"
"9","e0E6cfAE68d08c9","Santos-Bowman","https://www.oneill-guerrero.org/","Ecuador","Multi-layered optimizing system engine","1979","Computer Hardware","3245"
"6063","34D7DcE9DaA720B","Walter Ltd","https://www.dyer.com/","Heard Island and McDonald Islands","Switchable optimal leverage","1989","Architecture / Planning","7609"
"6517","7509Df7B77b6CAc","Mcneil-Solis","https://george.com/","Timor-Leste","Distributed disintermediate utilization","1989","Construction","9738"
"4124","c62C4Fb3463eF85","Perry LLC","https://hutchinson-ryan.com/","El Salvador","Versatile coherent synergy","2004","Recreational Facilities / Services","6073"
"8730","cAEcb1C2aDc4957","Haynes Inc","http://ramirez.com/","Northern Mariana Islands","Pre-emptive background forecast","2021","Luxury Goods / Jewelry","78"
"6046","0c041A82EbDEeed","Alvarado Inc","https://www.sutton-harding.com/","Vietnam","Fundamental incremental frame","1997","Civil Engineering","4095"
"568","312B7Eb147e6b4D","Dougherty, Santos and Buchanan","https://www.glass.com/","Zambia","Up-sized global Local Area Network","1971","Oil / Energy / Solar / Greentech","5177"
"9162","d3801a42adb7d6d","Cooke-Salinas","http://www.villarreal.com/","Turkmenistan","Monitored high-level hardware","1986","Aviation / Aerospace","7860"
"1804","0EcA859eCfaD95C","Villegas-Foley","https://santiago-olsen.org/","Congo","Synergized heuristic hardware","1976","Venture Capital / VC","6507"
"8502","Fd7A7FC6A36f050","Copeland, Rodgers and Castaneda","https://freeman-phillips.com/","United Arab Emirates","Down-sized value-added encoding","1977","Alternative Dispute Resolution","4764"
"4901","4CcfF58b4dd34d2","Allen, Hurley and Stanley","https://herman-haney.com/","Singapore","Monitored 4thgeneration toolset","1972","Religious Institutions","2933"
"1600","d2956ad61B04cd8","Daniel-Reeves","http://stuart-mcdaniel.info/","Russian Federation","Synergistic tangible extranet","1997","Outsourcing / Offshoring","7809"
"7932","A079C8A37ECFc63","Barker Inc","http://winters.com/","Botswana","Compatible intangible Graphical User Interface","2006","Hospitality","1412"
"9548","baDCd0D2D716CBf","Patton LLC","https://www.mitchell.com/","Liechtenstein","Team-oriented disintermediate archive","2021","Legislative Office","8943"
"2824","c8BCBDE792efEB5","Park-Preston","https://www.short-ryan.com/","India","Phased analyzing Internet solution","1995","Capital Markets / Hedge Fund / Private Equity","347"
"5468","bbD8bcc24ec1eB2","Griffith and Sons","https://mcclain-combs.net/","Kuwait","Organized global challenge","2009","Hospitality","1248"
"3530","53bBAECB3AA2e12","Farmer-Bender","http://www.weiss.com/","Kuwait","Up-sized radical policy","2012","Financial Services","9107"
"8684","B232e3e08Ce7caE","Hurley PLC","http://shields-raymond.net/","Zimbabwe","Profound attitude-oriented flexibility","2018","Venture Capital / VC","8942"
"1156","dEB66442Fb41FC7","Delacruz-Weber","http://www.dillon-brandt.com/","El Salvador","Multi-layered web-enabled software","1990","Airlines / Aviation","9822"
"6548","A1c12056bE1A65D","Barton-Mercer","https://www.warner-pineda.info/","Uzbekistan","Down-sized cohesive pricing structure","2020","Market Research","6550"
"9089","AF8dd3EfE9FE8De","Ortega, Martinez and Foley","https://heath.com/","Vietnam","Managed client-server definition","1981","Transportation","8874"
"7621","Db94B7F9D09bDdC","Mays-Franklin","https://briggs.info/","Turkey","Re-contextualized 6thgeneration function","1970","Political Organization","2135"
"8297","0A77D11Eed0146a","Stanley-Joseph","https://www.irwin.com/","Venezuela","Public-key asynchronous focus group","1973","Investment Banking / Venture","8558"
"4541","c21271A930cedB4","Savage-Alvarado","https://pollard.com/","Sri Lanka","Monitored background alliance","1971","Business Supplies / Equipment","1531"
"9135","fFE1EDCbdc1bBbf","Vance Group","https://www.clark.com/","Switzerland","Optional clear-thinking moratorium","2013","Museums / Institutions","7021"
"6483","DAB3d6d9c5b5753","Rubio Inc","https://www.blair.com/","Qatar","Monitored methodical product","2007","Retail Industry","1481"
"5827","aF1e90748Fa4bbB","Stevenson-Burch","http://www.kerr.com/","Lesotho","Secured 6thgeneration toolset","1982","Plastics","4474"
"1191","92196aAa7E4F12A","Barr Inc","http://www.lindsey-bishop.biz/","Belgium","Public-key even-keeled support","2006","Computer Networking","7986"
"7445","5A210A9ECB9768e","Page-Hickman","https://ross.info/","Nauru","Universal optimal model","1982","Education Management","2612"
"8521","83FfaD1bfc5E41a","Douglas, David and Neal","http://franklin.com/","Montenegro","Enhanced scalable productivity","2003","Health / Fitness","2193"
"961","e7bfc0eDeD7c37f","Nelson Group","http://www.york.biz/","Turkmenistan","De-engineered 5thgeneration task-force","2008","Security / Investigations","1945"
"7455","758Ef24eBeb5a34","Gallegos, Anthony and Jacobson","http://morrow.com/","Monaco","Networked context-sensitive Graphic Interface","1978","Chemicals","7906"
"37","eabCabc94B345DB","Richards PLC","http://todd.biz/","Albania","Persevering dynamic frame","1988","Public Safety","7554"
"7517","33FbDCfC8634563","Jennings Group","http://woodward.com/","Guinea-Bissau","Ergonomic global project","2001","Legislative Office","2266"
"7645","f8cA9A901A37e3F","Benitez, Watts and Ryan","http://hayden.com/","Nigeria","Automated value-added website","1984","Computer Networking","6131"
"4439","FD0efDb9a99BC0D","Buckley LLC","http://english.com/","Palestinian Territory","Programmable uniform implementation","2017","Veterinary","875"
"6162","d249c8AF8BD9FBe","Randall Group","https://www.walter-fernandez.com/","Somalia","Total motivating budgetary management","2017","Information Technology / IT","6687"
"7745","83CcDBCf28e7Bf3","Beard LLC","https://www.caldwell.com/","Angola","Robust motivating secured line","1990","Transportation","9471"
"9588","dd75ff1F783B8C8","Elliott Ltd","https://www.holmes.com/","El Salvador","Re-engineered client-driven archive","2012","Online Publishing","3140"
"8120","11e9c68aCECef8B","Hammond, Clayton and Ramos","http://www.mccarthy.com/","Venezuela","Versatile real-time open system","1997","International Trade / Development","9175"
"6968","4aF33D9f095cB59","Klein Inc","https://www.hansen-levy.org/","Myanmar","Intuitive cohesive hierarchy","1985","Venture Capital / VC","6472"
"5719","9d82956A1D0a7E2","Mcclure, Mcintosh and Spears","https://richmond-terrell.net/","Anguilla","Vision-oriented dedicated standardization","1997","Nanotechnology","6026"
"578","EbC8B7e60C503cd","Smith Ltd","http://lam-robinson.com/","Russian Federation","Triple-buffered exuding capability","2009","Apparel / Fashion","3398"
"9834","Cc85Fa6864F3DDe","Curtis, Leach and Rojas","http://nichols-bass.com/","Indonesia","Stand-alone methodical architecture","1983","Individual / Family Services","6926"
"4103","B63BafAbCba3bdD","Long PLC","http://www.roach.com/","Kazakhstan","Visionary high-level intranet","2013","Computer Hardware","1919"
"7647","1fE14b2DDc501B7","Hendricks, Watson and Thompson","https://www.elliott-hebert.info/","Equatorial Guinea","Monitored global matrix","1984","Online Publishing","9186"
"4152","5F0b8cc1f37AAd0","Manning-Zuniga","http://www.nash.com/","Egypt","Reactive background Local Area Network","1980","Fine Art","802"
"3131","67127b1C604643f","Ford, Beard and Calderon","https://www.hinton.com/","United Arab Emirates","Future-proofed responsive hub","1971","Civil Engineering","4481"
"4891","F67DB4dA1CdAed8","Meyer and Sons","http://www.rivera-edwards.com/","Isle of Man","Cross-group logistical contingency","1975","Shipbuilding","1007"
"9976","f933CCA3180a5A9","Pineda, Calderon and West","https://www.brown.com/","Argentina","Realigned neutral utilization","1980","Individual / Family Services","2572"
"7472","c8F0A95DB97c66B","Hayden-Grant","http://soto.com/","Algeria","Innovative contextually-based orchestration","1996","Maritime","6418"
"1834","FF93B6A34c4fBeF","Bullock, Sosa and Curtis","http://www.villa-moran.net/","Egypt","Profit-focused modular leverage","2021","Medical Equipment","5782"
"9149","bBe458789BfBbD7","Meyers-Page","http://www.wang-melton.net/","Japan","Multi-lateral explicit product","2020","Consumer Electronics","8550"
"4892","bFE66E5A6cAEeE5","Wyatt, Ingram and Clarke","https://www.morrow.biz/","Turks and Caicos Islands","Fundamental methodical array","2013","Utilities","9616"
"2288","D8fde4202cbf8AA","Dalton, Gill and Boyd","http://mckay.com/","Turks and Caicos Islands","Upgradable motivating installation","1978","Paper / Forest Products","8236"
"1331","79CbBFCfDA60afE","Bowen, Lewis and Collier","http://hansen-hampton.com/","Latvia","Optional discrete artificial intelligence","2004","Fine Art","98"
"2772","70B95D244a70FE4","Fuller, Jimenez and Maldonado","https://www.sandoval.com/","Burundi","Distributed static monitoring","2010","Law Practice / Law Firms","131"
"3687","44AF799e26c2D4B","Sanchez-Houston","http://www.preston.net/","Romania","Decentralized static matrix","1980","Cosmetics","4245"
"8284","e862a393dbd4FE5","Lyons, Crawford and Mendez","http://www.stephenson.com/","Rwanda","Up-sized next generation architecture","1999","Construction","234"
"5929","AbCBc956a57b4d9","Payne, Blair and Zavala","https://stuart.biz/","United States Virgin Islands","Distributed dynamic hub","1987","Alternative Medicine","1475"
"638","057a6d4f9bee3DB","Leach Inc","https://stevens-kidd.com/","Congo","Reverse-engineered local encoding","1973","Alternative Dispute Resolution","5380"
"48","80Edbd912BA6058","Stone Inc","https://roth.com/","French Guiana","Reduced impactful protocol","1975","Motion Pictures / Film","5380"
"2603","FacD874F8bB1f5E","Griffin-Marquez","https://key.org/","Croatia","Fundamental holistic success","1980","Medical Practice","7595"
"1966","eb055dC2dD9f9A5","Cox-Mendez","https://www.kramer.com/","Burundi","Multi-tiered reciprocal application","2001","Renewables / Environment","3191"
"2169","b6Fa6BED9dCdE9b","Mercer-Morgan","https://www.velazquez.info/","Chile","Monitored radical infrastructure","1994","Higher Education / Acadamia","2784"
"5050","eFb516F344A47bA","Floyd Ltd","https://travis.com/","Cambodia","Inverse directional system engine","1975","Design","9422"
"3335","Fcd8a10A4C7f5bf","Avila, Blair and Cowan","http://carpenter.com/","Bolivia","Fundamental holistic benchmark","1997","Hospitality","1174"
"3020","aB5A3e4642c32EC","Taylor, Wolfe and Mcdowell","http://www.macias.com/","Croatia","Automated multi-tasking solution","2006","Public Safety","5059"
"8765","b3A09B0eEd56be1","Young, Silva and Pierce","https://www.stevens.com/","Slovakia (Slovak Republic)","Ameliorated intangible website","1999","Broadcast Media","6559"
"9177","fC3C8A75cB62E1f","Grimes Group","http://www.everett-kerr.com/","Kuwait","Proactive maximized task-force","1991","Non - Profit / Volunteering","6895"
"1361","E0BaBd723eC1F0a","Melendez-Choi","https://hickman.biz/","Dominican Republic","Optimized systemic hub","2014","Packaging / Containers","1305"
"5799","3aeC2bcdAC6D5eB","Harrison-Hinton","http://pittman.com/","France","Quality-focused demand-driven complexity","1991","Ranching","650"
"9401","cd766c4431A5DEd","Rodgers, Cameron and Clements","http://pitts-tucker.com/","San Marino","Inverse eco-centric product","1982","Automotive","922"
"3252","a7DA8c07bD4D30D","Armstrong, Hendrix and Finley","http://www.chang-lloyd.com/","Egypt","Synergized optimizing hierarchy","1983","Broadcast Media","3362"
"6301","e77dd71E673BC2a","Ramsey-Knight","http://mccormick.biz/","Barbados","Multi-lateral user-facing moratorium","2018","Computer Software / Engineering","742"
"2252","C96cF6d1dEe4a5e","Harrell, Proctor and Knox","https://lynch-mercer.com/","Jamaica","Automated fresh-thinking model","1997","Other Industry","5635"
"6028","F6eeDca69CBEdC4","Fuller Group","http://mcconnell.com/","Papua New Guinea","Switchable actuating Graphical User Interface","2005","Hospital / Health Care","698"
"1176","22b77C8d6F5C6A3","Wilcox and Sons","http://www.cooley-pope.com/","Germany","Ameliorated static firmware","1991","Wholesale","1075"
"8800","33f726F9B7D7851","Heath-Randall","http://www.parrish-hale.com/","Fiji","Polarized background project","2003","Venture Capital / VC","249"
"3280","fb0B64c5D38ebd7","Case-Parks","http://daniels.com/","Peru","Front-line motivating paradigm","2021","Media Production","2577"
"2974","C2cedbd8Ce4aBeF","Hughes, Adkins and Frost","https://www.mccarthy-lawson.net/","Togo","Virtual optimal instruction set","1985","Government Relations","8335"
"3397","9DB9BEb1a7cbcC2","Silva LLC","http://www.daugherty-norton.org/","Zimbabwe","Phased tertiary capability","2022","Aviation / Aerospace","1209"
"6940","fB470aeABc48b3b","Good and Sons","https://www.obrien-mcneil.org/","Guadeloupe","Compatible neutral circuit","1981","Judiciary","8294"
"966","D4debc6fAd5AfAb","Snyder, Sharp and Randall","https://www.cordova-rice.org/","Bouvet Island (Bouvetoya)","Enterprise-wide didactic project","1987","Computer Networking","8013"
"8575","Aabcb76831Df2ad","Lucas and Sons","https://www.phillips.biz/","Bouvet Island (Bouvetoya)","Virtual content-based Local Area Network","2000","Facilities Services","478"
"743","dBf5d56abb9a1f1","Reyes, Townsend and Santiago","https://hudson.net/","Puerto Rico","Programmable coherent policy","2011","Warehousing","9891"
"7515","A7F5e3F9Ec416dA","Rosales-Bauer","https://www.lam-gould.com/","Saint Kitts and Nevis","Optional regional task-force","1970","Semiconductors","3859"
"3315","3Ec7C2657FaBdad","Bradley-Waller","https://baldwin.com/","Greenland","Expanded didactic help-desk","1999","Security / Investigations","525"
"4899","D92A9aebAeaE6a8","Gray-Bennett","https://poole.org/","Vanuatu","Expanded eco-centric hardware","1998","Hospital / Health Care","5173"
"9341","CEa5D0C9C42E3D3","Mann, Sandoval and Mejia","https://luna.com/","Azerbaijan","Synergistic 6thgeneration capability","1996","Package / Freight Delivery","4891"
"4673","fBa83892171eEbE","Johnston-Velazquez","http://hall.com/","Guinea-Bissau","Synergistic discrete approach","1985","Financial Services","1932"
"8619","58b76bcFE4D3b1d","Bray Group","https://benton-malone.com/","Japan","Public-key human-resource orchestration","1985","Business Supplies / Equipment","8881"
"1218","7b4cAccCBe7Fb6B","Delgado-Flynn","http://kelly.com/","Latvia","Profit-focused transitional hardware","1989","Management Consulting","8007"
"4398","B3Fcaef7568Debb","Walker, Tucker and Rodgers","https://barajas.com/","Belize","Balanced contextually-based database","1971","Chemicals","2207"
"6081","af76d9c4bf7cCbe","Pruitt, Navarro and Black","http://www.madden.com/","Western Sahara","Upgradable optimal data-warehouse","2012","Library","7223"
"2615","25b56b145Ee6F15","Sawyer, Summers and Alexander","http://mccarthy.com/","Sweden","Seamless needs-based support","2016","Cosmetics","2448"
"2621","e81C80Bb65c64ce","Wise, Dodson and Sellers","https://www.price-moody.org/","Moldova","Synergistic actuating framework","1997","Events Services","7442"
"8715","FcAAbcDd1A30e10","Fowler, Shelton and Clayton","http://www.carter.com/","Ethiopia","Progressive non-volatile intranet","2009","Shipbuilding","2044"
"7283","5fBc878450750b7","Velez-Mayo","http://www.black.com/","Tanzania","Horizontal system-worthy neural-net","2000","Civic / Social Organization","1229"
"3380","d722c2fF8FDaeA9","Frazier-Turner","http://www.fischer-dickerson.com/","Bosnia and Herzegovina","Enterprise-wide asymmetric secured line","1988","Wireless","3506"
"7302","789CeD0f7d1aFab","Harmon LLC","https://www.henson.com/","Finland","Distributed 3rdgeneration definition","1989","Recreational Facilities / Services","1685"
"9858","A6b5ecB82dfcC65","Waller, Mccullough and Shea","https://little.net/","Turkey","Sharable eco-centric secured line","2017","Electrical / Electronic Manufacturing","6253"
"5606","a81Ea9De207703B","Lutz, Richards and Oliver","https://barber-oconnor.com/","New Caledonia","Advanced modular info-mediaries","2010","Aviation / Aerospace","3612"
"9814","DF2921e0A5fDfAA","Ingram, Gilbert and Valdez","https://hawkins.info/","Gibraltar","Extended 3rdgeneration matrix","2005","Other Industry","532"
"5787","dA55D30eCcb2C2E","Hebert-Krause","https://novak.com/","Belarus","Right-sized zero-defect archive","2000","Mental Health Care","9469"
"8519","c97D290aE5EA0AE","Bolton-Harris","http://www.morrison.info/","Serbia","User-friendly homogeneous project","1993","Recreational Facilities / Services","370"
"6851","F1a422ccB6fbAD7","Blake, Lambert and Harrell","http://www.little.com/","Belgium","Pre-emptive radical application","2013","Think Tanks","548"
"1517","d5DEDBeFDCB4cfa","Long, Barber and Austin","https://schmitt.com/","Ecuador","Switchable dynamic contingency","2004","International Affairs","8416"
"5099","58d9e03dE0546C0","Reid PLC","https://shaffer.com/","Tonga","Public-key fault-tolerant secured line","1997","Law Practice / Law Firms","9698"
"7637","15D6A3EA2B98fbF","Moreno PLC","http://www.davenport.biz/","Hong Kong","Fundamental human-resource attitude","2017","Cosmetics","7635"
"9086","A3F5e8DE35F76B6","Brown-Pugh","http://sharp.com/","China","Configurable zero-defect policy","1999","Retail Industry","3208"
"8024","9E2596c91cd0884","Glass and Sons","https://www.humphrey-chase.biz/","Yemen","Compatible grid-enabled product","1992","Semiconductors","284"
"2393","1feD729cDCc1FA0","May Ltd","https://wang.com/","Chile","Seamless zero tolerance core","2017","Computer / Network Security","1228"
"587","1B57B8DbC99c89C","Hogan-Carpenter","https://king.net/","New Caledonia","Stand-alone bi-directional software","2001","Events Services","562"
"3520","D6db5bA8F0F53Fd","Shaffer, Sawyer and Hudson","https://golden-mays.info/","Zimbabwe","Quality-focused regional migration","2000","Public Safety","2028"
"7654","a1BFb3365B30e5d","Silva Group","https://www.valdez.com/","Moldova","Re-contextualized attitude-oriented success","2021","Animation","5490"
"8947","9BfC354cdd6BBa8","Kennedy, Bender and Ellis","https://www.acevedo.com/","Malaysia","Fully-configurable zero administration info-mediaries","2020","Plastics","1457"
"851","9Dfd5dDaa766C0d","Lawson, Wells and Clark","https://cooper-blanchard.com/","Madagascar","Versatile modular capacity","2002","Security / Investigations","4100"
"336","A4fD11f6773daF9","Whitney and Sons","http://www.rivas-meyers.info/","Norfolk Island","Triple-buffered neutral approach","1985","Nanotechnology","4560"
