"Column_1","Column_2","Column_3","Column_4","Column_5","Column_6","Column_7","Column_8","Column_9"
"6635","bE23C49F3FA8Fce","Sanford LLC","http://kirk.com/","Comoros","Profound high-level core","2007","Railroad Manufacture","1338"
"8973","C2C77A1199eff4e","Cunningham Group","https://www.page.com/","Samoa","Grass-roots solution-oriented secured line","1981","Nanotechnology","4075"
"7494","80fA8Aa3a2eCFA4","Sawyer, Deleon and Sellers","https://www.hicks.com/","Estonia","Reverse-engineered zero tolerance infrastructure","1985","Oil / Energy / Solar / Greentech","3844"
"2869","BE7730DffbB54FC","Kennedy-Benton","https://www.mckee.org/","Japan","Fundamental fault-tolerant process improvement","1977","Staffing / Recruiting","8120"
"4873","fae85f4CCEe6AE1","Lutz, Mayo and Sullivan","http://www.massey.com/","Senegal","Organic modular groupware","2007","Printing","3810"
"3551","50cF6deEd11ADFc","Hoover, Hayden and Sparks","https://www.rivera-norris.org/","Belize","Networked systemic matrix","2011","Transportation","7948"
"3843","B3f8c49aA1b3B41","Valentine Inc","https://www.blackwell-malone.com/","Kyrgyz Republic","Customizable user-facing architecture","1984","Pharmaceuticals","9998"
"7263","EAAa2aFe8a6E521","Melton, Floyd and Gonzales","https://schmidt.org/","South Africa","Optimized mission-critical neural-net","1971","Music","5551"
"5825","b16d0EfEe689765","Herring, Shepard and Farley","http://www.kidd.com/","Dominican Republic","Mandatory system-worthy moratorium","1988","Consumer Electronics","6047"
"24","220c1D09F99b07e","Hampton Inc","https://www.guerra.com/","Central African Republic","Upgradable multi-state challenge","2019","Civil Engineering","236"
"1454","E115bB25ea64804","Roach, Ho and Middleton","http://www.day.com/","Bangladesh","Cross-group fresh-thinking Local Area Network","2016","Retail Industry","5965"
"1685","804d7E4b05bd407","Arellano PLC","http://kidd-byrd.com/","Jamaica","Business-focused transitional solution","1995","Medical Equipment","9035"
"2311","6fbB49Bb63A6bCf","Jennings, Ewing and Clay","http://www.riggs.org/","Trinidad and Tobago","Synchronized analyzing implementation","1981","Writing / Editing","7643"
"9064","16Ee9Bcbaeb1520","Ibarra-Johnston","https://www.wells-stephens.com/","Argentina","Exclusive object-oriented definition","1989","Banking / Mortgage","555"
"9407","8a24F874551d2a5","Payne, Nunez and Raymond","https://www.esparza.org/","Latvia","Secured human-resource matrices","2015","Environmental Services","2427"
"382","B66145efAcCfbFA","Haynes, Rowe and Cantrell","http://www.friedman-benson.org/","Jersey","Pre-emptive radical hardware","1997","Defense / Space","9813"
"5815","9082B37ABc9843c","Rhodes Ltd","http://palmer-garcia.info/","Qatar","Implemented high-level challenge","2016","Law Practice / Law Firms","7950"
"5551","91Fd14Ff1dB6439","Bates Ltd","http://www.mcbride.com/","India","Ergonomic leadingedge architecture","2006","Motion Pictures / Film","7654"
"9309","6349CF11134e3A6","Garner, Li and Bauer","http://fleming.com/","Papua New Guinea","Customizable systemic intranet","1989","Venture Capital / VC","4022"
"1619","Bc8230d89Ce7393","Roach, Baxter and Keith","https://pearson.com/","Korea","Seamless directional neural-net","2008","Real Estate / Mortgage","6200"
"790","5B63ea6FE2a6ad7","Reilly Ltd","https://house.com/","Mali","Right-sized 24/7 array","1999","Retail Industry","7374"
"5984","AA88E7EBBa62cBd","Casey Group","https://craig.com/","Croatia","Phased dedicated groupware","1987","Financial Services","8523"
"8673","0a8f5bbb09C18bC","Pennington-Mooney","https://www.ho-glass.com/","Guam","Enhanced background success","1980","Fine Art","9230"
"4476","90de7bCa48cd6a2","Cherry-Hodge","http://fisher.com/","Malta","Inverse didactic function","2011","Furniture","5715"
"5607","f54FDec9eA8E278","Farmer, Olson and Graham","https://www.ball.com/","Bouvet Island (Bouvetoya)","Organized disintermediate service-desk","1996","Philanthropy","8690"
"9313","5c16dfEc05ddF61","Sharp Group","https://ray-ashley.biz/","Angola","Integrated solution-oriented workforce","2021","Recreational Facilities / Services","9379"
"5649","3b22267A2eA377A","Galloway-Chase","https://summers.net/","Rwanda","Down-sized scalable groupware","1971","Maritime","6477"
"6217","5DEda05f0Fe9B7b","Barrera PLC","http://www.ryan.com/","Grenada","Reverse-engineered systematic open system","1974","Electrical / Electronic Manufacturing","232"
"2287","47BCbaa5ffDE1d5","Andersen, Bates and Friedman","https://www.manning.net/","Pitcairn Islands","Synergized scalable hardware","1975","Utilities","8961"
"9994","9A8Cd2deC93AF69","Forbes, Riddle and Parker","http://benton.com/","Sweden","Horizontal client-driven Graphical User Interface","2002","Library","5554"
"7579","93FB902dA476453","Roman, Espinoza and Townsend","https://miles.com/","Indonesia","Versatile methodical Graphical User Interface","1983","Education Management","1690"
"1184","F96BaAEaA28fbDC","Benton-Chapman","http://www.henson-kline.com/","Sweden","Intuitive composite synergy","2018","Music","6957"
"6002","03D823AbA8cbA0b","Harrington-Cantrell","https://www.merritt.com/","Ecuador","Cross-platform solution-oriented neural-net","1975","Philanthropy","6413"
"5091","E9AF76D2A8cEcba","Rhodes Inc","http://bridges.com/","Ecuador","Reverse-engineered bottom-line hierarchy","1992","Financial Services","5636"
"2517","f6afA8BCe35197c","West LLC","https://wu.com/","Tunisia","Persevering contextually-based policy","1974","Accounting","3788"
"4123","8Dd9F529DF03eCA","Jordan, Dodson and French","https://johnston.com/","Anguilla","Realigned non-volatile architecture","2007","Civic / Social Organization","1954"
"5522","C9F2ECC5c82a2F3","Horne and Sons","http://campos.com/","India","Expanded eco-centric solution","1973","Internet","6379"
"5628","64b7AdA7222b6eC","Morrison-Moon","https://www.erickson.info/","Samoa","Enhanced explicit portal","1992","International Affairs","6950"
"8361","4D19DDf05BE8B9d","Smith Ltd","https://boyd-roth.net/","Saint Barthelemy","Advanced responsive moratorium","1997","Design","5654"
"5873","7f9bA5FC8Cf1f76","Cabrera Inc","https://potter-pace.org/","Guinea","Networked 5thgeneration artificial intelligence","1974","Publishing Industry","15"
"8613","fD0f9F8aD12CC6C","Mcguire, Roth and Ritter","http://blair.org/","Latvia","Object-based holistic extranet","2021","Legal Services","1831"
"7728","bbd2D3ECcA3ecA9","Lawson-Yu","http://www.dickson.info/","Tuvalu","Self-enabling coherent Local Area Network","1998","Plastics","3661"
"5969","4fc9e0AfDfFB6B1","Lloyd-Wang","http://acevedo-mcguire.com/","Grenada","Multi-layered asymmetric open architecture","2010","Performing Arts","767"
"1181","8a8c3306F6D95B8","Whitehead-Chavez","https://www.dorsey.org/","Heard Island and McDonald Islands","Digitized full-range challenge","1982","Package / Freight Delivery","8535"
"8763","7F9bb58FCe00dFB","Rocha, Harding and Fox","http://maldonado.net/","Latvia","Centralized user-facing migration","1997","Events Services","5266"
"8236","5e16b2eCbCDEe10","Dudley, Bruce and Barnes","https://bennett-mcclain.com/","Micronesia","Face-to-face zero-defect alliance","2014","Broadcast Media","216"
"2819","A76e8e0AafAf732","Briggs-Watson","http://patterson.com/","Guadeloupe","Compatible empowering middleware","2019","Public Safety","9404"
"9965","bbaeBc3aCEAF8e0","Rush-Maddox","https://rowland.com/","Suriname","Vision-oriented web-enabled definition","1989","Textiles","9551"
"8704","F9aB0436FC516a8","Garner, Nolan and Leach","https://manning.info/","Burkina Faso","Optimized scalable extranet","1981","Newspapers / Journalism","9401"
"6609","244Ee53f0DBbb38","Mccall-Blevins","http://www.bray.org/","Burkina Faso","Persevering national support","1990","Food / Beverages","3522"
"2821","Aa36DCd4DCeABD2","Little, Kane and Holder","https://www.hawkins.com/","Iceland","Integrated hybrid data-warehouse","1974","Online Publishing","2260"
"7536","ed7aCF6E57F8D8e","Acevedo and Sons","http://www.david.com/","Tokelau","Configurable asymmetric function","2008","Luxury Goods / Jewelry","3974"
"2261","F0eDe4a7B30CbF8","Wilkins, Gamble and Willis","https://www.jensen.com/","Gibraltar","Total actuating productivity","1972","Glass / Ceramics / Concrete","6107"
"2240","6C917F2DBD1B9eC","Boone, Joseph and Levy","http://horne.net/","Hungary","Progressive impactful architecture","1977","Restaurants","5215"
"6022","D3726B568A8B0E9","Raymond-Krause","https://strong-williams.com/","Peru","Assimilated human-resource challenge","2018","Accounting","4166"
"783","Ef2Ce521CA3FEac","Armstrong Inc","http://mcdonald-mills.com/","Reunion","User-friendly multimedia intranet","2019","Information Services","6965"
"933","bFEF2ea5D531Bf2","Fry, Villanueva and Manning","https://richardson.net/","Samoa","Enterprise-wide multi-state leverage","2010","Security / Investigations","4259"
"6203","7De36AaeEcFA501","Shaw Group","http://www.ayers-odonnell.info/","Brazil","Cross-group hybrid architecture","2003","Photography","3228"
"2413","c2aC4BEd52E53ad","Sheppard, Mclaughlin and Daugherty","https://kent-hensley.com/","Saint Pierre and Miquelon","Total mobile algorithm","2012","Information Services","6308"
"6998","1AC4F8bA3B7EBb3","Becker-House","http://pineda.net/","Australia","Organic motivating workforce","2018","Hospital / Health Care","7218"
"9116","57aBEaA45a4BaeE","Brock-Gibson","http://barry-hendricks.com/","Oman","Fully-configurable multimedia hardware","1977","Dairy","8104"
"1157","ECCfcdB7Fe79eDf","Chapman LLC","https://bartlett-boyle.com/","Rwanda","Versatile needs-based middleware","1984","Renewables / Environment","7995"
"8108","F62d8F4396E5FdE","Garza, Mullen and Tanner","http://rubio.biz/","Kuwait","Multi-channeled radical contingency","1986","Photography","8747"
"5806","810e7639cFEcf1d","Petty Group","https://day.net/","Equatorial Guinea","Profound even-keeled parallelism","1975","Printing","8782"
"4880","aD84aA4e215b3Fe","Shaffer Group","https://henderson-carlson.net/","Ecuador","Open-architected object-oriented ability","1970","Computer Networking","5457"
"3310","Ebb380c0cA6CDa0","Stein-Turner","http://davenport-michael.com/","Luxembourg","Reduced clear-thinking help-desk","1994","Fundraising","3291"
"8962","eA7D419Ff4Fd63f","Christensen-Andrade","https://www.hammond.biz/","Turkmenistan","Future-proofed multi-state productivity","1970","Luxury Goods / Jewelry","4174"
"1703","AAaD61cB19E6eA4","Erickson, Mahoney and Sexton","http://hodge-solis.org/","Singapore","Down-sized content-based capacity","1973","Leisure / Travel","8707"
"2493","1DD98BeaD35a88B","Cardenas-Mcgee","https://www.neal.com/","Malawi","Synchronized optimizing portal","2003","Farming","9885"
"3707","d4e86e6362021c3","Evans Group","https://www.foley-stevenson.com/","Palau","Up-sized regional workforce","2016","Gambling / Casinos","860"
"8277","BB121E20fbcD1d3","Baxter, Morgan and Mora","https://cochran.info/","Slovakia (Slovak Republic)","Configurable systemic knowledgebase","2003","Legislative Office","5714"
"287","c988d67BfDDbb20","Hodges-Yu","https://blair.com/","Grenada","Universal encompassing hub","2019","Medical Practice","579"
"1609","BD4edd33CED1a6F","George, Fritz and Bradley","https://mckenzie-rodriguez.com/","Western Sahara","Multi-layered contextually-based capacity","1972","Environmental Services","7274"
"6632","A8f0729e6bE8b2A","Kennedy Inc","https://www.phillips-blevins.com/","Libyan Arab Jamahiriya","Devolved systemic forecast","1984","Non - Profit / Volunteering","2078"
"8279","cfa16586eaa28Ac","Olson LLC","https://www.lane.com/","Bosnia and Herzegovina","Switchable background hierarchy","2016","Venture Capital / VC","6571"
"7316","e655D89803Cc2b3","Curry-Flowers","https://www.parsons.com/","Cuba","Triple-buffered executive flexibility","1984","Government Administration","4221"
"2253","EEdb72c3acA4F07","Ward-Fritz","https://www.ingram.com/","Falkland Islands (Malvinas)","Organized foreground website","2001","Research Industry","4705"
"7416","8f2eAfb8f7BDFc1","Velez, Payne and Gates","http://www.hale.biz/","Bangladesh","Visionary disintermediate emulation","1971","Utilities","201"
"8366","De4938dFB345FDd","Hebert-Barnett","https://rodgers.com/","China","Reverse-engineered modular array","1979","Building Materials","7132"
"1892","BdEE3ddD08B25FE","Andrews-Palmer","http://www.malone.com/","Korea","Function-based homogeneous alliance","1986","Mechanical or Industrial Engineering","5737"
"5063","74d43b541aA27e9","Wade, Gay and Castillo","http://www.kerr.com/","Mauritius","Persevering impactful data-warehouse","2011","Philanthropy","6634"
"6121","92E2EccA5A4561b","Stuart-Hunt","http://www.coleman.org/","Finland","Advanced client-driven support","1999","Entertainment / Movie Production","2823"
"564","aEbad16bcF96dE8","Mccarty-Carroll","https://adkins.org/","Kazakhstan","Implemented mobile intranet","1990","Railroad Manufacture","2058"
"292","C3bfC1BD8507ab1","Norris Inc","https://watkins.com/","Albania","Future-proofed systematic info-mediaries","1975","Venture Capital / VC","6930"
"4717","219a1eEe094E908","Doyle-Roberts","https://lowery.com/","Isle of Man","Centralized systematic process improvement","1986","Security / Investigations","4831"
"7709","abbDEB55eCf3ce5","Ibarra-Lee","http://lozano.com/","Afghanistan","Extended heuristic database","1997","Hospitality","7731"
"6350","a3feba9ACFD4FBc","Erickson, Gill and Pierce","https://duffy-koch.com/","Mauritania","Multi-layered cohesive matrix","2006","Philanthropy","8075"
"170","5A735d9831CEe94","Mayo and Sons","http://chen.com/","Mexico","Up-sized holistic neural-net","2014","Aviation / Aerospace","6499"
"268","CAB8BCcDedaFf2f","Forbes-Morrison","http://fuller-hunt.org/","Bulgaria","Networked needs-based alliance","1971","Import / Export","5142"
"4639","1d02b55fadfe44f","Griffin Inc","http://www.sloan.org/","Sudan","Assimilated systematic application","2018","Investment Management / Hedge Fund / Private Equity","714"
"7078","4c4Eac8F737755A","Humphrey Ltd","http://www.massey.net/","Haiti","Organized explicit hierarchy","2021","Financial Services","6170"
"3356","f71Da5cD4a3bD1a","Galvan, Rivera and Mathews","http://www.stout.org/","Australia","Future-proofed responsive process improvement","2003","Consumer Electronics","3169"
"8280","B3BD9526828dC62","Holloway, Sanchez and Carlson","http://www.chan-knight.net/","Luxembourg","Managed heuristic functionalities","1974","Think Tanks","6036"
"316","Eb90ac98f37Ea47","Rosales-Lowery","http://www.lin-herrera.biz/","Iceland","Optional interactive paradigm","1994","Music","8901"
"6729","0A098c1fDaA6f5a","Ferrell LLC","http://combs-odonnell.info/","Bouvet Island (Bouvetoya)","Operative scalable Internet solution","1988","Research Industry","6615"
"9496","a1CEcCE2b4BE9C0","Garrison LLC","https://bell.com/","Belize","Expanded dedicated moratorium","2018","Outsourcing / Offshoring","2771"
"4068","b5878e4fE381a92","Ware-Lutz","https://hebert.info/","Uruguay","Enterprise-wide object-oriented groupware","1976","Government Relations","9379"
"246","fEEeBBe9bCb8C5d","Mejia-Valdez","http://mccann.com/","Luxembourg","Automated bottom-line implementation","1997","Information Technology / IT","8374"
"253","6fccF4eC65BE7Db","Good-Baxter","http://shaffer-douglas.com/","Zimbabwe","Customizable exuding secured line","1989","Telecommunications","3711"
"1112","6f7764A795d24da","Snyder Group","https://www.melendez-bell.com/","Reunion","Vision-oriented discrete emulation","1991","Tobacco","5813"
"4802","F8A49a3e4f6fC63","Hampton and Sons","https://james.org/","Greece","De-engineered client-driven concept","1972","Capital Markets / Hedge Fund / Private Equity","1669"
"1714","9B7aCefea4e2036","Lester Group","http://www.hansen.org/","Algeria","Streamlined upward-trending policy","1996","Computer / Network Security","602"
"51","9D923794e3AffCF","Cervantes PLC","https://www.fox.com/","United Kingdom","Profit-focused maximized structure","1974","Package / Freight Delivery","5598"
"1836","1E17bc1a8c88f5d","Cochran-Higgins","https://www.long-lowe.biz/","Heard Island and McDonald Islands","Re-engineered tangible parallelism","1997","Restaurants","3477"
"7897","7FdCce82eDDF103","Stewart-Wall","http://collins.biz/","Malaysia","Multi-tiered fresh-thinking hub","2013","Military Industry","2507"
"3384","d6D48E5ED9A3BD2","Landry Group","https://obrien.com/","Korea","Reverse-engineered 5thgeneration project","1988","Government Administration","6417"
"6411","49c53feDa44DF64","Hester Inc","http://www.huff.biz/","Sierra Leone","Balanced coherent initiative","2021","Textiles","4234"
"4314","Df4fD3BBeAbd355","Booker Ltd","http://www.mcclain.org/","Argentina","Implemented interactive project","1987","Defense / Space","9423"
"873","0d2bAA47297a84F","Ayers, Morrison and Booth","http://www.mueller-fry.org/","Belarus","Programmable uniform groupware","1970","Wholesale","3006"
"1255","4bB22f21EBc018c","Esparza Inc","http://www.roberts.com/","New Zealand","Quality-focused object-oriented approach","1984","Shipbuilding","4211"
"8882","337581e9bbfe9F1","Krueger, Obrien and Weiss","https://clarke.com/","Mozambique","Versatile zero-defect success","2014","Environmental Services","4650"
"5852","4F5dCAa2B62927F","Riddle Group","http://decker.net/","Senegal","Re-engineered background contingency","2011","Commercial Real Estate","104"
"5703","9BF9Ec504003AB7","Burch Ltd","http://www.price-small.info/","Zimbabwe","Proactive impactful core","2006","Non - Profit / Volunteering","2661"
"8104","8d7698b6a4fF201","Guerra, Davidson and Browning","https://conley.com/","Malaysia","Adaptive interactive focus group","1973","Industrial Automation","2930"
"2099","2a7B9fC2deE932b","Bowers, Hendricks and Mccullough","https://www.fuller.com/","Gabon","Profit-focused motivating database","2005","Entertainment / Movie Production","1168"
"5129","bce9BE16a02b29d","Munoz-Hays","https://www.parker-lester.com/","Tanzania","Distributed encompassing middleware","1980","Management Consulting","7059"
"249","F91f0E460Edae1C","Yates-Eaton","https://woods.com/","Israel","User-centric content-based throughput","1975","Fine Art","9567"
"6562","D2Dd01b11F754aA","Aguilar, Hardy and Rojas","http://mcclure-hickman.com/","Vietnam","Virtual zero administration neural-net","1991","Market Research","5423"
"1340","dbCdBDaBcD0F1C7","Humphrey Inc","http://norris-frank.net/","Kiribati","Automated foreground alliance","1978","Banking / Mortgage","8448"
"7018","d2E8b3eDa1DCfeD","Dunn LLC","https://welch-rush.com/","Madagascar","Synergistic object-oriented pricing structure","2008","Military Industry","9127"
"2111","0338c648db545a5","Sloan Group","http://fisher-hammond.net/","Mozambique","Intuitive zero-defect project","1994","Aviation / Aerospace","4415"
"1570","Da3e4eF195608AE","Benitez Group","https://mcneil-olsen.com/","Sudan","Devolved mission-critical info-mediaries","1993","Food Production","8841"
"1727","ae3c29EA80EdFA1","Mcmahon, Brennan and Atkinson","https://www.solomon.com/","Bangladesh","Streamlined solution-oriented core","1989","Health / Fitness","9360"
"8385","Aaa7BAba15F8e73","Mata LLC","http://www.powers.org/","Afghanistan","Business-focused interactive archive","1994","Environmental Services","3113"
"6941","c053e4E9Cc3f6eb","Rollins Inc","http://atkinson.info/","Guinea","Reverse-engineered regional migration","1996","Public Relations / PR","6119"
"4396","30B1826B74eBd56","Burton Inc","http://cortez.com/","Thailand","Horizontal directional intranet","1982","Design","5465"
"2421","B99DEfe5EA8B2cC","Sheppard, Ball and Luna","http://rojas.net/","Antarctica (the territory South of 60 deg S)","Extended 24hour matrix","2014","Consumer Goods","2075"
"3046","7a61a41AFb041Ac","Terrell-Leach","https://www.sexton-schwartz.com/","Holy See (Vatican City State)","Total mobile hardware","2005","Market Research","7440"
"5504","b04cBa341eBd676","Moore-Atkins","http://www.gonzales-moreno.info/","Maldives","Right-sized coherent toolset","1999","Computer Networking","3981"
"3704","6F326d86AA798F3","Wagner PLC","http://www.hicks.com/","Algeria","Virtual fault-tolerant functionalities","1978","Public Relations / PR","4676"
"8192","Dd8f53Bc5a45E19","Webb Ltd","https://www.bond.biz/","Montserrat","Operative analyzing matrix","1982","Hospital / Health Care","55"
"5332","74Fecac41B913b1","Buck and Sons","http://www.knight.biz/","Ethiopia","Object-based next generation neural-net","2014","Motion Pictures / Film","7558"
"9809","ebCd2BEDfB2E400","Faulkner, Montes and Gibson","https://www.chavez.com/","Poland","Open-architected systemic migration","1980","Entertainment / Movie Production","4506"
"448","D9aD8Be81CaA4BD","Beasley, Wiggins and Salazar","https://www.mcdonald-rivers.biz/","Korea","Profound background secured line","2010","Import / Export","7884"
"7895","32Ecd80D7FCd7a7","Franco, Hogan and Clay","http://huff.com/","Indonesia","Reverse-engineered explicit encoding","1975","Museums / Institutions","6397"
"8729","BaB1c9a9c2dAAd6","Mcdowell-Morgan","https://cardenas.com/","Belize","Visionary optimizing forecast","2002","Architecture / Planning","8359"
"7829","40f14662ce7eBA1","Allen Ltd","https://gibbs.net/","Tonga","Cross-group multi-tasking concept","2001","Semiconductors","8821"
"1769","1FDeC13FcAB9bDE","Tanner Ltd","https://www.roy-hickman.info/","Romania","Persistent zero-defect extranet","1984","Religious Institutions","1540"
"6809","F9bB4Ae447Fccd0","Moon and Sons","https://solomon.com/","French Southern Territories","Ameliorated radical array","2016","Computer / Network Security","7501"
"4705","50CA5BbC554ba76","Bean LLC","http://www.sutton.com/","Comoros","Synergized executive task-force","1983","Higher Education / Acadamia","2211"
"3870","cAB2213f5d2F8D2","Dodson, Pennington and Willis","https://www.dougherty.com/","Cape Verde","Upgradable mobile initiative","2000","Information Technology / IT","1266"
"1656","bd9a0EDcA1d25d0","Lamb, Andrade and Lang","http://velazquez.com/","Sudan","Organized systemic complexity","1987","International Trade / Development","2210"
"3188","e6ba487f8dECA2E","Fuller and Sons","https://levine.com/","Christmas Island","Innovative value-added functionalities","1990","Plastics","8965"
"684","23Ab495Bb251AbC","Booker Inc","https://horton-yates.com/","Czech Republic","Right-sized coherent infrastructure","2006","Media Production","9789"
"4171","ca9F9b28A6Bee98","Sims, Savage and Howard","https://www.case-grimes.com/","Saint Helena","Mandatory stable orchestration","2004","Broadcast Media","6381"
"4478","A8b5FE36AE7DB64","Barker, Greene and Jacobson","http://www.chaney.com/","Saint Vincent and the Grenadines","Automated bottom-line challenge","1992","Legislative Office","5734"
"462","B318CC8fC1FD8a9","Briggs-Vega","http://www.sharp-henson.net/","Barbados","Persistent radical complexity","2015","Food / Beverages","5152"
"5765","8aF2f445dEc53a8","Key-Mcdowell","https://singleton.com/","Kenya","Re-engineered impactful model","1991","Insurance","4551"
"7523","FBC4d341C87FEbC","Ellis Group","https://jacobs-steele.com/","Ethiopia","Business-focused asymmetric support","1982","Apparel / Fashion","2411"
"4503","DAced283833f2FC","Gay Inc","https://www.huffman.net/","British Virgin Islands","Networked interactive analyzer","1971","Farming","148"
"9710","b0A3Dbcd0a4a5BF","Romero-Levine","https://www.mcpherson.biz/","Antarctica (the territory South of 60 deg S)","Progressive impactful forecast","1971","Investment Banking / Venture","2169"
"319","8D3B4B5cBe8A2bb","Castro Inc","https://www.whitehead.com/","United Arab Emirates","Secured responsive instruction set","1982","Maritime","5031"
"1146","Fd14E9Fdd9a8E8b","Lynch-Ford","https://www.schmitt.biz/","United Arab Emirates","Front-line tertiary throughput","1984","Computer Networking","8106"
"5095","1f1d245EE02ef84","Wilkerson, Collins and Case","https://burns-jordan.com/","Grenada","Business-focused optimizing forecast","2020","Think Tanks","818"
"1394","9AB19E22eb0BD49","Shields PLC","https://olson-banks.com/","Macedonia","Visionary empowering model","2009","Packaging / Containers","5385"
"6624","cabF2adae60B9eB","Hudson LLC","https://lozano.com/","Kazakhstan","Realigned fault-tolerant strategy","2002","Other Industry","2513"
"1502","5679afffEC41494","Woods PLC","https://www.booker.com/","Andorra","Assimilated homogeneous interface","1998","Import / Export","3914"
"6409","303afFC7AB7c45D","Ritter-Peters","http://www.dawson.com/","Marshall Islands","De-engineered static Local Area Network","2021","Library","6485"
"377","6Aed32E62A4dB58","Ramsey-Hendricks","https://hensley.biz/","Botswana","Open-architected asymmetric budgetary management","1984","Capital Markets / Hedge Fund / Private Equity","1641"
"411","d1eB0d262cAcdd5","Mccall-Todd","https://www.jenkins.org/","Haiti","Persistent solution-oriented policy","1987","Other Industry","9017"
"1661","E9f1DD8bB0BFEa0","Alvarado-Mcintosh","http://todd.biz/","Guyana","Operative clear-thinking concept","1983","Legislative Office","9944"
"3152","C676BDfbd09583f","Kennedy-Chase","http://bright-rose.biz/","Cambodia","Future-proofed value-added neural-net","1994","Packaging / Containers","9306"
"1624","F3cc0943fE18B6d","Love and Sons","https://strong-skinner.com/","Reunion","Up-sized contextually-based strategy","2013","Military Industry","5035"
"5610","FE4705e2de6b52D","Flowers Group","http://www.herring-frye.info/","Iraq","Distributed maximized service-desk","2019","Package / Freight Delivery","8071"
"8533","2aaCF20Ba548F1c","Wise-Bates","http://www.mendez-schmitt.net/","Tonga","Multi-layered executive project","1997","Utilities","4290"
"5803","Af721DD561B4e7B","Avila, Tyler and Proctor","https://www.bennett-graves.com/","Hungary","Focused composite structure","2009","Sporting Goods","4113"
"5307","5CD1DB8b6661c67","Griffin and Sons","https://kelley-archer.com/","Slovenia","Team-oriented stable monitoring","1978","Import / Export","6539"
"7087","D1b4f8001cd40eE","Ortiz PLC","https://dalton.com/","Samoa","Configurable demand-driven budgetary management","2020","Health / Fitness","9528"
"8898","fAC43Fc2e2e1aA9","Barron, Benitez and Flores","http://www.friedman.biz/","Liechtenstein","Synergized client-server capability","2003","Media Production","3873"
"7489","7B7cb8B55Ad7b7E","Wolfe-Reese","http://www.long-hogan.com/","Guatemala","Team-oriented 4thgeneration open architecture","1987","Primary / Secondary Education","5589"
"9616","95Ba9eEDb09B2bF","Graves PLC","https://patrick-mcdonald.com/","Venezuela","Progressive tangible conglomeration","2006","Telecommunications","570"
"9218","31A09EC2D311d1D","Rivers, Perry and Galvan","https://www.waller.com/","Syrian Arab Republic","Function-based mission-critical data-warehouse","2005","Museums / Institutions","3161"
"1673","57BF11Bb9314241","Mccarty, Key and Fisher","https://www.burton.net/","British Virgin Islands","Horizontal leadingedge encryption","1998","Venture Capital / VC","1045"
"2359","F45Ca9F716f71Dc","Jones, Decker and Roberts","https://madden.org/","British Virgin Islands","Self-enabling asynchronous adapter","1979","Railroad Manufacture","3554"
"8468","24E4ad27FF7c55A","Shaw Inc","https://may-riggs.com/","Honduras","Automated empowering help-desk","1974","E - Learning","9237"
"275","f2F46C2D2cE4AC3","Cherry-Erickson","https://chaney.com/","Qatar","Managed hybrid system engine","2018","Law Enforcement","3126"
"2474","bF6fCb524987e8f","Combs, Cook and Espinoza","https://terrell.com/","Greenland","Self-enabling upward-trending encoding","2004","Industrial Automation","6421"
"5490","35E6D46DD91BA50","Decker, Hutchinson and Vance","https://www.cisneros.com/","Argentina","Cross-group multi-state functionalities","2012","Philanthropy","6716"
"4772","58D2D5d6bDc89bB","Woodard, Romero and Pitts","http://brewer.com/","British Indian Ocean Territory (Chagos Archipelago)","Reactive multi-tasking throughput","1970","Internet","7438"
"2108","6C3fEEBe7313AED","Bates-Brown","http://www.david.com/","Anguilla","Upgradable disintermediate task-force","2020","Glass / Ceramics / Concrete","3558"
"7501","C7E57276C6771e2","Rice LLC","http://www.roach-larsen.biz/","Venezuela","Future-proofed global time-frame","1998","Apparel / Fashion","5917"
"4415","05ae4578a80Da4b","Garrison and Sons","https://dominguez-watson.com/","French Southern Territories","Face-to-face background monitoring","2018","Food Production","7813"
"8139","29e1ABB766beEce","Frazier Group","https://kemp-brady.com/","Bahrain","Versatile background alliance","2018","Hospitality","8129"
"8661","C2d6cf9Df417c43","Dean-Wilcox","https://www.small.com/","Burkina Faso","Multi-channeled 5thgeneration firmware","1974","Construction","5462"
"8240","5dEDdB6c6ACd90F","Raymond-Gould","http://www.owens-flowers.biz/","Senegal","Object-based homogeneous extranet","2008","Defense / Space","2982"
"2418","d627dD65DeFCbCf","Shaw and Sons","https://www.beck.biz/","Guyana","Reduced leadingedge open system","1979","Mental Health Care","8686"
"8772","9BFc05551aFB2B3","Johns Ltd","https://huynh.biz/","Sweden","Horizontal holistic model","2008","Judiciary","5584"
"2237","21e7AA19cbcEBC2","Harper PLC","http://www.mckenzie.com/","Jordan","Visionary global structure","1986","Airlines / Aviation","836"
"3768","B3C3ca6eD85C296","Vincent Ltd","https://butler-hurley.com/","Senegal","Devolved stable function","1970","Facilities Services","2361"
"9792","93CfDaf6D5ba3fD","Vega, Glass and Terry","http://barrett.com/","Slovenia","Fully-configurable multi-tasking framework","1981","Research Industry","3534"
"9990","eAb2dE31a7b6FbE","Davila-Townsend","https://nichols-hicks.com/","Panama","Secured optimizing function","1993","Venture Capital / VC","8641"
"9966","9EddBDCffD3bbf2","Bradley, Pruitt and Brady","https://www.lane-ellison.info/","Central African Republic","Multi-tiered bifurcated info-mediaries","2011","Airlines / Aviation","2811"
"7324","eCb64E7cC9bE73A","Hill, Donovan and Mann","http://benitez-merritt.org/","Sudan","Quality-focused bifurcated database","2012","Logistics / Procurement","6616"
"1384","38c5c110cEC915F","Holmes-Romero","http://www.wall.com/","Estonia","Visionary fault-tolerant contingency","1974","Semiconductors","8429"
"3102","93E6B365cDD0A11","Norton Inc","http://nguyen.com/","Chile","Mandatory 5thgeneration database","1994","Insurance","3948"
"3922","bEB31Ad27DB3595","Suarez-Mora","https://wade.com/","Samoa","Re-engineered multimedia neural-net","2009","Law Practice / Law Firms","8084"
"6686","f60ECdC55BAa030","Horne PLC","https://www.pitts.com/","Tajikistan","Customer-focused scalable moratorium","1988","Food Production","5937"
"3195","C54aD437d1cB8de","Waller, Forbes and Fischer","http://www.parker.net/","Liechtenstein","Cross-group directional utilization","1995","Telecommunications","7720"
"1942","43D0cfc28b1fb03","Fitzpatrick Inc","https://vaughn-yu.org/","Eritrea","Synchronized eco-centric methodology","2011","Information Services","8437"
"7714","4EDead82B7A46F3","Perry LLC","https://fitzgerald-taylor.biz/","France","Up-sized 24/7 concept","2014","Other Industry","358"
"4897","eD6e796Db4caDB3","Mcknight Ltd","http://www.lucas-nelson.info/","Saudi Arabia","Expanded directional capability","2001","Judiciary","4812"
"4783","b93d0eDc3D049c2","Griffith LLC","https://burton-mccarthy.com/","Solomon Islands","Diverse modular hierarchy","1973","Insurance","806"
"1497","cC097d56a6b0EC6","Walsh, Case and Small","https://www.braun.net/","Qatar","Focused background circuit","2018","Investment Management / Hedge Fund / Private Equity","5372"
"1958","8CafF9e02bbfdfe","Blake-Brennan","https://dunn.com/","Tonga","Open-architected transitional extranet","2007","Insurance","5897"
"9172","DfaDaa2A5DAffeC","Rowe Inc","https://www.sawyer.com/","Iraq","Programmable content-based approach","1985","Motion Pictures / Film","5836"
"9746","CAFecD7740256Cd","Barrett-Greene","http://www.olson.com/","Saint Vincent and the Grenadines","Up-sized encompassing strategy","1988","Public Relations / PR","8799"
"7333","66daDE5cBaC30a5","Browning-Hill","http://williamson.com/","Albania","Multi-lateral executive process improvement","1987","E - Learning","2740"
"7950","501fe430bd2aeF6","Clayton Ltd","https://www.baxter.info/","Kiribati","Re-contextualized leadingedge installation","1984","Semiconductors","2666"
"3018","1e25C7F4eAc904f","Moran-Buck","https://www.dunn-bond.net/","Saint Vincent and the Grenadines","Re-engineered intangible project","1993","Oil / Energy / Solar / Greentech","5278"
"6747","27AA5e083D30EcE","Daugherty LLC","http://www.herring.com/","Lesotho","Advanced transitional benchmark","1983","Defense / Space","2989"
"514","Cf9e92fbcaAB1e4","Lloyd-Lane","http://www.whitehead.org/","Mauritius","Vision-oriented zero tolerance hierarchy","2005","Hospital / Health Care","947"
"3935","CEDBAfc4434baF1","Bullock, Dawson and Hinton","http://thornton-aguirre.info/","Germany","Enterprise-wide local middleware","1985","Individual / Family Services","4766"
"3026","2ACe8fFEa372d81","Elliott, Dean and Phelps","http://davis-baldwin.com/","Singapore","Assimilated stable alliance","1972","Outsourcing / Offshoring","6902"
"1200","bD50BaEfE57c5c3","Schroeder-Lozano","https://alexander-oconnor.info/","Solomon Islands","Object-based regional workforce","1997","Staffing / Recruiting","2794"
"5029","91aabCdeAA33faf","Rush-Goodwin","https://www.lara.info/","Libyan Arab Jamahiriya","Optional explicit capability","1991","Transportation","6707"
"9785","ef0B6C686c45F5B","Sanford-Jimenez","http://nicholson-horton.org/","Greenland","Advanced systematic customer loyalty","1979","Photography","5859"
"922","8f3E1861948fb1e","Stokes, Dixon and Wise","https://www.schwartz.net/","Myanmar","Vision-oriented real-time time-frame","1981","Library","3622"
"4650","C6FDAF2bc0fb4bC","Mclaughlin-Cooper","https://herring.com/","Zambia","Object-based encompassing function","2019","Translation / Localization","699"
"5333","7eE62Be8646Df33","Malone, Burgess and Barry","https://www.sloan.net/","Heard Island and McDonald Islands","Monitored multi-state info-mediaries","2000","Dairy","1661"
"1077","d435aae89C2f8D7","Kelly, Bowers and Meyers","https://rush.info/","Libyan Arab Jamahiriya","Up-sized client-server product","1996","Leisure / Travel","24"
"6769","5e729cB956aA2dD","Shelton LLC","http://www.guzman-boyer.com/","Brunei Darussalam","Business-focused static moratorium","2016","Management Consulting","6921"
"9411","ACdaB644e8F0Be2","Mckee-Krueger","http://www.gilbert.biz/","Madagascar","Intuitive empowering budgetary management","2019","Accounting","6245"
"1672","a97EfcB37Cb6a19","Robinson-Carter","https://tate.com/","Yemen","Synergistic bi-directional hierarchy","1983","Supermarkets","3602"
"475","f79DeC7Ce34FAed","Gould-Freeman","https://www.howell.net/","Ukraine","Ergonomic coherent task-force","2017","Medical Practice","1028"
"9187","44AF3f5f18135D1","Foster, Copeland and Hebert","https://sosa-donaldson.com/","Benin","Visionary high-level hardware","1974","Religious Institutions","3879"
"8840","bA0DdFe7E77eed5","Oneill, Key and Hebert","https://www.fields-sparks.com/","Algeria","Right-sized actuating firmware","1973","Photography","2918"
"5759","Ed1a1c0B217F2Bb","Garrett-Contreras","https://www.castillo.org/","Vietnam","Re-contextualized systematic installation","1980","Hospital / Health Care","6914"
"6298","ebD0a3c50A50e2e","Walter, Levy and Patton","https://www.haynes.com/","Gibraltar","Intuitive client-driven synergy","2000","Airlines / Aviation","559"
"2479","BD49722Be1268B7","Hess Group","https://scott.com/","United Arab Emirates","Balanced global knowledge user","1977","Consumer Goods","7810"
"5494","Aa8CACdC3fa2C77","Bush-Tran","https://www.bolton-west.com/","United States Minor Outlying Islands","Optional web-enabled process improvement","1973","Venture Capital / VC","3328"
"3915","bCC17b2ecCE17ed","Good and Sons","http://herring.biz/","Nepal","Customizable intermediate success","2005","Sports","1637"
"2139","deE4B5e72cbE808","Fitzgerald and Sons","http://www.cooley.net/","Montenegro","Horizontal disintermediate circuit","1993","Mental Health Care","3057"
"5455","Bde02182FBdBa22","Beltran Ltd","http://burgess.com/","Mauritius","Cross-platform analyzing attitude","1976","Printing","8957"
"5380","5e4A0CFeA3c2ad8","Vance, Solis and Miranda","https://cooper.com/","Micronesia","Managed responsive info-mediaries","2000","Investment Management / Hedge Fund / Private Equity","2241"
"8986","Ee3aBBD4fff6380","Dickerson Ltd","http://strong-ware.com/","Vietnam","User-friendly optimal orchestration","2010","Performing Arts","7698"
"4024","e0C73F9E1532B2F","Schwartz-Haney","http://www.vargas.org/","Bolivia","Organized local throughput","2001","Nanotechnology","133"
"3486","eaBCc9ef432A35a","Garcia, Cervantes and Valencia","http://www.meyers-osborne.info/","Portugal","Future-proofed hybrid methodology","1979","Recreational Facilities / Services","2821"
"2456","C2DB784bA3B8E8e","Gould-Burnett","https://www.schmitt.info/","Morocco","Extended 3rdgeneration concept","2001","Marketing / Advertising / Sales","6067"
"2465","0a925C22aAa25dc","Vasquez-Pratt","https://www.paul-dyer.org/","Bahamas","Integrated heuristic utilization","2016","Professional Training","5511"
"8697","a16C6DE042422dC","Armstrong-Farley","https://oneal.com/","Samoa","Stand-alone transitional hierarchy","1986","International Trade / Development","3000"
"1370","aDe2ab1dD8aa71D","Cain-Hensley","https://west.org/","Montserrat","Reduced leadingedge workforce","1998","Shipbuilding","3664"
"6689","6DFA56CBf25FfCf","Clark Ltd","http://www.landry.net/","Ecuador","Versatile high-level architecture","1994","Think Tanks","756"
"7457","7AA2a4bb7dB60cd","Washington, Boyle and Golden","https://www.terry.biz/","Svalbard & Jan Mayen Islands","Upgradable well-modulated functionalities","2007","Financial Services","2307"
"9975","B3cf5b37d41FB6d","Fleming Group","https://www.werner.biz/","Lao People's Democratic Republic","Pre-emptive 24hour access","2001","Fine Art","5622"
"1902","ebe128FA2FCD0Ce","Miles LLC","http://www.rich-snow.com/","Haiti","Switchable explicit algorithm","1986","Leisure / Travel","5309"
"4872","eA45d863B3e3152","Mata, Vega and Alvarado","https://www.melton.biz/","Nepal","Organic non-volatile neural-net","2017","Mechanical or Industrial Engineering","1570"
"4711","AC6c3CFAD5EF8bB","Velazquez-Oneal","https://www.mcguire.info/","Gabon","Fundamental tertiary implementation","2012","Real Estate / Mortgage","4478"
"7887","28156Fa2BaBF3af","Mathews-Singh","https://www.silva.com/","Cambodia","Decentralized demand-driven productivity","2012","Medical Practice","3393"
"1794","93c209fbEe19B1c","Sexton-Ponce","https://davis-nielsen.biz/","Sweden","Polarized methodical utilization","1987","Mining / Metals","478"
"2875","eE3d5fe39Edfc22","Hudson-Christensen","http://schroeder-dean.info/","Faroe Islands","Operative 6thgeneration policy","1975","Individual / Family Services","4095"
"6218","aA6FccdaF08DB1C","Hayes-Olsen","http://conway.com/","Swaziland","Open-source modular open system","2011","Civic / Social Organization","7195"
"5214","D0bDf46cc4EbCf6","Padilla Ltd","http://aguirre-hanna.net/","French Southern Territories","Multi-channeled zero administration approach","2011","Wireless","472"
"2246","da2C5be710DEa8C","Maxwell Group","http://moran-parrish.com/","Jersey","Adaptive solution-oriented software","2017","Telecommunications","26"
"1742","5bD11DF612b2aF3","Hensley PLC","https://www.dyer.com/","Israel","Integrated 24/7 encoding","1986","Law Practice / Law Firms","7989"
"1021","4d2Ee1eE944BDB3","Juarez, Benjamin and Jones","http://scott.net/","Kenya","Managed high-level ability","1982","Primary / Secondary Education","2700"
"706","DF6CB1d9d55A8Ce","Brewer, Curtis and Mejia","https://www.roberson.com/","Sweden","Visionary didactic middleware","2003","Music","921"
"4295","39d3a2B388A7e4D","Giles Inc","https://herman.biz/","Ethiopia","Extended executive system engine","2007","Wine / Spirits","3121"
"5577","f3ade9fe8280aaA","Jensen Inc","https://odom.com/","Cameroon","Robust reciprocal superstructure","1978","Facilities Services","4639"
"7167","d71FcC6d1eacC7F","Walton PLC","http://mack.com/","Bahamas","Cross-group well-modulated structure","2015","Wine / Spirits","1401"
"8178","64eA0eAFFAD5bab","Frey-Spears","http://skinner-chavez.com/","Congo","Vision-oriented motivating middleware","2011","Investment Management / Hedge Fund / Private Equity","144"
"909","AF4573bbACf41ED","Villarreal and Sons","http://blackwell.com/","Mauritius","Inverse local artificial intelligence","1990","Commercial Real Estate","7229"
"5194","9Cef3EDAEb5Cc12","Hanna Inc","http://thomas-esparza.org/","Vietnam","Persevering intangible database","2021","Law Practice / Law Firms","1780"
"3078","4bD4871FB9aD4eA","Vasquez, Beasley and Savage","https://www.day-kelly.org/","Northern Mariana Islands","Diverse grid-enabled instruction set","1979","Shipbuilding","9958"
"9367","06C785f3bd2a611","Sexton-Herrera","http://www.dunn.com/","South Africa","Object-based 6thgeneration leverage","1994","Primary / Secondary Education","4561"
"595","1EF5Fcc7dfB79e2","Gillespie-Nichols","https://www.schmidt.com/","New Zealand","Innovative non-volatile protocol","1983","Food Production","527"
"5305","583bF80ec5DBAdf","Short PLC","https://www.patel.com/","Falkland Islands (Malvinas)","Ergonomic dynamic approach","2020","Food Production","592"
"441","da523F80669fEC3","Weeks, George and Haynes","http://www.roth.net/","Anguilla","Team-oriented eco-centric paradigm","1989","Judiciary","2619"
"7607","62Cf503a2b8dbaD","Dean-Ochoa","https://watson.com/","Canada","Configurable discrete circuit","1987","Computer Networking","7962"
"4093","4BdbCd94c41a6F6","Lara, Baldwin and Montoya","https://graves.org/","Faroe Islands","Open-source bi-directional interface","2009","Printing","9803"
"6135","fbeDC1bE7e0ba71","Baker-Barajas","https://morse.info/","Sri Lanka","Fundamental encompassing superstructure","1978","Arts / Crafts","3589"
"11","6a74D1bF2BC1d65","Young-Zavala","http://www.ortiz.com/","Ukraine","Sharable multimedia system engine","1972","Music","2985"
"3777","5BEFFc5d3d1B88E","Guzman Group","http://sanford.net/","Qatar","Devolved intangible groupware","1991","Medical Practice","4181"
"9000","dda1E20Bd90B8B1","Andersen-Waller","http://hess-woodard.com/","Bahrain","Enterprise-wide national Graphic Interface","2011","Internet","3745"
"3709","9bf45eAbcF2f15a","Nichols PLC","http://www.knapp.com/","Sao Tome and Principe","Virtual encompassing definition","2007","Other Industry","3967"
"3781","b590B6E734Be0b9","Vasquez-Riley","https://www.ewing.com/","Zambia","Expanded upward-trending capability","1973","Alternative Dispute Resolution","8966"
"94","82aE950c0fEEa84","Bailey-Hayden","http://salinas.com/","Armenia","Persevering global application","1987","Computer Networking","2063"
"9240","4bC4603AB0faEc1","Gallagher Group","http://braun-davidson.info/","Mauritius","Assimilated didactic orchestration","1987","Accounting","8937"
"3950","abCd8F5761FE91b","Donaldson-Lambert","https://graham-cordova.org/","Montenegro","User-friendly optimizing attitude","2012","Legislative Office","6799"
"5786","bAbbCDb5bF5CE4D","Soto, Mills and Clayton","https://orozco.com/","Congo","Quality-focused contextually-based focus group","1987","Retail Industry","3434"
"4871","7D2Bc75253981Ea","Barr-Harris","http://www.johns.biz/","Montenegro","Diverse reciprocal time-frame","2010","Glass / Ceramics / Concrete","9343"
"4803","98dCF003b6AAB7F","Hodge, Blevins and Snyder","https://ewing.com/","Armenia","Quality-focused even-keeled workforce","1998","Photography","168"
"4868","8d7ecF8f3a8Ec6A","Montoya Group","http://galloway.net/","Monaco","Reverse-engineered 5thgeneration model","1989","Civic / Social Organization","1051"
"293","4dd99A51c209888","Wong Ltd","https://www.villanueva.net/","Bulgaria","Enhanced full-range open architecture","1980","Arts / Crafts","9616"
"7889","F75daEa6c19eEaB","Collins-Bowman","http://mosley-carroll.info/","Comoros","Networked global database","2012","Professional Training","1378"
"7406","E27E5d36bABd63C","Singh Group","https://guerrero.biz/","Mayotte","Progressive stable neural-net","1999","Leisure / Travel","2049"
"5596","BC9Ebe9Cae44d08","Stone Ltd","https://www.miranda-cantrell.net/","Comoros","Cross-platform well-modulated encoding","1984","Defense / Space","8683"
"2887","fE8E52f2eEeed4c","Allen Group","https://www.chan-fisher.com/","Guam","Innovative leadingedge hierarchy","2017","Luxury Goods / Jewelry","5057"
"6455","0CD5F8bEC2d4DE3","Hancock and Sons","https://www.bradley-deleon.org/","Belize","Business-focused heuristic capability","1998","Environmental Services","1063"
"2543","5e4bbbceafEBABd","Hayden-Hodge","https://www.maynard.com/","Russian Federation","Managed mobile info-mediaries","2015","Online Publishing","5513"
"1766","55A5d419C7EeE1F","Andrews, Hanson and Pena","http://leblanc-nguyen.com/","Israel","Polarized local model","2002","Package / Freight Delivery","875"
"6801","f0DdffFBa4D7a0A","Stokes, Byrd and Dickson","https://www.rodgers-cannon.org/","Guyana","Compatible next generation access","1998","Computer / Network Security","3465"
"1878","C77E376201BBfaA","Hurley Inc","http://www.levine-chan.com/","Saint Kitts and Nevis","Customer-focused background forecast","2003","Commercial Real Estate","4144"
"1982","1228Ba2FfFB3955","Medina-Gray","http://larson-michael.com/","Azerbaijan","Balanced bi-directional function","1989","Broadcast Media","3520"
"9730","ff7321E33BaBB2D","Mccoy, Lambert and Ware","http://www.ayala.com/","Armenia","Triple-buffered client-server extranet","2021","Package / Freight Delivery","6701"
"9609","AF14D9Ce420010c","Weiss Inc","http://dennis-francis.info/","Cameroon","Advanced asynchronous orchestration","2001","Investment Management / Hedge Fund / Private Equity","7576"
"2686","3aF36211d0B5cCd","Valenzuela PLC","https://cunningham-wheeler.com/","South Africa","Advanced multi-state Local Area Network","1993","Information Technology / IT","845"
"8931","035E6F6CCEEd2ee","Steele-Hamilton","https://webster-zamora.biz/","Burkina Faso","Ameliorated background benchmark","2003","Marketing / Advertising / Sales","186"
"3459","4f2f52C01F6ABaB","Lucas-Flynn","http://www.fitzgerald-mcmillan.com/","Kenya","Automated bifurcated matrices","1978","Veterinary","9820"
"4542","EcBc3fdFD5BCCCE","Brady, Camacho and Reese","http://fuller.info/","Belize","Future-proofed full-range superstructure","2002","Judiciary","1813"
"2179","F4f9cAFdb0b5Da5","Roach PLC","http://mayer.com/","Haiti","Adaptive dynamic encoding","1972","Package / Freight Delivery","6555"
"4451","1b5a4CC3EAd1ecf","Novak and Sons","https://www.hodge.com/","Dominican Republic","Customizable coherent hierarchy","1991","Textiles","5169"
"3860","fcabB63e8cbf2AD","Ponce, Watkins and Rangel","http://olson-santos.com/","South Africa","Function-based 4thgeneration archive","2006","Food / Beverages","718"
"7624","dFb3a6b3faB7fB2","Guerra-Mcdonald","http://brady.info/","Equatorial Guinea","Vision-oriented impactful task-force","1981","Renewables / Environment","5659"
"7655","C7f660cF34d0fca","Hoffman-Elliott","http://love-mcdaniel.com/","Croatia","Customizable demand-driven open system","1992","Machinery","8747"
"4520","CC6D4a10557dA4A","Whitehead, Dillon and Dyer","http://stanley.info/","Kiribati","Synchronized asymmetric ability","2010","Building Materials","521"
"2518","17DbcCe7f9E54Fe","Zuniga, Lozano and Massey","https://ballard.org/","Nepal","Fundamental dedicated capacity","2020","Mining / Metals","9900"
"4837","ad3193B3aEB0CdD","Barker, Hubbard and Kaiser","http://www.williams-benson.biz/","Tanzania","Customer-focused didactic capacity","1991","Entertainment / Movie Production","1969"
"2886","D5fcbc1932A12bC","Walsh, Shea and Rosales","https://www.dunn-everett.com/","Somalia","Inverse neutral Local Area Network","2008","Building Materials","1271"
"7282","1eFB3b7F92Ed0C9","Gibson, Norton and Tanner","http://www.dudley-brooks.com/","Swaziland","Robust multi-state adapter","2005","Research Industry","7508"
"6256","dB61D70916ecE0F","Huff, Wise and Howe","https://www.moran-hernandez.biz/","United States of America","Exclusive radical capability","1999","Primary / Secondary Education","4058"
"4540","3cEfB6E09A7E5Db","Ayers-Hart","https://www.barron.org/","Martinique","Synergized eco-centric circuit","1990","Medical Equipment","1918"
"5640","b2FEc4E7644Ed07","Shannon, Benson and Wong","https://pratt.com/","Romania","Business-focused needs-based capacity","1974","Investment Management / Hedge Fund / Private Equity","5872"
"9460","2D57ceCcf2f1eE2","Schroeder LLC","http://martinez.com/","Falkland Islands (Malvinas)","Ameliorated radical firmware","2018","Veterinary","6060"
"3482","5dd23567bFd61fa","Fitzgerald and Sons","http://www.burch.com/","China","Universal context-sensitive knowledgebase","1994","Warehousing","7520"
"1278","ee9CBA1eAaD0BCC","Keller Ltd","https://www.haynes-thomas.com/","Zambia","Organized static migration","1980","Veterinary","7268"
"3147","5D85BAd4cBEbfAC","Mclean-Hunt","http://www.mccarty.org/","United States Minor Outlying Islands","Robust context-sensitive software","2016","Philanthropy","6884"
"8263","7B831Ff52964fA7","Anthony-Ward","https://lutz.biz/","Chile","Multi-lateral zero administration methodology","2007","Computer Games","2525"
"3206","DfBbaa6d1F8Fa2d","Mullen-Levy","https://hoover.info/","Lithuania","Quality-focused needs-based firmware","2005","Textiles","743"
"9893","f313ed7e073Cc5E","Perry-Clarke","https://www.massey-webster.org/","Armenia","Profound asymmetric function","2007","Fundraising","1897"
"2743","Ec91171c85fAF5a","Buck-Barnett","https://benjamin.com/","Lebanon","Ergonomic methodical installation","2021","Dairy","9112"
"6077","abcBe9DF047b636","Randall-Villarreal","http://www.hubbard.biz/","British Virgin Islands","Cross-platform content-based adapter","2009","Restaurants","5993"
"4048","9777f1715Ff1Add","Mclean and Sons","http://www.pineda.com/","Cayman Islands","Realigned incremental access","1989","Transportation","9109"
"5732","cbFA4973fDb0aC6","Barnett-Lawrence","https://robinson.net/","Aruba","Multi-tiered zero administration project","2004","Library","6145"
"2946","c7A5945Fa2DE93f","Hodges-Woodard","http://bell-zhang.com/","Ireland","Multi-tiered 4thgeneration Internet solution","1996","Professional Training","6414"
"5791","9a80A44d846cD93","Duke-Riddle","https://www.chung-barr.info/","Northern Mariana Islands","Persevering asymmetric capacity","1985","Arts / Crafts","4814"
"6795","d3E8dC157BD0DDf","Cordova and Sons","http://potter.com/","Brazil","Enhanced exuding portal","2019","Internet","8757"
"6544","9910fA9d021CcF5","Hanson, Kirby and Alvarado","http://russell.biz/","United States of America","Synergized actuating leverage","2012","Accounting","9132"
"701","f5b7a68fe640a12","Salinas Ltd","http://www.dennis.biz/","Vietnam","Stand-alone attitude-oriented analyzer","2003","Textiles","953"
"3575","fDd86A8b061d05b","Salinas Group","http://brandt.com/","British Indian Ocean Territory (Chagos Archipelago)","Horizontal motivating conglomeration","2011","Broadcast Media","8902"
"7700","0653C074d67522F","Sparks, Charles and Barr","http://www.stevens.com/","Costa Rica","Focused holistic website","1972","Semiconductors","9474"
"2516","96C0Bd5be4A6d6b","Lane, Peterson and Anderson","http://lam.com/","Vietnam","Seamless bandwidth-monitored groupware","1987","Building Materials","4983"
"3001","5c817d315bEf1da","Walker Inc","http://cox-beck.org/","Cameroon","Centralized asymmetric productivity","1992","Government Administration","1220"
"5821","d50f579bCcD1aB6","Chandler PLC","http://www.mullins-haney.info/","American Samoa","Distributed multi-tasking customer loyalty","2013","Government Administration","611"
"8582","c6Acf5ED6E1aD58","Walsh-Kirk","http://haynes.com/","Cape Verde","Optional multi-state policy","2008","Tobacco","2137"
"3685","3D6Fe3478dd5DF9","Ortega and Sons","http://faulkner.com/","Saudi Arabia","Compatible hybrid focus group","2002","Defense / Space","3660"
"2996","f35cEc48f9bEbdf","Larson, Chung and Mann","https://montes.com/","Austria","Extended user-facing Local Area Network","1985","Computer Hardware","6881"
"4253","eaf1E4acfF9f7d3","Gould-Melendez","http://www.lawson-mccall.biz/","Bhutan","Persevering solution-oriented customer loyalty","1988","Hospital / Health Care","7862"
"3412","f0E5aD3f0af46F4","Shah Ltd","http://www.patrick.net/","Samoa","Phased full-range analyzer","1984","Computer Software / Engineering","1508"
"7963","E3F1dDFf69E6e4f","Zavala-Hogan","https://www.mcneil.net/","Cambodia","Public-key discrete utilization","1976","Packaging / Containers","8102"
"6310","Bbf6fC8Bd7dF4C4","Malone, Butler and Ramsey","http://owens.info/","Saint Vincent and the Grenadines","Progressive logistical functionalities","1972","Apparel / Fashion","5218"
"8612","5bF9140E73DbE9b","Lyons PLC","http://www.floyd.org/","Qatar","Open-architected analyzing time-frame","2012","Financial Services","4771"
"5013","De58FfDD15B90b6","Arellano-Terry","https://www.tucker.com/","Bhutan","Grass-roots zero administration moderator","1990","Medical Practice","8087"
"7751","8fc6ca2cb1aB0e8","Wyatt-Herring","http://www.walls.net/","Haiti","Function-based mission-critical alliance","2012","Law Enforcement","7106"
"5980","795Faf62bFcfafd","Reyes, Pineda and Trujillo","https://www.horn.com/","Afghanistan","Horizontal interactive definition","2019","Judiciary","6219"
"4049","dafec1F7f0DDeC0","Bowen-Henry","http://www.calhoun.com/","Poland","Multi-tiered coherent circuit","2009","Writing / Editing","9020"
"4900","A6Eb882A22cB1Ea","Ochoa Group","https://bolton-mitchell.info/","Ecuador","Ergonomic directional forecast","2003","Shipbuilding","5188"
"1319","0D00F4da8DeD6eD","Chan PLC","https://www.dawson.biz/","Faroe Islands","Polarized system-worthy info-mediaries","1997","Internet","6926"
"9773","7B4239f0ad77EDb","Wilkinson, Cooke and Parks","https://villanueva-weber.info/","Japan","Mandatory multi-tasking pricing structure","1979","Public Relations / PR","832"
"9138","544C5a7E03E3c7a","Lewis-Abbott","https://www.coleman.org/","Comoros","Self-enabling coherent monitoring","1970","Music","2849"
"7143","D12f057612Fe91B","Patterson Ltd","http://saunders.com/","French Polynesia","Streamlined methodical software","1991","Medical Practice","3270"
"1898","5ad681D3CcC1A9A","Barry, Ward and Daugherty","https://www.james-solomon.org/","United States of America","Business-focused transitional superstructure","1978","Civil Engineering","8467"
"7466","ebDE3b1063Bd40b","Norton Group","https://rosales.info/","Reunion","Assimilated tangible project","1995","Computer Software / Engineering","3748"
"604","39f0d5AA7DA0dEe","Little Group","http://www.hunter.net/","Uganda","Organic homogeneous emulation","2021","Renewables / Environment","4363"
"2847","Bcc2CeB46eFAece","Hampton, Price and Arroyo","http://www.galloway.com/","French Guiana","Ameliorated disintermediate open system","2003","International Affairs","5556"
"8208","eA6dff2C89d8d3e","Castro-Dennis","https://pollard.net/","Romania","Advanced analyzing open system","2007","Staffing / Recruiting","1109"
"394","8EcDB05Cfa94c28","Cherry-Baldwin","http://www.bradshaw.com/","Qatar","Virtual bandwidth-monitored middleware","1985","Outsourcing / Offshoring","1535"
"4437","cfcfD5aCEe2d388","Schaefer and Sons","http://www.hardy.com/","Yemen","Robust exuding infrastructure","1999","Mechanical or Industrial Engineering","6592"
"9448","aA2be58aACBfAaa","Fields-Dougherty","http://www.craig-combs.net/","Mauritius","Future-proofed national framework","2002","Marketing / Advertising / Sales","8740"
"7235","2E9C4Ee630fdDb7","Cunningham, Dunn and Sampson","https://www.goodwin.org/","Guernsey","Distributed value-added success","1991","Building Materials","2610"
"5399","983f06cf175FA41","Colon-Osborne","http://www.stokes.biz/","Mozambique","Reverse-engineered impactful capacity","1995","Computer Hardware","4884"
"96","ceA7b086fF68dFa","Knox Ltd","https://www.pugh.com/","Saint Pierre and Miquelon","Programmable upward-trending support","2019","Security / Investigations","1659"
"1663","D226A2BD82f1DA8","Dorsey LLC","http://riggs.com/","Bahamas","Function-based secondary challenge","1972","Legal Services","6373"
"8971","A0212E27c655D1c","Rollins, Hays and Payne","http://www.cain.biz/","Armenia","Public-key systemic leverage","2015","Leisure / Travel","7054"
"5131","ecD82c2B5623fBe","Hunter, Norton and Landry","http://huerta.com/","Tunisia","Profit-focused mission-critical database","1987","Consumer Services","8277"
"1489","9e12e2b4CED4a3e","Oneill PLC","https://www.bird-sampson.biz/","Fiji","Front-line bifurcated architecture","1989","Arts / Crafts","6136"
"8317","c6bBfFA2639B620","Roman-Hurst","http://vega-dickerson.biz/","Namibia","Phased 6thgeneration success","2001","Animation","8028"
"2708","8CA8cA50C7019d0","Acosta-Cannon","https://bird-chapman.biz/","Barbados","Centralized 5thgeneration workforce","1977","Medical Practice","2671"
"1596","20b1C0BA3421498","Trevino, Rosario and West","http://castro.org/","Burkina Faso","Diverse eco-centric neural-net","1994","Consumer Goods","6417"
"9278","5c4AddcE5EB4563","Conway-Russell","http://www.lowery.com/","Hungary","Cross-group hybrid success","2003","Machinery","8179"
"2378","3FdFE1982be12FE","Phelps, Lutz and Shaffer","https://www.hendrix.com/","Wallis and Futuna","Integrated composite archive","2003","Accounting","2331"
"5141","4ABc839A34fFFFE","Arnold-Rivera","http://pierce.com/","Marshall Islands","Profound uniform implementation","1985","Religious Institutions","3278"
"6148","EF1aF9A1EB7B450","English, Anthony and Duran","https://underwood-carney.net/","New Caledonia","Universal tertiary secured line","2002","Entertainment / Movie Production","2262"
"8242","Bd3A64C49ec479d","Valdez LLC","http://castro-sellers.org/","Christmas Island","Balanced multimedia implementation","1984","Translation / Localization","7096"
"3949","e565cA20Ca30CC7","Acosta PLC","https://colon.com/","Sao Tome and Principe","Multi-channeled homogeneous conglomeration","1979","Entertainment / Movie Production","2402"
"3934","13694Ac3F451fC6","Ho, Byrd and Dillon","http://www.maldonado.info/","Malawi","Reduced incremental focus group","2009","Tobacco","2083"
"4798","Ba1eca7d93f8CEc","Reilly Ltd","http://www.kent.info/","Germany","Ergonomic dedicated encoding","1974","Executive Office","1160"
"4373","Eece35aE96cc253","West-Ward","http://mcguire-gregory.org/","Argentina","User-centric modular migration","2000","Law Enforcement","3751"
"9863","c58CdC6946c665C","Cummings-Forbes","http://rubio.biz/","Lao People's Democratic Republic","Multi-lateral actuating parallelism","1991","Government Administration","3004"
"8243","9577C156BdE9c98","Poole, Malone and Everett","https://shannon.biz/","Brunei Darussalam","Compatible optimizing encoding","2021","E - Learning","5957"
"3449","580A94A4316ad86","Marshall-Abbott","http://wheeler.com/","Cameroon","Synergized global throughput","1977","Public Relations / PR","173"
"2944","E0eF079E4b6cFD4","Bauer, Tanner and Gray","http://www.hudson-montoya.net/","Lebanon","User-friendly client-server system engine","1996","Translation / Localization","4982"
"2466","e409B31188ADC3F","Gallagher, Reynolds and Hutchinson","https://gonzales.com/","Peru","Adaptive system-worthy strategy","1979","Environmental Services","2403"
"8583","5BDdDdDf56f6ccb","Townsend LLC","http://www.vang.net/","Morocco","Ergonomic optimal knowledgebase","2018","Warehousing","9713"
"5507","C2Ee12d2DF46134","Little Ltd","https://www.santana.org/","Peru","Switchable 5thgeneration synergy","2005","Automotive","210"
"2699","b53E36cf605ad1c","Duran, Oneal and Sawyer","http://hodges.com/","Tunisia","Streamlined user-facing migration","2018","Government Relations","1543"
"2448","4DbEe0BCEcd767f","Mcconnell and Sons","http://blankenship.com/","French Guiana","Reverse-engineered non-volatile hub","1994","Warehousing","6903"
"20","e8F94361bbDcf9b","Orr-Stanley","http://www.rosales.com/","Kazakhstan","Triple-buffered systematic collaboration","1979","Photography","581"
"2749","cfe0fbcef1e237c","Kaufman Inc","http://marquez-navarro.biz/","Oman","Cloned disintermediate open system","1983","Design","448"
"5400","35d35d6c7bAdDE0","Bishop, Pena and Fuentes","http://www.burnett-castillo.com/","United States Minor Outlying Islands","Multi-layered national algorithm","2005","Museums / Institutions","1094"
"8079","dB30c3bbDf7E048","Lawson LLC","http://acosta.com/","Guinea","Enterprise-wide mobile core","2012","Packaging / Containers","955"
"6872","1f56A3dBdceB59D","English-Buchanan","https://www.hanson-simmons.com/","Argentina","Cross-platform systematic intranet","1970","Banking / Mortgage","9213"
"4709","b2095dD42c8FC53","Lawson, Herring and Blackwell","https://www.torres.com/","Austria","Optional mobile workforce","2002","Primary / Secondary Education","145"
"9477","F124bE8E148C9Ce","Porter, Lawson and Cox","https://www.palmer.com/","Australia","Expanded grid-enabled secured line","1994","Machinery","1870"
"810","De358E2fF3165C5","Duffy LLC","https://kane.com/","Angola","Intuitive non-volatile emulation","2016","Market Research","6310"
"7478","60deea163fdD6F7","Snow, Cooke and Esparza","https://bell.com/","Andorra","Open-source secondary forecast","2020","Facilities Services","1606"
"2274","2e0D943A9f6a7CF","Mcguire, Ball and Bond","http://mullen-curry.com/","Poland","Phased bi-directional core","1991","Writing / Editing","538"
"1924","e7f5cFc0aEEaeEf","Curry PLC","https://www.burns.net/","Thailand","Reverse-engineered uniform time-frame","1983","Wine / Spirits","4707"
"1471","986F67A4Ec47DCf","Lam, Rowe and Mills","http://www.pennington.net/","Mayotte","Right-sized well-modulated migration","1982","Computer Hardware","3086"
"7935","78ce5dcd876DeaF","Maddox-Hutchinson","https://www.gibbs.net/","Australia","Multi-tiered radical moratorium","1994","Legislative Office","2643"
"7408","73fC4Fd9D5C3EB1","Barton-Hall","https://www.conrad.info/","Albania","Versatile asynchronous neural-net","1987","Museums / Institutions","9519"
