"Column_1","Column_2","Column_3","Column_4","Column_5","Column_6","Column_7","Column_8","Column_9"
"7587","893866c72EBFc35","Robertson LLC","http://www.wade.com/","Madagascar","Adaptive motivating function","1986","Defense / Space","4789"
"5345","Fb8dbAb436aDffc","Mueller Group","http://hanna.net/","Marshall Islands","Synchronized mission-critical support","2003","Import / Export","8776"
"9864","31609B7aE3afDCd","Stokes-Ingram","http://www.wiley-gallegos.com/","Latvia","Organic maximized attitude","2001","Education Management","3357"
"7112","cd83fC3dbA2BF3f","Monroe PLC","http://ashley-zuniga.com/","Malta","Triple-buffered directional customer loyalty","1986","Civic / Social Organization","4459"
"1875","FCE65BE4EDfE61E","Marks-White","https://www.stevenson.com/","Palestinian Territory","Re-engineered non-volatile initiative","1976","Supermarkets","8536"
"8517","6db2eaD93cDFec7","Huang, Cohen and Meza","http://www.waller.com/","Uruguay","Total 3rdgeneration workforce","1978","Events Services","3806"
"5271","aD21F34C9F40DCA","Downs Group","http://www.huynh.com/","Mauritius","Seamless systemic projection","1991","Aviation / Aerospace","6931"
"5097","657cFe98b03E446","Keith, Wyatt and Hill","http://wright.com/","Kuwait","Virtual fault-tolerant knowledge user","1993","Food / Beverages","4647"
"2905","4e122dFdaec74A6","Estrada, Mayo and Spears","https://conway-ewing.com/","Chile","Multi-layered secondary intranet","2015","Electrical / Electronic Manufacturing","4571"
"571","cE55A2A57777f96","Peck, Ford and David","http://www.richmond-delacruz.org/","Cape Verde","Re-contextualized systemic policy","2002","Professional Training","591"
"1449","287f93d2bB07E1f","Reyes LLC","http://www.rollins.com/","Liberia","Intuitive real-time secured line","1971","Hospitality","4657"
"5965","1B9aDFe0bCFD4AF","Ritter Group","http://www.butler-conrad.com/","Venezuela","Advanced methodical migration","2002","Education Management","9605"
"6243","3feb5E4e19e6d6B","Gay, Medina and Cooper","http://love.net/","Trinidad and Tobago","Organic dedicated methodology","1996","Information Services","4918"
"6348","e44CFeDBDc6BA00","Mueller, Conrad and Lewis","http://guzman.com/","Barbados","Customizable client-server portal","1997","Printing","1101"
"7875","60E3EE0fc1EF532","Pham-Anthony","https://fleming.com/","Zambia","Innovative zero tolerance circuit","1996","Legislative Office","9197"
"9817","B0121Fb9EDBD3dB","Fowler, Macdonald and Scott","https://www.mcclure.com/","Argentina","Triple-buffered encompassing middleware","1989","Food Production","6611"
"3227","09d2CFE0B07403a","Vang Group","http://franklin.com/","Libyan Arab Jamahiriya","Assimilated human-resource structure","1990","Industrial Automation","1297"
"9745","229Ef9d10eCAf4C","Kerr, Pearson and Garrison","https://gray.com/","United States Minor Outlying Islands","Balanced non-volatile circuit","1999","Market Research","379"
"3979","187fbfBdddd84Ee","Melendez, Benson and Branch","https://www.sandoval-clayton.com/","Armenia","Exclusive 5thgeneration utilization","2016","Music","518"
"4384","C4290bD5B7afc32","Gibson Inc","https://walter.com/","Tunisia","Focused methodical artificial intelligence","1983","Newspapers / Journalism","3919"
"7857","9F17B23787FacB7","Odonnell Group","http://ibarra.com/","Lithuania","Synchronized neutral emulation","2000","Aviation / Aerospace","6101"
"3540","4D637CEEe9e752f","Powers LLC","https://www.pena.com/","Bahrain","Phased zero administration contingency","2021","Farming","3992"
"5683","2bf24aAB3D84B3d","Haas-Tran","https://franklin.com/","San Marino","Grass-roots even-keeled synergy","1975","Computer Games","6194"
"2828","2824d1AE5ff000a","Graham Inc","https://www.everett.com/","Tonga","Distributed next generation process improvement","2004","Computer Networking","5800"
"7659","9CCAF1Da2ed1E83","Goodwin and Sons","http://ingram.net/","Austria","Expanded demand-driven task-force","2001","Primary / Secondary Education","4258"
"4997","5e1ef5EC6E0e1d7","Moran-Gamble","http://www.padilla.com/","Bermuda","Right-sized explicit parallelism","2014","Maritime","4829"
"1339","92aD129bcc8FB1b","Ballard-Newton","http://www.joseph-calderon.com/","Jersey","Inverse clear-thinking open architecture","1991","Government Administration","8649"
"3263","Fbb35AdB7ee01ff","Chase, Carter and Sanchez","https://www.shah.info/","Northern Mariana Islands","Front-line responsive collaboration","1997","Insurance","1691"
"6387","cF4abD5B30DF61A","Chavez, Fischer and Moyer","https://morse.net/","Syrian Arab Republic","Configurable bandwidth-monitored approach","2010","Glass / Ceramics / Concrete","3050"
"7952","C9Aa7b8f08de141","Waters, Brady and Shannon","http://www.shah.com/","Northern Mariana Islands","Advanced dedicated capability","2017","International Trade / Development","8884"
"651","E3AeA51e05dDC24","Monroe and Sons","http://www.alvarez.info/","Bangladesh","Polarized uniform core","2000","Ranching","7713"
"2903","A48FbF8Cf4F27Bd","Pittman Inc","https://tapia.com/","Puerto Rico","Balanced high-level alliance","1992","Civic / Social Organization","8586"
"2259","8d4bD9CC501cf1d","Spears Ltd","https://www.cox-castro.com/","Namibia","Multi-layered radical middleware","1997","Paper / Forest Products","6994"
"7403","1042b4F1B924753","Castaneda, Tate and Tapia","https://terrell.info/","Eritrea","Inverse background complexity","2011","Computer Software / Engineering","1342"
"3522","4afb1D03cfb8fcc","Wang, Sheppard and Conley","http://barr-roth.com/","Netherlands","Synergized stable array","2008","Nanotechnology","7232"
"2731","A6bA040BC9ADf6e","Taylor-Beasley","http://duffy.info/","Malawi","Assimilated contextually-based frame","1974","Judiciary","6162"
"5497","dDfEDa2Fc0E8ad6","Arellano, Pope and Logan","https://www.frye-roman.biz/","Pakistan","Front-line asynchronous hardware","2003","Retail Industry","9036"
"4479","73f8F78AaF7b91f","Schroeder LLC","http://gates-hunter.com/","Tunisia","Business-focused value-added algorithm","2022","Logistics / Procurement","2110"
"1597","bD09Dca5dc6C2FC","Higgins, Dickson and Patton","https://www.blevins.org/","Belarus","Centralized heuristic intranet","1995","Gambling / Casinos","9340"
"7067","47F68aD81b0Ecbb","Cameron-Wallace","https://mosley.com/","Seychelles","Triple-buffered mobile Graphic Interface","1991","Utilities","9709"
"2585","e4BA95DE96d3Cc6","Moon, Villanueva and Huynh","http://www.simon.net/","Vietnam","Upgradable client-driven superstructure","1989","Mechanical or Industrial Engineering","3269"
"5442","d38B63DFE538d72","Norton Ltd","https://ballard.info/","Hong Kong","Sharable secondary implementation","1977","Sporting Goods","7077"
"3197","Ecbe1BC7fBd4a70","Browning PLC","http://www.cross.info/","Azerbaijan","Reverse-engineered methodical archive","1970","Nanotechnology","7890"
"8524","cfdCe6075190ca0","Bernard-Michael","http://www.farmer.biz/","Czech Republic","Multi-layered exuding benchmark","2000","Animation","3866"
"7683","9fe689805a88eFC","Chen, Warner and Humphrey","https://stafford-glenn.info/","Lithuania","Enhanced intangible projection","1984","Hospitality","6967"
"5377","fB72f2db7215D16","Campos Group","http://holloway.biz/","Bouvet Island (Bouvetoya)","Seamless fresh-thinking adapter","1997","Museums / Institutions","24"
"1259","d255fA2FEba431e","Lester-Silva","https://mendoza.com/","Sudan","Customer-focused scalable paradigm","2003","Food / Beverages","2638"
"5278","2fAfCC172b78CEE","Sullivan, Vargas and Duncan","https://www.fuentes.info/","New Zealand","Virtual maximized utilization","1973","Computer Hardware","4743"
"992","dEDfF0c6CAe83EB","Jacobson Ltd","http://www.diaz.com/","Serbia","Profound 5thgeneration parallelism","1989","Maritime","5012"
"3505","D567B0be94f6b78","Cowan, Vega and Harmon","http://miller.biz/","Isle of Man","Right-sized non-volatile policy","1971","Sports","5988"
"114","b5A05c9aadf28e3","Sullivan-Kane","http://www.macdonald-haas.com/","Indonesia","Visionary exuding matrices","1989","Museums / Institutions","7746"
"920","0fBb07c7ad5DD5D","Fritz-Lutz","https://www.mullins.com/","Bouvet Island (Bouvetoya)","Realigned stable service-desk","2018","Warehousing","2323"
"2510","aeD6dEA3907fBb8","Klein, Haley and Irwin","https://spears-li.com/","Russian Federation","Down-sized zero-defect attitude","2005","Environmental Services","2188"
"9405","f5c7C48BfdF0657","Ruiz PLC","http://www.burch.com/","Bosnia and Herzegovina","Profit-focused content-based complexity","2001","Design","3416"
"166","21c49FDd5ccD6A4","Haney Ltd","http://www.flores-estrada.com/","Sao Tome and Principe","Up-sized actuating implementation","1973","Fishery","4964"
"5264","9fDAe83157a3afd","Pruitt LLC","https://mercer.net/","San Marino","Re-contextualized upward-trending application","1989","Leisure / Travel","4682"
"4604","cA9572dAed41DfD","Zimmerman LLC","http://hinton.biz/","Norfolk Island","Re-contextualized system-worthy product","2016","Oil / Energy / Solar / Greentech","2486"
"950","a7B3e59a2aDc985","Clay-Fleming","https://roth-jenkins.com/","Switzerland","Virtual system-worthy Graphic Interface","2006","Transportation","6145"
"4595","2bA05ED0CcEe2F7","Oneill and Sons","https://shannon.com/","France","Quality-focused tangible model","1999","Computer Games","6602"
"5728","8fe5C1552f7EBc5","Schroeder, Boone and Roberson","http://www.atkins-bates.com/","Namibia","Self-enabling user-facing info-mediaries","1972","Capital Markets / Hedge Fund / Private Equity","5749"
"3771","8DcE59D9Ae9f0c9","Landry-Montes","https://www.tyler-mcclain.com/","Lebanon","Cross-platform upward-trending system engine","1989","Fundraising","3330"
"2507","4AdFEC7947E30CC","Suarez-Fletcher","http://bird.com/","Netherlands Antilles","Fully-configurable 24/7 info-mediaries","2007","Wireless","3187"
"5108","BcC9fDEA0AcbfFB","French-Yang","http://www.strickland.net/","Aruba","Universal fault-tolerant capacity","1997","Nanotechnology","5940"
"2851","d597d8C20148AbC","Turner and Sons","https://www.schmidt.com/","Senegal","Assimilated 24hour monitoring","1987","Other Industry","9635"
"6486","DC3dE0c22133c4D","Rubio, James and Morris","http://www.norman.com/","Cook Islands","Seamless holistic policy","1989","Management Consulting","8732"
"5363","0225FE6ac622bfE","Galvan-Mcclain","https://lamb-brewer.com/","Hong Kong","Synchronized high-level challenge","2002","Shipbuilding","2144"
"7443","0D8017C3ccDa778","Berger and Sons","http://www.harper.info/","Lebanon","Customer-focused non-volatile data-warehouse","2001","Law Practice / Law Firms","8368"
"4447","aE7a08340E77253","Curtis-Shannon","http://savage.com/","Lao People's Democratic Republic","Optimized methodical website","1980","Facilities Services","3147"
"4461","F421bD253aacCcF","Cuevas-Shah","http://mckinney.com/","Kiribati","Proactive demand-driven hardware","2018","Public Relations / PR","48"
"9514","965e8D01F3D600C","Howard Group","https://www.gregory-hall.org/","Gambia","Switchable empowering analyzer","2018","Motion Pictures / Film","9137"
"2506","d18DcBFd6A52Eb6","Cowan PLC","http://www.burgess.biz/","Niger","Cross-platform didactic help-desk","1996","Real Estate / Mortgage","4543"
"1115","E96bfB564b88843","Short Inc","http://daniel-cohen.com/","Palestinian Territory","Managed neutral frame","2016","Translation / Localization","2706"
"8398","9aa7Ef3753D2CEb","Mccarty LLC","https://www.morrow.net/","Qatar","Advanced homogeneous adapter","2000","Mechanical or Industrial Engineering","5023"
"299","09c53d3458aFc9b","Phelps Group","https://collier-potter.com/","Ireland","Face-to-face secondary solution","1993","Professional Training","6086"
"1676","EF3e58eE974c1EB","Nicholson, Velazquez and Hensley","https://allen.org/","Denmark","Phased hybrid capability","2018","Military Industry","4727"
"3348","E89a6025F2dEd11","Callahan Ltd","http://www.mccarthy.biz/","Algeria","Total holistic alliance","2004","Airlines / Aviation","8105"
"2736","EfA330A01d74ceE","Mcdonald-Hensley","http://burgess.info/","Sao Tome and Principe","User-centric zero tolerance matrices","1970","Legislative Office","4476"
"7820","17CCC72117aC8b5","Bright Group","http://www.barron.com/","Solomon Islands","Ergonomic intermediate methodology","2009","Retail Industry","8013"
"4989","D13f0C92F60aAFd","Brock-Munoz","https://nolan.info/","Ecuador","Devolved incremental portal","2006","Environmental Services","1209"
"9895","8CCe08fe5EDa8dA","Conrad-Watts","http://www.collins.info/","Angola","Devolved non-volatile software","1973","Management Consulting","8302"
"5818","B25b5671Ab8E935","Levy Inc","https://griffin.com/","Mauritius","Optional transitional process improvement","2001","Tobacco","1986"
"4326","EF7eb89e3Cb8EC3","Myers and Sons","https://houston.com/","Nepal","Decentralized modular capacity","2002","Computer Games","2286"
"6720","3528F96E364fDfb","Spencer-Mason","https://www.villa.net/","France","Devolved intangible methodology","1984","Museums / Institutions","6632"
"8787","AF8ecab9b6daCcb","Kerr, Pruitt and Mosley","https://hunt-ochoa.com/","Wallis and Futuna","Total cohesive protocol","2007","Management Consulting","5856"
"4551","32330Aa3Cd4FEd5","Walker LLC","https://www.benson.com/","Saudi Arabia","User-friendly 3rdgeneration array","2019","Architecture / Planning","2821"
"8573","8eD8ABAccf1FcD5","Francis PLC","http://www.gould.com/","Egypt","Face-to-face scalable analyzer","1985","Packaging / Containers","3555"
"7848","1B79B8B47cBEca7","Hayes Group","http://www.juarez-chapman.com/","Andorra","Persevering object-oriented help-desk","2016","Alternative Medicine","6307"
"2104","00EfaCed3d12C0a","Dalton Inc","http://www.waller-rosales.com/","Malta","Assimilated encompassing hub","2003","Design","3318"
"5814","d2a53e3bF3beF7f","Blackwell-Tapia","http://www.park-mccall.biz/","Bangladesh","Configurable clear-thinking software","2018","Building Materials","6541"
"9105","BaB0402d30D3cba","Boyd, Gross and Rice","http://castro-kaufman.com/","Macao","Decentralized systemic Graphical User Interface","2003","Staffing / Recruiting","6696"
"7454","45AB4dB52C62D4b","Howe-Lin","http://www.sanders.info/","Belarus","Monitored optimal adapter","1987","Legislative Office","1103"
"1838","da49DCa2D784c02","King-Pruitt","http://www.aguilar.com/","Tonga","Customer-focused multimedia customer loyalty","1990","Farming","544"
"7903","daC81aBBEc710Ed","Travis Ltd","https://blevins-terrell.com/","Nauru","Integrated 3rdgeneration capability","1992","Food / Beverages","6782"
"8319","0e6Fe9d3aBb4efe","Douglas-Riley","http://maynard-poole.net/","Croatia","Up-sized client-server framework","2013","Commercial Real Estate","6594"
"8724","d0AefBcc3064b83","Rocha PLC","https://www.cantrell-bentley.info/","Bhutan","Sharable actuating firmware","2001","Newspapers / Journalism","4446"
"608","aB7c84Ad7c4F2AE","Calderon-Crosby","http://jennings-steele.com/","Slovakia (Slovak Republic)","Team-oriented logistical matrix","2010","Mental Health Care","5559"
"8375","cE8D21CeDAeeED6","Mccullough-Brock","http://www.henson.com/","Ecuador","Customer-focused 24hour project","1985","Media Production","4809"
"1094","dbEb455137BFB51","Ruiz-Ryan","https://www.ross-ballard.net/","Sri Lanka","Digitized dedicated open architecture","2016","Veterinary","6367"
"6388","1Ef7Cc5Ec7cfD5F","Fry Group","https://mcclain.com/","Nicaragua","Customizable context-sensitive structure","2011","Philanthropy","9199"
"6506","aeB89FD9799FF65","Harrington and Sons","https://goodman-marquez.com/","Congo","Versatile content-based superstructure","1990","Graphic Design / Web Design","6121"
"8965","f4C9AB3f432e5D6","Ryan and Sons","https://www.johnston-roman.com/","Burundi","Reverse-engineered grid-enabled concept","2006","Plastics","5021"
"4488","bF88bdabFaFaed3","Johns Inc","http://forbes-lara.net/","Niger","Integrated system-worthy projection","2021","International Affairs","3267"
"161","AE0Bf0b605bC524","Carlson-Cameron","https://berg.com/","Bouvet Island (Bouvetoya)","Customizable next generation contingency","2021","Utilities","8762"
"204","f29b8C4a0bcFeD7","James Inc","http://higgins-gaines.com/","Grenada","Optimized cohesive Internet solution","1999","Law Enforcement","6494"
"7041","0C6Ed40eFEAFd9b","Donaldson-House","http://www.sanchez.com/","Yemen","Public-key bandwidth-monitored alliance","1985","Consumer Electronics","1727"
"5894","9DEe2AEB22F3eB7","Church Group","http://www.garrison.com/","Jordan","Profound motivating focus group","1994","Newspapers / Journalism","84"
"4934","f3fFAC40c101eD5","Wolfe-Schwartz","http://www.lang.org/","Austria","Cross-platform motivating functionalities","1970","Leisure / Travel","6427"
"2935","d37dFFA3fb5118D","Dorsey Group","https://www.johnson.com/","Kyrgyz Republic","Reduced radical hierarchy","2003","Management Consulting","9762"
"7323","eC5bF2Aa9c1aEEB","Lutz, Ward and Mcconnell","https://www.chambers-rich.com/","Bulgaria","Operative bottom-line groupware","2003","International Trade / Development","1849"
"2436","21c144f2bFcf1a6","Maldonado-Tucker","http://www.booth-krause.biz/","Maldives","User-centric homogeneous parallelism","2017","Apparel / Fashion","9361"
"1231","dF5E41Ad445FEF4","Abbott, Stephens and Greer","https://williamson.net/","Greece","Compatible scalable complexity","1987","Media Production","8853"
"8676","0BDea72E65f89CD","Snyder PLC","http://www.christensen.biz/","Mayotte","Networked real-time open system","1997","Textiles","2219"
"3047","ade36b5149EE883","Riddle-Short","http://www.cortez.com/","Norway","Programmable 5thgeneration toolset","1971","Military Industry","9799"
"9655","53c8E46fCC58e80","Padilla, Ali and Abbott","https://www.moreno-hall.com/","Peru","Innovative content-based encryption","1996","Machinery","7140"
"8420","f10Ddf3f7D8316f","Zuniga Inc","http://velez.com/","Ukraine","Re-engineered national model","1973","Computer Hardware","2493"
"7667","f01dDFedC3Ddf27","Morton, Hardin and Bass","https://www.campos.org/","Saint Lucia","Cross-group fresh-thinking monitoring","2020","Government Administration","5076"
"6408","DE7eCb93A5D558e","Baldwin, Mills and Joyce","http://www.barton.com/","Ethiopia","Operative next generation application","1983","Staffing / Recruiting","556"
"4252","aF6c03c76B92CE7","Sexton PLC","https://sandoval-wang.com/","Eritrea","Ergonomic eco-centric protocol","1982","Fine Art","7127"
"5578","4de9A2feb8AAE07","Weaver-Ibarra","http://www.hayes-ward.com/","Lebanon","Reverse-engineered executive protocol","1989","Investment Banking / Venture","486"
"3294","E5C0cF039A3B2AD","Booker-Elliott","http://www.garrett.com/","Guadeloupe","Expanded stable complexity","1999","Newspapers / Journalism","4377"
"4035","7f0dCEEB21bEDAf","Lee LLC","https://www.orozco.com/","Lesotho","Visionary value-added pricing structure","1972","Financial Services","2124"
"8113","d8dABbeFBCe5886","Ramos-Valencia","https://www.blake.net/","Cameroon","Balanced zero-defect hardware","2013","Law Practice / Law Firms","1120"
"4291","0122a43d3DcbBb9","Church, Hartman and Allison","https://oneill.info/","Saint Helena","Synergized coherent groupware","1994","Real Estate / Mortgage","9415"
"4335","ebfcDe3308EB55E","Clements-Roy","http://huynh.com/","Benin","Object-based mobile contingency","2016","Airlines / Aviation","7874"
"5932","bef99d02a384dee","Bradley, Cannon and Mills","https://ortega.com/","Guinea","Proactive bi-directional definition","2013","Oil / Energy / Solar / Greentech","888"
"3878","cd15741611E2485","Patel-Aguirre","http://gill.info/","Equatorial Guinea","Cloned hybrid info-mediaries","1973","Sporting Goods","1373"
"5429","c9AB75dd117eeD5","Mendez-Villarreal","http://www.casey.com/","Nigeria","Decentralized bandwidth-monitored approach","1993","Commercial Real Estate","8080"
"4754","0db3ECBBdA6F836","Wilcox-Perez","https://www.rose.com/","Turks and Caicos Islands","Optional static groupware","1980","Military Industry","9750"
"4887","2D7D85F1EBEE85C","Wong, Macias and Caldwell","http://swanson.com/","Grenada","Total object-oriented flexibility","1999","Hospital / Health Care","9377"
"858","2E20a6e16eDCAdd","Madden, Zavala and Frost","http://www.stephenson-owen.com/","Senegal","Re-engineered transitional structure","2017","Medical Practice","9270"
"8234","Dfd9F6CD19Da42B","Farrell, Boone and Hoffman","http://zimmerman.org/","Niger","Focused user-facing approach","2019","Media Production","9367"
"8376","e2aEf52820cfa4c","Powers Group","http://www.ortiz-hurst.com/","American Samoa","Organic next generation groupware","2012","Design","6192"
"2562","6006B42A2CB22aE","Fox Inc","http://www.kelley.net/","Algeria","Cloned eco-centric array","1983","Computer Hardware","3304"
"3802","ce244D4F4C5c0dF","Hansen Group","https://www.raymond.net/","Fiji","Compatible client-driven throughput","1979","Wine / Spirits","4476"
"2641","BAF0eDD5Fb56eD0","Fitzpatrick, Nash and Casey","https://hurley.com/","Guatemala","Organic static knowledgebase","2010","Consumer Electronics","5854"
"9664","8d33dE5dfEF3e88","Morgan PLC","https://www.norton.com/","French Guiana","Robust stable focus group","2007","Consumer Services","9393"
"4491","3367FBDDC3D0902","Hubbard, Mahoney and Fuller","https://www.coleman.com/","Georgia","Synchronized systematic implementation","1994","Medical Practice","5621"
"2348","ca8F06Cc4ABE00b","Oliver-Ingram","https://caldwell.com/","Uzbekistan","Triple-buffered upward-trending orchestration","2006","Railroad Manufacture","1757"
"650","EaeA13B2F8c52cB","Mcdowell and Sons","http://farmer.biz/","Tuvalu","Advanced motivating firmware","2011","Computer Software / Engineering","3380"
"2782","d949b8Ec42db1aC","Krause-Gaines","http://bush-bates.net/","Bahamas","Public-key needs-based forecast","1996","Airlines / Aviation","2407"
"5653","6244D71c5bA9B27","Wagner-Bauer","https://diaz.com/","Bolivia","Up-sized grid-enabled architecture","1987","Events Services","1727"
"8544","db1AE5eeB373797","Lutz, Collins and Patel","http://mcguire.com/","Saint Barthelemy","Reverse-engineered demand-driven solution","2005","Shipbuilding","2003"
"8678","Bc2C515372432ee","Mills Inc","https://zuniga.biz/","French Guiana","Future-proofed non-volatile frame","2012","Computer Hardware","3590"
"6434","077ebB5d8dDf281","Hendricks-Allison","https://carey.com/","Kenya","Mandatory optimal hub","2018","Political Organization","5336"
"616","D792FBb17ADeC1e","Montgomery LLC","http://www.hancock.com/","Algeria","Open-source neutral task-force","1984","Consumer Goods","3700"
"8449","4dAD5fbF4710cC1","Graves LLC","http://www.mills-larson.com/","Andorra","Operative modular moderator","1985","Defense / Space","6154"
"2576","Ceb5e8c8ee9Edf7","Edwards PLC","http://www.henderson-christensen.org/","Saint Pierre and Miquelon","Realigned asynchronous flexibility","2004","Arts / Crafts","8337"
"54","2dC312dDFAFF23D","Gomez and Sons","http://www.hanson-daugherty.net/","Uganda","Pre-emptive mission-critical architecture","1978","Photography","6250"
"3341","bb634E0A39D4F47","Todd, Roy and Snow","http://www.robinson-mitchell.com/","Nicaragua","Programmable national adapter","2006","Government Administration","1072"
"7038","0889943Fc0A306a","Oconnell, Castaneda and Crosby","https://garner.com/","Ireland","Fully-configurable secondary flexibility","2021","Automotive","4005"
"1706","D9F5eEE9CDcfC07","Parrish-Torres","https://guerrero-castaneda.com/","South Africa","Phased next generation protocol","1991","Graphic Design / Web Design","6554"
"9061","FEd134BE7b0A407","Hubbard, Whitaker and Jensen","http://dyer-snyder.org/","Equatorial Guinea","Synergistic intermediate encoding","1982","Utilities","1084"
"9353","31F67Ad8e4cE61c","Case Group","https://murillo.net/","Lebanon","Configurable local orchestration","2005","Consumer Electronics","4878"
"1494","834d3BaEEE168C8","Hicks-Suarez","https://www.hayes.com/","Haiti","Cross-platform static conglomeration","1989","Think Tanks","5116"
"9964","fd9eb8dB7f09ECE","Schaefer, Cooper and Morgan","https://rodgers.com/","Fiji","Automated high-level approach","2009","Capital Markets / Hedge Fund / Private Equity","9315"
"5633","aF22e1dfee7CD97","Lindsey, Smith and Greer","https://russo.biz/","Kyrgyz Republic","Intuitive exuding collaboration","2011","Mining / Metals","7129"
"804","dc8847EbeBda59F","Decker Ltd","https://www.greene.com/","Iceland","Automated object-oriented collaboration","1992","Machinery","5111"
"4954","bBCcaF25ec04748","Nolan, Carlson and Barr","http://www.riley.com/","Palestinian Territory","Profound tertiary superstructure","1996","Farming","4603"
"6934","11C6C3D36410dDb","Daniels-Gibson","https://www.aguirre.org/","Wallis and Futuna","Visionary real-time algorithm","1988","Entertainment / Movie Production","6752"
"7105","dBC5daBfbc81c56","Dickerson Group","https://www.palmer-silva.com/","Guadeloupe","Focused systemic frame","1983","Fundraising","1041"
"991","D62afbbdE6e46B1","Avila, Foster and Hogan","https://www.herrera-serrano.net/","Morocco","Self-enabling disintermediate ability","2000","Semiconductors","6433"
"2775","80f2CdAf99cEc63","Garrett, Velazquez and Huber","http://www.wise.com/","Kenya","Vision-oriented secondary challenge","2017","Fishery","2864"
"7471","DbBBF1af5aF605c","Calderon-Randolph","http://anderson.com/","France","Realigned zero-defect alliance","1985","Electrical / Electronic Manufacturing","9983"
"6420","3DE142b979ad6aD","Compton-Henderson","http://www.patton.com/","San Marino","Integrated grid-enabled complexity","1995","Security / Investigations","955"
"3514","7D7D77C6ce1cF20","Long, Suarez and Chapman","https://www.garner.com/","Brunei Darussalam","Virtual tangible info-mediaries","2002","Mechanical or Industrial Engineering","9797"
"5479","cD10FB375e9fABF","Rivas, Young and Beasley","http://www.roy.org/","American Samoa","Managed 3rdgeneration process improvement","1980","Human Resources / HR","9482"
"8401","0eDbfAeB4bFd73A","Lang, Mccann and Burke","http://bradshaw.com/","Kenya","Open-architected actuating knowledge user","2008","Management Consulting","596"
"220","02DE97A012f38DA","Gibson-Frank","http://flynn-decker.biz/","Slovenia","Expanded bi-directional secured line","2011","International Affairs","5792"
"6970","38E1A9fcCefBade","Padilla-Carter","https://www.terry.com/","Samoa","Cloned impactful Local Area Network","1977","Legislative Office","8641"
"1289","24F26d7CD4dffe5","Marshall-Solomon","https://www.wagner.com/","Congo","Front-line 4thgeneration hub","2020","Non - Profit / Volunteering","6079"
"3164","2C58B865e45Fc25","Schmitt Ltd","https://www.mccall.com/","Belarus","Re-contextualized actuating initiative","1986","Writing / Editing","1837"
"4679","d99c6a43f74bf5f","Solis, Bailey and Nichols","https://www.salazar.org/","Hong Kong","Integrated mission-critical task-force","2014","Public Safety","8754"
"2619","CcbaacbDaDFaaAB","Cooley-Knapp","https://hull-yoder.info/","Costa Rica","User-centric global matrices","2002","Accounting","3324"
"3613","b6d3Af6601ae9C8","Townsend-Townsend","http://www.maddox.org/","Benin","Profound intangible matrix","2006","Environmental Services","8988"
"44","913dcD3833fa125","Miller, Bowen and Webster","https://www.middleton.com/","Sudan","Progressive 3rdgeneration success","2015","Fine Art","6378"
"8095","6cfb31f4beFaa62","Mcmillan-Koch","https://www.baldwin.com/","Germany","Balanced 5thgeneration paradigm","2001","Pharmaceuticals","9649"
"8373","bb8dFa86de21275","Mcclure-Allen","https://chavez.info/","Myanmar","Enterprise-wide methodical orchestration","2002","Mechanical or Industrial Engineering","3055"
"3793","Dc9aD748D7dDC86","Fischer, Ellison and Sharp","http://dudley-cobb.com/","Madagascar","Secured reciprocal concept","2000","Investment Banking / Venture","437"
"3572","eF90F0690FfB34E","Hobbs-Mays","https://young.com/","Burkina Faso","Profound radical projection","2013","Wine / Spirits","1471"
"9981","627d983Fa87e8aA","Lloyd Group","http://davis-montes.info/","Kuwait","Intuitive 24hour website","2004","Insurance","5573"
"1504","dfdC52D33A44FBF","Hopkins, Waters and Franco","http://rice.com/","Nauru","Self-enabling intermediate Graphic Interface","2003","Investment Banking / Venture","2683"
"5557","0533321725d10ee","Bradford, Mccullough and Mcbride","http://www.stark.biz/","Belarus","Decentralized next generation capability","1984","Nanotechnology","6943"
"9831","933dC6ED7d9FB1E","Hamilton, Knox and Trevino","https://floyd.org/","Denmark","Focused executive instruction set","1989","Mining / Metals","6576"
"3440","8d1b3f77b5FfB3A","Whitney, Vang and Serrano","http://www.lam-harrell.com/","Mauritania","Right-sized asynchronous frame","2017","Railroad Manufacture","4501"
"1893","BD7a2ffccBdEe3f","Boyle and Sons","http://huff-pineda.com/","Croatia","Fully-configurable empowering knowledge user","1984","Insurance","3684"
"9324","Afe49AF8cf10ffa","Sweeney-Krueger","http://www.thompson.com/","Cameroon","Triple-buffered holistic array","1987","Individual / Family Services","6754"
"5256","F2282A9A8dFeffE","Myers, Cantu and Donovan","https://robbins.com/","Saint Lucia","Diverse scalable Local Area Network","1980","Computer Games","8335"
"1956","0eca3eB4fe9515b","Mccarty PLC","https://guerra.net/","Bolivia","Profound directional collaboration","2021","Broadcast Media","2620"
"5168","cffb5ba8a10D703","Travis, Horne and Marquez","http://www.lara.biz/","Switzerland","Fundamental responsive access","1999","Gambling / Casinos","9705"
"4815","3D6850f7CC45AAe","Patton-Scott","https://www.liu-kaiser.com/","Luxembourg","Synergistic optimal extranet","2006","Computer Software / Engineering","2346"
"6265","F29114db32BCcE5","Stafford, Jefferson and Everett","https://carroll-dickson.info/","Iraq","Automated 5thgeneration Graphic Interface","1983","Professional Training","8986"
"1506","039478073Ed4E19","Randall, Fernandez and Myers","http://www.briggs-morris.com/","Cayman Islands","Focused 24hour Graphical User Interface","2019","Machinery","5944"
"671","220ad3EBa8fE369","Pineda, Jefferson and Nguyen","http://www.garrison-dudley.com/","Ethiopia","Implemented solution-oriented project","1977","Computer Hardware","9733"
"8908","c9b4B09a31fB4E1","Dunn-Tucker","http://www.merritt.com/","United States of America","Team-oriented even-keeled toolset","1974","Restaurants","3739"
"7056","7dDEEDdefFcd579","Sherman Ltd","https://www.reyes.biz/","Haiti","Integrated neutral concept","1989","Non - Profit / Volunteering","5943"
"898","6E2070FB94b5AE5","Friedman, Lynn and Hood","http://james.info/","Djibouti","Cross-platform impactful encoding","1970","Events Services","6443"
"6179","F3Eab4d03bDeB52","West-Spears","https://howe.com/","Macedonia","Cross-platform scalable open architecture","1980","Computer Software / Engineering","7176"
"2667","F2049F1eCC5fb79","Freeman PLC","https://www.waters.com/","Macedonia","Reduced solution-oriented software","1982","Tobacco","6960"
"3194","6d8DB7e9B6bA51f","Meyer PLC","http://frank-duran.info/","Croatia","Persevering zero administration adapter","1970","Professional Training","892"
"2891","D31fE5ebf7Db7bF","Barton, Mcfarland and Durham","http://www.wise.info/","France","Polarized needs-based customer loyalty","1981","Internet","419"
"7774","bFA8dd94Cd26Aef","Sandoval-May","http://roberson.com/","Korea","User-friendly web-enabled challenge","1983","Outsourcing / Offshoring","8828"
"2622","b0BAbbf38A5b8E2","Lang, Mercado and French","https://lowery.com/","Romania","Future-proofed fresh-thinking capability","2018","Wireless","8064"
"6009","e2DCBbB7cec9Cf3","Schmidt, Cowan and Sanchez","http://www.donovan-shields.com/","Aruba","Synchronized empowering encryption","1974","Political Organization","7780"
"5957","B2FFbe9da8983a8","Sanders PLC","http://www.mccall.com/","Guam","Customizable multi-state support","1998","Online Publishing","3265"
"3","428B397eA2d7290","Ruiz-Walls","http://www.atkins.biz/","Iran","Re-contextualized bifurcated moderator","2003","Hospital / Health Care","3095"
"2371","460D02ea21fCf8B","Ritter-Pierce","https://www.mills.com/","Austria","Up-sized mission-critical circuit","1975","Ranching","987"
"7915","A2dDcA5868DE04F","Mercado-Rocha","http://www.robbins.com/","Benin","Diverse modular workforce","2006","Writing / Editing","770"
"1770","E6C3CC602D99f6e","Skinner, Schmitt and Barajas","https://velasquez-bautista.com/","Morocco","Re-engineered non-volatile architecture","1989","Consumer Electronics","4971"
"8507","9DC3a72f2375f41","Morton PLC","https://kidd.info/","Cote d'Ivoire","De-engineered fault-tolerant Graphical User Interface","2021","Broadcast Media","3026"
"6026","6fe85766a09c9D8","Knox, Wright and English","https://www.gilmore.org/","Haiti","Cross-platform coherent ability","1987","Professional Training","7914"
"532","49e8C2aB09eE645","Powers, Snow and Reilly","http://www.pittman-costa.info/","French Guiana","Centralized client-server orchestration","2022","Mechanical or Industrial Engineering","8251"
"8725","f4392F419524AF7","Boyd LLC","http://www.lynch.com/","Vietnam","Fully-configurable systematic data-warehouse","2009","Sports","7516"
"8650","5Dc8EcEDfDAC89F","Horton, Duran and Hess","http://hurley-mays.com/","Bermuda","Synergistic methodical protocol","1970","Music","8616"
"7874","15eE1C50d4DB1AC","Blackburn-Fernandez","http://haney.com/","Panama","Digitized stable workforce","1971","Security / Investigations","6232"
"8891","a27eE8C4D5D125B","Bridges-Leon","http://bond.org/","Netherlands","Visionary multi-state emulation","1983","Textiles","9661"
"3121","DEeeC5fDaFe9C11","Mccullough PLC","https://www.petersen.com/","Japan","Optional systemic groupware","1992","Glass / Ceramics / Concrete","4085"
"9023","dDc69628ecDb975","Esparza, Shields and Wyatt","https://hardy.info/","Central African Republic","Synchronized client-driven infrastructure","1973","Gambling / Casinos","2718"
"732","6AbBECbCcd4d558","Nichols, Beard and Cline","http://stewart-melendez.com/","Nauru","Up-sized fresh-thinking functionalities","1987","Electrical / Electronic Manufacturing","1071"
"3407","0Cf6551D1edCc3b","Pham Inc","https://www.joyce.com/","Saint Pierre and Miquelon","Organized empowering neural-net","2018","Online Publishing","547"
"2340","A2dce5b8c4dE1ab","Phillips Ltd","https://www.blevins.com/","Luxembourg","Secured client-driven approach","2010","Security / Investigations","7348"
"5968","4d21D1bCC03A5eF","Sanford, Hendrix and Berry","http://zavala.com/","Latvia","Assimilated mobile attitude","1995","Banking / Mortgage","2484"
"6581","AbCd3468799ce1E","Pham Group","http://farmer.biz/","Japan","Horizontal optimal architecture","1996","Ranching","4155"
"2566","d7fDE8FDFbF6A8A","Pope, Patrick and Baker","https://merritt.com/","Libyan Arab Jamahiriya","Innovative system-worthy instruction set","1987","Transportation","2999"
"7727","af1D35BebBCF6Fb","Bonilla PLC","https://mckenzie.com/","Uganda","Multi-channeled 5thgeneration secured line","2006","Restaurants","3673"
"7821","AB5cfAc5cD919bb","Lin-Kramer","https://boone-ali.info/","Lithuania","Object-based 24hour toolset","2013","Defense / Space","9601"
"6714","9aDFcFaB18B01AE","Palmer-Melendez","https://newman-bruce.net/","Solomon Islands","User-friendly dynamic migration","1985","Non - Profit / Volunteering","8300"
"6996","7C45C8A17EFEeeA","Best, West and Chan","http://hayes.com/","Syrian Arab Republic","Balanced logistical matrices","1998","Design","9952"
"6943","3AB90aEaEE6d9B6","James, Yang and Rivas","https://thompson-lambert.com/","Madagascar","Customizable motivating project","2014","Writing / Editing","5140"
"7795","d80E655Ae96eBb2","Cole and Sons","https://www.hunt.com/","Timor-Leste","Inverse bandwidth-monitored protocol","2012","Outsourcing / Offshoring","953"
"8976","1aBDF2aE9AAaE87","Gillespie LLC","http://cameron.com/","Brazil","De-engineered neutral hub","1978","Wine / Spirits","6247"
"1256","753a5E8CBeBbf3D","Medina-Schaefer","https://hernandez.info/","Congo","Realigned fault-tolerant instruction set","1979","Venture Capital / VC","2361"
"2105","Ef6e57AD7D5dE97","Montgomery LLC","https://frazier.info/","Belize","Multi-tiered explicit algorithm","1987","Veterinary","2765"
"6735","a7abb9d7ACaD28c","Schwartz-Patel","http://www.hancock-hamilton.com/","Reunion","Phased background encoding","2014","Non - Profit / Volunteering","2137"
"9779","a85B21a3cfba8e5","Anthony-Pearson","https://wiley-rivers.net/","Sao Tome and Principe","Profit-focused 6thgeneration contingency","1978","Wireless","698"
"6225","1DCEBeEaca93FFA","Oneill-Velasquez","http://www.tate-mata.com/","Liechtenstein","Virtual analyzing concept","1978","Telecommunications","5943"
"9151","A9A4eCe5529c4BE","Shah, Anthony and Malone","https://mullen-rodriguez.org/","El Salvador","Business-focused well-modulated policy","2013","Events Services","1160"
"4995","aEeF97cC7AFCdC8","Harper-Valencia","https://www.mcgrath-white.com/","Uzbekistan","Public-key content-based architecture","1986","Investment Banking / Venture","6340"
"8970","c64cB94697cAF9a","Mcgee and Sons","https://www.foley.net/","Nauru","Inverse demand-driven concept","1980","Translation / Localization","1339"
"6840","fd4ee463119080C","Ford-Mcdowell","http://chen.net/","Isle of Man","Proactive actuating system engine","1995","Broadcast Media","4585"
"5058","b8474CF7D9390b7","Vaughn, Chaney and Mcknight","http://www.grimes.biz/","Jersey","Up-sized 6thgeneration artificial intelligence","1988","Professional Training","8204"
"5847","2dAda75df07cEeb","Decker-Middleton","http://www.ball-boyd.biz/","Bermuda","Reactive zero administration task-force","1972","Defense / Space","6411"
"4435","6049C1dC900becE","Lozano Group","https://www.wong.com/","Niue","Focused impactful benchmark","1981","Maritime","2011"
"3485","a2977CDaF2ABad4","Leon LLC","https://www.cordova-meyer.biz/","Ecuador","Centralized real-time hierarchy","2015","Translation / Localization","9572"
"9494","f76D2c1D3D7bB89","Pace Ltd","https://hunter.biz/","Bulgaria","Fundamental explicit support","1978","Management Consulting","7593"
"5319","9Caa096D5cC963d","Marshall-Leach","http://holmes.net/","Grenada","Digitized maximized success","2011","Health / Fitness","4132"
"3817","D2D4dfbEBcc575b","Norman Ltd","http://mullen.com/","Finland","Progressive context-sensitive complexity","2008","Farming","8833"
"5730","60F03Be5B4cA9eF","Boyer-Stanton","https://www.cain-haley.com/","Romania","Advanced didactic contingency","1983","Environmental Services","8661"
"8904","Dd80Dcd1D19cb0A","Waller, Robles and Hess","https://maddox.com/","Cuba","Expanded fault-tolerant core","2021","Mental Health Care","8351"
"7841","C7F215606d2bc0B","Matthews Inc","http://www.ayala-browning.com/","Costa Rica","Total incremental knowledgebase","2002","Nanotechnology","5459"
"9890","EAdFdCEC8b220a3","Kerr, Chase and Sanchez","http://cordova.org/","French Polynesia","Grass-roots mission-critical database","1992","Printing","9341"
"1622","29A57cf5BffcdFc","Tran, Mcclain and Ochoa","https://www.pollard.net/","Botswana","Synergistic fresh-thinking protocol","2004","International Trade / Development","5033"
"9424","B92A0bb4Ca82977","Downs Ltd","http://mckee.net/","Wallis and Futuna","Object-based responsive Graphical User Interface","2001","Packaging / Containers","5473"
"6308","6279F2a69B8ac72","Stone PLC","http://www.vargas.com/","Uzbekistan","Open-source web-enabled paradigm","2008","Library","5969"
"9305","693bd3b38A20b98","Gregory-Potter","https://shepherd-mcclure.com/","El Salvador","Cross-group national product","2003","Government Relations","1005"
"8903","1068AC101CdE716","Pennington, Bradshaw and Strickland","http://www.thompson.info/","Poland","Sharable grid-enabled toolset","2017","Museums / Institutions","4339"
"1097","f9676cdc3Be3abb","Mcintosh, Leblanc and Stuart","https://www.randolph-rivers.org/","Kazakhstan","Open-architected clear-thinking strategy","1976","Tobacco","9982"
"8058","04Ee01BFCE6BEE7","Shaffer-Peters","https://spence.com/","Lithuania","Profit-focused fresh-thinking focus group","1985","Airlines / Aviation","166"
"9482","70efAEFF6559Dd4","Navarro-Meyer","http://www.callahan.org/","Iceland","Configurable neutral open system","2009","Environmental Services","5297"
"2464","cA2bB6cbc65381A","Nolan, Chung and Sawyer","http://www.koch.com/","Sao Tome and Principe","Multi-tiered object-oriented extranet","1989","Utilities","7931"
"8290","8eE4F0A9607B3f4","Keith PLC","https://www.montoya-christian.com/","Nigeria","Mandatory secondary collaboration","2011","Fine Art","8280"
"1789","8F8C4aAE6F6A18F","Hansen-Taylor","https://www.houston-robbins.com/","Guinea","Customer-focused dedicated secured line","1980","Veterinary","8828"
"251","7fA6f83b14BdFEa","Elliott-Cervantes","https://melendez.com/","Palestinian Territory","Down-sized discrete database","2006","Banking / Mortgage","8827"
"9927","2ceb3fa6b49cF7f","Walton, Palmer and Baird","https://gilbert.com/","Peru","Monitored bi-directional open system","2005","Retail Industry","1745"
"6192","F4D56650Aa95239","Sellers LLC","http://cantrell.com/","Barbados","Fundamental analyzing orchestration","1998","Public Safety","2744"
"9651","41d84Ecf12C058a","Quinn-Kerr","http://www.fox.com/","Saint Helena","Enterprise-wide fault-tolerant matrices","1983","Hospital / Health Care","1196"
"193","e6fCdC6a42Af0e5","Rush-Chavez","http://cervantes-chan.com/","Heard Island and McDonald Islands","Open-source 24hour utilization","2020","Fundraising","6839"
"821","8D003c1d6f33cba","Salinas Ltd","https://www.cuevas.com/","United States Minor Outlying Islands","Synergistic holistic standardization","1992","Transportation","1911"
"9628","C184A2DC0FA10DB","Sanders, Davila and Love","http://cantu.org/","Niger","Cloned zero tolerance system engine","2009","Capital Markets / Hedge Fund / Private Equity","3830"
"5715","75C1c4D973c2a84","Lloyd-Caldwell","http://grimes.com/","Honduras","Configurable scalable forecast","1997","Hospitality","2977"
"7196","c2CbcdBcCe0CCBd","Campos-Frederick","https://www.drake.com/","Guyana","Intuitive optimal capacity","2009","Design","2332"
"5716","BcDF1e153Ec484d","Braun Group","https://www.blake.com/","Zambia","Assimilated fresh-thinking flexibility","2019","Glass / Ceramics / Concrete","2855"
"4401","E630EAAFCC17c4e","Grant Ltd","https://www.ewing-orr.com/","Northern Mariana Islands","Balanced object-oriented model","1984","Cosmetics","4460"
"9291","3DFDfa1bd99dCa0","Malone-Harvey","http://frost.com/","Gambia","Business-focused value-added help-desk","2005","Wholesale","5904"
"5389","dB86472CeA57aF8","Valentine, Newman and Briggs","http://hancock-robinson.biz/","Israel","Public-key high-level capacity","1971","Law Enforcement","7164"
"4167","E4D9C84Ab5Ed5e4","Parks, Oliver and Stevens","https://www.gould.com/","Saint Helena","Quality-focused eco-centric policy","1989","Maritime","7671"
"4952","62835aB8fFd9247","Lee and Sons","http://www.vang-zuniga.com/","Cambodia","Cross-platform demand-driven initiative","2010","Automotive","1937"
"2688","ff04C903D2BD7be","Sherman, Burns and Salas","https://www.cabrera.com/","Chad","Pre-emptive non-volatile approach","2018","Shipbuilding","7486"
"4391","bec7e8f7d8B0ceB","Owen, Morris and Cole","http://morrow.com/","Mozambique","Cloned client-server methodology","2004","Oil / Energy / Solar / Greentech","2031"
"5861","2aeBAa04F3dfD7C","Frye-Weber","https://www.strickland-rivers.com/","Somalia","Down-sized client-server secured line","2006","Education Management","8054"
"5982","Cf58Fbc4a5eCb6D","Heath-Morrow","http://gay-anthony.com/","Romania","Function-based grid-enabled support","2014","Wireless","1588"
"4928","7EE54E1f30876eE","Callahan, Baird and Moyer","http://acevedo-farrell.biz/","Germany","Operative multi-state protocol","2008","Religious Institutions","2061"
"6736","208B96c3CCaceEF","Cabrera-Deleon","https://woodard.com/","Belarus","Multi-layered demand-driven Local Area Network","1973","Electrical / Electronic Manufacturing","8964"
"2608","CFAdab5D1ee65eB","Benton-Weaver","http://www.braun-mendez.com/","Sri Lanka","Configurable didactic flexibility","1989","Industrial Automation","636"
"7467","DA2A14C03755fD3","Rice-Kline","http://www.wilkinson-jordan.com/","Niger","Switchable radical structure","1985","Utilities","5259"
"239","4C4BAEC621e9A2D","Mcconnell-Conner","http://johns-harvey.com/","Bouvet Island (Bouvetoya)","Reverse-engineered object-oriented matrices","2018","Airlines / Aviation","4626"
"4016","Dfe49e40fDC5C84","Higgins Inc","https://richards-hicks.com/","San Marino","Reduced analyzing service-desk","1976","Marketing / Advertising / Sales","2838"
"9263","e92D5bFB6edeCbf","Neal Group","https://salinas.org/","Sri Lanka","Ameliorated eco-centric infrastructure","1998","Industrial Automation","6493"
"2978","5bA590D7FdD420D","Cox-Carrillo","http://ware.org/","Cuba","Open-architected local installation","1988","Consumer Services","7078"
"5713","5C340C1df59DEBe","Byrd Ltd","https://chang-spence.net/","Turkmenistan","Customizable holistic benchmark","2001","Education Management","8312"
"9857","c61Ec32C37A10a2","Barnes, Mcdaniel and Odonnell","http://www.cruz.net/","Georgia","Ameliorated systemic instruction set","2000","Construction","2218"
"5474","eDEF83B859a7AB4","Hammond, Rosales and Frye","http://romero.com/","Puerto Rico","Open-architected context-sensitive emulation","1984","Information Technology / IT","3237"
"946","5fF775d3AA72EBD","White-Roy","https://ray-watts.com/","French Guiana","Persevering radical time-frame","1971","Veterinary","9634"
"8252","597E4DFEb17A0ea","Hester-Harvey","https://www.knox.com/","Turkey","Synergistic heuristic firmware","2000","Warehousing","1001"
"7682","Fc20FdACF431C5C","Griffin, Rogers and Clark","http://www.simon.com/","British Indian Ocean Territory (Chagos Archipelago)","Multi-channeled zero-defect alliance","1976","Market Research","2958"
"5098","e84c9326d6991Ea","Valenzuela, Brown and Thomas","http://www.pierce.biz/","Equatorial Guinea","Intuitive fresh-thinking open system","2005","Warehousing","4883"
"6806","DDa6BC2774EB36b","Chavez-Dickerson","http://www.morrow-preston.com/","Gibraltar","Diverse bottom-line secured line","1983","Education Management","744"
"5804","d6c1F417fEfa57c","Hubbard, Gallagher and Hicks","http://andrade.net/","South Georgia and the South Sandwich Islands","Phased multi-tasking groupware","2014","Writing / Editing","9727"
"3553","2F0950A61400DC3","Lamb-Dickerson","http://www.roth.com/","Turks and Caicos Islands","Right-sized zero-defect Internet solution","1978","Management Consulting","7677"
"9970","5b0e44e1DD5Ee85","Mckenzie, Ashley and Strong","https://mcgee.com/","French Guiana","Re-contextualized zero administration encryption","2008","Hospitality","5884"
"3361","3E002144EefbCFB","Townsend-Crawford","http://www.davies-finley.com/","Korea","Right-sized solution-oriented Graphical User Interface","1984","Legislative Office","2485"
"8250","bfB000b2Df6ff9b","Warren PLC","https://www.ferguson.com/","Luxembourg","Enhanced scalable model","1994","Printing","2941"
"2411","B0076EaA50B0c2f","Shepard PLC","http://www.booth.info/","Iran","Cross-group scalable productivity","2020","Automotive","1250"
"4508","65ddaf7AA15E306","Waller Inc","http://james.com/","Trinidad and Tobago","Synergized contextually-based function","1970","Law Enforcement","1835"
"8463","727c2FDA4D38D6e","Rowe LLC","https://www.brewer-mercado.net/","Norway","Universal even-keeled model","1996","Machinery","5863"
"3983","1783bF4dfDc71C9","Sloan PLC","https://www.frank.com/","Korea","Optional didactic capability","2021","Semiconductors","6173"
"147","AB6bAaD15793E4C","Joseph LLC","https://www.farrell.com/","Samoa","Cloned systemic access","1994","Government Relations","3958"
"6649","5dcD67eCC369A9A","Lester, Eaton and Brock","http://hopkins-pineda.info/","Kazakhstan","Compatible client-server data-warehouse","1993","Internet","8500"
"2295","f66906fa0D04D61","Price, Carr and Shea","https://bishop.com/","Belize","Inverse responsive customer loyalty","1973","Medical Practice","5268"
"2254","8eEBd8cEBaf1F4c","Jefferson PLC","https://www.hoffman-mercer.com/","Papua New Guinea","Programmable content-based core","2012","Library","1339"
"3612","B8e3CC737b1eF42","Rojas-Page","https://peterson-rivas.biz/","Nigeria","Switchable upward-trending installation","1986","Nanotechnology","4228"
"5354","6f57Ef8FEcb9Be2","Garcia and Sons","https://www.andersen.com/","Latvia","Customer-focused homogeneous instruction set","1981","Semiconductors","7341"
"1737","Fd8CE5DaD1Fc0e6","Weeks, Oconnor and Grimes","https://pearson.com/","Latvia","Optimized local migration","2004","Internet","7621"
"7916","658Ddd8Be4891ad","Newton, Hinton and Pineda","http://cummings.biz/","Bhutan","Programmable high-level open system","1973","Food Production","4330"
"7660","0E9DA6F3bb2EFEF","Gutierrez, Sharp and Spencer","https://www.alvarez.com/","French Southern Territories","Compatible coherent implementation","1994","Professional Training","1545"
"115","A8f6F20cD4b711C","Warren-Moyer","http://wolfe.com/","Eritrea","Multi-layered systematic capacity","1976","Packaging / Containers","983"
"8861","bFbdacbdEB1eA2f","Patel, Mills and Yu","http://www.beck.com/","Slovenia","Team-oriented discrete groupware","2000","Market Research","1853"
"5650","90eE52D0Bee9E33","Nixon, Benitez and Craig","http://hammond-joyce.com/","Montserrat","Self-enabling neutral budgetary management","2008","International Affairs","1432"
"9845","67b914c8D5eD3ba","Serrano-Harrell","http://www.rich-leach.org/","Guernsey","Polarized secondary collaboration","1993","Transportation","7516"
"499","95AdfDeD9870b5e","Mora Group","http://hall-cisneros.org/","Spain","Reduced global intranet","1980","Wireless","5352"
"7823","1DeF8f1174cF5b2","Blair Ltd","http://davila-richardson.info/","Nauru","Ergonomic static open system","1976","International Trade / Development","2686"
"721","CdcCfaD09BCa855","Hale Inc","https://willis.com/","Isle of Man","Face-to-face system-worthy structure","2012","Religious Institutions","7842"
"7259","057EDCC4F6AE6DF","Graves-Davidson","http://hooper-rojas.net/","India","Re-contextualized 3rdgeneration projection","2012","Higher Education / Acadamia","6924"
"8844","aE1dBEc52Ccc23B","Cross, Schmitt and Hess","https://davies.com/","American Samoa","Secured 4thgeneration encoding","1999","Mental Health Care","2546"
"5731","cAdf439184baC2B","Torres Ltd","http://www.saunders-duarte.com/","Croatia","Innovative non-volatile orchestration","2000","Sports","8335"
"3090","B63f3bAB7BD4055","Crosby-Leblanc","http://www.chase-huff.info/","Guinea-Bissau","Configurable high-level archive","1988","Marketing / Advertising / Sales","9616"
"7227","a9E0E6A97b003e5","Trujillo-Wong","https://www.house.info/","Georgia","Mandatory solution-oriented moderator","2021","Building Materials","2570"
"7307","6a1DA8FF98b23Ea","Woodard, Robinson and Cisneros","https://pittman-williams.org/","Bosnia and Herzegovina","Streamlined composite Local Area Network","1976","Music","3386"
"6509","30D1CbA80eEc5e0","Willis Group","https://www.petersen.info/","Macao","Integrated background alliance","1981","Think Tanks","838"
"597","fbC5Bed282f58DE","Frye, Ashley and Montoya","http://hale.com/","Indonesia","Centralized demand-driven time-frame","1991","Translation / Localization","2725"
"9093","dcdcd443940A1aE","Stein PLC","http://www.graves.biz/","British Virgin Islands","Reverse-engineered fresh-thinking protocol","2010","Consumer Goods","5085"
"6096","14172BBb5DaE4D8","Lynn-Robbins","http://www.frank-rubio.biz/","Chile","Synchronized system-worthy synergy","2004","Executive Office","6352"
"6054","7de50C1CD6d0Cc4","Bell-Middleton","http://jacobs.biz/","Thailand","Progressive multimedia database","2010","Pharmaceuticals","4030"
"5165","A744e0AD1851d27","Frey, Figueroa and Mcgee","http://davidson.com/","Benin","Centralized 24hour circuit","1986","Civil Engineering","6905"
"1648","58a608BC64401Cc","Rogers-Short","http://davies.com/","Iraq","Progressive 5thgeneration workforce","2004","Legal Services","1496"
"8168","dc63E05E8Bc7cdD","Yates, Blackwell and Vargas","https://www.zavala-kirby.com/","Belize","Focused object-oriented orchestration","1992","Electrical / Electronic Manufacturing","6866"
"6921","1626cBB48c430Cc","Stanley and Sons","http://www.lawson.com/","Libyan Arab Jamahiriya","Reduced national alliance","1989","Professional Training","4674"
"2701","C6F140BFD6ED4f0","Osborn, Monroe and Huynh","http://www.moody-bird.net/","Liberia","Decentralized intermediate task-force","2022","Railroad Manufacture","2161"
"8204","6cfC6E5dc8e4Ccf","Atkinson, Adams and Griffith","http://www.richard-finley.com/","Puerto Rico","Reduced fault-tolerant focus group","2006","Textiles","7204"
"1701","eCE87058e49c9b4","Buckley, Mcgrath and Schmidt","https://www.riley-rowland.com/","Israel","Extended contextually-based functionalities","2016","Security / Investigations","4109"
"8944","fc8dA9ACDBc65cD","James, Randolph and Patel","https://rowland.com/","Canada","Optimized multimedia paradigm","2019","Telecommunications","4672"
"5405","E127D06Fa05842B","Jacobs-Castro","https://small.com/","Saint Martin","Fully-configurable mobile model","1977","Civil Engineering","1089"
"7220","bBe15F121C725CA","Vincent-Reeves","http://fritz.com/","Equatorial Guinea","User-centric asynchronous time-frame","2001","Railroad Manufacture","104"
"7503","C0f5E491D0b7B0B","Long-Lopez","https://www.dyer.biz/","Paraguay","Customer-focused discrete parallelism","1977","Hospitality","8659"
"2943","aBE79AFD5b1E5F1","Byrd and Sons","https://www.blackwell.com/","Bermuda","Self-enabling national neural-net","1983","Transportation","9526"
"6302","1FDB58dbcbC52F4","Carey, Gomez and Mccoy","http://duncan.com/","Bulgaria","Configurable content-based framework","2006","Pharmaceuticals","5320"
"87","5c8ac4A2cf52f76","Merritt Ltd","http://www.campos.com/","Togo","Devolved static projection","1992","Management Consulting","7382"
"2309","09FC9ee9c69E67a","Lynch, Dudley and Kent","http://www.alvarado.com/","Luxembourg","Realigned mission-critical contingency","1978","Farming","9847"
"2678","e22960F12f7BF8C","Brown-Valenzuela","https://goodman.com/","Equatorial Guinea","Integrated well-modulated throughput","1991","Philanthropy","3572"
"8217","FF8abce353deC5D","Dudley, Dawson and May","http://www.thornton.com/","Saint Pierre and Miquelon","User-centric even-keeled encoding","1985","Writing / Editing","4986"
"7730","a97330674b356D4","Brooks-Hodges","https://www.christian.com/","Brunei Darussalam","Customer-focused dedicated software","2015","Recreational Facilities / Services","4320"
"2595","c94738dB5F8ECa0","Carney and Sons","https://www.pugh.org/","Bermuda","Cloned 4thgeneration budgetary management","1999","Government Relations","7927"
"5885","4dbdb313ebdAE4D","Wyatt, Harper and Mendez","https://www.bautista.info/","Korea","Focused logistical archive","1981","Law Practice / Law Firms","8845"
"1030","Abdbf3d31B035AC","Duffy-Sanchez","http://serrano-ford.com/","Canada","Inverse client-server initiative","2016","Research Industry","3365"
"137","Fc7BB1c318d0d55","Novak Inc","http://www.preston.biz/","Spain","Phased next generation standardization","1983","Leisure / Travel","2530"
"6832","05aB13FaC5bFe47","Hill-Bright","https://clark.com/","Barbados","Exclusive coherent throughput","1972","Utilities","3734"
"7815","d1dCa691B8A2e9a","Sampson, Murphy and Monroe","https://www.hammond-odom.com/","Guadeloupe","Multi-layered actuating help-desk","2000","Recreational Facilities / Services","7105"
"2855","3a1Bda51eCbc7e2","Sanchez, Wall and Schaefer","http://www.callahan-gibson.com/","Ecuador","Optimized national leverage","2008","Legal Services","8565"
"4410","8b5b6aB8B8f0ed5","Trevino-Donovan","http://www.sheppard-hoover.com/","Christmas Island","Sharable radical moderator","2018","Online Publishing","796"
"1201","bB2DACD9d21833f","Green-Chung","https://www.hart.com/","Qatar","Multi-lateral maximized focus group","2004","Biotechnology / Greentech","1985"
"4718","fEBf8d2D2d8DF76","Boyle, Curtis and Becker","http://www.matthews-ruiz.com/","Cote d'Ivoire","Object-based encompassing capability","1987","Package / Freight Delivery","8325"
"9518","dF9Ba7Ca1cb651F","Gibson and Sons","https://carpenter-malone.com/","Saint Helena","Reverse-engineered transitional policy","2004","Veterinary","158"
"6595","9FAAADbAcce43C1","Cline, Douglas and Buck","https://www.chambers.com/","Belize","Persevering 4thgeneration infrastructure","1970","Higher Education / Acadamia","6788"
"567","CfDfE3bAbB8ee8C","Burns-Dominguez","https://www.hobbs-merritt.com/","Germany","Persevering regional core","1992","Philanthropy","4785"
"7329","c7c7F4dEEE80F39","Day, Roberson and Singh","http://www.berg-kirk.com/","Marshall Islands","Re-contextualized full-range system engine","2011","Restaurants","3779"
"5431","d4b2862391b2afC","Daniel Inc","http://www.sharp-white.com/","Iran","Up-sized content-based utilization","2011","Capital Markets / Hedge Fund / Private Equity","2273"
"3928","3EBba0eB3bE8E27","Joseph Group","https://www.hoffman-blackwell.com/","Bulgaria","Visionary directional knowledge user","1981","Retail Industry","7370"
"6056","bF0A4d7B30B4427","Dawson Group","http://www.fernandez.com/","El Salvador","Polarized coherent moratorium","1976","Internet","8561"
"7590","B05693da0ffbB82","Allen PLC","https://www.case-garcia.com/","Yemen","Enhanced 24/7 Graphical User Interface","1990","Recreational Facilities / Services","1679"
"7123","5bEd3A3cB566317","Dudley and Sons","https://www.duncan.biz/","Algeria","Self-enabling holistic orchestration","1983","Semiconductors","8552"
"6573","93a28bFBBBFb93B","Schmidt LLC","http://www.taylor.com/","Dominican Republic","Quality-focused client-server budgetary management","1988","Utilities","7025"
"6536","8a2339e130256da","Zamora, Mcgrath and Wall","http://huerta.info/","Oman","Future-proofed cohesive time-frame","2016","Hospitality","976"
"8914","cBC9fD1cbC90dCE","Rice-Flores","https://eaton.net/","Serbia","Down-sized upward-trending moratorium","2019","Non - Profit / Volunteering","3001"
"8276","827bfaf5fCA66fE","Alvarado, Grimes and Perkins","https://www.taylor.com/","Zambia","Cloned static help-desk","2018","Hospital / Health Care","9644"
"2331","0eB4B114ea9F621","Williams LLC","http://cox.net/","Mali","Configurable intermediate neural-net","1976","Veterinary","63"
"3516","f36C090E854C177","Henson LLC","http://www.fuentes-steele.com/","Germany","Reverse-engineered human-resource moratorium","2019","Defense / Space","6059"
"2188","93e1cBD4977C53b","Mckinney Ltd","http://payne.biz/","Burkina Faso","Sharable interactive core","1995","Arts / Crafts","3863"
"196","DCcECead25601f1","Bolton-Love","http://www.schwartz.com/","Peru","Grass-roots intermediate algorithm","1972","Computer / Network Security","1563"
"7258","a1ccDfde3c260f6","Webb-Rios","https://www.simon.org/","Costa Rica","Triple-buffered exuding service-desk","1999","Computer Games","554"
"5667","Be6fAdB62771bD9","Barber, Willis and Combs","http://werner.com/","Sao Tome and Principe","Phased fresh-thinking frame","1990","Tobacco","4873"
"5060","2cbC8f3B6Fd5C28","Sosa-Davis","http://www.martinez.com/","Seychelles","Grass-roots non-volatile functionalities","1970","Think Tanks","3969"
"803","F4e1cAd61aDbc79","Chang, Pineda and Lester","https://jimenez.biz/","Venezuela","Advanced object-oriented access","2006","Performing Arts","2276"
"8849","8b8Dd5a25FEadB0","Mason, Alvarez and Wilcox","https://meyer.com/","Liechtenstein","Monitored bifurcated approach","1970","Human Resources / HR","9365"
"9929","CB71163CbAC6DDF","Day, Blankenship and Ballard","https://shea.com/","Slovenia","Multi-tiered web-enabled function","1994","Aviation / Aerospace","8582"
"2069","194Ff1E4ecf7ff5","Phelps and Sons","http://dorsey.com/","Lao People's Democratic Republic","Synchronized object-oriented database","2005","Law Practice / Law Firms","6983"
"9083","3dBe1eF44a3e3Eb","Farrell-Macias","http://www.howard.info/","Heard Island and McDonald Islands","Centralized needs-based emulation","1972","Sports","5120"
"8745","44DadC4F5cB6e4c","Lewis, Archer and Juarez","http://www.collier-lozano.com/","Pitcairn Islands","Digitized transitional moderator","2016","Higher Education / Acadamia","8236"
"645","C51C221dEF4Cd75","Odonnell, Wilkinson and Taylor","http://walters.com/","Mauritius","Switchable needs-based core","2021","Import / Export","9109"
"9375","C5787e4DAF7f8D4","Blanchard, Velez and Donaldson","https://neal-ortega.com/","Belize","Ameliorated intangible moratorium","2019","Railroad Manufacture","8062"
"5104","aB7BF3BBdE3CE25","Benton-Lloyd","http://www.leonard.com/","Paraguay","User-centric client-driven help-desk","1987","Consumer Services","8561"
"5461","da286F7FE7Bd0D5","Zimmerman, Cisneros and Jennings","http://www.moody.com/","Taiwan","Persistent local service-desk","1976","Writing / Editing","4647"
"1638","414aC4291a9cB2e","Cross, Salas and Blackburn","http://www.bender.com/","Swaziland","Polarized maximized leverage","1976","Events Services","6086"
"121","003c7d245f78Fc2","Rodriguez, Morrow and Salinas","https://johns.com/","Cape Verde","Pre-emptive exuding installation","1987","Electrical / Electronic Manufacturing","1068"
"2982","D77eB1ace99C7Cb","Goodwin Inc","http://wagner.com/","Malta","Advanced 24hour methodology","1977","Dairy","1208"
"5070","ce0DF9f16Ec3CCD","Palmer, Brewer and House","http://wilkins.com/","Kenya","Reverse-engineered asymmetric ability","2008","Facilities Services","4760"
"3075","e5315514D3bFCe8","Fritz, Jimenez and Crosby","https://www.stark.com/","Kenya","Open-source 6thgeneration firmware","2007","Fishery","6172"
"8928","Bf4427c2B5101f0","Ball, Hoffman and Washington","http://www.shaw.com/","Tanzania","Persistent 24/7 matrices","2020","Information Services","3508"
"3279","Dc9EAaA558Cc4c9","Mclaughlin Inc","http://www.stephens-tyler.com/","Solomon Islands","Organized even-keeled system engine","2006","Photography","1278"
"2136","440B00991c6D51f","Alvarez and Sons","https://wagner.com/","Oman","Phased client-server synergy","1974","Legal Services","1559"
"8942","C7789e8Fd2f5C2D","Gallegos, Duffy and Hanna","https://www.gentry.biz/","Guernsey","Organized interactive projection","2007","Commercial Real Estate","2581"
"4971","6Fe67aCA119E6C9","Joyce, Schwartz and Gibson","http://blanchard-evans.biz/","Iran","Monitored national analyzer","2006","Maritime","32"
