"Column_1","Column_2","Column_3","Column_4","Column_5","Column_6","Column_7","Column_8","Column_9"
"5357","35d0C3667525C5C","Cooper-Roberson","http://www.lucas.net/","French Polynesia","Digitized contextually-based emulation","2008","Wine / Spirits","9654"
"9219","Fd3Bc21EED8b5d5","Compton, Terry and Terry","https://phillips.org/","Cote d'Ivoire","Adaptive grid-enabled core","1979","Oil / Energy / Solar / Greentech","4443"
"6323","Bba1ae3bC7f5f0F","Atkinson LLC","https://burke.com/","Solomon Islands","Mandatory national task-force","1982","Environmental Services","6761"
"4990","6a262E3Db832553","Riddle-Leonard","https://bullock.com/","New Zealand","Re-contextualized even-keeled portal","1972","Law Practice / Law Firms","5244"
"1420","fFC88d7BDbAA22d","Mayo LLC","http://www.wang.com/","Albania","Pre-emptive object-oriented matrices","2013","Veterinary","7819"
"9517","5dFCe8F2bB11a3D","Rowland and Sons","https://www.knox.info/","Reunion","Multi-channeled mission-critical circuit","1997","Restaurants","5631"
"8607","6DbCd2A07f4DEAC","Clarke, Jimenez and Owens","http://www.ramos.com/","Nicaragua","Compatible motivating matrix","1990","Investment Management / Hedge Fund / Private Equity","6118"
"182","7D517b5fE83ccB8","Mcmillan-Hodge","http://gibbs.biz/","Jersey","Vision-oriented scalable archive","2014","Logistics / Procurement","758"
"4353","b741C9E6a0AD60b","Jennings, Mcintyre and Yang","https://www.hernandez-harvey.com/","Germany","Grass-roots optimal protocol","1997","Museums / Institutions","7758"
"8701","1dFd6e3eaC1EeE7","Madden, Jenkins and Armstrong","http://www.ellis.info/","Guam","Configurable value-added interface","1979","Facilities Services","1435"
"2447","e25a2Cccaa280fF","Hayden, Hanson and Gay","http://www.nichols.biz/","Cote d'Ivoire","Advanced optimal website","2005","Dairy","7044"
"5322","8b94129CEa9abAB","Harrison-Robinson","https://www.church.org/","Saint Martin","Face-to-face responsive algorithm","2018","Business Supplies / Equipment","3902"
"8046","4B9FA1B90d51626","Howell-Trevino","http://phillips.com/","Saint Lucia","Total dynamic orchestration","1975","Apparel / Fashion","606"
"5685","CaD8cC9aB043Adf","Dodson and Sons","https://whitehead-dawson.com/","Guernsey","Multi-layered fault-tolerant encoding","1981","Hospital / Health Care","560"
"3533","1e88f0Ae22c2bc9","Cabrera, Jennings and Lewis","https://rosales.com/","Bahamas","Optional fault-tolerant adapter","1991","Wholesale","1737"
"8245","75DeeBE0e4Acf55","Sparks-Mueller","http://duran-mosley.biz/","Malawi","Extended mission-critical knowledgebase","1979","Online Publishing","8851"
"7977","B02f81AE4F3cC06","Faulkner PLC","http://lloyd-huang.net/","Rwanda","Cross-group reciprocal moderator","2020","Farming","6379"
"3699","05CAeEC31C7cdf0","Stevenson, Walters and Wade","http://www.roberts-hodge.com/","Uganda","Proactive neutral Graphic Interface","1984","Research Industry","6157"
"71","D52bFDB53D965b3","Mccall, Oneill and Diaz","https://walter-berry.biz/","New Caledonia","Organic holistic support","1975","Restaurants","9949"
"545","F8D50F20EacCbF3","Clements, Steele and Fields","http://pollard.net/","United States of America","Future-proofed zero administration adapter","2010","Religious Institutions","6936"
"1205","4d3b467e6C8cd86","Holloway-Conner","https://www.chung.com/","Jordan","Stand-alone homogeneous analyzer","2005","Cosmetics","7727"
"3079","304CcB93bCAeF4e","Morris Ltd","http://www.wu.org/","Japan","Horizontal hybrid knowledgebase","1988","Alternative Medicine","591"
"9107","6Bb3F6B3b6D996F","Mays Ltd","http://mercado-cunningham.com/","Jordan","Vision-oriented context-sensitive pricing structure","1986","Nanotechnology","1019"
"9121","3c8d974A7d975ba","James, Kim and Bradford","http://www.melton-daniels.com/","Martinique","Intuitive local artificial intelligence","2001","Newspapers / Journalism","3782"
"9681","b3Ab212B066ABc1","Thornton-Mullins","https://www.schaefer-bishop.com/","Congo","Total real-time core","1994","Individual / Family Services","8608"
"6181","feB66AbF1a4389d","Jackson-Morrow","https://www.patton.com/","Papua New Guinea","Customizable system-worthy policy","2016","Professional Training","2942"
"8330","F286cfab86e7b8E","Wall Ltd","https://www.fuentes.net/","Saint Martin","Seamless uniform paradigm","1979","Legislative Office","3864"
"4285","bcf8086b109d83c","Archer, Mcclain and Hodges","https://www.lopez-casey.org/","Liechtenstein","Decentralized empowering toolset","1979","Railroad Manufacture","7629"
"4008","Ce42b53dCD72b4c","Schaefer, Lozano and Estrada","http://www.keith.com/","Montenegro","Centralized multi-tasking flexibility","1989","Glass / Ceramics / Concrete","5350"
"8714","D9D62C7fdbd6B8a","Vance, Stephens and Becker","https://blair-terrell.com/","Saudi Arabia","Cloned dedicated synergy","1994","Retail Industry","7912"
"878","dbaC16d6FaD9EEB","Holland LLC","https://www.montoya.net/","Uganda","Advanced leadingedge archive","1984","Think Tanks","9900"
"8061","ac9E70fF2F8Ac94","Wise, Baird and Goodman","https://chapman.biz/","Netherlands","Multi-tiered coherent info-mediaries","2010","Investment Management / Hedge Fund / Private Equity","4049"
"197","Fb2B2f1c8c383Be","Cross-Ortega","http://shaw.com/","Italy","Team-oriented global productivity","1992","Outsourcing / Offshoring","2063"
"9747","bcDC38b89bD155e","Schultz-Mcknight","https://www.gilmore.com/","Puerto Rico","Compatible background task-force","2010","Luxury Goods / Jewelry","685"
"4011","DbFbBBa63f2ffBd","Cross Inc","http://www.norton.biz/","Somalia","Switchable local moderator","1987","Broadcast Media","8264"
"9963","d841bAbAea3e8CE","Davila, Eaton and Winters","http://www.garner-whitaker.com/","Myanmar","Customizable needs-based info-mediaries","2005","Newspapers / Journalism","5833"
"2572","a77A58cB61FdD97","Torres, Velazquez and Berger","https://www.cameron.com/","Cameroon","Customer-focused background frame","1974","Construction","7321"
"3754","5a2a05C8aaeD18f","Harmon PLC","https://hurst-parsons.com/","Cameroon","Progressive needs-based emulation","2017","Glass / Ceramics / Concrete","922"
"9248","12E086A6D2E3470","Gould-Lambert","https://www.simpson-mercer.info/","Netherlands","Optional background service-desk","2001","Sporting Goods","3868"
"8629","DF66bBbEfafaD5d","Alexander, Mccann and Rivera","http://www.morris.com/","Netherlands","Digitized transitional array","1982","Media Production","9348"
"9369","372DD1D3aF9c9aF","Small-Lawson","https://www.tate.org/","Macedonia","Visionary radical alliance","1978","Dairy","7142"
"6160","0bD5a398dea3fC2","Carney Ltd","https://baird-mooney.com/","Malaysia","Upgradable dynamic complexity","1983","Furniture","8989"
"4792","fCdbBfaEf3502d4","House Inc","http://eaton-cardenas.org/","Madagascar","Customer-focused analyzing interface","1989","Apparel / Fashion","9243"
"5338","Dcb4F9deA35Bca7","Powers Group","http://www.woodward-knox.com/","Bangladesh","Streamlined modular firmware","1970","Think Tanks","1069"
"3025","BE8aEC9FE25cd3a","Kelly-Mcgrath","https://rocha.com/","Niger","Front-line holistic contingency","1984","Individual / Family Services","1232"
"2719","B289CbaccA3aCF8","Washington Inc","http://www.nelson.biz/","Mauritius","Adaptive systemic flexibility","1975","Packaging / Containers","9442"
"8656","BB89CCD2e3e908A","Rasmussen-Petty","https://www.sparks.com/","Norway","Optional fresh-thinking circuit","1993","Sports","8126"
"6917","f9ad82d74C97fDB","Campos-Warner","https://vazquez.org/","Kenya","Multi-tiered even-keeled data-warehouse","1983","International Trade / Development","5453"
"3985","df45ADeB7c82A59","Todd, Hess and Ayers","http://randolph.info/","Qatar","Streamlined composite moderator","1982","Wholesale","7048"
"7309","A034816ceD67226","Matthews-Gay","http://www.wilkinson.com/","Rwanda","Multi-channeled secondary structure","2020","Printing","7063"
"5954","4dd8BbDDCF8E6b3","Herrera-Compton","http://chambers-bryant.com/","Qatar","Customizable discrete forecast","2015","Luxury Goods / Jewelry","2471"
"3845","e7A75ad921Fa9E9","Rose LLC","http://rhodes.com/","Sierra Leone","User-friendly empowering artificial intelligence","2019","Railroad Manufacture","4311"
"2683","44928BbA625EBE4","Giles Inc","http://www.fields-adams.com/","Norfolk Island","Automated zero-defect concept","2000","Hospital / Health Care","9519"
"4025","8DfE179634fdf62","Christensen-Blevins","https://cordova.biz/","Russian Federation","Centralized exuding alliance","1985","Fishery","6770"
"8716","2c59cCCdD3cA8F6","Carr-Lambert","https://www.kramer.com/","Cameroon","Extended bottom-line emulation","1983","Law Enforcement","7880"
"3140","F4adF9a1Cfb4FE6","Brady, Padilla and Jensen","http://lambert-coffey.com/","Congo","Seamless incremental website","1981","Veterinary","3545"
"4238","45fBd67F5BC700e","Rice LLC","https://sloan.com/","Bahrain","Devolved bandwidth-monitored neural-net","1982","Shipbuilding","8545"
"219","1CF995E81CAaaAB","Mccann-Skinner","http://stark.com/","New Zealand","Ameliorated 4thgeneration frame","1994","Medical Equipment","6144"
"6619","05ADf878A3C7D4C","Morrison PLC","http://riley-yates.com/","Sri Lanka","Multi-channeled exuding system engine","1980","Music","8615"
"9607","eA655Ae7e4ad1e3","Leblanc, Baird and Baker","http://spence.com/","Croatia","Versatile heuristic utilization","2019","Defense / Space","8791"
"5269","Bb2f6c1BfcC2a5e","Anderson-Lowe","http://www.watson.com/","Cook Islands","Public-key discrete open system","1984","Investment Management / Hedge Fund / Private Equity","2538"
"2544","e1FED7f99586e80","Alvarado-Tate","http://may.org/","Benin","Operative needs-based installation","1979","Restaurants","704"
"2871","8f5eFD72DB91C6a","Park, Bates and Bonilla","https://little.com/","Aruba","Implemented mission-critical help-desk","1971","Marketing / Advertising / Sales","1088"
"1245","de3a9de2b977F2A","Meza Group","https://lambert.com/","Jamaica","Organized modular core","1989","Business Supplies / Equipment","2551"
"421","Da4E1fEf79c54B2","Madden, Key and Saunders","https://www.salas.com/","French Guiana","Sharable zero tolerance capacity","2011","Think Tanks","7782"
"6228","B80Df1Aa0de9b43","Diaz Inc","http://gamble.com/","Saint Martin","Streamlined content-based protocol","2014","Public Relations / PR","9066"
"2059","fc2C4fEDd1bd1AC","Ochoa-Moore","http://www.wolf-hatfield.com/","China","Multi-tiered background database","2018","Hospitality","9987"
"8494","099CE632eEE64dc","Crawford-Solis","https://chaney-lynn.com/","Madagascar","Distributed web-enabled ability","1998","Restaurants","1031"
"6435","f8C3DB0B98B4fff","Leon, West and Fowler","https://www.ellis-chandler.com/","Isle of Man","Fully-configurable user-facing core","1995","Education Management","7240"
"3423","aB3FefBCDDb37E9","Blanchard, Clark and Valencia","http://berg-navarro.com/","Christmas Island","Operative 24/7 task-force","2002","Civil Engineering","1207"
"4511","E241FBDBFd8141C","Nielsen-Manning","http://beasley.com/","Taiwan","Advanced directional project","1999","Mining / Metals","1851"
"1167","852BBeE91bB9Be2","Beck, Combs and Duncan","http://www.morrow.org/","Israel","Centralized interactive orchestration","1990","E - Learning","3870"
"255","F838cfCd9b9Bf8C","Cowan, French and Crane","http://www.carrillo.biz/","Bouvet Island (Bouvetoya)","Universal zero-defect functionalities","1977","Sporting Goods","8829"
"416","3D92cD46EB37F6F","Ruiz, Fuentes and Melton","https://flynn.com/","Malaysia","Expanded methodical contingency","1984","Legal Services","6817"
"9176","9EBE36B62Ba26Fc","Kramer-Higgins","https://conrad.info/","Tonga","Persevering discrete Graphical User Interface","2022","Executive Office","3690"
"3470","FDA4dE1bAf793B9","Wagner-Mcintosh","http://www.faulkner-lara.org/","Montserrat","Cross-platform client-driven forecast","2012","Airlines / Aviation","1784"
"3051","b8EED7a18691EbB","Christian PLC","http://vincent.net/","Bolivia","Exclusive methodical utilization","1974","Investment Management / Hedge Fund / Private Equity","6437"
"760","FaD0C010db30eDa","Allison, Mcbride and Mosley","https://www.collier.biz/","Nicaragua","Balanced zero administration forecast","1981","Pharmaceuticals","2013"
"1386","fB8b6A2fC7bDf93","Keller and Sons","https://www.mccall-bridges.com/","Comoros","Polarized maximized monitoring","1975","Investment Banking / Venture","9759"
"655","9519CBe480426Cd","Hodges Ltd","http://delgado.com/","Bolivia","Triple-buffered client-driven database","1982","Management Consulting","9790"
"1202","aFC55d205BDdd24","Logan Ltd","http://www.cruz.com/","Saint Lucia","Synchronized hybrid Local Area Network","2020","Wine / Spirits","3641"
"2414","121C65BBba5C3e5","Noble, Barry and Mueller","http://ali-clayton.biz/","United States Minor Outlying Islands","Decentralized value-added product","1996","Business Supplies / Equipment","8641"
"5580","cdbaccb968B751A","Oneal, Good and Harmon","https://www.mccarty.net/","Taiwan","Diverse modular neural-net","2019","Consumer Goods","9508"
"5994","86e9EF7e3Ab13Bf","Paul-Gibbs","https://beck.net/","Saint Lucia","Robust client-driven knowledgebase","1997","Judiciary","751"
"5295","c37d5e9e8a4D4e2","Mcfarland and Sons","https://hood.biz/","Canada","Multi-channeled multi-tasking orchestration","1993","Dairy","4793"
"3056","1Ff2BAbFEf3552D","Pratt-Bowman","https://clayton-callahan.info/","Congo","Synchronized disintermediate methodology","1976","Sporting Goods","4825"
"2831","fa9588dfF60aCAA","Silva, Terrell and Keith","https://hendrix.info/","Paraguay","Advanced fresh-thinking emulation","1997","Public Relations / PR","6314"
"2971","885e57089ba2AaA","Golden-Vance","https://brooks.com/","Suriname","User-centric incremental portal","2010","Consumer Goods","988"
"329","030142f9b041Cc8","Roy-Esparza","https://www.mann.org/","Romania","Universal upward-trending implementation","2014","Fundraising","585"
"4271","DcCD65cDF8bFFCd","Stevens LLC","http://patel-ellis.com/","Northern Mariana Islands","Synergistic even-keeled protocol","2008","Sporting Goods","73"
"5995","04FFB3ac0A02D08","Santiago Inc","http://www.frost.com/","Saint Martin","Expanded context-sensitive monitoring","1985","Sporting Goods","427"
"4393","dfCC57f3f3eF57e","Fields Ltd","http://www.fox.com/","Cook Islands","Grass-roots full-range groupware","2010","Investment Management / Hedge Fund / Private Equity","4577"
"2064","Eb311BDE8ECEbCD","Bailey, Bond and Haney","http://reyes-fernandez.com/","Faroe Islands","Stand-alone heuristic solution","2003","Performing Arts","4685"
"8302","B0b56AFF74ee41C","Huerta-Montgomery","https://www.hopkins.com/","Monaco","Multi-tiered empowering paradigm","2013","Chemicals","7662"
"9014","D6c2ae18Fe16e4f","Case-Neal","http://www.bray.com/","Wallis and Futuna","Front-line systematic concept","1974","Paper / Forest Products","4209"
"9330","b89fa7A96aA2BCd","Mayer, Mejia and Morse","https://www.durham.info/","Dominican Republic","Exclusive neutral focus group","2012","International Trade / Development","4491"
"5170","BbB2A840B9CDCdc","Hess-Cole","https://russo.com/","Saint Lucia","Configurable explicit approach","2019","Nanotechnology","927"
"4430","CccccD9afffFB1E","Sosa-Hartman","http://www.kim.com/","Congo","Cross-platform fresh-thinking model","1975","Recreational Facilities / Services","3073"
"1282","5A72682524Fd0Cd","Mora Ltd","http://fuller.info/","Zambia","Configurable object-oriented methodology","2003","Ranching","5837"
"3382","6ebD6F9d3db185c","Potter Group","http://www.thompson.info/","Australia","De-engineered tertiary Graphical User Interface","2018","Oil / Energy / Solar / Greentech","7477"
"2637","52c23c9C110D9c8","Holder-Owens","http://harper.com/","Congo","Seamless human-resource monitoring","1974","Tobacco","8919"
"3329","b6EEB81afaA4888","Eaton PLC","https://www.bentley.info/","Colombia","Universal impactful attitude","2004","Research Industry","4134"
"6437","BdcaB87Adab8f51","Curtis-Mejia","https://bradshaw.com/","Barbados","Assimilated web-enabled contingency","2000","Real Estate / Mortgage","2747"
"5019","C6467cED8cFf6F7","Howell, Soto and Maddox","http://gates.com/","Kenya","Managed foreground protocol","1971","Media Production","9456"
"7325","B5c1357611A6e49","Vargas and Sons","https://www.holland.info/","United States Minor Outlying Islands","Inverse high-level paradigm","1998","Human Resources / HR","2172"
"3796","01Ae433C92ba101","Larson, Cannon and Middleton","http://little-lynn.org/","Venezuela","Reactive systematic policy","2010","Security / Investigations","9677"
"2664","AE3EA71C78CCad5","Bray-Sims","https://www.shelton.com/","Russian Federation","Profound human-resource matrix","1970","Construction","2686"
"8283","78fF0E4EB11b54B","Parks, Foster and Benjamin","http://www.farrell-solis.com/","Peru","Persistent zero-defect open architecture","1970","Computer Hardware","4175"
"1283","32A73E6bFD4A4FC","Berry, Weeks and Conrad","https://www.gill-walker.com/","American Samoa","Sharable optimal orchestration","1975","Market Research","9217"
"4149","9aC45A5B424273E","Burton, Marsh and Atkins","http://zimmerman.com/","Italy","Focused maximized workforce","2018","Consumer Services","7169"
"1363","57af1f2D8F62B2c","Heath Inc","http://blankenship-key.com/","Comoros","Self-enabling explicit support","2021","Plastics","7024"
"1438","41471d4ea65FEaD","Bartlett Inc","http://callahan.com/","Eritrea","Optional foreground knowledge user","2003","Furniture","3719"
"9629","2BCFaFD60cAa6Ad","Good-Lopez","https://lloyd.com/","Niue","Seamless 24hour conglomeration","1971","Public Relations / PR","4777"
"3442","8AC3A3b014aa0cE","Page PLC","https://www.campbell.info/","Gabon","Future-proofed full-range algorithm","2013","Civic / Social Organization","2285"
"57","742e0CdDEC1CBE3","Guerrero Ltd","http://www.frye.com/","Burundi","Team-oriented needs-based approach","2013","Photography","4880"
"4598","Cc3EE45fdE9281A","Nichols, Jennings and Rios","https://yates-mcgee.com/","Bangladesh","Programmable 5thgeneration matrices","1984","Gambling / Casinos","3863"
"8480","B52cEb6Fc64d244","Floyd Inc","http://navarro.com/","Thailand","Polarized exuding matrix","1978","Primary / Secondary Education","8390"
"5366","89BF8fBc65ab2Be","Joseph-Fernandez","https://www.davies.biz/","Cuba","Reduced hybrid knowledge user","2016","International Trade / Development","7870"
"1845","973C144Acd9a9DC","Esparza, Brandt and Choi","http://calhoun-duran.com/","Hong Kong","Function-based analyzing hardware","2013","Hospital / Health Care","3963"
"5516","81Fe429AFD852Af","Kerr-Malone","http://larsen.com/","Monaco","Ameliorated multimedia attitude","1996","Nanotechnology","468"
"8574","99aBEfdd780d2ec","Reynolds, Acosta and Alvarado","https://www.stout.net/","Bahrain","Assimilated solution-oriented moderator","1974","Arts / Crafts","5407"
"6264","16E6F86f9D74C5A","Cannon-Fuller","http://www.harper-stanton.net/","Iran","Multi-tiered neutral ability","1975","Executive Office","3037"
"2881","D6b2b9b2c505905","Matthews, Blackwell and Fletcher","https://cochran-kane.com/","Ethiopia","Multi-channeled multimedia ability","2013","Business Supplies / Equipment","7274"
"1744","fBC8fff0C678fAb","Ashley Ltd","http://www.mcneil.com/","Tonga","Public-key explicit array","2020","Media Production","3548"
"8399","34dCaAE0aDecC1B","Ashley PLC","http://koch.biz/","Greenland","Polarized modular challenge","2011","Ranching","1890"
"4170","Dc12d5daD66cdb1","Mclaughlin LLC","https://haley.com/","Luxembourg","Enterprise-wide logistical orchestration","2019","Marketing / Advertising / Sales","9237"
"5198","8AD1BBF46cc7b22","Hendrix-Montoya","http://www.bridges.org/","Svalbard & Jan Mayen Islands","Synergistic intangible projection","2001","Medical Equipment","7926"
"8994","aB48d4B900128ab","Keller, Haynes and Murphy","http://carrillo.com/","Georgia","Enterprise-wide dynamic Graphical User Interface","1995","Health / Fitness","7630"
"741","6cBBF00691173A8","Montoya LLC","https://www.berry-mcmahon.net/","Switzerland","Up-sized 5thgeneration database","1982","International Trade / Development","7710"
"9067","85B862cbfFe9fA1","Wiley LLC","http://gregory.info/","Suriname","Progressive empowering array","1972","Computer Games","8577"
"1625","FDb28E99F017413","Pope-Orr","https://braun.com/","Congo","Devolved bottom-line contingency","2004","Professional Training","2817"
"525","408A014CAfdCdDE","David-Patterson","https://hobbs.com/","Jordan","Automated asymmetric initiative","1974","Computer Networking","2618"
"8000","43b9CFE0c055155","Beltran Group","http://www.michael.com/","Armenia","Open-source attitude-oriented knowledgebase","2012","Education Management","1011"
"4420","D389362a2DDb6cA","Harris Group","https://savage.com/","Jersey","Open-source needs-based archive","1990","Executive Office","7586"
"5427","5CBad9Dd0a8B6DD","Oconnell, Curtis and Mcintyre","https://soto-mcdaniel.com/","Kuwait","Progressive local Graphical User Interface","2020","Veterinary","4566"
"6690","F3aaCebD712fB8e","Fry, Dorsey and Stokes","http://www.lang.org/","Bouvet Island (Bouvetoya)","Distributed motivating software","2012","Textiles","8250"
"7383","A23c1f17edcd7D3","Lane Ltd","https://www.briggs.net/","Saint Vincent and the Grenadines","Horizontal user-facing hierarchy","1997","Venture Capital / VC","9143"
"436","5663f8b3D616AeA","Booth PLC","http://www.gregory.com/","Gambia","Pre-emptive systematic extranet","2000","Logistics / Procurement","6075"
"2961","b0Ccf5fE9eBfcBA","Terrell, Riley and Barton","https://ali.com/","Gibraltar","Enterprise-wide stable moderator","1978","Staffing / Recruiting","2905"
"309","E59F9adFCCfACFa","Avila LLC","https://pugh.com/","Germany","Innovative incremental functionalities","1973","Cosmetics","9125"
"1566","eBBC9FeEFC7a60d","Rowland-Porter","https://woodward-hill.com/","Tanzania","Advanced bottom-line complexity","2012","Program Development","117"
"2632","e2deaCC3650dAE0","Winters-Preston","https://www.newton-vance.com/","Micronesia","Multi-channeled attitude-oriented interface","2019","Computer / Network Security","8476"
"5598","91eC47fC4e0b557","Carter-Bailey","http://www.huynh.info/","Solomon Islands","Compatible coherent knowledgebase","1974","Program Development","3331"
"9478","FeFaFED7c4e2C2b","Velez and Sons","https://mcclure.com/","Uruguay","Implemented solution-oriented knowledgebase","2001","Utilities","4708"
"402","132c7A35d5ebFcb","Lam, Barnett and Murphy","http://mercado-gregory.com/","Egypt","Persevering interactive alliance","2012","Packaging / Containers","4177"
"3827","806CdbBD3b153fa","Wilcox-Ford","http://www.waller.com/","Guinea-Bissau","Inverse user-facing protocol","1986","Primary / Secondary Education","9638"
"882","DA6b20cBBcaBBC0","Skinner, Pratt and Santos","http://hoover-glenn.com/","Guernsey","Reactive composite collaboration","2005","Computer Software / Engineering","4489"
"3998","8DeeCAfbF91AF1A","Stevenson, Chang and Acevedo","https://www.skinner.com/","Armenia","Managed maximized array","1978","Investment Banking / Venture","2261"
"7119","b0d0de925FBeB9A","Zimmerman and Sons","http://hawkins.com/","Congo","Synergized multi-tasking paradigm","2001","Fishery","3633"
"3266","cA106DFc6AE39A8","Fields-Mclaughlin","https://www.osborn.com/","Gibraltar","Multi-channeled dynamic support","1981","Warehousing","344"
"8407","7CcB0ED2e8d7705","Hunter PLC","https://www.underwood.org/","Guatemala","Decentralized reciprocal leverage","1992","Performing Arts","7689"
"5010","4c55816b53Cc93b","Oneal, Saunders and Howe","https://long.info/","Aruba","Horizontal neutral paradigm","1990","Recreational Facilities / Services","9603"
"5737","5Baf97ffeFf9ab8","Walters Inc","https://www.kidd.com/","Korea","Customer-focused solution-oriented intranet","1995","Hospital / Health Care","2483"
"5555","eF3C31dfD18aF85","Palmer-Watkins","https://garner-leon.com/","Oman","Customizable holistic time-frame","1997","Dairy","2008"
"289","dC55EdCEBAcB1ca","Compton, Mata and Stout","https://vasquez-franco.net/","Iceland","Compatible hybrid utilization","1970","Library","2022"
"5565","3fBe8D1F727CeCD","Lawson PLC","https://www.cooley-petersen.net/","Lebanon","User-friendly asymmetric portal","1993","Law Enforcement","7689"
"8325","caDA8aC65f27d61","Ryan-Huang","https://schaefer-joseph.info/","Denmark","Pre-emptive fault-tolerant info-mediaries","1971","Music","4672"
"2624","42C9DD8cFc0C3af","Booker LLC","http://haney.net/","Rwanda","Ergonomic zero-defect time-frame","2015","Financial Services","645"
"8860","bcEac83be69e0aE","Morse-Horn","https://ortiz.com/","Saint Barthelemy","Multi-layered needs-based encoding","1977","Government Administration","5334"
"477","cEF3d4ea07cC7a2","Black-Foster","https://hill-dillon.com/","French Polynesia","Ergonomic optimal paradigm","2000","Individual / Family Services","8514"
"8592","e6B9ee59a775ABa","Cox-Key","http://www.novak-flores.com/","Antarctica (the territory South of 60 deg S)","Quality-focused eco-centric secured line","1984","Tobacco","9485"
"9714","BfFdF24dd1AA79f","Lara Ltd","http://cruz.com/","Andorra","Open-architected foreground frame","1996","Computer / Network Security","6387"
"6523","471914D9Ec7F283","Knapp, Rivers and Murillo","http://nolan.com/","Turkmenistan","Reactive content-based complexity","2018","Food Production","3802"
"3112","E95de1cF52100f4","Warren, Chandler and Hatfield","http://moody.com/","French Southern Territories","Right-sized intermediate capacity","1991","Program Development","4229"
"9471","6C7A42b1c6fff3d","Villa-Holt","http://wright.com/","Mexico","Progressive zero-defect info-mediaries","1984","Mental Health Care","1605"
"738","cFb2fd093738f2B","Moss PLC","https://www.wolfe-reyes.org/","Costa Rica","Object-based logistical Graphic Interface","2010","Civic / Social Organization","9007"
"3134","AEA49f61Caa84b9","Pittman-Lambert","https://www.contreras.com/","Costa Rica","Pre-emptive intermediate core","2018","Newspapers / Journalism","1840"
"8048","1DdE745CCCBDE40","Santiago, Clarke and Huerta","https://walker-joyce.com/","Austria","Secured multimedia infrastructure","1997","Supermarkets","1853"
"6552","1B374D6fc964eb9","Hatfield-Washington","https://www.hammond-valdez.com/","American Samoa","Object-based context-sensitive definition","2014","Philanthropy","7817"
"5408","8d18dC10e1f92af","Spence-Mata","https://www.norton.com/","Latvia","Inverse full-range collaboration","2002","Outsourcing / Offshoring","4923"
"5564","aE63418B6F68d2B","Curtis-Luna","http://perry.com/","Netherlands","Fundamental real-time firmware","2013","Wine / Spirits","3721"
"5329","9b1e7cd4f79d33D","Watson LLC","http://braun.com/","Saudi Arabia","Reactive discrete analyzer","1976","Civil Engineering","9302"
"6719","CA085eCF95ffD14","House Inc","https://www.summers-fields.com/","Montserrat","Devolved bottom-line initiative","2018","Information Technology / IT","1912"
"5119","D3Fe94B706fDc6D","Hurst Ltd","http://ritter.com/","Timor-Leste","Customer-focused client-driven productivity","2020","Computer Networking","1131"
"4620","ecd5Fdec12A0Dc3","Morales, Soto and Beard","http://gilmore.biz/","Qatar","Re-contextualized multi-tasking focus group","2019","Human Resources / HR","5494"
"3690","bD0BDfbaAaEEd5a","Pennington and Sons","http://www.brooks-macias.com/","Mexico","Upgradable needs-based definition","1994","Program Development","5710"
"7717","ca9d6aF04DafBC4","Paul, Wilkerson and Bird","http://www.andersen.biz/","Cook Islands","Streamlined content-based application","2013","Writing / Editing","574"
"1840","9AF2F3C95f9Abca","Randolph-Lindsey","http://www.spears.com/","Kazakhstan","Streamlined multi-state Internet solution","2003","Media Production","1411"
"1996","48F95aCDa43aB42","Dean, Faulkner and Wallace","http://www.terry.com/","Bolivia","Decentralized cohesive support","2007","Environmental Services","7017"
"2400","f04F8a766696cA3","Stone, Bowen and Howe","https://haney.org/","Tuvalu","Customer-focused actuating ability","2000","Translation / Localization","7188"
"6511","8a508DF318DafDe","Cunningham, Barton and Fuller","http://www.smith.com/","Botswana","Networked multi-state standardization","1992","Human Resources / HR","166"
"9357","1f4Cec6Bbd81e1B","Sheppard LLC","http://www.downs.com/","New Zealand","Re-engineered demand-driven productivity","1992","Supermarkets","7276"
"4120","068B18CF075b81b","Huang-Preston","https://rodriguez.info/","Greenland","Persistent human-resource contingency","1976","Nanotechnology","6989"
"5895","14BBF2BbC8CBdC5","Hogan-Hanson","http://lindsey-estes.org/","Fiji","Enterprise-wide value-added superstructure","2003","Management Consulting","5371"
"801","BFE4d22442bcfC6","Cook, Clarke and Ray","https://fletcher.org/","Myanmar","Reactive exuding emulation","1990","Think Tanks","6852"
"8424","2622D61a1Da1391","Davies, Vazquez and Summers","http://www.ayala-bridges.info/","Trinidad and Tobago","Team-oriented bifurcated middleware","1977","Insurance","5151"
"7681","cF5b78DdE1def95","Wade-Kelly","https://figueroa.com/","United States of America","Progressive analyzing focus group","2006","Other Industry","4219"
"1406","b992b3aE344dE4D","Bernard Inc","http://www.russo-montes.biz/","Azerbaijan","Assimilated multi-tasking contingency","1995","Investment Banking / Venture","8956"
"5432","00ffDaadfEBDd00","Jimenez Inc","http://www.juarez.com/","Sao Tome and Principe","Multi-lateral demand-driven encryption","2011","Public Safety","7674"
"70","DcED8F7B7EFFA1A","Travis Inc","http://jackson-mendoza.com/","Portugal","Ergonomic 24/7 Graphic Interface","1985","Computer Games","7777"
"9544","AC633fC7fA9CE57","Cobb, Thompson and Ochoa","https://mclaughlin.biz/","Nicaragua","Operative leadingedge matrices","2010","Entertainment / Movie Production","2913"
"2760","0cbD60d502587Cb","Carter Group","http://www.sexton.biz/","Portugal","Focused 6thgeneration leverage","2008","Program Development","2572"
"8295","C5EC2Fa6c3CEC01","Reed LLC","https://www.gilbert.org/","Estonia","Fully-configurable zero-defect hardware","2008","Warehousing","8497"
"1587","3Bb52d5f0F87DcE","Beltran-Stewart","http://kennedy-wallace.com/","Barbados","Re-contextualized zero tolerance portal","2006","Legal Services","4253"
"6667","30EddCC4bc463ad","Washington, Calhoun and Bartlett","http://www.horton.com/","Iceland","Total intangible Graphic Interface","2017","Consumer Services","7786"
"8015","Bca7e64B156D5Ca","Lewis-Stewart","https://www.campbell.org/","Egypt","Pre-emptive executive array","2013","Leisure / Travel","6075"
"1075","a68Fd1f6FfC025B","Petty-Nelson","https://www.conner.com/","China","Future-proofed uniform initiative","2010","Environmental Services","5951"
"3064","7bAcF82F3Efb7FC","Hooper-Little","http://www.phelps.org/","South Georgia and the South Sandwich Islands","Universal actuating methodology","1980","Fishery","2889"
"6488","B5bfb983f92de31","Hebert PLC","https://pitts.org/","Papua New Guinea","Diverse heuristic data-warehouse","1973","Glass / Ceramics / Concrete","5122"
"4706","807cd4E371Dd3E8","Choi, Alvarez and Faulkner","https://www.franco.com/","Norway","Synchronized holistic emulation","2007","Plastics","6137"
"9070","EA3eC54Bd5e8ea1","Dalton, Villarreal and Lowery","https://cochran-floyd.info/","Somalia","Horizontal attitude-oriented orchestration","1996","Alternative Dispute Resolution","8693"
"2604","8E3cf6eCAA765d7","Suarez-Juarez","http://griffith.com/","Belize","Focused static adapter","2012","Defense / Space","2480"
"7739","A2FFBDb3e45DDCE","Blair and Sons","https://jacobs.com/","Monaco","Public-key solution-oriented open architecture","1976","Judiciary","9889"
"1580","7bDc033E8B1bd2d","Novak, Burnett and Vazquez","https://www.heath.org/","Lithuania","Persevering client-driven project","2004","Primary / Secondary Education","9356"
"5059","aB7c4acc22fD2dd","Mcclure Inc","http://lowery.com/","Marshall Islands","Reactive contextually-based paradigm","1999","Warehousing","4919"
"5754","8aEb7E61D6aA03c","Decker-Garza","http://www.williams-hudson.com/","Mauritius","Quality-focused tertiary analyzer","1997","Research Industry","5653"
"3549","de4Aa4ea7b51AdD","Figueroa LLC","http://david-camacho.org/","Congo","Multi-tiered regional throughput","2004","Investment Banking / Venture","7714"
"410","14898CabF14c21B","Snow, Acevedo and Keith","https://www.serrano-bender.info/","Kyrgyz Republic","Innovative 3rdgeneration analyzer","1990","Graphic Design / Web Design","2663"
"4098","B8CAcA7b16748dc","Hodge-Sheppard","https://lane-russell.com/","United Kingdom","Down-sized modular alliance","2016","Supermarkets","4943"
"6462","cAC6054E0379470","Horton-Moses","https://joyce.com/","Albania","Fully-configurable even-keeled infrastructure","2009","Security / Investigations","8479"
"5602","Eb648cfA7E1dc0E","Mueller-Steele","http://www.mercado.com/","Montserrat","Configurable coherent knowledgebase","2008","Telecommunications","8071"
"5232","C26c532D038FFCB","Hall, Haley and Hebert","https://flores-morrow.com/","Haiti","Function-based zero-defect website","1988","Hospitality","2577"
"3778","9D6F4EDF5a6a2Cc","Leblanc LLC","http://mcgee.com/","Madagascar","Seamless radical functionalities","1978","Professional Training","825"
"2727","Ec09a6BD727fBeC","Howe-Gilbert","https://weiss.com/","China","Grass-roots background forecast","2014","Staffing / Recruiting","5137"
"478","7fcfB45d882fF18","Sanchez, Nolan and Saunders","https://nichols.com/","Botswana","Diverse directional project","2014","Shipbuilding","8148"
"1330","1BC2BbA90c1Db08","Mueller LLC","http://sharp.biz/","Saint Barthelemy","Reactive dedicated productivity","1992","Facilities Services","4615"
"4036","B5aadEEaEB8bb06","Odonnell Ltd","https://www.garza.com/","Comoros","Future-proofed executive throughput","2009","Mechanical or Industrial Engineering","2320"
"9643","51Bb5Af7452B170","Swanson and Sons","http://www.khan.net/","Afghanistan","Stand-alone leadingedge matrices","1972","Package / Freight Delivery","3257"
"1778","Edf3b8C1De0f4dD","Bass LLC","https://www.arroyo.com/","Saint Pierre and Miquelon","Configurable incremental parallelism","2011","Environmental Services","2751"
"6097","73b1C68FEDb67bA","Dean-Mcmahon","http://shea.com/","Nicaragua","Decentralized mission-critical task-force","2017","Shipbuilding","6772"
"752","F87e4E522Fe9E28","Good and Sons","http://haney.com/","South Georgia and the South Sandwich Islands","Inverse executive function","1979","Medical Practice","564"
"5793","fbaF7b9beA5eDda","Adams-Fowler","http://www.ball-donovan.org/","United Arab Emirates","Organized object-oriented challenge","1985","Maritime","1325"
"4061","dc9fAD585E1EEad","Ochoa-Joyce","https://www.simpson-lambert.com/","Syrian Arab Republic","Balanced multi-state paradigm","2011","Industrial Automation","9856"
"9042","B6D1dfbe6b83d3a","Garrison Inc","https://cameron.com/","Mauritania","Compatible bottom-line process improvement","1991","Transportation","643"
"6031","13121C3FDFc3aFA","Mcgrath-Obrien","https://compton-rowland.org/","Tokelau","Universal bandwidth-monitored challenge","2009","Facilities Services","3692"
"5899","dFd4Fe26C8d60ae","Dillon-Wiley","http://gilbert.com/","Lebanon","Visionary cohesive algorithm","2002","Civic / Social Organization","127"
"9339","83D155b6F31F89F","Solis-Pace","http://thomas.com/","Rwanda","Proactive high-level artificial intelligence","2001","Legal Services","4458"
"9161","eDe801c7EBBEe4F","Austin Group","http://www.soto-davila.biz/","Falkland Islands (Malvinas)","Adaptive static challenge","2014","Military Industry","6364"
"9997","06f1568A2CaF04a","Barrett, Rojas and Adkins","https://douglas-garza.com/","Turkmenistan","Cross-group dedicated methodology","2018","Human Resources / HR","9043"
"5152","dcBbAE55dDa4C0e","Golden-Perkins","https://hoover.com/","Ghana","Re-engineered composite software","2008","Fishery","5946"
"469","A7a93c9e0e4F4a3","Watson LLC","http://www.andrade.net/","Tokelau","Expanded modular forecast","2002","Hospitality","5413"
"1546","E0E755Fe2E265aF","Stark, Navarro and Hurst","https://eaton.com/","Belize","Organized empowering architecture","2007","Luxury Goods / Jewelry","4872"
"6312","da0DBCd8F9DcBFd","Sloan Inc","https://www.may.com/","Mozambique","Digitized well-modulated hierarchy","1998","Defense / Space","9815"
"2684","ac8E61dbF4C658c","Frederick-Wong","http://www.fields-costa.com/","Bhutan","Reactive background emulation","1995","Management Consulting","1936"
"8967","1319eab9aCEFC9F","Keith LLC","http://www.wheeler-tran.com/","Slovakia (Slovak Republic)","Balanced asynchronous info-mediaries","1975","Program Development","7039"
"6182","3de9e44663C8444","Simpson-Roman","http://manning-wood.org/","Ireland","De-engineered 4thgeneration task-force","1984","Legal Services","6500"
"1026","dCcE16caad3FB85","Warren and Sons","http://ferguson.com/","Reunion","Universal eco-centric system engine","1986","Motion Pictures / Film","8671"
"5113","58eB1F0061DCa24","Larsen, Ingram and Whitaker","http://www.walker-barber.net/","Peru","Enterprise-wide high-level protocol","1998","Luxury Goods / Jewelry","3576"
"8563","dD9084eBb43dDaf","Edwards-Floyd","http://mercado.com/","Djibouti","Future-proofed homogeneous protocol","1995","Glass / Ceramics / Concrete","1566"
"5369","aEcfc53D0f1BeDF","Mcbride-Allen","https://www.farrell.info/","France","Multi-channeled encompassing data-warehouse","2019","Security / Investigations","986"
"2355","2A95ffd0dDA8F77","Ware-Dillon","http://bolton.com/","San Marino","Organic upward-trending matrix","1997","Transportation","2129"
"7279","4e64c08701Df64b","Reid, Acosta and Williamson","https://keith.biz/","Bouvet Island (Bouvetoya)","Managed system-worthy hub","2007","Printing","3891"
"3603","eb66BAf6D4876ba","Soto-Ramirez","http://andrade.biz/","United States Virgin Islands","Open-architected exuding encryption","2008","Retail Industry","5415"
"774","2b417AB0b5CbdEc","Raymond-Kline","https://schultz.info/","France","Upgradable bottom-line implementation","1979","Education Management","4013"
"6774","F90F4449B5FBa9F","Morris-Roy","http://www.mann.biz/","Comoros","Down-sized zero tolerance methodology","2004","Mining / Metals","9644"
"8810","49D5253DC77385d","Lane and Sons","http://faulkner.net/","Grenada","Team-oriented zero tolerance middleware","2017","Shipbuilding","2466"
"3383","369dbE0a81697CB","Holloway, Frederick and Foster","http://www.mullins.com/","Equatorial Guinea","Right-sized heuristic monitoring","2011","Translation / Localization","5217"
"642","D8a8B7Adab3163E","Spence-Christian","http://www.stein-mathis.info/","Cayman Islands","Synchronized impactful standardization","1982","International Trade / Development","9212"
"4234","cbAFfc94ea0ec67","Gilbert Group","https://goodman.net/","Senegal","Multi-layered actuating Internet solution","2004","Food Production","8745"
"3816","fBaf5BD955050b4","Hatfield-Mcgrath","https://www.cameron.info/","Chile","Persevering bandwidth-monitored circuit","2000","Venture Capital / VC","2924"
"4105","df2CefEee7B4413","Kline-Vega","http://howard-huynh.com/","Namibia","Object-based web-enabled Local Area Network","1972","Telecommunications","2574"
"9926","4bee6DC7CD058e7","Dudley-Kim","http://estes.com/","Macedonia","Ergonomic responsive productivity","1973","Hospitality","7755"
"1109","1cB76BBdC9AA1c8","Frye, Sellers and Delacruz","http://www.stein.net/","Christmas Island","Ergonomic radical website","2021","International Affairs","2524"
"3528","bcE15aAB20B573e","Roberts, Beasley and Whitehead","https://wiggins.com/","Sao Tome and Principe","Devolved fresh-thinking standardization","1971","Logistics / Procurement","1300"
"3496","bbe9d93e295b4DC","Werner-Cannon","https://king-henson.com/","New Zealand","Cross-group intermediate encryption","1993","Renewables / Environment","8691"
"1421","dCaE0aA5bE952c9","Valdez-Valenzuela","http://www.robinson-michael.com/","Slovakia (Slovak Republic)","Diverse systemic ability","1974","Newspapers / Journalism","6036"
"6924","0Ad1140C7B033E5","Fitzpatrick-Rowe","https://www.kirby.info/","Algeria","Cross-platform intermediate Graphic Interface","2017","Information Technology / IT","4894"
"3882","d45BEAa28Abecdd","Obrien-Mendoza","https://fuller-perry.com/","Western Sahara","Cross-group next generation concept","2009","Dairy","1215"
"8354","19a07cbca2FD6D9","Trevino-Boyle","http://www.werner.com/","Monaco","Persevering multi-tasking attitude","2019","Airlines / Aviation","4288"
"6246","60Db8FcAc7E7B7D","Ryan, Gamble and Guerrero","https://www.ellis-medina.net/","French Polynesia","Expanded 24hour capacity","2015","Tobacco","4834"
"4939","D9aEceCF96e25c1","Elliott, Huff and Robertson","http://www.sellers.com/","Saint Martin","User-friendly value-added architecture","2000","Nanotechnology","330"
"6799","BE1308216C1e42d","Rowland-Sampson","http://www.neal.com/","Netherlands","Self-enabling bi-directional groupware","1980","Consumer Goods","5073"
"7813","b624cD798CD3fCD","Brennan Ltd","https://collier.com/","Angola","Switchable explicit superstructure","2014","Fundraising","5569"
"1681","293DD0B2ADDD7D4","Fitzgerald Ltd","http://rice.com/","Botswana","Self-enabling executive encryption","1981","Non - Profit / Volunteering","6723"
"6716","Bf8AC15fCfB12Df","Manning Group","http://www.farley.com/","Macao","User-friendly context-sensitive benchmark","2018","Defense / Space","5248"
"634","Bad5324c961c1cF","Ruiz-Browning","https://mcknight-peck.org/","China","Optional exuding application","1991","Recreational Facilities / Services","402"
"2570","AEeE70a0110de0a","Carpenter, Reid and Gould","http://herman.com/","Botswana","Versatile 24/7 hub","2014","Paper / Forest Products","4543"
"7360","74e36EDcE655AEc","Francis-Bradford","https://www.gaines-blankenship.com/","Egypt","Operative attitude-oriented intranet","1984","Arts / Crafts","7769"
"2167","9B0Bd6Af2ea2DE0","Wiley Inc","https://www.fisher.biz/","Tokelau","Integrated secondary encryption","1982","Political Organization","4351"
"8170","5E2b1da2C9Da11B","Woods Inc","https://www.proctor.com/","Norfolk Island","Profit-focused discrete groupware","1995","Hospital / Health Care","573"
"8846","1F66d104f55c935","Vaughan-Cantrell","http://www.mahoney.com/","Belize","Virtual client-server neural-net","2002","Shipbuilding","2308"
"2826","338dcd79D1eAc18","Wong Inc","https://hays.com/","Tokelau","Fully-configurable asynchronous customer loyalty","2021","Market Research","1702"
"4088","EfCa7f0Dae49aAb","Wilkerson Group","http://weaver-keith.com/","Samoa","Intuitive asymmetric firmware","1971","Outsourcing / Offshoring","1510"
"6244","BcFC96E653D53Aa","Jensen-Proctor","https://www.parks-ingram.com/","Moldova","Intuitive radical Local Area Network","1971","Motion Pictures / Film","1303"
"8365","C514eD113FBDd75","Mccullough Ltd","https://www.hammond.com/","Tuvalu","Reduced tertiary contingency","2021","Pharmaceuticals","5405"
"3942","9e9Ef04FC15AEBe","Zamora, Todd and Swanson","https://olsen-ward.org/","Niue","Profit-focused maximized support","2018","Warehousing","4923"
"9180","B5b5C3dacbE229B","Hill-Dickerson","https://www.graham.biz/","Suriname","Ameliorated value-added moderator","1973","Wholesale","8847"
"8076","6D08A0eE7Bdf2D5","Christian, Dyer and Rosales","http://stevens.com/","Taiwan","Extended actuating migration","2016","Nanotechnology","6413"
"9196","dBb08Fa0fDe4FB5","Murillo, Hoffman and Morrow","http://www.bennett-nelson.com/","Anguilla","Down-sized next generation hub","2005","Automotive","5342"
"4129","B4edbfaA1faDf2a","Russell, Norris and Joyce","https://lutz-mason.com/","Somalia","Visionary zero tolerance instruction set","1986","Executive Office","2371"
"1173","a9aaD6aBAeFaEd7","Welch, Travis and Morris","http://palmer.com/","Ecuador","Diverse context-sensitive approach","2020","Packaging / Containers","3809"
"8669","D0C7c1622ce3bd3","Leblanc Ltd","https://www.salas-wiggins.com/","Togo","Progressive 6thgeneration conglomeration","1972","Higher Education / Acadamia","328"
"4223","c3E4BEc7c8d41C0","Case, Christian and Harrington","https://beck.com/","Morocco","Enterprise-wide optimal challenge","2003","Packaging / Containers","1264"
"4835","f0Aae5f6F15E524","Salas, Mosley and Daniels","http://santiago.com/","Samoa","Assimilated optimizing implementation","1981","Executive Office","325"
"2577","7FeAE48aEbb04AA","Arroyo-Green","http://www.maxwell.com/","Bulgaria","Robust intermediate moderator","2001","Higher Education / Acadamia","1474"
"1990","adEe1cC8AA01Cca","Washington LLC","https://montgomery.biz/","Cyprus","Down-sized clear-thinking system engine","2010","Architecture / Planning","385"
"6974","B8E4173d689dceF","Levine Inc","https://crosby-guerra.com/","Czech Republic","Synchronized exuding synergy","2009","Facilities Services","4741"
"5837","95B75adBee76Dd0","Hudson-Spears","http://www.warren.com/","Christmas Island","Adaptive multimedia contingency","2011","Facilities Services","9903"
"4533","BCDe3eD878AeD4D","Davila, Bruce and Golden","http://holloway.info/","Macao","Organic analyzing model","2004","Translation / Localization","6480"
"3210","E8b540fcaB4dEBc","Griffin-Owens","http://www.vargas.com/","Zambia","Intuitive reciprocal hardware","1974","Automotive","9269"
"3856","8B19E1e6FFcaC0B","Mclaughlin Ltd","https://frank-molina.com/","Mayotte","Streamlined bifurcated strategy","1972","Market Research","8620"
"2629","adDeDaF43dE98F8","Espinoza Group","https://www.delgado-cardenas.biz/","Algeria","Open-architected analyzing productivity","1970","Philanthropy","3081"
"7804","92305ED30aa8FAd","Solis and Sons","https://lindsey-chang.net/","Moldova","Universal maximized frame","1987","Writing / Editing","3110"
"1411","CafdfeE8F2d1131","Hayes PLC","http://www.compton-murillo.com/","Macao","Reactive homogeneous focus group","2015","Utilities","4028"
"8258","6F8fb974f9C60Ea","Haney, Diaz and Conley","http://www.reynolds.org/","Malaysia","Assimilated cohesive model","2010","Ranching","5634"
"7387","DCAC1bCF6620D08","Gilbert-Wall","https://nguyen.com/","Barbados","Innovative uniform emulation","1973","Higher Education / Acadamia","3738"
"4304","aaaBE3B4fba0a30","Hoffman Ltd","http://www.cain-george.com/","Congo","Synergized 24hour protocol","1984","Logistics / Procurement","9518"
"6751","ad47c5d7BEa496E","Guerrero, Duncan and Simmons","http://haney.net/","Saudi Arabia","Managed 5thgeneration migration","1978","Graphic Design / Web Design","2107"
"6556","C0470c7D4B1Bda0","Bailey, Frey and Olsen","http://dudley.org/","American Samoa","Programmable non-volatile toolset","2019","Tobacco","8990"
"816","c10CfE8B07FFe99","Contreras-Mcintosh","https://www.hill-holland.org/","Latvia","Reverse-engineered heuristic capacity","2019","Staffing / Recruiting","805"
"2405","dfA74424E7574ED","Meyer, Allison and Boyer","https://barber.com/","Albania","Universal systematic synergy","2005","Food / Beverages","3404"
"5398","Aac62CBf3EfB032","Santana-Cortez","https://craig.com/","El Salvador","Profit-focused global core","2003","Facilities Services","4499"
"9957","FC5e5045EbCcfD9","Day Group","https://www.burch.biz/","Falkland Islands (Malvinas)","Business-focused composite orchestration","1997","Mechanical or Industrial Engineering","8245"
"2132","9ba3105b4d59b9e","Ortega-Blevins","http://cantrell.com/","Comoros","Operative dynamic Internet solution","1975","Aviation / Aerospace","2295"
"1798","D88f7204BcBa9BF","Ellison, Sutton and Holloway","https://www.sosa.info/","Kazakhstan","Mandatory zero administration software","2008","Maritime","7341"
"3091","C47eAAA43Cc8ddF","Ponce Group","https://beck.com/","Kazakhstan","Robust upward-trending project","1990","Mining / Metals","9017"
"4185","16024CDde60Fa0c","Patterson Group","http://padilla-fleming.com/","Nicaragua","Innovative mission-critical model","2001","Supermarkets","3375"
"4565","B5eEd11ebbF7B5D","Mendoza-Orr","http://mullen-moon.biz/","Djibouti","Cross-platform multi-tasking model","1981","Computer Games","4304"
"5031","dFCA9eff010Fabe","Johns, Baldwin and Brown","https://rowe-peters.com/","Egypt","Future-proofed actuating open system","1996","Machinery","2670"
"8049","6c5cCFCc63028C0","Henderson, Esparza and Cisneros","http://www.baldwin.com/","Saint Lucia","Synchronized bandwidth-monitored time-frame","2006","Medical Practice","2045"
"123","8568B93d4eCe7b3","Sosa-Burton","http://www.ashley-mckay.com/","Martinique","Polarized bandwidth-monitored open architecture","2012","Nanotechnology","7638"
"180","6999Ded52F19Aa1","Herring Ltd","http://www.ashley.biz/","Suriname","Adaptive optimizing structure","1975","Public Relations / PR","1024"
"9251","e1CE2f40b57FBD6","Nunez-Zuniga","http://aguilar.com/","Timor-Leste","Optimized 6thgeneration methodology","2020","Textiles","191"
"8096","5dDDB9C4937d7ea","Kaufman and Sons","http://bartlett.com/","Montserrat","Cloned high-level model","2019","Shipbuilding","9831"
"6430","F2E82dF86Aac6a6","Landry PLC","http://blair.net/","French Southern Territories","Integrated grid-enabled intranet","2011","Architecture / Planning","650"
"9738","ade3Dd5A3CDfe3F","Floyd, Baldwin and Roman","https://jarvis.biz/","Cuba","Open-architected actuating budgetary management","1976","Political Organization","8134"
"4993","FAa3c0D5A61CBab","Dodson-Farley","https://stuart.com/","Gambia","Triple-buffered contextually-based workforce","1987","Utilities","4006"
"1158","cCa9c5cbb2B5eCF","Wilson PLC","http://www.mcpherson.com/","Honduras","Polarized clear-thinking synergy","2000","Library","2964"
"9004","B3662FDc5b8DAf1","Frederick PLC","https://solis.com/","South Africa","Team-oriented tangible moderator","1970","Legal Services","7276"
"1533","824B23B56DAC909","Olson-Bond","http://cuevas-garza.com/","Belarus","Universal 24hour ability","2001","Judiciary","2317"
"8993","f8a60aFCcacAaf2","Dickerson-Vance","http://www.cowan-moore.org/","Malta","Re-contextualized empowering extranet","1999","Animation","2452"
"7860","Ad83D04675B8E65","Cross PLC","http://hall-floyd.net/","Montserrat","Intuitive contextually-based website","2020","Writing / Editing","3779"
"9111","5FC7FAc732b84AE","Campbell, Hess and Norton","https://www.welch-contreras.org/","Burkina Faso","Public-key transitional monitoring","2007","Other Industry","645"
"1536","A075Cb529Db9df0","Wilcox and Sons","https://www.mosley.com/","Sweden","Multi-channeled even-keeled ability","2004","Ranching","9678"
"9260","fcB76aE04b5dCCC","Romero, Cole and Sutton","https://kim.com/","Lithuania","Cloned tangible database","1982","Internet","4711"
"5518","516d05d8c248aD9","Rowe PLC","https://www.vincent-schmidt.com/","British Virgin Islands","Fundamental 4thgeneration concept","2011","Textiles","8159"
"2606","eaf73AD9F5a2Af9","Lindsey LLC","https://www.bishop.com/","Heard Island and McDonald Islands","Progressive stable knowledge user","2015","Veterinary","7679"
"6128","8a7b77e1dfA3452","Joyce, Warren and Cowan","https://www.walker.com/","Guam","Stand-alone empowering open architecture","2011","Higher Education / Acadamia","9501"
"9142","dFac1dF428FACf7","Suarez, Wiggins and Ryan","http://www.hahn.com/","Cambodia","Adaptive intangible knowledge user","2006","Consumer Goods","2967"
"7459","fEcEdafCF07Cd43","Delacruz, Wiggins and Petersen","http://bernard-larson.com/","New Caledonia","Versatile upward-trending customer loyalty","1976","Information Technology / IT","819"
"2178","C674d9575BdfE1B","Shea-Sellers","http://hines.com/","Honduras","Universal zero tolerance functionalities","2021","Public Relations / PR","6438"
"7991","5be4FDFBbbADbF5","Middleton, Guerra and Murray","https://douglas.com/","Dominica","Optional uniform software","2016","Human Resources / HR","4084"
"2352","c93de0fe66EDA96","Chapman, Griffith and Moses","http://www.gentry.com/","Haiti","Persevering actuating firmware","1996","Printing","6833"
"9178","983Ab8cF3dF002B","Mcneil-Johnston","http://www.villa.org/","Bahamas","Adaptive high-level concept","2007","Civic / Social Organization","8461"
"3503","B80FCfeE9F974ed","Hudson Inc","http://www.hale.biz/","French Southern Territories","Compatible tertiary neural-net","2005","Telecommunications","1943"
"2135","eCE42C5E19BAcEA","Chung-Howell","https://turner-savage.com/","South Georgia and the South Sandwich Islands","Open-architected needs-based groupware","2014","Think Tanks","1169"
"1481","d5fBDcaAeb630b1","Cherry-Bray","http://www.ali-mcdonald.info/","Honduras","Enterprise-wide clear-thinking encryption","1979","Outsourcing / Offshoring","8539"
"2794","233a0e40091AF07","Mccoy LLC","http://nixon.com/","Cook Islands","Compatible composite neural-net","1985","Staffing / Recruiting","953"
"4844","3eC52a8F89aC14d","Price, Lindsey and Lester","http://mejia.org/","Italy","Automated impactful open architecture","1996","Packaging / Containers","5789"
"9781","AFa804E8dD9c312","Simpson Inc","http://hooper.com/","Nigeria","Face-to-face homogeneous encryption","1982","Telecommunications","3315"
"9935","622cFEbF753Cec4","Mosley Ltd","http://bass-irwin.com/","Malawi","Enhanced multi-state capacity","1982","Photography","8906"
"4763","e7046AcBDB37e0d","Wallace, Huffman and Hobbs","http://gates.com/","Tanzania","Monitored systematic intranet","2014","Museums / Institutions","4930"
"7192","A9BB0A19f7F4EC1","Ray-Hardy","https://noble.com/","Russian Federation","Assimilated next generation secured line","1986","Individual / Family Services","2161"
"6042","9c9BD909aFcbBad","Chang-Lin","https://www.pena-morrison.org/","Madagascar","Proactive bifurcated conglomeration","1973","Aviation / Aerospace","3433"
"9637","7BC73CFD76d6dd7","Heath Ltd","https://www.christian-wagner.com/","Malawi","Triple-buffered 3rdgeneration algorithm","1997","Machinery","8035"
"3446","c0Af0fF81f116F2","Pena Group","https://www.mccann-pitts.org/","Swaziland","Innovative didactic groupware","2013","Telecommunications","2112"
"8150","de92EBed1E5A6B9","Braun-Hinton","https://singh.info/","Nigeria","Team-oriented uniform success","1982","Renewables / Environment","987"
"7766","9d2FAfa1ef34B0e","Hale, Moran and Sullivan","http://vega.com/","Gabon","Digitized homogeneous frame","2004","Legal Services","7640"
"3621","50baE3E53c52F43","Ponce, Ayers and Roberts","https://morgan.info/","Sri Lanka","Sharable intermediate Internet solution","1999","Public Relations / PR","3125"
"1953","835E1f15ec1a8cA","Mckee, Calhoun and Chung","http://www.brennan-vaughan.biz/","Yemen","Vision-oriented 5thgeneration ability","2012","Higher Education / Acadamia","3670"
"556","C1C6bac69FEc3Ad","Roach, Owens and Mathis","http://booker-pena.biz/","Namibia","Function-based responsive open system","1989","Environmental Services","1881"
"4265","1Ae1d26AAd2309E","Kaiser-Hill","http://cooke-daniels.net/","Serbia","Organic maximized database","2012","Market Research","8665"
"1164","0bD0c337c437be1","Washington, Dunlap and Stafford","http://vasquez-durham.com/","Bangladesh","Visionary coherent flexibility","2007","Public Relations / PR","1278"
"1585","BCf2DF52dAB7057","Santiago Inc","https://wilcox.com/","Brunei Darussalam","Phased responsive encoding","1972","Staffing / Recruiting","1227"
"6152","1CBAE1aEB0f2C71","Walker-Gould","http://www.hendrix.com/","Turkmenistan","Reverse-engineered radical infrastructure","2016","Information Technology / IT","959"
"9721","C8e3DdfbCEA4ded","Shepard LLC","http://leonard.info/","Falkland Islands (Malvinas)","Expanded secondary process improvement","1999","Mechanical or Industrial Engineering","2901"
"5838","A2C34D88AAEa1eE","Richard-Chaney","http://wagner.com/","Belize","Centralized methodical intranet","2003","International Trade / Development","6016"
"5262","3a5DFbE7854b3Da","Patterson-Zavala","https://foster.com/","Ecuador","Universal actuating Local Area Network","2009","Publishing Industry","8215"
"5240","fC1e3dED3Facfbd","Case and Sons","https://barr.biz/","Sierra Leone","Realigned radical leverage","2003","Hospital / Health Care","3167"
"7914","f7fD3Bfa7CeFDFb","Yang and Sons","http://owen-preston.net/","Belgium","Adaptive client-server firmware","2018","Construction","624"
"9163","1fc0F85ee836B12","Greer, Moon and Crosby","https://www.luna.net/","Christmas Island","Enhanced client-server firmware","1980","Civic / Social Organization","2987"
"1599","dc2E3a6E7Cc02Fa","Carpenter, Nichols and Ware","http://www.chase-morrison.com/","Luxembourg","Assimilated analyzing paradigm","2004","Electrical / Electronic Manufacturing","2116"
"7183","B92a694Fc577aA7","Herrera-Jacobson","http://charles.com/","Malta","Open-source methodical encryption","1996","Research Industry","170"
"301","D3E9DcafFbEc01F","Decker and Sons","http://farley-gallagher.com/","Nigeria","Multi-layered logistical paradigm","2000","Package / Freight Delivery","403"
"9661","0deb647DbaE5CFb","Bell PLC","http://www.callahan.com/","Sudan","Profound solution-oriented conglomeration","2000","Financial Services","4351"
"6948","198CC345A96B728","Levine-Hill","https://petersen.com/","San Marino","Networked context-sensitive paradigm","1976","Defense / Space","3898"
"3795","8d97a2d4fBC3f9f","Gay, Cannon and Christian","http://www.nolan.info/","Chile","Managed object-oriented capability","2002","Semiconductors","5282"
"4573","EFfDff12d242A8b","Pollard, Espinoza and Wise","https://ramirez.info/","Heard Island and McDonald Islands","Intuitive content-based toolset","2001","Defense / Space","9893"
"4336","eaBA63cD47CbebC","Wang-Bridges","https://valdez-barrett.com/","Saint Vincent and the Grenadines","Cross-group bandwidth-monitored workforce","1976","Renewables / Environment","4516"
"2859","1feA4c1337A523f","Boyd-Walton","https://stone.info/","United Arab Emirates","De-engineered dedicated alliance","2013","Market Research","8615"
"5695","61ccf9b9B1dcFCE","Orozco, Duncan and Sandoval","http://www.hoffman.com/","Bolivia","Seamless systemic model","2022","Furniture","1024"
"3143","ADfDB9700cF6189","Higgins LLC","http://joyce-sweeney.com/","Kenya","Implemented tertiary info-mediaries","1987","Design","8865"
"1360","F2AC8DAbB86bA08","Waters-Oliver","https://www.woodard-pollard.net/","Sri Lanka","Multi-channeled maximized core","1982","Restaurants","5880"
"4534","a9deaA77c6EffE7","Marshall-Porter","http://www.henson-garza.com/","Iceland","Switchable multimedia extranet","1995","Nanotechnology","3876"
"9750","b4532EaeCb251Ba","Pham, Saunders and Caldwell","https://gentry-perkins.org/","Mozambique","Vision-oriented uniform productivity","2019","Religious Institutions","6533"
"5688","9B6EEB2B01C360d","Pittman Inc","https://www.sexton.com/","Benin","Persistent non-volatile productivity","1983","Printing","3949"
"487","7BBAb85fbfdcEA7","Bowman Ltd","https://www.henry.com/","Bahrain","Pre-emptive web-enabled array","2001","Staffing / Recruiting","4370"
"7837","E073e3de217de88","Newton and Sons","https://freeman-farrell.com/","Denmark","Upgradable reciprocal encoding","1982","Hospitality","807"
"9555","aeFBe581C6F5dBf","Quinn-Browning","http://lucero.com/","New Caledonia","Multi-layered background extranet","2007","Public Relations / PR","1695"
"5901","2CaE73830E7fe18","Newman PLC","http://www.hartman.com/","Japan","Grass-roots system-worthy leverage","2017","Computer Networking","7878"
"8117","aC3bcdfc98279dE","Brandt, Fields and Frazier","https://www.holden.info/","Norway","Stand-alone next generation encryption","2006","Military Industry","1517"
"7363","4FD15867F6f4A7a","Bender PLC","https://lucero.net/","Equatorial Guinea","User-centric transitional utilization","1971","Banking / Mortgage","7915"
"1153","bDAdC4D5D3bcc7C","Villarreal Group","http://pope.com/","Seychelles","Multi-layered user-facing software","1982","Gambling / Casinos","9876"
"5383","b023ED19Ad2A3f8","Wong, Newton and Pennington","https://www.zimmerman-perkins.net/","United States Minor Outlying Islands","Down-sized bi-directional service-desk","1992","Wireless","9251"
"9742","D9FA9F74E6F9caf","Barrett, Ruiz and Moody","https://www.shea.biz/","Micronesia","Profit-focused regional methodology","1979","Wine / Spirits","396"
"5425","B02D0EBC035213e","Bolton, Harrington and Hensley","http://www.walton-melton.com/","Mexico","Virtual needs-based firmware","2000","International Trade / Development","6947"
"8808","8fBd1C4bd2b774b","Gibson Inc","https://schroeder-mcgrath.com/","Poland","Public-key empowering standardization","2015","Religious Institutions","4344"
"5187","85F9b764CD9F9C0","Burch, Irwin and Arellano","http://chavez-nunez.com/","Bangladesh","Reduced object-oriented system engine","1993","Research Industry","8123"
"8410","963Ec74a0c3FeeB","Hicks-Mcpherson","https://dougherty.biz/","Antigua and Barbuda","De-engineered global instruction set","2001","Religious Institutions","5284"
"6190","5C575eb00dF9D8A","Carr-Shepherd","http://zavala.com/","Hong Kong","Down-sized bottom-line Internet solution","1992","Translation / Localization","751"
"9703","0aDFdD82Ea1AF5d","Potts-Stevenson","http://www.hunter.com/","Antigua and Barbuda","Cloned user-facing pricing structure","2018","Banking / Mortgage","3877"
"8270","54fCD0B7FB72bF4","Frye PLC","http://www.kidd.com/","Russian Federation","Secured client-server alliance","1989","Research Industry","566"
"5315","9C2eF60AfaA571F","Wang-Mccullough","http://woodward-olson.org/","Solomon Islands","Enterprise-wide incremental emulation","1996","Marketing / Advertising / Sales","5533"
"9904","038E7152519BE04","Young, Yu and Skinner","https://mendez.com/","Papua New Guinea","Profit-focused secondary adapter","1990","Computer / Network Security","3577"
"666","b1fEDF03472FA2E","Aguirre Ltd","http://mcneil-mosley.com/","Belgium","Cross-platform bifurcated open system","2005","Consumer Services","5768"
"3354","4d2f7AeDD935fe5","Velez PLC","http://zhang.com/","Japan","Advanced national leverage","2017","Non - Profit / Volunteering","8180"
"8852","F93B05b7F4CBfda","Brock-Hays","https://www.lowe.info/","Moldova","Polarized executive interface","1992","Fishery","5098"
"8062","2baaB664d7CA9A3","Lindsey LLC","http://www.faulkner.com/","Belize","Adaptive exuding throughput","1975","Industrial Automation","5608"
"643","02d6AecA05DDaaC","Gutierrez Ltd","https://www.mathis-lowery.com/","Cayman Islands","Multi-lateral discrete framework","1999","Computer Games","2746"
"9243","bec5AED1Ddf6Fb4","Carpenter, Burnett and Rodgers","https://www.li.com/","Anguilla","Front-line eco-centric support","1991","Consumer Services","4390"
